{"lots": {}, "machines": {"DE_BE_11": {"avail": 1.0, "util": 0.6324612564572571, "br": 0.0}, "DE_BE_12": {"avail": 1.0, "util": 0.5682756577607435, "br": 0.0}, "DE_BE_13": {"avail": 1.0, "util": 0.9054496208303906, "br": 0.0}, "DE_BE_48": {"avail": 1.0, "util": 0.8590290507137699, "br": 0.0}, "DE_BE_50": {"avail": 1.0, "util": 0.8355459275305968, "br": 0.0}, "DE_BE_65": {"avail": 1.0, "util": 0.7226475326007756, "br": 0.0}, "DE_BE_66": {"avail": 1.0, "util": 0.6998307299660582, "br": 0.0}, "DE_BE_67": {"avail": 1.0, "util": 0.817236016219519, "br": 0.0}, "DE_BE_69": {"avail": 1.0, "util": 0.8852691218130312, "br": 0.0}, "DE_FE_1": {"avail": 1.0, "util": 0.8947477007800287, "br": 0.0}, "DE_FE_51": {"avail": 1.0, "util": 0.5425002265704254, "br": 0.0}, "DE_FE_53": {"avail": 1.0, "util": 0.5494639782258512, "br": 0.0}, "DE_FE_54": {"avail": 1.0, "util": 0.9758262511803588, "br": 0.0}, "DE_FE_56": {"avail": 1.0, "util": 0.8427206576681664, "br": 0.0}, "DE_FE_58": {"avail": 1.0, "util": 0.6921068710770427, "br": 0.0}, "DE_FE_59": {"avail": 1.0, "util": 0.7887203984521098, "br": 0.0}, "DE_FE_62": {"avail": 1.0, "util": 0.9381769705049159, "br": 0.0}, "DE_FE_70": {"avail": 1.0, "util": 0.9102884561974715, "br": 0.0}, "DE_FE_71": {"avail": 1.0, "util": 0.7148153879115386, "br": 0.0}, "DE_FE_72": {"avail": 1.0, "util": 0.8345460941694903, "br": 0.0}, "DE_FE_86": {"avail": 1.0, "util": 0.7908245745050723, "br": 0.0}, "DefMEt_FE_118": {"avail": 1.0, "util": 0.29845025829028493, "br": 0.0}, "DefMet_BE_33": {"avail": 1.0, "util": 0.920929845025829, "br": 0.0}, "DefMet_BE_42": {"avail": 1.0, "util": 0.9377881464200412, "br": 0.0}, "DefMet_FE_10": {"avail": 1.0, "util": 0.6598622451813586, "br": 0.0}, "DefMet_FE_106": {"avail": 1.0, "util": 0.3597178248069766, "br": 0.0}, "DefMet_FE_34": {"avail": 1.0, "util": 0.5561573071154807, "br": 0.0}, "DefMet_FE_43": {"avail": 1.0, "util": 0.9453702160750986, "br": 0.0}, "Delay_32": {"avail": 1.0, "util": 0.4503981280897628, "br": 0.0}, "Dielectric_BE_20": {"avail": 1.0, "util": 0.9736043992667889, "br": 0.0}, "Dielectric_BE_21": {"avail": 1.0, "util": 0.9395934010998167, "br": 0.0}, "Dielectric_BE_27": {"avail": 1.0, "util": 0.844574052472736, "br": 0.0}, "Dielectric_BE_28": {"avail": 1.0, "util": 0.7734821974115426, "br": 0.0}, "Dielectric_BE_60": {"avail": 1.0, "util": 0.9330250513803255, "br": 0.0}, "Dielectric_FE_112": {"avail": 1.0, "util": 0.8981003166138977, "br": 0.0}, "Dielectric_FE_130": {"avail": 1.0, "util": 0.8530939287896462, "br": 0.0}, "Dielectric_FE_29": {"avail": 1.0, "util": 0.93219648577089, "br": 0.0}, "Dielectric_FE_30": {"avail": 1.0, "util": 0.8925734599788924, "br": 0.0}, "Dielectric_FE_31": {"avail": 1.0, "util": 0.9713381103149475, "br": 0.0}, "Diffusion_BE_123": {"avail": 1.0, "util": 0.0, "br": 0.0}, "Diffusion_FE_100": {"avail": 1.0, "util": 0.0, "br": 0.0}, "Diffusion_FE_101": {"avail": 1.0, "util": 0.0, "br": 0.0}, "Diffusion_FE_120": {"avail": 1.0, "util": 0.0, "br": 0.0}, "Diffusion_FE_122": {"avail": 1.0, "util": 0.0, "br": 0.0}, "Diffusion_FE_125": {"avail": 1.0, "util": 0.0, "br": 0.0}, "Diffusion_FE_126": {"avail": 1.0, "util": 0.0, "br": 0.0}, "Diffusion_FE_127": {"avail": 1.0, "util": 0.0, "br": 0.0}, "Diffusion_FE_44": {"avail": 1.0, "util": 0.0, "br": 0.0}, "Diffusion_FE_94": {"avail": 1.0, "util": 0.0, "br": 0.0}, "EPI_36": {"avail": 1.0, "util": 0.010081653057823697, "br": 0.0}, "EPI_38": {"avail": 1.0, "util": 0.03543853802144087, "br": 0.0}, "Implant_119": {"avail": 1.0, "util": 0.0183580514358718, "br": 0.0}, "Implant_128": {"avail": 1.0, "util": 0.049902793978781314, "br": 0.0}, "Implant_132": {"avail": 1.0, "util": 0.0451035938454702, "br": 0.0}, "Implant_74": {"avail": 1.0, "util": 0.0068044214853080045, "br": 0.0}, "Implant_88": {"avail": 1.0, "util": 0.021357551519191244, "br": 0.0}, "Implant_90": {"avail": 1.0, "util": 0.04282619563406099, "br": 0.0}, "Implant_91": {"avail": 1.0, "util": 0.04127089929456202, "br": 0.0}, "LithoMet_BE_18": {"avail": 1.0, "util": 0.9753374437593735, "br": 0.0}, "LithoMet_FE_19": {"avail": 1.0, "util": 0.9616637967746116, "br": 0.0}, "LithoTrack_BE_117": {"avail": 1.0, "util": 0.10332722324057102, "br": 0.0}, "LithoTrack_FE_115": {"avail": 1.0, "util": 0.046874540517756844, "br": 0.0}, "LithoTrack_FE_95": {"avail": 1.0, "util": 0.05486387189436681, "br": 0.0}, "LithoTrack_FE_96": {"avail": 1.0, "util": 0.002999500083319447, "br": 0.0}, "Litho_BE_110": {"avail": 1.0, "util": 0.06001182342625435, "br": 0.0}, "Litho_BE_93": {"avail": 1.0, "util": 0.052454220592864156, "br": 0.0}, "Litho_BE_99": {"avail": 1.0, "util": 0.1796367272121313, "br": 0.0}, "Litho_FE_111": {"avail": 1.0, "util": 0.09813263445991326, "br": 0.0}, "Litho_FE_35": {"avail": 1.0, "util": 0.05032494584235961, "br": 0.0}, "Litho_FE_92": {"avail": 1.0, "util": 0.09104038215852914, "br": 0.0}, "Litho_FE_98": {"avail": 1.0, "util": 0.0954285396878298, "br": 0.0}, "Litho_REG_BE_63": {"avail": 1.0, "util": 0.96523496083986, "br": 0.0}, "Litho_REG_FE_64": {"avail": 1.0, "util": 0.9795907031367788, "br": 0.0}, "Planar_BE_75": {"avail": 1.0, "util": 0.7770121646392267, "br": 0.0}, "Planar_FE_76": {"avail": 1.0, "util": 0.6176007702419967, "br": 0.0}, "Planar_FE_77": {"avail": 1.0, "util": 0.8630783758262511, "br": 0.0}, "Planar_FE_78": {"avail": 1.0, "util": 0.6812475698494695, "br": 0.0}, "Planar_FE_79": {"avail": 1.0, "util": 0.962950619341221, "br": 0.0}, "Planar_FE_80": {"avail": 1.0, "util": 0.9029883908237516, "br": 0.0}, "TF_BE_2": {"avail": 1.0, "util": 0.2665389101816364, "br": 0.0}, "TF_BE_23": {"avail": 1.0, "util": 0.7919820380813724, "br": 0.0}, "TF_BE_24": {"avail": 1.0, "util": 0.23438315836249515, "br": 0.0}, "TF_BE_26": {"avail": 1.0, "util": 0.6512803421651947, "br": 0.0}, "TF_BE_40": {"avail": 1.0, "util": 0.7104695513710678, "br": 0.0}, "TF_FE_103": {"avail": 1.0, "util": 0.7461811920235516, "br": 0.0}, "TF_FE_104": {"avail": 1.0, "util": 0.6964172637893684, "br": 0.0}, "TF_FE_113": {"avail": 1.0, "util": 0.39021274232072434, "br": 0.0}, "TF_FE_131": {"avail": 1.0, "util": 0.3636986428187895, "br": 0.0}, "TF_FE_3": {"avail": 1.0, "util": 0.7973115591845803, "br": 0.0}, "TF_FE_5": {"avail": 1.0, "util": 0.6469477309337333, "br": 0.0}, "TF_Met_FE_45": {"avail": 1.0, "util": 0.08418041437538189, "br": 0.0}, "TF_Met_FE_61": {"avail": 1.0, "util": 0.9845303560517692, "br": 0.0}, "WE_BE_14": {"avail": 1.0, "util": 0.04103760484363717, "br": 0.0}, "WE_BE_16": {"avail": 1.0, "util": 0.04415313497133194, "br": 0.0}, "WE_BE_17": {"avail": 1.0, "util": 0.04146531133699939, "br": 0.0}, "WE_BE_7": {"avail": 1.0, "util": 0.01810809309559518, "br": 0.0}, "WE_BE_81": {"avail": 1.0, "util": 0.05582402932844526, "br": 0.0}, "WE_BE_82": {"avail": 1.0, "util": 0.06358940176637227, "br": 0.0}, "WE_BE_9": {"avail": 1.0, "util": 0.051023242158053025, "br": 0.0}, "WE_FE_108": {"avail": 1.0, "util": 0.04367843454662318, "br": 0.0}, "WE_FE_41": {"avail": 1.0, "util": 0.038126978836860524, "br": 0.0}, "WE_FE_47": {"avail": 1.0, "util": 0.04028958136606862, "br": 0.0}, "WE_FE_8": {"avail": 1.0, "util": 0.05454646447814253, "br": 0.0}, "WE_FE_83": {"avail": 1.0, "util": 0.04297696415676752, "br": 0.0}, "WE_FE_84": {"avail": 1.0, "util": 0.04118757984780314, "br": 0.0}, "WE_FE_85": {"avail": 1.0, "util": 0.02680108870743765, "br": 0.0}}, "plugins": {"cost": 447800.0}}