{"lots": {}, "machines": {"DE_BE_11": {"avail": 1.0, "util": 0.8588238319319088, "br": 0.0}, "DE_BE_12": {"avail": 1.0, "util": 0.9377260554765762, "br": 0.0}, "DE_BE_13": {"avail": 1.0, "util": 0.8617449664429531, "br": 0.0}, "DE_BE_48": {"avail": 1.0, "util": 0.8629315604552819, "br": 0.0}, "DE_BE_50": {"avail": 1.0, "util": 0.8640546169868086, "br": 0.0}, "DE_BE_65": {"avail": 1.0, "util": 0.8206307462498159, "br": 0.0}, "DE_BE_66": {"avail": 1.0, "util": 0.5139986658861646, "br": 0.0}, "DE_BE_67": {"avail": 1.0, "util": 0.8716627043403253, "br": 0.0}, "DE_BE_69": {"avail": 1.0, "util": 0.2465478670060943, "br": 0.0}, "DE_FE_1": {"avail": 1.0, "util": 0.7534737329321916, "br": 0.0}, "DE_FE_51": {"avail": 1.0, "util": 0.36845174728072205, "br": 0.0}, "DE_FE_53": {"avail": 1.0, "util": 0.18251330710483685, "br": 0.0}, "DE_FE_54": {"avail": 1.0, "util": 0.8121885366041811, "br": 0.0}, "DE_FE_56": {"avail": 1.0, "util": 0.9975931497338579, "br": 0.0}, "DE_FE_58": {"avail": 1.0, "util": 0.9838694746586438, "br": 0.0}, "DE_FE_59": {"avail": 1.0, "util": 0.8559766257810691, "br": 0.0}, "DE_FE_62": {"avail": 1.0, "util": 0.8319071021141621, "br": 0.0}, "DE_FE_70": {"avail": 1.0, "util": 0.8838694746586438, "br": 0.0}, "DE_FE_71": {"avail": 1.0, "util": 0.819432230193628, "br": 0.0}, "DE_FE_72": {"avail": 1.0, "util": 0.4768298584081967, "br": 0.0}, "DE_FE_86": {"avail": 1.0, "util": 0.7726071726962136, "br": 0.0}, "DefMEt_FE_118": {"avail": 1.0, "util": 0.2080074056931266, "br": 0.0}, "DefMet_BE_33": {"avail": 1.0, "util": 0.9293219162230965, "br": 0.0}, "DefMet_BE_42": {"avail": 1.0, "util": 0.9944457301550567, "br": 0.0}, "DefMet_FE_10": {"avail": 1.0, "util": 0.5215459384401759, "br": 0.0}, "DefMet_FE_106": {"avail": 1.0, "util": 0.1300624855357556, "br": 0.0}, "DefMet_FE_34": {"avail": 1.0, "util": 0.5883128905345985, "br": 0.0}, "DefMet_FE_43": {"avail": 1.0, "util": 0.903763017819949, "br": 0.0}, "Delay_32": {"avail": 1.0, "util": 0.2797803749132145, "br": 0.0}, "Dielectric_BE_20": {"avail": 1.0, "util": 0.7608609118259663, "br": 0.0}, "Dielectric_BE_21": {"avail": 1.0, "util": 0.9561752680706627, "br": 0.0}, "Dielectric_BE_27": {"avail": 1.0, "util": 0.920751369281802, "br": 0.0}, "Dielectric_BE_28": {"avail": 1.0, "util": 0.955889840314742, "br": 0.0}, "Dielectric_BE_60": {"avail": 1.0, "util": 0.957556121268225, "br": 0.0}, "Dielectric_FE_112": {"avail": 1.0, "util": 0.5537658463832961, "br": 0.0}, "Dielectric_FE_130": {"avail": 1.0, "util": 0.3248090719740801, "br": 0.0}, "Dielectric_FE_29": {"avail": 1.0, "util": 0.7791560595541156, "br": 0.0}, "Dielectric_FE_30": {"avail": 1.0, "util": 0.9262670678083776, "br": 0.0}, "Dielectric_FE_31": {"avail": 1.0, "util": 0.3092918305947697, "br": 0.0}, "Diffusion_BE_123": {"avail": 1.0, "util": 0.0, "br": 0.0}, "Diffusion_FE_100": {"avail": 1.0, "util": 0.0, "br": 0.0}, "Diffusion_FE_101": {"avail": 1.0, "util": 0.0, "br": 0.0}, "Diffusion_FE_120": {"avail": 1.0, "util": 0.0, "br": 0.0}, "Diffusion_FE_122": {"avail": 1.0, "util": 0.0, "br": 0.0}, "Diffusion_FE_125": {"avail": 1.0, "util": 0.0, "br": 0.0}, "Diffusion_FE_126": {"avail": 1.0, "util": 0.0, "br": 0.0}, "Diffusion_FE_127": {"avail": 1.0, "util": 0.10774126359638972, "br": 0.0}, "Diffusion_FE_44": {"avail": 1.0, "util": 0.5589579131814725, "br": 0.0}, "Diffusion_FE_94": {"avail": 1.0, "util": 0.0, "br": 0.0}, "EPI_36": {"avail": 1.0, "util": 0.009534829900485998, "br": 0.0}, "EPI_38": {"avail": 1.0, "util": 0.2206433695903726, "br": 0.0}, "Implant_119": {"avail": 1.0, "util": 0.03309419115945383, "br": 0.0}, "Implant_128": {"avail": 1.0, "util": 0.03311523006038165, "br": 0.0}, "Implant_132": {"avail": 1.0, "util": 0.02709028994611036, "br": 0.0}, "Implant_74": {"avail": 1.0, "util": 0.01127053922703078, "br": 0.0}, "Implant_88": {"avail": 1.0, "util": 0.009465401527424207, "br": 0.0}, "Implant_90": {"avail": 1.0, "util": 0.03582504049988429, "br": 0.0}, "Implant_91": {"avail": 1.0, "util": 0.041908288425298375, "br": 0.0}, "LithoMet_BE_18": {"avail": 1.0, "util": 0.9706296943047694, "br": 0.0}, "LithoMet_FE_19": {"avail": 1.0, "util": 0.9665090752801931, "br": 0.0}, "LithoTrack_BE_117": {"avail": 1.0, "util": 0.06962277250636427, "br": 0.0}, "LithoTrack_FE_115": {"avail": 1.0, "util": 0.039755928223480334, "br": 0.0}, "LithoTrack_FE_95": {"avail": 1.0, "util": 0.05820180513769961, "br": 0.0}, "LithoTrack_FE_96": {"avail": 1.0, "util": 0.012635963897246008, "br": 0.0}, "Litho_BE_110": {"avail": 1.0, "util": 0.053816044997635405, "br": 0.0}, "Litho_BE_93": {"avail": 1.0, "util": 0.05647998148576718, "br": 0.0}, "Litho_BE_99": {"avail": 1.0, "util": 0.0928488775746355, "br": 0.0}, "Litho_FE_111": {"avail": 1.0, "util": 0.07891228882203194, "br": 0.0}, "Litho_FE_35": {"avail": 1.0, "util": 0.03934274473501504, "br": 0.0}, "Litho_FE_92": {"avail": 1.0, "util": 0.061298132554786104, "br": 0.0}, "Litho_FE_98": {"avail": 1.0, "util": 0.021198796574866927, "br": 0.0}, "Litho_REG_BE_63": {"avail": 1.0, "util": 0.9690060171256654, "br": 0.0}, "Litho_REG_FE_64": {"avail": 1.0, "util": 0.9635308184833757, "br": 0.0}, "Planar_BE_75": {"avail": 1.0, "util": 0.7770952491156149, "br": 0.0}, "Planar_FE_76": {"avail": 1.0, "util": 0.9286970608655404, "br": 0.0}, "Planar_FE_77": {"avail": 1.0, "util": 0.9626706780837769, "br": 0.0}, "Planar_FE_78": {"avail": 1.0, "util": 0.3538995602869706, "br": 0.0}, "Planar_FE_79": {"avail": 1.0, "util": 0.26674380930340197, "br": 0.0}, "Planar_FE_80": {"avail": 1.0, "util": 0.266628095348299, "br": 0.0}, "TF_BE_2": {"avail": 1.0, "util": 0.6607845406155982, "br": 0.0}, "TF_BE_23": {"avail": 1.0, "util": 0.5130988197176579, "br": 0.0}, "TF_BE_24": {"avail": 1.0, "util": 0.8448507289979171, "br": 0.0}, "TF_BE_26": {"avail": 1.0, "util": 0.7676855428764708, "br": 0.0}, "TF_BE_40": {"avail": 1.0, "util": 0.5947670065480485, "br": 0.0}, "TF_FE_103": {"avail": 1.0, "util": 0.523840380864218, "br": 0.0}, "TF_FE_104": {"avail": 1.0, "util": 0.6528951631566766, "br": 0.0}, "TF_FE_113": {"avail": 1.0, "util": 0.14544472730077915, "br": 0.0}, "TF_FE_131": {"avail": 1.0, "util": 0.9410630255342128, "br": 0.0}, "TF_FE_3": {"avail": 1.0, "util": 0.2988505747126437, "br": 0.0}, "TF_FE_5": {"avail": 1.0, "util": 0.29716886523181363, "br": 0.0}, "TF_Met_FE_45": {"avail": 1.0, "util": 0.059384401758852116, "br": 0.0}, "TF_Met_FE_61": {"avail": 1.0, "util": 0.9877343207590835, "br": 0.0}, "WE_BE_14": {"avail": 1.0, "util": 0.04597084008331405, "br": 0.0}, "WE_BE_16": {"avail": 1.0, "util": 0.040737097894006015, "br": 0.0}, "WE_BE_17": {"avail": 1.0, "util": 0.04292987734320759, "br": 0.0}, "WE_BE_7": {"avail": 1.0, "util": 0.020689655172413793, "br": 0.0}, "WE_BE_81": {"avail": 1.0, "util": 0.04594615443955874, "br": 0.0}, "WE_BE_82": {"avail": 1.0, "util": 0.04487130036771324, "br": 0.0}, "WE_BE_9": {"avail": 1.0, "util": 0.04237907891691738, "br": 0.0}, "WE_FE_108": {"avail": 1.0, "util": 0.03973537415508862, "br": 0.0}, "WE_FE_41": {"avail": 1.0, "util": 0.03273316361953252, "br": 0.0}, "WE_FE_47": {"avail": 1.0, "util": 0.03330710483684332, "br": 0.0}, "WE_FE_8": {"avail": 1.0, "util": 0.030062485535755613, "br": 0.0}, "WE_FE_83": {"avail": 1.0, "util": 0.03659646686723752, "br": 0.0}, "WE_FE_84": {"avail": 1.0, "util": 0.03464067413588902, "br": 0.0}, "WE_FE_85": {"avail": 1.0, "util": 0.025966211525109927, "br": 0.0}}, "plugins": {"cost": 429025.1321527778}}