{"lots": {}, "machines": {"DE_BE_11": {"avail": 1.0, "util": 0.6376168873252477, "br": 0.0}, "DE_BE_12": {"avail": 1.0, "util": 0.9429168081144751, "br": 0.0}, "DE_BE_13": {"avail": 1.0, "util": 0.581872930636934, "br": 0.0}, "DE_BE_48": {"avail": 1.0, "util": 0.6489584297750208, "br": 0.0}, "DE_BE_50": {"avail": 1.0, "util": 0.8570914215761916, "br": 0.0}, "DE_BE_65": {"avail": 1.0, "util": 0.7430847906239618, "br": 0.0}, "DE_BE_66": {"avail": 1.0, "util": 0.664655806723549, "br": 0.0}, "DE_BE_67": {"avail": 1.0, "util": 0.6739838903805203, "br": 0.0}, "DE_BE_69": {"avail": 1.0, "util": 0.733450606425331, "br": 0.0}, "DE_FE_1": {"avail": 1.0, "util": 0.7560940124591639, "br": 0.0}, "DE_FE_51": {"avail": 1.0, "util": 0.676891515892778, "br": 0.0}, "DE_FE_53": {"avail": 1.0, "util": 0.9170262012776594, "br": 0.0}, "DE_FE_54": {"avail": 1.0, "util": 0.544949541709101, "br": 0.0}, "DE_FE_56": {"avail": 1.0, "util": 0.6064716229978706, "br": 0.0}, "DE_FE_58": {"avail": 1.0, "util": 0.6615128228867697, "br": 0.0}, "DE_FE_59": {"avail": 1.0, "util": 0.7175693608616486, "br": 0.0}, "DE_FE_62": {"avail": 1.0, "util": 0.838348301083233, "br": 0.0}, "DE_FE_70": {"avail": 1.0, "util": 0.6774800054126042, "br": 0.0}, "DE_FE_71": {"avail": 1.0, "util": 0.774303305249514, "br": 0.0}, "DE_FE_72": {"avail": 1.0, "util": 0.8689216019092882, "br": 0.0}, "DE_FE_86": {"avail": 1.0, "util": 0.774454354363622, "br": 0.0}, "DefMEt_FE_118": {"avail": 1.0, "util": 0.4997222479400056, "br": 0.0}, "DefMet_BE_33": {"avail": 1.0, "util": 0.893945005092121, "br": 0.0}, "DefMet_BE_42": {"avail": 1.0, "util": 0.9655587445606888, "br": 0.0}, "DefMet_FE_10": {"avail": 1.0, "util": 0.890750856402185, "br": 0.0}, "DefMet_FE_106": {"avail": 1.0, "util": 0.5120822146097583, "br": 0.0}, "DefMet_FE_34": {"avail": 1.0, "util": 0.6342931210073142, "br": 0.0}, "DefMet_FE_43": {"avail": 1.0, "util": 0.9318890226213623, "br": 0.0}, "Delay_32": {"avail": 1.0, "util": 0.22303606147578925, "br": 0.0}, "Dielectric_BE_20": {"avail": 1.0, "util": 0.8785853161744284, "br": 0.0}, "Dielectric_BE_21": {"avail": 1.0, "util": 0.8765276363299694, "br": 0.0}, "Dielectric_BE_27": {"avail": 1.0, "util": 0.7724408233805512, "br": 0.0}, "Dielectric_BE_28": {"avail": 1.0, "util": 0.9103786686417924, "br": 0.0}, "Dielectric_BE_60": {"avail": 1.0, "util": 0.8277242847884455, "br": 0.0}, "Dielectric_FE_112": {"avail": 1.0, "util": 0.8885473567262291, "br": 0.0}, "Dielectric_FE_130": {"avail": 1.0, "util": 0.8846866030923063, "br": 0.0}, "Dielectric_FE_29": {"avail": 1.0, "util": 0.7774897386044501, "br": 0.0}, "Dielectric_FE_30": {"avail": 1.0, "util": 0.9224145912415517, "br": 0.0}, "Dielectric_FE_31": {"avail": 1.0, "util": 0.8183732987686325, "br": 0.0}, "Diffusion_BE_123": {"avail": 1.0, "util": 0.0, "br": 0.0}, "Diffusion_FE_100": {"avail": 1.0, "util": 0.0, "br": 0.0}, "Diffusion_FE_101": {"avail": 1.0, "util": 0.0, "br": 0.0}, "Diffusion_FE_120": {"avail": 1.0, "util": 0.0, "br": 0.0}, "Diffusion_FE_122": {"avail": 1.0, "util": 0.0, "br": 0.0}, "Diffusion_FE_125": {"avail": 1.0, "util": 0.0, "br": 0.0}, "Diffusion_FE_126": {"avail": 1.0, "util": 0.0, "br": 0.0}, "Diffusion_FE_127": {"avail": 1.0, "util": 0.0, "br": 0.0}, "Diffusion_FE_44": {"avail": 1.0, "util": 0.0, "br": 0.0}, "Diffusion_FE_94": {"avail": 1.0, "util": 0.0, "br": 0.0}, "EPI_36": {"avail": 1.0, "util": 0.011804462549763911, "br": 0.0}, "EPI_38": {"avail": 1.0, "util": 0.011850754559762986, "br": 0.0}, "Implant_119": {"avail": 1.0, "util": 0.021294324599574112, "br": 0.0}, "Implant_128": {"avail": 1.0, "util": 0.0639848162207203, "br": 0.0}, "Implant_132": {"avail": 1.0, "util": 0.031582723821868344, "br": 0.0}, "Implant_74": {"avail": 1.0, "util": 0.011295250439774095, "br": 0.0}, "Implant_88": {"avail": 1.0, "util": 0.0024071845199518565, "br": 0.0}, "Implant_90": {"avail": 1.0, "util": 0.061012869178779745, "br": 0.0}, "Implant_91": {"avail": 1.0, "util": 0.05198592722896028, "br": 0.0}, "LithoMet_BE_18": {"avail": 1.0, "util": 0.9341442743905479, "br": 0.0}, "LithoMet_FE_19": {"avail": 1.0, "util": 0.9319764630846937, "br": 0.0}, "LithoTrack_BE_117": {"avail": 1.0, "util": 0.10708267752985834, "br": 0.0}, "LithoTrack_FE_115": {"avail": 1.0, "util": 0.056550682489457216, "br": 0.0}, "LithoTrack_FE_95": {"avail": 1.0, "util": 0.07439976268259363, "br": 0.0}, "LithoTrack_FE_96": {"avail": 1.0, "util": 0.0, "br": 0.0}, "Litho_BE_110": {"avail": 1.0, "util": 0.09084806962318304, "br": 0.0}, "Litho_BE_93": {"avail": 1.0, "util": 0.08057895873838843, "br": 0.0}, "Litho_BE_99": {"avail": 1.0, "util": 0.21686263617566276, "br": 0.0}, "Litho_FE_111": {"avail": 1.0, "util": 0.13348090665005766, "br": 0.0}, "Litho_FE_35": {"avail": 1.0, "util": 0.07851124895842977, "br": 0.0}, "Litho_FE_92": {"avail": 1.0, "util": 0.128004421588349, "br": 0.0}, "Litho_FE_98": {"avail": 1.0, "util": 0.14998611239700027, "br": 0.0}, "Litho_REG_BE_63": {"avail": 1.0, "util": 0.9368229793537636, "br": 0.0}, "Litho_REG_FE_64": {"avail": 1.0, "util": 0.9378761225812425, "br": 0.0}, "Planar_BE_75": {"avail": 1.0, "util": 0.7336450328673272, "br": 0.0}, "Planar_FE_76": {"avail": 1.0, "util": 0.9345122365213097, "br": 0.0}, "Planar_FE_77": {"avail": 1.0, "util": 0.9484307008610314, "br": 0.0}, "Planar_FE_78": {"avail": 1.0, "util": 0.0, "br": 0.0}, "Planar_FE_79": {"avail": 1.0, "util": 0.8500138876029997, "br": 0.0}, "Planar_FE_80": {"avail": 1.0, "util": 0.5373113600592537, "br": 0.0}, "TF_BE_2": {"avail": 1.0, "util": 0.43759837052124806, "br": 0.0}, "TF_BE_23": {"avail": 1.0, "util": 0.758643205551143, "br": 0.0}, "TF_BE_24": {"avail": 1.0, "util": 0.38957503934820853, "br": 0.0}, "TF_BE_26": {"avail": 1.0, "util": 0.707051816189859, "br": 0.0}, "TF_BE_40": {"avail": 1.0, "util": 0.8140488535012189, "br": 0.0}, "TF_FE_103": {"avail": 1.0, "util": 0.990649013980187, "br": 0.0}, "TF_FE_104": {"avail": 1.0, "util": 0.7734283862605313, "br": 0.0}, "TF_FE_113": {"avail": 1.0, "util": 0.4387556707712249, "br": 0.0}, "TF_FE_131": {"avail": 1.0, "util": 0.1556800296268864, "br": 0.0}, "TF_FE_3": {"avail": 1.0, "util": 0.883899638922322, "br": 0.0}, "TF_FE_5": {"avail": 1.0, "util": 0.44759744468104806, "br": 0.0}, "TF_Met_FE_45": {"avail": 1.0, "util": 0.14382927506712342, "br": 0.0}, "TF_Met_FE_61": {"avail": 1.0, "util": 0.9771317470604574, "br": 0.0}, "WE_BE_14": {"avail": 1.0, "util": 0.03734839366725303, "br": 0.0}, "WE_BE_16": {"avail": 1.0, "util": 0.0401197419991976, "br": 0.0}, "WE_BE_17": {"avail": 1.0, "util": 0.04587538190908249, "br": 0.0}, "WE_BE_7": {"avail": 1.0, "util": 0.007499305619850014, "br": 0.0}, "WE_BE_81": {"avail": 1.0, "util": 0.032651297719346974, "br": 0.0}, "WE_BE_82": {"avail": 1.0, "util": 0.07615961485047681, "br": 0.0}, "WE_BE_9": {"avail": 1.0, "util": 0.06123771608448953, "br": 0.0}, "WE_FE_108": {"avail": 1.0, "util": 0.04368907640826908, "br": 0.0}, "WE_FE_41": {"avail": 1.0, "util": 0.04110730487917785, "br": 0.0}, "WE_FE_47": {"avail": 1.0, "util": 0.03407091935931858, "br": 0.0}, "WE_FE_8": {"avail": 1.0, "util": 0.04633830200907323, "br": 0.0}, "WE_FE_83": {"avail": 1.0, "util": 0.045392622376235, "br": 0.0}, "WE_FE_84": {"avail": 1.0, "util": 0.04732072133238692, "br": 0.0}, "WE_FE_85": {"avail": 1.0, "util": 0.03217294694935654, "br": 0.0}}, "plugins": {"cost": 448600.0}}