{"lots": {}, "machines": {"DE_BE_11": {"avail": 1.0, "util": 0.0, "br": 0.0}, "DE_BE_12": {"avail": 1.0, "util": 0.0, "br": 0.0}, "DE_BE_13": {"avail": 1.0, "util": 0.0, "br": 0.0}, "DE_BE_48": {"avail": 1.0, "util": 0.0, "br": 0.0}, "DE_BE_50": {"avail": 1.0, "util": 0.0, "br": 0.0}, "DE_BE_65": {"avail": 1.0, "util": 0.0, "br": 0.0}, "DE_BE_66": {"avail": 1.0, "util": 0.0, "br": 0.0}, "DE_BE_67": {"avail": 1.0, "util": 0.0, "br": 0.0}, "DE_BE_69": {"avail": 1.0, "util": 0.0, "br": 0.0}, "DE_FE_1": {"avail": 1.0, "util": 0.0, "br": 0.0}, "DE_FE_51": {"avail": 1.0, "util": 0.0, "br": 0.0}, "DE_FE_53": {"avail": 1.0, "util": 0.0, "br": 0.0}, "DE_FE_54": {"avail": 1.0, "util": 0.0, "br": 0.0}, "DE_FE_56": {"avail": 1.0, "util": 0.0, "br": 0.0}, "DE_FE_58": {"avail": 1.0, "util": 0.0, "br": 0.0}, "DE_FE_59": {"avail": 1.0, "util": 0.0, "br": 0.0}, "DE_FE_62": {"avail": 1.0, "util": 0.0, "br": 0.0}, "DE_FE_70": {"avail": 1.0, "util": 0.0, "br": 0.0}, "DE_FE_71": {"avail": 1.0, "util": 0.0, "br": 0.0}, "DE_FE_72": {"avail": 1.0, "util": 0.0, "br": 0.0}, "DE_FE_86": {"avail": 1.0, "util": 0.0, "br": 0.0}, "DefMEt_FE_118": {"avail": 1.0, "util": 0.5016620498614959, "br": 0.0}, "DefMet_BE_33": {"avail": 1.0, "util": 0.6801939058171745, "br": 0.0}, "DefMet_BE_42": {"avail": 1.0, "util": 0.7692520775623268, "br": 0.0}, "DefMet_FE_10": {"avail": 1.0, "util": 0.9034626038781164, "br": 0.0}, "DefMet_FE_106": {"avail": 1.0, "util": 0.7709141274238227, "br": 0.0}, "DefMet_FE_34": {"avail": 1.0, "util": 0.7498614958448754, "br": 0.0}, "DefMet_FE_43": {"avail": 1.0, "util": 0.7303785780240073, "br": 0.0}, "Delay_32": {"avail": 1.0, "util": 0.0, "br": 0.0}, "Dielectric_BE_20": {"avail": 1.0, "util": 0.7330193905817174, "br": 0.0}, "Dielectric_BE_21": {"avail": 1.0, "util": 0.6457756232686981, "br": 0.0}, "Dielectric_BE_27": {"avail": 1.0, "util": 0.6739058171745153, "br": 0.0}, "Dielectric_BE_28": {"avail": 1.0, "util": 0.7186288088642659, "br": 0.0}, "Dielectric_BE_60": {"avail": 1.0, "util": 0.8628116343490305, "br": 0.0}, "Dielectric_FE_112": {"avail": 1.0, "util": 0.6289473684210526, "br": 0.0}, "Dielectric_FE_130": {"avail": 1.0, "util": 0.8756925207756233, "br": 0.0}, "Dielectric_FE_29": {"avail": 1.0, "util": 0.7735918744228993, "br": 0.0}, "Dielectric_FE_30": {"avail": 1.0, "util": 0.5573407202216066, "br": 0.0}, "Dielectric_FE_31": {"avail": 1.0, "util": 0.6882271468144044, "br": 0.0}, "Diffusion_BE_123": {"avail": 1.0, "util": 0.0, "br": 0.0}, "Diffusion_FE_100": {"avail": 1.0, "util": 0.0, "br": 0.0}, "Diffusion_FE_101": {"avail": 1.0, "util": 0.0, "br": 0.0}, "Diffusion_FE_120": {"avail": 1.0, "util": 0.0, "br": 0.0}, "Diffusion_FE_122": {"avail": 1.0, "util": 0.0, "br": 0.0}, "Diffusion_FE_125": {"avail": 1.0, "util": 0.0, "br": 0.0}, "Diffusion_FE_126": {"avail": 1.0, "util": 0.0, "br": 0.0}, "Diffusion_FE_127": {"avail": 1.0, "util": 0.0, "br": 0.0}, "Diffusion_FE_44": {"avail": 1.0, "util": 0.0, "br": 0.0}, "Diffusion_FE_94": {"avail": 1.0, "util": 0.0, "br": 0.0}, "EPI_36": {"avail": 1.0, "util": 0.014127423822714681, "br": 0.0}, "EPI_38": {"avail": 1.0, "util": 0.03545706371191136, "br": 0.0}, "Implant_119": {"avail": 1.0, "util": 0.06565096952908588, "br": 0.0}, "Implant_128": {"avail": 1.0, "util": 0.120803324099723, "br": 0.0}, "Implant_132": {"avail": 1.0, "util": 0.049965373961218834, "br": 0.0}, "Implant_74": {"avail": 1.0, "util": 0.0, "br": 0.0}, "Implant_88": {"avail": 1.0, "util": 0.007063711911357341, "br": 0.0}, "Implant_90": {"avail": 1.0, "util": 0.05318559556786703, "br": 0.0}, "Implant_91": {"avail": 1.0, "util": 0.06782086795937212, "br": 0.0}, "LithoMet_BE_18": {"avail": 1.0, "util": 0.7631152780737268, "br": 0.0}, "LithoMet_FE_19": {"avail": 1.0, "util": 0.801892890120037, "br": 0.0}, "LithoTrack_BE_117": {"avail": 1.0, "util": 0.2624376731301939, "br": 0.0}, "LithoTrack_FE_115": {"avail": 1.0, "util": 0.12859703438161968, "br": 0.0}, "LithoTrack_FE_95": {"avail": 1.0, "util": 0.15060206908248064, "br": 0.0}, "LithoTrack_FE_96": {"avail": 1.0, "util": 0.0, "br": 0.0}, "Litho_BE_110": {"avail": 1.0, "util": 0.20678670360110804, "br": 0.0}, "Litho_BE_93": {"avail": 1.0, "util": 0.2064635272391505, "br": 0.0}, "Litho_BE_99": {"avail": 1.0, "util": 0.6098799630655586, "br": 0.0}, "Litho_FE_111": {"avail": 1.0, "util": 0.31053890707630316, "br": 0.0}, "Litho_FE_35": {"avail": 1.0, "util": 0.14944598337950138, "br": 0.0}, "Litho_FE_92": {"avail": 1.0, "util": 0.3295895240493578, "br": 0.0}, "Litho_FE_98": {"avail": 1.0, "util": 0.37562326869806095, "br": 0.0}, "Litho_REG_BE_63": {"avail": 1.0, "util": 0.7996883656509696, "br": 0.0}, "Litho_REG_FE_64": {"avail": 1.0, "util": 0.8437079540957657, "br": 0.0}, "Planar_BE_75": {"avail": 1.0, "util": 0.21828254847645429, "br": 0.0}, "Planar_FE_76": {"avail": 1.0, "util": 0.9248384118190212, "br": 0.0}, "Planar_FE_77": {"avail": 1.0, "util": 0.7315789473684211, "br": 0.0}, "Planar_FE_78": {"avail": 1.0, "util": 0.846398891966759, "br": 0.0}, "Planar_FE_79": {"avail": 1.0, "util": 0.0, "br": 0.0}, "Planar_FE_80": {"avail": 1.0, "util": 0.6441828254847646, "br": 0.0}, "TF_BE_2": {"avail": 1.0, "util": 0.0, "br": 0.0}, "TF_BE_23": {"avail": 1.0, "util": 0.0, "br": 0.0}, "TF_BE_24": {"avail": 1.0, "util": 0.0, "br": 0.0}, "TF_BE_26": {"avail": 1.0, "util": 0.13216989843028623, "br": 0.0}, "TF_BE_40": {"avail": 1.0, "util": 0.0, "br": 0.0}, "TF_FE_103": {"avail": 1.0, "util": 0.0, "br": 0.0}, "TF_FE_104": {"avail": 1.0, "util": 0.0, "br": 0.0}, "TF_FE_113": {"avail": 1.0, "util": 0.0, "br": 0.0}, "TF_FE_131": {"avail": 1.0, "util": 0.0, "br": 0.0}, "TF_FE_3": {"avail": 1.0, "util": 0.0, "br": 0.0}, "TF_FE_5": {"avail": 1.0, "util": 0.0, "br": 0.0}, "TF_Met_FE_45": {"avail": 1.0, "util": 0.13961218836565098, "br": 0.0}, "TF_Met_FE_61": {"avail": 1.0, "util": 0.8702216066481995, "br": 0.0}, "WE_BE_14": {"avail": 1.0, "util": 0.021606648199445983, "br": 0.0}, "WE_BE_16": {"avail": 1.0, "util": 0.025084641428131733, "br": 0.0}, "WE_BE_17": {"avail": 1.0, "util": 0.041689750692520774, "br": 0.0}, "WE_BE_7": {"avail": 1.0, "util": 0.011357340720221607, "br": 0.0}, "WE_BE_81": {"avail": 1.0, "util": 0.0221606648199446, "br": 0.0}, "WE_BE_82": {"avail": 1.0, "util": 0.15193905817174516, "br": 0.0}, "WE_BE_9": {"avail": 1.0, "util": 0.0814800158290463, "br": 0.0}, "WE_FE_108": {"avail": 1.0, "util": 0.04195488721804511, "br": 0.0}, "WE_FE_41": {"avail": 1.0, "util": 0.037396121883656507, "br": 0.0}, "WE_FE_47": {"avail": 1.0, "util": 0.038457987072945524, "br": 0.0}, "WE_FE_8": {"avail": 1.0, "util": 0.08047091412742383, "br": 0.0}, "WE_FE_83": {"avail": 1.0, "util": 0.061060546102097345, "br": 0.0}, "WE_FE_84": {"avail": 1.0, "util": 0.05564789165897199, "br": 0.0}, "WE_FE_85": {"avail": 1.0, "util": 0.03836565096952908, "br": 0.0}}, "plugins": {"cost": 448800}}