{"lots": {}, "machines": {"DE_BE_11": {"avail": 1.0, "util": 0.551951298550993, "br": 0.0}, "DE_BE_12": {"avail": 1.0, "util": 0.9455375008358666, "br": 0.0}, "DE_BE_13": {"avail": 1.0, "util": 0.8610117256476222, "br": 0.0}, "DE_BE_48": {"avail": 1.0, "util": 0.7392667006157122, "br": 0.0}, "DE_BE_50": {"avail": 1.0, "util": 0.9057502481880982, "br": 0.0}, "DE_BE_65": {"avail": 1.0, "util": 0.7721429018809043, "br": 0.0}, "DE_BE_66": {"avail": 1.0, "util": 0.6488003723024519, "br": 0.0}, "DE_BE_67": {"avail": 1.0, "util": 0.8740150918938937, "br": 0.0}, "DE_BE_69": {"avail": 1.0, "util": 0.9197490856904773, "br": 0.0}, "DE_FE_1": {"avail": 1.0, "util": 0.7499057583312942, "br": 0.0}, "DE_FE_51": {"avail": 1.0, "util": 0.5863861078556305, "br": 0.0}, "DE_FE_53": {"avail": 1.0, "util": 0.8136012221656405, "br": 0.0}, "DE_FE_54": {"avail": 1.0, "util": 0.814980787926485, "br": 0.0}, "DE_FE_56": {"avail": 1.0, "util": 0.7982732280912921, "br": 0.0}, "DE_FE_58": {"avail": 1.0, "util": 0.32776260358316744, "br": 0.0}, "DE_FE_59": {"avail": 1.0, "util": 0.7905282162862831, "br": 0.0}, "DE_FE_62": {"avail": 1.0, "util": 0.8203290852936703, "br": 0.0}, "DE_FE_70": {"avail": 1.0, "util": 0.7269143522557716, "br": 0.0}, "DE_FE_71": {"avail": 1.0, "util": 0.770589324568307, "br": 0.0}, "DE_FE_72": {"avail": 1.0, "util": 0.6202336311590513, "br": 0.0}, "DE_FE_86": {"avail": 1.0, "util": 0.7408919683073657, "br": 0.0}, "DefMEt_FE_118": {"avail": 1.0, "util": 0.25103004490532843, "br": 0.0}, "DefMet_BE_33": {"avail": 1.0, "util": 0.9664830331929077, "br": 0.0}, "DefMet_BE_42": {"avail": 1.0, "util": 0.9441692514235452, "br": 0.0}, "DefMet_FE_10": {"avail": 1.0, "util": 0.9369936577010324, "br": 0.0}, "DefMet_FE_106": {"avail": 1.0, "util": 0.25984908106106197, "br": 0.0}, "DefMet_FE_34": {"avail": 1.0, "util": 0.6590435627980186, "br": 0.0}, "DefMet_FE_43": {"avail": 1.0, "util": 0.9718994490995787, "br": 0.0}, "Delay_32": {"avail": 1.0, "util": 0.39521260589787505, "br": 0.0}, "Dielectric_BE_20": {"avail": 1.0, "util": 0.9195592796629787, "br": 0.0}, "Dielectric_BE_21": {"avail": 1.0, "util": 0.9752152678116753, "br": 0.0}, "Dielectric_BE_27": {"avail": 1.0, "util": 0.7329166859558971, "br": 0.0}, "Dielectric_BE_28": {"avail": 1.0, "util": 0.7396764038701912, "br": 0.0}, "Dielectric_BE_60": {"avail": 1.0, "util": 0.9108721818434332, "br": 0.0}, "Dielectric_FE_112": {"avail": 1.0, "util": 0.9429100504606268, "br": 0.0}, "Dielectric_FE_130": {"avail": 1.0, "util": 0.8721934169714365, "br": 0.0}, "Dielectric_FE_29": {"avail": 1.0, "util": 0.9010693949354197, "br": 0.0}, "Dielectric_FE_30": {"avail": 1.0, "util": 0.927503356326096, "br": 0.0}, "Dielectric_FE_31": {"avail": 1.0, "util": 0.9515763159113004, "br": 0.0}, "Diffusion_BE_123": {"avail": 1.0, "util": 0.0, "br": 0.0}, "Diffusion_FE_100": {"avail": 1.0, "util": 0.0, "br": 0.0}, "Diffusion_FE_101": {"avail": 1.0, "util": 0.0, "br": 0.0}, "Diffusion_FE_120": {"avail": 1.0, "util": 0.0, "br": 0.0}, "Diffusion_FE_122": {"avail": 1.0, "util": 0.0, "br": 0.0}, "Diffusion_FE_125": {"avail": 1.0, "util": 0.0, "br": 0.0}, "Diffusion_FE_126": {"avail": 1.0, "util": 0.0, "br": 0.0}, "Diffusion_FE_127": {"avail": 1.0, "util": 0.0, "br": 0.0}, "Diffusion_FE_44": {"avail": 1.0, "util": 0.7052535446591277, "br": 0.0}, "Diffusion_FE_94": {"avail": 1.0, "util": 0.0, "br": 0.0}, "EPI_36": {"avail": 1.0, "util": 0.011967038563029489, "br": 0.0}, "EPI_38": {"avail": 1.0, "util": 0.029443081338826907, "br": 0.0}, "Implant_119": {"avail": 1.0, "util": 0.010693949354196566, "br": 0.0}, "Implant_128": {"avail": 1.0, "util": 0.045896023332253136, "br": 0.0}, "Implant_132": {"avail": 1.0, "util": 0.034483357251979076, "br": 0.0}, "Implant_74": {"avail": 1.0, "util": 0.005671033748437572, "br": 0.0}, "Implant_88": {"avail": 1.0, "util": 0.027313550298597288, "br": 0.0}, "Implant_90": {"avail": 1.0, "util": 0.050460626822832276, "br": 0.0}, "Implant_91": {"avail": 1.0, "util": 0.036109439377806585, "br": 0.0}, "LithoMet_BE_18": {"avail": 1.0, "util": 0.9679858126226351, "br": 0.0}, "LithoMet_FE_19": {"avail": 1.0, "util": 0.9614858365610646, "br": 0.0}, "LithoTrack_BE_117": {"avail": 1.0, "util": 0.07050599509281978, "br": 0.0}, "LithoTrack_FE_115": {"avail": 1.0, "util": 0.043200614350642805, "br": 0.0}, "LithoTrack_FE_95": {"avail": 1.0, "util": 0.046140154131186294, "br": 0.0}, "LithoTrack_FE_96": {"avail": 1.0, "util": 0.0, "br": 0.0}, "Litho_BE_110": {"avail": 1.0, "util": 0.054230293571064826, "br": 0.0}, "Litho_BE_93": {"avail": 1.0, "util": 0.043778837399503105, "br": 0.0}, "Litho_BE_99": {"avail": 1.0, "util": 0.1299785503757542, "br": 0.0}, "Litho_FE_111": {"avail": 1.0, "util": 0.08391236095971988, "br": 0.0}, "Litho_FE_35": {"avail": 1.0, "util": 0.04747465395120596, "br": 0.0}, "Litho_FE_92": {"avail": 1.0, "util": 0.08058970333865015, "br": 0.0}, "Litho_FE_98": {"avail": 1.0, "util": 0.0751076339058377, "br": 0.0}, "Litho_REG_BE_63": {"avail": 1.0, "util": 0.9664425258089904, "br": 0.0}, "Litho_REG_FE_64": {"avail": 1.0, "util": 0.9521913668018015, "br": 0.0}, "Planar_BE_75": {"avail": 1.0, "util": 0.7663510948567196, "br": 0.0}, "Planar_FE_76": {"avail": 1.0, "util": 0.9281051803157261, "br": 0.0}, "Planar_FE_77": {"avail": 1.0, "util": 0.9576177028841257, "br": 0.0}, "Planar_FE_78": {"avail": 1.0, "util": 0.28112124438683395, "br": 0.0}, "Planar_FE_79": {"avail": 1.0, "util": 0.85779362066571, "br": 0.0}, "Planar_FE_80": {"avail": 1.0, "util": 0.5877737141798991, "br": 0.0}, "TF_BE_2": {"avail": 1.0, "util": 0.3546710800425906, "br": 0.0}, "TF_BE_23": {"avail": 1.0, "util": 0.8196623450668706, "br": 0.0}, "TF_BE_24": {"avail": 1.0, "util": 0.1921299939817601, "br": 0.0}, "TF_BE_26": {"avail": 1.0, "util": 0.6896316528555777, "br": 0.0}, "TF_BE_40": {"avail": 1.0, "util": 0.7537305371664892, "br": 0.0}, "TF_FE_103": {"avail": 1.0, "util": 0.7424309059765751, "br": 0.0}, "TF_FE_104": {"avail": 1.0, "util": 0.8478866719133373, "br": 0.0}, "TF_FE_113": {"avail": 1.0, "util": 0.21961946206194158, "br": 0.0}, "TF_FE_131": {"avail": 1.0, "util": 0.5294739441075259, "br": 0.0}, "TF_FE_3": {"avail": 1.0, "util": 0.8859775010416184, "br": 0.0}, "TF_FE_5": {"avail": 1.0, "util": 0.31606175640016665, "br": 0.0}, "TF_Met_FE_45": {"avail": 1.0, "util": 0.07108467200592565, "br": 0.0}, "TF_Met_FE_61": {"avail": 1.0, "util": 0.9840053701217536, "br": 0.0}, "WE_BE_14": {"avail": 1.0, "util": 0.039063006342298964, "br": 0.0}, "WE_BE_16": {"avail": 1.0, "util": 0.04269349670025564, "br": 0.0}, "WE_BE_17": {"avail": 1.0, "util": 0.0508078329706958, "br": 0.0}, "WE_BE_7": {"avail": 1.0, "util": 0.017175130780982362, "br": 0.0}, "WE_BE_81": {"avail": 1.0, "util": 0.039442618397296424, "br": 0.0}, "WE_BE_82": {"avail": 1.0, "util": 0.05342345261793435, "br": 0.0}, "WE_BE_9": {"avail": 1.0, "util": 0.049733147274927746, "br": 0.0}, "WE_FE_108": {"avail": 1.0, "util": 0.040864510240928, "br": 0.0}, "WE_FE_41": {"avail": 1.0, "util": 0.0362390630063423, "br": 0.0}, "WE_FE_47": {"avail": 1.0, "util": 0.03428853602456676, "br": 0.0}, "WE_FE_8": {"avail": 1.0, "util": 0.04893291977223277, "br": 0.0}, "WE_FE_83": {"avail": 1.0, "util": 0.037974432400616376, "br": 0.0}, "WE_FE_84": {"avail": 1.0, "util": 0.03495465744898642, "br": 0.0}, "WE_FE_85": {"avail": 1.0, "util": 0.023262811906856164, "br": 0.0}}, "plugins": {"cost": 447200.0}}