{"lots": {}, "machines": {"DE_BE_11": {"avail": 1.0, "util": 0.8545759803467708, "br": 0.0}, "DE_BE_12": {"avail": 1.0, "util": 0.5682779528121454, "br": 0.0}, "DE_BE_13": {"avail": 1.0, "util": 0.7732049074196733, "br": 0.0}, "DE_BE_48": {"avail": 1.0, "util": 0.8605784527122231, "br": 0.0}, "DE_BE_50": {"avail": 1.0, "util": 0.7398588967279596, "br": 0.0}, "DE_BE_65": {"avail": 1.0, "util": 0.7831938629672089, "br": 0.0}, "DE_BE_66": {"avail": 1.0, "util": 0.8015110271651575, "br": 0.0}, "DE_BE_67": {"avail": 1.0, "util": 0.7892591825706653, "br": 0.0}, "DE_BE_69": {"avail": 1.0, "util": 0.2908356943132789, "br": 0.0}, "DE_FE_1": {"avail": 1.0, "util": 0.8956835731348259, "br": 0.0}, "DE_FE_51": {"avail": 1.0, "util": 0.5444058663407588, "br": 0.0}, "DE_FE_53": {"avail": 1.0, "util": 0.11151602688739515, "br": 0.0}, "DE_FE_54": {"avail": 1.0, "util": 0.9828157694942874, "br": 0.0}, "DE_FE_56": {"avail": 1.0, "util": 0.95791900449975, "br": 0.0}, "DE_FE_58": {"avail": 1.0, "util": 0.8812843730903839, "br": 0.0}, "DE_FE_59": {"avail": 1.0, "util": 0.7466529637242375, "br": 0.0}, "DE_FE_62": {"avail": 1.0, "util": 0.6196943307071175, "br": 0.0}, "DE_FE_70": {"avail": 1.0, "util": 0.8853851553701562, "br": 0.0}, "DE_FE_71": {"avail": 1.0, "util": 0.7349252202038158, "br": 0.0}, "DE_FE_72": {"avail": 1.0, "util": 0.2094429097373378, "br": 0.0}, "DE_FE_86": {"avail": 1.0, "util": 0.77611554536989, "br": 0.0}, "DefMEt_FE_118": {"avail": 1.0, "util": 0.25040275540247764, "br": 0.0}, "DefMet_BE_33": {"avail": 1.0, "util": 0.9278095661352147, "br": 0.0}, "DefMet_BE_42": {"avail": 1.0, "util": 0.9253930337203489, "br": 0.0}, "DefMet_FE_10": {"avail": 1.0, "util": 0.5241097716793511, "br": 0.0}, "DefMet_FE_106": {"avail": 1.0, "util": 0.10243875340258875, "br": 0.0}, "DefMet_FE_34": {"avail": 1.0, "util": 0.7460418865618577, "br": 0.0}, "DefMet_FE_43": {"avail": 1.0, "util": 0.8630076106882951, "br": 0.0}, "Delay_32": {"avail": 1.0, "util": 0.3200829120604411, "br": 0.0}, "Dielectric_BE_20": {"avail": 1.0, "util": 0.8700738847841787, "br": 0.0}, "Dielectric_BE_21": {"avail": 1.0, "util": 0.9133844416050959, "br": 0.0}, "Dielectric_BE_27": {"avail": 1.0, "util": 0.8960335536914615, "br": 0.0}, "Dielectric_BE_28": {"avail": 1.0, "util": 0.9098013073347777, "br": 0.0}, "Dielectric_BE_60": {"avail": 1.0, "util": 0.9428642853174823, "br": 0.0}, "Dielectric_FE_112": {"avail": 1.0, "util": 0.4231987111827121, "br": 0.0}, "Dielectric_FE_130": {"avail": 1.0, "util": 0.3473695905783012, "br": 0.0}, "Dielectric_FE_29": {"avail": 1.0, "util": 0.9366146325204155, "br": 0.0}, "Dielectric_FE_30": {"avail": 1.0, "util": 0.9431698238986723, "br": 0.0}, "Dielectric_FE_31": {"avail": 1.0, "util": 0.23368146214099217, "br": 0.0}, "Diffusion_BE_123": {"avail": 1.0, "util": 0.0, "br": 0.0}, "Diffusion_FE_100": {"avail": 1.0, "util": 0.0, "br": 0.0}, "Diffusion_FE_101": {"avail": 1.0, "util": 0.0, "br": 0.0}, "Diffusion_FE_120": {"avail": 1.0, "util": 0.0, "br": 0.0}, "Diffusion_FE_122": {"avail": 1.0, "util": 0.0, "br": 0.0}, "Diffusion_FE_125": {"avail": 1.0, "util": 0.0, "br": 0.0}, "Diffusion_FE_126": {"avail": 1.0, "util": 0.0, "br": 0.0}, "Diffusion_FE_127": {"avail": 1.0, "util": 0.0, "br": 0.0}, "Diffusion_FE_44": {"avail": 1.0, "util": 0.0, "br": 0.0}, "Diffusion_FE_94": {"avail": 1.0, "util": 0.0, "br": 0.0}, "EPI_36": {"avail": 1.0, "util": 0.008555080273318149, "br": 0.0}, "EPI_38": {"avail": 1.0, "util": 0.26548525081939894, "br": 0.0}, "Implant_119": {"avail": 1.0, "util": 0.04394200322204322, "br": 0.0}, "Implant_128": {"avail": 1.0, "util": 0.0324325416264753, "br": 0.0}, "Implant_132": {"avail": 1.0, "util": 0.033688604601331676, "br": 0.0}, "Implant_74": {"avail": 1.0, "util": 0.013554802510971613, "br": 0.0}, "Implant_88": {"avail": 1.0, "util": 0.005749680573301484, "br": 0.0}, "Implant_90": {"avail": 1.0, "util": 0.04966390756069107, "br": 0.0}, "Implant_91": {"avail": 1.0, "util": 0.04698151689985477, "br": 0.0}, "LithoMet_BE_18": {"avail": 1.0, "util": 0.958012433652676, "br": 0.0}, "LithoMet_FE_19": {"avail": 1.0, "util": 0.9490425135111542, "br": 0.0}, "LithoTrack_BE_117": {"avail": 1.0, "util": 0.07060718848952836, "br": 0.0}, "LithoTrack_FE_115": {"avail": 1.0, "util": 0.0429041205027905, "br": 0.0}, "LithoTrack_FE_95": {"avail": 1.0, "util": 0.0660282762068774, "br": 0.0}, "LithoTrack_FE_96": {"avail": 1.0, "util": 0.015054719182267652, "br": 0.0}, "Litho_BE_110": {"avail": 1.0, "util": 0.060912074933035125, "br": 0.0}, "Litho_BE_93": {"avail": 1.0, "util": 0.0668851730459419, "br": 0.0}, "Litho_BE_99": {"avail": 1.0, "util": 0.10653111864155695, "br": 0.0}, "Litho_FE_111": {"avail": 1.0, "util": 0.08751180489972779, "br": 0.0}, "Litho_FE_35": {"avail": 1.0, "util": 0.050663852008221766, "br": 0.0}, "Litho_FE_92": {"avail": 1.0, "util": 0.06657749783131707, "br": 0.0}, "Litho_FE_98": {"avail": 1.0, "util": 0.026776290206099663, "br": 0.0}, "Litho_REG_BE_63": {"avail": 1.0, "util": 0.9638908949502806, "br": 0.0}, "Litho_REG_FE_64": {"avail": 1.0, "util": 0.9590115363961262, "br": 0.0}, "Planar_BE_75": {"avail": 1.0, "util": 0.8472069012039014, "br": 0.0}, "Planar_FE_76": {"avail": 1.0, "util": 0.9256707960668852, "br": 0.0}, "Planar_FE_77": {"avail": 1.0, "util": 0.8622576523526471, "br": 0.0}, "Planar_FE_78": {"avail": 1.0, "util": 0.16621298816732405, "br": 0.0}, "Planar_FE_79": {"avail": 1.0, "util": 0.2580551080495528, "br": 0.0}, "Planar_FE_80": {"avail": 1.0, "util": 0.25651352702627633, "br": 0.0}, "TF_BE_2": {"avail": 1.0, "util": 0.36797955669129495, "br": 0.0}, "TF_BE_23": {"avail": 1.0, "util": 0.6655741347702906, "br": 0.0}, "TF_BE_24": {"avail": 1.0, "util": 0.8741181045497473, "br": 0.0}, "TF_BE_26": {"avail": 1.0, "util": 0.62705490720601, "br": 0.0}, "TF_BE_40": {"avail": 1.0, "util": 0.7101533574932112, "br": 0.0}, "TF_FE_103": {"avail": 1.0, "util": 0.6299808740784242, "br": 0.0}, "TF_FE_104": {"avail": 1.0, "util": 0.6887728459530026, "br": 0.0}, "TF_FE_113": {"avail": 1.0, "util": 0.08708775438401571, "br": 0.0}, "TF_FE_131": {"avail": 1.0, "util": 0.8536933133344444, "br": 0.0}, "TF_FE_3": {"avail": 1.0, "util": 0.35740607003314634, "br": 0.0}, "TF_FE_5": {"avail": 1.0, "util": 0.2895950224987501, "br": 0.0}, "TF_Met_FE_45": {"avail": 1.0, "util": 0.07066274095883562, "br": 0.0}, "TF_Met_FE_61": {"avail": 1.0, "util": 0.9735014721404367, "br": 0.0}, "WE_BE_14": {"avail": 1.0, "util": 0.041497694572523745, "br": 0.0}, "WE_BE_16": {"avail": 1.0, "util": 0.03597022387645131, "br": 0.0}, "WE_BE_17": {"avail": 1.0, "util": 0.03208155102494306, "br": 0.0}, "WE_BE_7": {"avail": 1.0, "util": 0.027220709960557747, "br": 0.0}, "WE_BE_81": {"avail": 1.0, "util": 0.040516267614762146, "br": 0.0}, "WE_BE_82": {"avail": 1.0, "util": 0.04321982112104883, "br": 0.0}, "WE_BE_9": {"avail": 1.0, "util": 0.04736403533137048, "br": 0.0}, "WE_FE_108": {"avail": 1.0, "util": 0.04313745021828289, "br": 0.0}, "WE_FE_41": {"avail": 1.0, "util": 0.031276040219987776, "br": 0.0}, "WE_FE_47": {"avail": 1.0, "util": 0.03564246430753847, "br": 0.0}, "WE_FE_8": {"avail": 1.0, "util": 0.029415032498194545, "br": 0.0}, "WE_FE_83": {"avail": 1.0, "util": 0.0367572171916375, "br": 0.0}, "WE_FE_84": {"avail": 1.0, "util": 0.037314920412918236, "br": 0.0}, "WE_FE_85": {"avail": 1.0, "util": 0.029831676017999, "br": 0.0}}, "plugins": {"cost": 429025.1269560185}}