{"lots": {}, "machines": {"DE_BE_11": {"avail": 1.0, "util": 0.8589743589743589, "br": 0.0}, "DE_BE_12": {"avail": 1.0, "util": 0.5683205683205683, "br": 0.0}, "DE_BE_13": {"avail": 1.0, "util": 0.7729321960091191, "br": 0.0}, "DE_BE_48": {"avail": 1.0, "util": 0.8619562255925892, "br": 0.0}, "DE_BE_50": {"avail": 1.0, "util": 0.7388888888888888, "br": 0.0}, "DE_BE_65": {"avail": 1.0, "util": 0.7825053734144644, "br": 0.0}, "DE_BE_66": {"avail": 1.0, "util": 0.7986229456817692, "br": 0.0}, "DE_BE_67": {"avail": 1.0, "util": 0.7724447269901815, "br": 0.0}, "DE_BE_69": {"avail": 1.0, "util": 0.2973322973322973, "br": 0.0}, "DE_FE_1": {"avail": 1.0, "util": 0.9027306027306027, "br": 0.0}, "DE_FE_51": {"avail": 1.0, "util": 0.5442723942723943, "br": 0.0}, "DE_FE_53": {"avail": 1.0, "util": 0.10904650904650905, "br": 0.0}, "DE_FE_54": {"avail": 1.0, "util": 0.977947977947978, "br": 0.0}, "DE_FE_56": {"avail": 1.0, "util": 0.9602897102897103, "br": 0.0}, "DE_FE_58": {"avail": 1.0, "util": 0.8822288822288822, "br": 0.0}, "DE_FE_59": {"avail": 1.0, "util": 0.7898906648906648, "br": 0.0}, "DE_FE_62": {"avail": 1.0, "util": 0.6162203809262633, "br": 0.0}, "DE_FE_70": {"avail": 1.0, "util": 0.8804427895336986, "br": 0.0}, "DE_FE_71": {"avail": 1.0, "util": 0.7502466669133336, "br": 0.0}, "DE_FE_72": {"avail": 1.0, "util": 0.21049152867334686, "br": 0.0}, "DE_FE_86": {"avail": 1.0, "util": 0.7848991874415603, "br": 0.0}, "DefMEt_FE_118": {"avail": 1.0, "util": 0.2498057498057498, "br": 0.0}, "DefMet_BE_33": {"avail": 1.0, "util": 0.9253524253524253, "br": 0.0}, "DefMet_BE_42": {"avail": 1.0, "util": 0.978021978021978, "br": 0.0}, "DefMet_FE_10": {"avail": 1.0, "util": 0.5783105783105783, "br": 0.0}, "DefMet_FE_106": {"avail": 1.0, "util": 0.10273060273060274, "br": 0.0}, "DefMet_FE_34": {"avail": 1.0, "util": 0.7483349983349983, "br": 0.0}, "DefMet_FE_43": {"avail": 1.0, "util": 0.8701631701631701, "br": 0.0}, "Delay_32": {"avail": 1.0, "util": 0.3087160062160062, "br": 0.0}, "Dielectric_BE_20": {"avail": 1.0, "util": 0.8907647907647908, "br": 0.0}, "Dielectric_BE_21": {"avail": 1.0, "util": 0.9353701853701853, "br": 0.0}, "Dielectric_BE_27": {"avail": 1.0, "util": 0.8947672697672697, "br": 0.0}, "Dielectric_BE_28": {"avail": 1.0, "util": 0.9511969511969512, "br": 0.0}, "Dielectric_BE_60": {"avail": 1.0, "util": 0.9427424427424427, "br": 0.0}, "Dielectric_FE_112": {"avail": 1.0, "util": 0.4390856057522724, "br": 0.0}, "Dielectric_FE_130": {"avail": 1.0, "util": 0.3478049728049728, "br": 0.0}, "Dielectric_FE_29": {"avail": 1.0, "util": 0.9288859288859289, "br": 0.0}, "Dielectric_FE_30": {"avail": 1.0, "util": 0.9411699411699411, "br": 0.0}, "Dielectric_FE_31": {"avail": 1.0, "util": 0.23314185814185814, "br": 0.0}, "Diffusion_BE_123": {"avail": 1.0, "util": 0.0, "br": 0.0}, "Diffusion_FE_100": {"avail": 1.0, "util": 0.0, "br": 0.0}, "Diffusion_FE_101": {"avail": 1.0, "util": 0.0, "br": 0.0}, "Diffusion_FE_120": {"avail": 1.0, "util": 0.0, "br": 0.0}, "Diffusion_FE_122": {"avail": 1.0, "util": 0.0, "br": 0.0}, "Diffusion_FE_125": {"avail": 1.0, "util": 0.0, "br": 0.0}, "Diffusion_FE_126": {"avail": 1.0, "util": 0.0, "br": 0.0}, "Diffusion_FE_127": {"avail": 1.0, "util": 0.0, "br": 0.0}, "Diffusion_FE_44": {"avail": 1.0, "util": 0.0, "br": 0.0}, "Diffusion_FE_94": {"avail": 1.0, "util": 0.0, "br": 0.0}, "EPI_36": {"avail": 1.0, "util": 0.010045510045510046, "br": 0.0}, "EPI_38": {"avail": 1.0, "util": 0.2647907647907648, "br": 0.0}, "Implant_119": {"avail": 1.0, "util": 0.04151404151404151, "br": 0.0}, "Implant_128": {"avail": 1.0, "util": 0.033350487895942436, "br": 0.0}, "Implant_132": {"avail": 1.0, "util": 0.03410081981510553, "br": 0.0}, "Implant_74": {"avail": 1.0, "util": 0.013597513597513598, "br": 0.0}, "Implant_88": {"avail": 1.0, "util": 0.005661005661005661, "br": 0.0}, "Implant_90": {"avail": 1.0, "util": 0.04992229992229992, "br": 0.0}, "Implant_91": {"avail": 1.0, "util": 0.04619190333476048, "br": 0.0}, "LithoMet_BE_18": {"avail": 1.0, "util": 0.9593991866719138, "br": 0.0}, "LithoMet_FE_19": {"avail": 1.0, "util": 0.9490430204715918, "br": 0.0}, "LithoTrack_BE_117": {"avail": 1.0, "util": 0.0703962703962704, "br": 0.0}, "LithoTrack_FE_115": {"avail": 1.0, "util": 0.04234112770698136, "br": 0.0}, "LithoTrack_FE_95": {"avail": 1.0, "util": 0.06600344100344101, "br": 0.0}, "LithoTrack_FE_96": {"avail": 1.0, "util": 0.015096015096015096, "br": 0.0}, "Litho_BE_110": {"avail": 1.0, "util": 0.061129691564474176, "br": 0.0}, "Litho_BE_93": {"avail": 1.0, "util": 0.06682206682206682, "br": 0.0}, "Litho_BE_99": {"avail": 1.0, "util": 0.10678210678210678, "br": 0.0}, "Litho_FE_111": {"avail": 1.0, "util": 0.08735986235986236, "br": 0.0}, "Litho_FE_35": {"avail": 1.0, "util": 0.050421800421800424, "br": 0.0}, "Litho_FE_92": {"avail": 1.0, "util": 0.0665018741941819, "br": 0.0}, "Litho_FE_98": {"avail": 1.0, "util": 0.026709401709401708, "br": 0.0}, "Litho_REG_BE_63": {"avail": 1.0, "util": 0.9443681318681318, "br": 0.0}, "Litho_REG_FE_64": {"avail": 1.0, "util": 0.9702935952935953, "br": 0.0}, "Planar_BE_75": {"avail": 1.0, "util": 0.8459477030905602, "br": 0.0}, "Planar_FE_76": {"avail": 1.0, "util": 0.9305694305694305, "br": 0.0}, "Planar_FE_77": {"avail": 1.0, "util": 0.995948495948496, "br": 0.0}, "Planar_FE_78": {"avail": 1.0, "util": 0.16971916971916973, "br": 0.0}, "Planar_FE_79": {"avail": 1.0, "util": 0.254967254967255, "br": 0.0}, "Planar_FE_80": {"avail": 1.0, "util": 0.2578810078810079, "br": 0.0}, "TF_BE_2": {"avail": 1.0, "util": 0.3712259962259962, "br": 0.0}, "TF_BE_23": {"avail": 1.0, "util": 0.6610571967714824, "br": 0.0}, "TF_BE_24": {"avail": 1.0, "util": 0.8665084915084915, "br": 0.0}, "TF_BE_26": {"avail": 1.0, "util": 0.6431559893098354, "br": 0.0}, "TF_BE_40": {"avail": 1.0, "util": 0.7221406044935457, "br": 0.0}, "TF_FE_103": {"avail": 1.0, "util": 0.6239236953522668, "br": 0.0}, "TF_FE_104": {"avail": 1.0, "util": 0.6875346875346875, "br": 0.0}, "TF_FE_113": {"avail": 1.0, "util": 0.0873015873015873, "br": 0.0}, "TF_FE_131": {"avail": 1.0, "util": 0.8475968475968476, "br": 0.0}, "TF_FE_3": {"avail": 1.0, "util": 0.35684685684685685, "br": 0.0}, "TF_FE_5": {"avail": 1.0, "util": 0.2861952861952862, "br": 0.0}, "TF_Met_FE_45": {"avail": 1.0, "util": 0.07137307137307138, "br": 0.0}, "TF_Met_FE_61": {"avail": 1.0, "util": 0.9791597291597292, "br": 0.0}, "WE_BE_14": {"avail": 1.0, "util": 0.04199134199134199, "br": 0.0}, "WE_BE_16": {"avail": 1.0, "util": 0.036505161505161504, "br": 0.0}, "WE_BE_17": {"avail": 1.0, "util": 0.03196803196803197, "br": 0.0}, "WE_BE_7": {"avail": 1.0, "util": 0.02736152736152736, "br": 0.0}, "WE_BE_81": {"avail": 1.0, "util": 0.040422540422540426, "br": 0.0}, "WE_BE_82": {"avail": 1.0, "util": 0.043179043179043176, "br": 0.0}, "WE_BE_9": {"avail": 1.0, "util": 0.047807747807747804, "br": 0.0}, "WE_FE_108": {"avail": 1.0, "util": 0.043716819578888545, "br": 0.0}, "WE_FE_41": {"avail": 1.0, "util": 0.0321012321012321, "br": 0.0}, "WE_FE_47": {"avail": 1.0, "util": 0.0367965367965368, "br": 0.0}, "WE_FE_8": {"avail": 1.0, "util": 0.02935952935952936, "br": 0.0}, "WE_FE_83": {"avail": 1.0, "util": 0.03681503681503682, "br": 0.0}, "WE_FE_84": {"avail": 1.0, "util": 0.0371491253844195, "br": 0.0}, "WE_FE_85": {"avail": 1.0, "util": 0.030053280053280052, "br": 0.0}}, "plugins": {"cost": 429025.13108796295}}