{"lots": {}, "machines": {"DE_BE_11": {"avail": 1.0, "util": 0.8478510403907339, "br": 0.0}, "DE_BE_12": {"avail": 1.0, "util": 0.707599964342667, "br": 0.0}, "DE_BE_13": {"avail": 1.0, "util": 0.8436258326711076, "br": 0.0}, "DE_BE_48": {"avail": 1.0, "util": 0.7523778308635828, "br": 0.0}, "DE_BE_50": {"avail": 1.0, "util": 0.7585245787977536, "br": 0.0}, "DE_BE_65": {"avail": 1.0, "util": 0.8424990387827522, "br": 0.0}, "DE_BE_66": {"avail": 1.0, "util": 0.6526177551378313, "br": 0.0}, "DE_BE_67": {"avail": 1.0, "util": 0.7964803691074231, "br": 0.0}, "DE_BE_69": {"avail": 1.0, "util": 0.2726894543437565, "br": 0.0}, "DE_FE_1": {"avail": 1.0, "util": 0.563613672606254, "br": 0.0}, "DE_FE_51": {"avail": 1.0, "util": 0.39386050058933647, "br": 0.0}, "DE_FE_53": {"avail": 1.0, "util": 0.13382791374887332, "br": 0.0}, "DE_FE_54": {"avail": 1.0, "util": 0.819362592156047, "br": 0.0}, "DE_FE_56": {"avail": 1.0, "util": 0.8964501144006102, "br": 0.0}, "DE_FE_58": {"avail": 1.0, "util": 0.7398599459197116, "br": 0.0}, "DE_FE_59": {"avail": 1.0, "util": 0.8260504056021633, "br": 0.0}, "DE_FE_62": {"avail": 1.0, "util": 0.6916852576154916, "br": 0.0}, "DE_FE_70": {"avail": 1.0, "util": 0.8571158440117741, "br": 0.0}, "DE_FE_71": {"avail": 1.0, "util": 0.6398075604551373, "br": 0.0}, "DE_FE_72": {"avail": 1.0, "util": 0.5372731684872016, "br": 0.0}, "DE_FE_86": {"avail": 1.0, "util": 0.6783609512584067, "br": 0.0}, "DefMEt_FE_118": {"avail": 1.0, "util": 0.31144699438397005, "br": 0.0}, "DefMet_BE_33": {"avail": 1.0, "util": 0.9108368577965749, "br": 0.0}, "DefMet_BE_42": {"avail": 1.0, "util": 0.9936906330167095, "br": 0.0}, "DefMet_FE_10": {"avail": 1.0, "util": 0.6055605629896693, "br": 0.0}, "DefMet_FE_106": {"avail": 1.0, "util": 0.1272273452125078, "br": 0.0}, "DefMet_FE_34": {"avail": 1.0, "util": 0.4860292588227137, "br": 0.0}, "DefMet_FE_43": {"avail": 1.0, "util": 0.8185398322124384, "br": 0.0}, "Delay_32": {"avail": 1.0, "util": 0.280551202939749, "br": 0.0}, "Dielectric_BE_20": {"avail": 1.0, "util": 0.7717534493517298, "br": 0.0}, "Dielectric_BE_21": {"avail": 1.0, "util": 0.953812198109501, "br": 0.0}, "Dielectric_BE_27": {"avail": 1.0, "util": 0.897952344634727, "br": 0.0}, "Dielectric_BE_28": {"avail": 1.0, "util": 0.8586748018211652, "br": 0.0}, "Dielectric_BE_60": {"avail": 1.0, "util": 0.9395410108853914, "br": 0.0}, "Dielectric_FE_112": {"avail": 1.0, "util": 0.5827497746654648, "br": 0.0}, "Dielectric_FE_130": {"avail": 1.0, "util": 0.4309956319767039, "br": 0.0}, "Dielectric_FE_29": {"avail": 1.0, "util": 0.5798146479003443, "br": 0.0}, "Dielectric_FE_30": {"avail": 1.0, "util": 0.9764958746446648, "br": 0.0}, "Dielectric_FE_31": {"avail": 1.0, "util": 0.29059488317271026, "br": 0.0}, "Diffusion_BE_123": {"avail": 1.0, "util": 0.0, "br": 0.0}, "Diffusion_FE_100": {"avail": 1.0, "util": 0.0, "br": 0.0}, "Diffusion_FE_101": {"avail": 1.0, "util": 0.0, "br": 0.0}, "Diffusion_FE_120": {"avail": 1.0, "util": 0.0, "br": 0.0}, "Diffusion_FE_122": {"avail": 1.0, "util": 0.0, "br": 0.0}, "Diffusion_FE_125": {"avail": 1.0, "util": 0.0, "br": 0.0}, "Diffusion_FE_126": {"avail": 1.0, "util": 0.0, "br": 0.0}, "Diffusion_FE_127": {"avail": 1.0, "util": 0.0, "br": 0.0}, "Diffusion_FE_44": {"avail": 1.0, "util": 0.0, "br": 0.0}, "Diffusion_FE_94": {"avail": 1.0, "util": 0.0, "br": 0.0}, "EPI_36": {"avail": 1.0, "util": 0.009048048256257367, "br": 0.0}, "EPI_38": {"avail": 1.0, "util": 0.3095056506968037, "br": 0.0}, "Implant_119": {"avail": 1.0, "util": 0.023469458503778688, "br": 0.0}, "Implant_128": {"avail": 1.0, "util": 0.039116814683617704, "br": 0.0}, "Implant_132": {"avail": 1.0, "util": 0.021275542040986122, "br": 0.0}, "Implant_74": {"avail": 1.0, "util": 0.01681342300492269, "br": 0.0}, "Implant_88": {"avail": 1.0, "util": 0.00360535256188033, "br": 0.0}, "Implant_90": {"avail": 1.0, "util": 0.033453511752062674, "br": 0.0}, "Implant_91": {"avail": 1.0, "util": 0.04612672219966126, "br": 0.0}, "LithoMet_BE_18": {"avail": 1.0, "util": 0.9572589235627438, "br": 0.0}, "LithoMet_FE_19": {"avail": 1.0, "util": 0.9404027297669396, "br": 0.0}, "LithoTrack_BE_117": {"avail": 1.0, "util": 0.07015184080981765, "br": 0.0}, "LithoTrack_FE_115": {"avail": 1.0, "util": 0.04913730271602099, "br": 0.0}, "LithoTrack_FE_95": {"avail": 1.0, "util": 0.07484746585315122, "br": 0.0}, "LithoTrack_FE_96": {"avail": 1.0, "util": 0.015114747278652153, "br": 0.0}, "Litho_BE_110": {"avail": 1.0, "util": 0.07422022192814014, "br": 0.0}, "Litho_BE_93": {"avail": 1.0, "util": 0.06728835887124732, "br": 0.0}, "Litho_BE_99": {"avail": 1.0, "util": 0.11666551110494812, "br": 0.0}, "Litho_FE_111": {"avail": 1.0, "util": 0.1049608264577411, "br": 0.0}, "Litho_FE_35": {"avail": 1.0, "util": 0.033453511752062674, "br": 0.0}, "Litho_FE_92": {"avail": 1.0, "util": 0.07518173430258294, "br": 0.0}, "Litho_FE_98": {"avail": 1.0, "util": 0.03178950287734868, "br": 0.0}, "Litho_REG_BE_63": {"avail": 1.0, "util": 0.9478610552589614, "br": 0.0}, "Litho_REG_FE_64": {"avail": 1.0, "util": 0.9458214888257183, "br": 0.0}, "Planar_BE_75": {"avail": 1.0, "util": 0.8371549410168282, "br": 0.0}, "Planar_FE_76": {"avail": 1.0, "util": 0.9204742425292934, "br": 0.0}, "Planar_FE_77": {"avail": 1.0, "util": 0.8904180822297719, "br": 0.0}, "Planar_FE_78": {"avail": 1.0, "util": 0.3178950287734868, "br": 0.0}, "Planar_FE_79": {"avail": 1.0, "util": 0.3210323788393538, "br": 0.0}, "Planar_FE_80": {"avail": 1.0, "util": 0.3187270332108438, "br": 0.0}, "TF_BE_2": {"avail": 1.0, "util": 0.5936178326284407, "br": 0.0}, "TF_BE_23": {"avail": 1.0, "util": 0.6546636820158279, "br": 0.0}, "TF_BE_24": {"avail": 1.0, "util": 0.7255252028010816, "br": 0.0}, "TF_BE_26": {"avail": 1.0, "util": 0.7439399676798276, "br": 0.0}, "TF_BE_40": {"avail": 1.0, "util": 0.7354674519048415, "br": 0.0}, "TF_FE_103": {"avail": 1.0, "util": 0.7291132219371836, "br": 0.0}, "TF_FE_104": {"avail": 1.0, "util": 0.7431463634472717, "br": 0.0}, "TF_FE_113": {"avail": 1.0, "util": 0.10786013080958655, "br": 0.0}, "TF_FE_131": {"avail": 1.0, "util": 0.7130162471977629, "br": 0.0}, "TF_FE_3": {"avail": 1.0, "util": 0.43899789687767227, "br": 0.0}, "TF_FE_5": {"avail": 1.0, "util": 0.4460699345952068, "br": 0.0}, "TF_Met_FE_45": {"avail": 1.0, "util": 0.08753380018026763, "br": 0.0}, "TF_Met_FE_61": {"avail": 1.0, "util": 0.9729945226374541, "br": 0.0}, "WE_BE_14": {"avail": 1.0, "util": 0.038993274630798026, "br": 0.0}, "WE_BE_16": {"avail": 1.0, "util": 0.039970879844692504, "br": 0.0}, "WE_BE_17": {"avail": 1.0, "util": 0.03279484157248839, "br": 0.0}, "WE_BE_7": {"avail": 1.0, "util": 0.017125424668931567, "br": 0.0}, "WE_BE_81": {"avail": 1.0, "util": 0.04007488039936213, "br": 0.0}, "WE_BE_82": {"avail": 1.0, "util": 0.04602987512229695, "br": 0.0}, "WE_BE_9": {"avail": 1.0, "util": 0.05155654163488872, "br": 0.0}, "WE_FE_108": {"avail": 1.0, "util": 0.0368233688050934, "br": 0.0}, "WE_FE_41": {"avail": 1.0, "util": 0.031061498994661305, "br": 0.0}, "WE_FE_47": {"avail": 1.0, "util": 0.03071483047909589, "br": 0.0}, "WE_FE_8": {"avail": 1.0, "util": 0.027456146432780975, "br": 0.0}, "WE_FE_83": {"avail": 1.0, "util": 0.03953176639164298, "br": 0.0}, "WE_FE_84": {"avail": 1.0, "util": 0.037277061556093005, "br": 0.0}, "WE_FE_85": {"avail": 1.0, "util": 0.02568813700339735, "br": 0.0}}, "plugins": {"cost": 429025.1304513889}}