{"lots": {}, "machines": {"DE_BE_11": {"avail": 1.0, "util": 0.686232118883385, "br": 0.0}, "DE_BE_12": {"avail": 1.0, "util": 0.9488449608814407, "br": 0.0}, "DE_BE_13": {"avail": 1.0, "util": 0.8413080523168018, "br": 0.0}, "DE_BE_48": {"avail": 1.0, "util": 0.8095458543585945, "br": 0.0}, "DE_BE_50": {"avail": 1.0, "util": 0.9332438313041063, "br": 0.0}, "DE_BE_65": {"avail": 1.0, "util": 0.7914666260004303, "br": 0.0}, "DE_BE_66": {"avail": 1.0, "util": 0.7082396282823163, "br": 0.0}, "DE_BE_67": {"avail": 1.0, "util": 0.8692051293921578, "br": 0.0}, "DE_BE_69": {"avail": 1.0, "util": 0.9227350585621036, "br": 0.0}, "DE_FE_1": {"avail": 1.0, "util": 0.5364830993274121, "br": 0.0}, "DE_FE_51": {"avail": 1.0, "util": 0.4967874294318733, "br": 0.0}, "DE_FE_53": {"avail": 1.0, "util": 0.8198787093190131, "br": 0.0}, "DE_FE_54": {"avail": 1.0, "util": 0.8125920096291838, "br": 0.0}, "DE_FE_56": {"avail": 1.0, "util": 0.8068839405583075, "br": 0.0}, "DE_FE_58": {"avail": 1.0, "util": 0.7347190716479175, "br": 0.0}, "DE_FE_59": {"avail": 1.0, "util": 0.7848926747218493, "br": 0.0}, "DE_FE_62": {"avail": 1.0, "util": 0.7452465824994875, "br": 0.0}, "DE_FE_70": {"avail": 1.0, "util": 0.7280930726141596, "br": 0.0}, "DE_FE_71": {"avail": 1.0, "util": 0.7142427268578836, "br": 0.0}, "DE_FE_72": {"avail": 1.0, "util": 0.8897016084646288, "br": 0.0}, "DE_FE_86": {"avail": 1.0, "util": 0.725360108499778, "br": 0.0}, "DefMEt_FE_118": {"avail": 1.0, "util": 0.24647007083005418, "br": 0.0}, "DefMet_BE_33": {"avail": 1.0, "util": 0.9650016202953567, "br": 0.0}, "DefMet_BE_42": {"avail": 1.0, "util": 0.955187259849081, "br": 0.0}, "DefMet_FE_10": {"avail": 1.0, "util": 0.48831072635526135, "br": 0.0}, "DefMet_FE_106": {"avail": 1.0, "util": 0.29924540530530996, "br": 0.0}, "DefMet_FE_34": {"avail": 1.0, "util": 0.6092773482709134, "br": 0.0}, "DefMet_FE_43": {"avail": 1.0, "util": 0.9820070058484947, "br": 0.0}, "Delay_32": {"avail": 1.0, "util": 0.38268725984908103, "br": 0.0}, "Dielectric_BE_20": {"avail": 1.0, "util": 0.9571316142771168, "br": 0.0}, "Dielectric_BE_21": {"avail": 1.0, "util": 0.9473346141382344, "br": 0.0}, "Dielectric_BE_27": {"avail": 1.0, "util": 0.7242843695507923, "br": 0.0}, "Dielectric_BE_28": {"avail": 1.0, "util": 0.7129646775612241, "br": 0.0}, "Dielectric_BE_60": {"avail": 1.0, "util": 0.9006296004814592, "br": 0.0}, "Dielectric_FE_112": {"avail": 1.0, "util": 0.934734503032267, "br": 0.0}, "Dielectric_FE_130": {"avail": 1.0, "util": 0.9334637285310865, "br": 0.0}, "Dielectric_FE_29": {"avail": 1.0, "util": 0.9085690477292718, "br": 0.0}, "Dielectric_FE_30": {"avail": 1.0, "util": 0.93025785843248, "br": 0.0}, "Dielectric_FE_31": {"avail": 1.0, "util": 0.9618420443497986, "br": 0.0}, "Diffusion_BE_123": {"avail": 1.0, "util": 0.0, "br": 0.0}, "Diffusion_FE_100": {"avail": 1.0, "util": 0.0, "br": 0.0}, "Diffusion_FE_101": {"avail": 1.0, "util": 0.0, "br": 0.0}, "Diffusion_FE_120": {"avail": 1.0, "util": 0.0, "br": 0.0}, "Diffusion_FE_122": {"avail": 1.0, "util": 0.0, "br": 0.0}, "Diffusion_FE_125": {"avail": 1.0, "util": 0.0, "br": 0.0}, "Diffusion_FE_126": {"avail": 1.0, "util": 0.0, "br": 0.0}, "Diffusion_FE_127": {"avail": 1.0, "util": 0.7853031495455457, "br": 0.0}, "Diffusion_FE_44": {"avail": 1.0, "util": 0.0, "br": 0.0}, "Diffusion_FE_94": {"avail": 1.0, "util": 0.0, "br": 0.0}, "EPI_36": {"avail": 1.0, "util": 0.01205962686912643, "br": 0.0}, "EPI_38": {"avail": 1.0, "util": 0.029350493032729966, "br": 0.0}, "Implant_119": {"avail": 1.0, "util": 0.01689736586269154, "br": 0.0}, "Implant_128": {"avail": 1.0, "util": 0.03988241285125688, "br": 0.0}, "Implant_132": {"avail": 1.0, "util": 0.03520670339336142, "br": 0.0}, "Implant_74": {"avail": 1.0, "util": 0.005671033748437572, "br": 0.0}, "Implant_88": {"avail": 1.0, "util": 0.027498726910791166, "br": 0.0}, "Implant_90": {"avail": 1.0, "util": 0.04099347252442016, "br": 0.0}, "Implant_91": {"avail": 1.0, "util": 0.03660324367699026, "br": 0.0}, "LithoMet_BE_18": {"avail": 1.0, "util": 0.9717819331726095, "br": 0.0}, "LithoMet_FE_19": {"avail": 1.0, "util": 0.9665627620120468, "br": 0.0}, "LithoTrack_BE_117": {"avail": 1.0, "util": 0.08707004305356233, "br": 0.0}, "LithoTrack_FE_115": {"avail": 1.0, "util": 0.04229470131647863, "br": 0.0}, "LithoTrack_FE_95": {"avail": 1.0, "util": 0.04648688788973299, "br": 0.0}, "LithoTrack_FE_96": {"avail": 1.0, "util": 0.002476737188093144, "br": 0.0}, "Litho_BE_110": {"avail": 1.0, "util": 0.05313742088659917, "br": 0.0}, "Litho_BE_93": {"avail": 1.0, "util": 0.04732805579988581, "br": 0.0}, "Litho_BE_99": {"avail": 1.0, "util": 0.15182939061463202, "br": 0.0}, "Litho_FE_111": {"avail": 1.0, "util": 0.08221631153439866, "br": 0.0}, "Litho_FE_35": {"avail": 1.0, "util": 0.025068283875746493, "br": 0.0}, "Litho_FE_92": {"avail": 1.0, "util": 0.07603183354305987, "br": 0.0}, "Litho_FE_98": {"avail": 1.0, "util": 0.07532058700986065, "br": 0.0}, "Litho_REG_BE_63": {"avail": 1.0, "util": 0.9661705476598306, "br": 0.0}, "Litho_REG_FE_64": {"avail": 1.0, "util": 0.9790783495473093, "br": 0.0}, "Planar_BE_75": {"avail": 1.0, "util": 0.6649969908800518, "br": 0.0}, "Planar_FE_76": {"avail": 1.0, "util": 0.822508217212166, "br": 0.0}, "Planar_FE_77": {"avail": 1.0, "util": 0.9550020832368872, "br": 0.0}, "Planar_FE_78": {"avail": 1.0, "util": 0.709319013008657, "br": 0.0}, "Planar_FE_79": {"avail": 1.0, "util": 0.9003194296560344, "br": 0.0}, "Planar_FE_80": {"avail": 1.0, "util": 0.6454793759548169, "br": 0.0}, "TF_BE_2": {"avail": 1.0, "util": 0.22162168418128791, "br": 0.0}, "TF_BE_23": {"avail": 1.0, "util": 0.34561265438490907, "br": 0.0}, "TF_BE_24": {"avail": 1.0, "util": 0.19390768945882136, "br": 0.0}, "TF_BE_26": {"avail": 1.0, "util": 0.5643504158758081, "br": 0.0}, "TF_BE_40": {"avail": 1.0, "util": 0.5095365955279848, "br": 0.0}, "TF_FE_103": {"avail": 1.0, "util": 0.7378362112865146, "br": 0.0}, "TF_FE_104": {"avail": 1.0, "util": 0.8491366140456461, "br": 0.0}, "TF_FE_113": {"avail": 1.0, "util": 0.3289893986389519, "br": 0.0}, "TF_FE_131": {"avail": 1.0, "util": 0.5360862923012824, "br": 0.0}, "TF_FE_3": {"avail": 1.0, "util": 0.895190037498264, "br": 0.0}, "TF_FE_5": {"avail": 1.0, "util": 0.31285588630156014, "br": 0.0}, "TF_Met_FE_45": {"avail": 1.0, "util": 0.07120040738854683, "br": 0.0}, "TF_Met_FE_61": {"avail": 1.0, "util": 0.9746308041294385, "br": 0.0}, "WE_BE_14": {"avail": 1.0, "util": 0.0419425026619138, "br": 0.0}, "WE_BE_16": {"avail": 1.0, "util": 0.04464299492307455, "br": 0.0}, "WE_BE_17": {"avail": 1.0, "util": 0.050761538817647334, "br": 0.0}, "WE_BE_7": {"avail": 1.0, "util": 0.015045599740752744, "br": 0.0}, "WE_BE_81": {"avail": 1.0, "util": 0.03791491134669691, "br": 0.0}, "WE_BE_82": {"avail": 1.0, "util": 0.053904911809638446, "br": 0.0}, "WE_BE_9": {"avail": 1.0, "util": 0.04636028755282494, "br": 0.0}, "WE_FE_108": {"avail": 1.0, "util": 0.041868432017036245, "br": 0.0}, "WE_FE_41": {"avail": 1.0, "util": 0.03710939308365353, "br": 0.0}, "WE_FE_47": {"avail": 1.0, "util": 0.03702760674660124, "br": 0.0}, "WE_FE_8": {"avail": 1.0, "util": 0.05145595111337438, "br": 0.0}, "WE_FE_83": {"avail": 1.0, "util": 0.03880772715548884, "br": 0.0}, "WE_FE_84": {"avail": 1.0, "util": 0.03604257004562546, "br": 0.0}, "WE_FE_85": {"avail": 1.0, "util": 0.02245266422850794, "br": 0.0}}, "plugins": {"cost": 447200.0}}