{"lots": {}, "machines": {"DE_BE_11": {"avail": 1.0, "util": 0.8960155490767736, "br": 0.0}, "DE_BE_12": {"avail": 1.0, "util": 0.0, "br": 0.0}, "DE_BE_13": {"avail": 1.0, "util": 0.7996535834936501, "br": 0.0}, "DE_BE_48": {"avail": 1.0, "util": 0.5875052061640983, "br": 0.0}, "DE_BE_50": {"avail": 1.0, "util": 0.37714224011600106, "br": 0.0}, "DE_BE_65": {"avail": 1.0, "util": 0.467297122930805, "br": 0.0}, "DE_BE_66": {"avail": 1.0, "util": 0.7767596834652228, "br": 0.0}, "DE_BE_67": {"avail": 1.0, "util": 0.4249618214632792, "br": 0.0}, "DE_BE_69": {"avail": 1.0, "util": 0.5531722893238928, "br": 0.0}, "DE_FE_1": {"avail": 1.0, "util": 0.0, "br": 0.0}, "DE_FE_51": {"avail": 1.0, "util": 0.19236867679402586, "br": 0.0}, "DE_FE_53": {"avail": 1.0, "util": 0.0, "br": 0.0}, "DE_FE_54": {"avail": 1.0, "util": 0.8212966819380814, "br": 0.0}, "DE_FE_56": {"avail": 1.0, "util": 0.30549770928779674, "br": 0.0}, "DE_FE_58": {"avail": 1.0, "util": 0.7306215003008006, "br": 0.0}, "DE_FE_59": {"avail": 1.0, "util": 0.6531260123096857, "br": 0.0}, "DE_FE_62": {"avail": 1.0, "util": 0.07356061958311022, "br": 0.0}, "DE_FE_70": {"avail": 1.0, "util": 0.2698341503006226, "br": 0.0}, "DE_FE_71": {"avail": 1.0, "util": 0.2567531385732135, "br": 0.0}, "DE_FE_72": {"avail": 1.0, "util": 0.11664892714455397, "br": 0.0}, "DE_FE_86": {"avail": 1.0, "util": 0.1712383214812758, "br": 0.0}, "DefMEt_FE_118": {"avail": 1.0, "util": 0.7530195751770096, "br": 0.0}, "DefMet_BE_33": {"avail": 1.0, "util": 0.8475635152019991, "br": 0.0}, "DefMet_BE_42": {"avail": 1.0, "util": 0.9400249895876718, "br": 0.0}, "DefMet_FE_10": {"avail": 1.0, "util": 0.6914480077745384, "br": 0.0}, "DefMet_FE_106": {"avail": 1.0, "util": 0.7782868249340552, "br": 0.0}, "DefMet_FE_34": {"avail": 1.0, "util": 0.7217131750659448, "br": 0.0}, "DefMet_FE_43": {"avail": 1.0, "util": 0.9111018557082697, "br": 0.0}, "Delay_32": {"avail": 1.0, "util": 0.1060814938220186, "br": 0.0}, "Dielectric_BE_20": {"avail": 1.0, "util": 0.823712342079689, "br": 0.0}, "Dielectric_BE_21": {"avail": 1.0, "util": 0.8828786616687492, "br": 0.0}, "Dielectric_BE_27": {"avail": 1.0, "util": 0.7779721412374474, "br": 0.0}, "Dielectric_BE_28": {"avail": 1.0, "util": 0.8001874219075386, "br": 0.0}, "Dielectric_BE_60": {"avail": 1.0, "util": 0.7908163265306123, "br": 0.0}, "Dielectric_FE_112": {"avail": 1.0, "util": 0.7862140774677219, "br": 0.0}, "Dielectric_FE_130": {"avail": 1.0, "util": 0.8739067055393586, "br": 0.0}, "Dielectric_FE_29": {"avail": 1.0, "util": 0.7735665694849369, "br": 0.0}, "Dielectric_FE_30": {"avail": 1.0, "util": 0.8422185200610857, "br": 0.0}, "Dielectric_FE_31": {"avail": 1.0, "util": 0.7751284187144245, "br": 0.0}, "Diffusion_BE_123": {"avail": 1.0, "util": 0.0, "br": 0.0}, "Diffusion_FE_100": {"avail": 1.0, "util": 0.0, "br": 0.0}, "Diffusion_FE_101": {"avail": 1.0, "util": 0.0, "br": 0.0}, "Diffusion_FE_120": {"avail": 1.0, "util": 0.0, "br": 0.0}, "Diffusion_FE_122": {"avail": 1.0, "util": 0.0, "br": 0.0}, "Diffusion_FE_125": {"avail": 1.0, "util": 0.0, "br": 0.0}, "Diffusion_FE_126": {"avail": 1.0, "util": 0.0, "br": 0.0}, "Diffusion_FE_127": {"avail": 1.0, "util": 0.0, "br": 0.0}, "Diffusion_FE_44": {"avail": 1.0, "util": 0.0, "br": 0.0}, "Diffusion_FE_94": {"avail": 1.0, "util": 0.0, "br": 0.0}, "EPI_36": {"avail": 1.0, "util": 0.01062057476051645, "br": 0.0}, "EPI_38": {"avail": 1.0, "util": 0.01763154241288352, "br": 0.0}, "Implant_119": {"avail": 1.0, "util": 0.036720810773288905, "br": 0.0}, "Implant_128": {"avail": 1.0, "util": 0.07519089268360406, "br": 0.0}, "Implant_132": {"avail": 1.0, "util": 0.04721990837151187, "br": 0.0}, "Implant_74": {"avail": 1.0, "util": 0.0, "br": 0.0}, "Implant_88": {"avail": 1.0, "util": 0.003540191586838817, "br": 0.0}, "Implant_90": {"avail": 1.0, "util": 0.04748021657642649, "br": 0.0}, "Implant_91": {"avail": 1.0, "util": 0.04715627747697719, "br": 0.0}, "LithoMet_BE_18": {"avail": 1.0, "util": 0.8949796559126005, "br": 0.0}, "LithoMet_FE_19": {"avail": 1.0, "util": 0.9025637465870703, "br": 0.0}, "LithoTrack_BE_117": {"avail": 1.0, "util": 0.17240038872691935, "br": 0.0}, "LithoTrack_FE_115": {"avail": 1.0, "util": 0.07989862611711351, "br": 0.0}, "LithoTrack_FE_95": {"avail": 1.0, "util": 0.0963714098717371, "br": 0.0}, "LithoTrack_FE_96": {"avail": 1.0, "util": 0.0, "br": 0.0}, "Litho_BE_110": {"avail": 1.0, "util": 0.12401082882132444, "br": 0.0}, "Litho_BE_93": {"avail": 1.0, "util": 0.10902864547179417, "br": 0.0}, "Litho_BE_99": {"avail": 1.0, "util": 0.3461057892544773, "br": 0.0}, "Litho_FE_111": {"avail": 1.0, "util": 0.16671715068216525, "br": 0.0}, "Litho_FE_35": {"avail": 1.0, "util": 0.07573233374982646, "br": 0.0}, "Litho_FE_92": {"avail": 1.0, "util": 0.1830424191940227, "br": 0.0}, "Litho_FE_98": {"avail": 1.0, "util": 0.19383590170762183, "br": 0.0}, "Litho_REG_BE_63": {"avail": 1.0, "util": 0.8381750659447452, "br": 0.0}, "Litho_REG_FE_64": {"avail": 1.0, "util": 0.89646179171377, "br": 0.0}, "Planar_BE_75": {"avail": 1.0, "util": 0.7088921282798833, "br": 0.0}, "Planar_FE_76": {"avail": 1.0, "util": 0.9223008931463742, "br": 0.0}, "Planar_FE_77": {"avail": 1.0, "util": 0.7096348743579064, "br": 0.0}, "Planar_FE_78": {"avail": 1.0, "util": 0.6378592253227822, "br": 0.0}, "Planar_FE_79": {"avail": 1.0, "util": 0.6455088157712064, "br": 0.0}, "Planar_FE_80": {"avail": 1.0, "util": 0.9711925586561155, "br": 0.0}, "TF_BE_2": {"avail": 1.0, "util": 0.5330070803831737, "br": 0.0}, "TF_BE_23": {"avail": 1.0, "util": 0.6061509458778142, "br": 0.0}, "TF_BE_24": {"avail": 1.0, "util": 0.5747882826600027, "br": 0.0}, "TF_BE_26": {"avail": 1.0, "util": 0.5683187560738581, "br": 0.0}, "TF_BE_40": {"avail": 1.0, "util": 0.6318952751168495, "br": 0.0}, "TF_FE_103": {"avail": 1.0, "util": 0.7470845481049563, "br": 0.0}, "TF_FE_104": {"avail": 1.0, "util": 0.5860891295293628, "br": 0.0}, "TF_FE_113": {"avail": 1.0, "util": 0.6529918089684853, "br": 0.0}, "TF_FE_131": {"avail": 1.0, "util": 0.22916377435327873, "br": 0.0}, "TF_FE_3": {"avail": 1.0, "util": 0.6652089407191448, "br": 0.0}, "TF_FE_5": {"avail": 1.0, "util": 0.4080938497848119, "br": 0.0}, "TF_Met_FE_45": {"avail": 1.0, "util": 0.2126197417742607, "br": 0.0}, "TF_Met_FE_61": {"avail": 1.0, "util": 0.9276690267943912, "br": 0.0}, "WE_BE_14": {"avail": 1.0, "util": 0.03537414965986395, "br": 0.0}, "WE_BE_16": {"avail": 1.0, "util": 0.047202554491184226, "br": 0.0}, "WE_BE_17": {"avail": 1.0, "util": 0.030889906983201446, "br": 0.0}, "WE_BE_7": {"avail": 1.0, "util": 0.011384145494932668, "br": 0.0}, "WE_BE_81": {"avail": 1.0, "util": 0.043963163496691195, "br": 0.0}, "WE_BE_82": {"avail": 1.0, "util": 0.10237401082882132, "br": 0.0}, "WE_BE_9": {"avail": 1.0, "util": 0.07354078657702147, "br": 0.0}, "WE_FE_108": {"avail": 1.0, "util": 0.03475535986989548, "br": 0.0}, "WE_FE_41": {"avail": 1.0, "util": 0.0293488824101069, "br": 0.0}, "WE_FE_47": {"avail": 1.0, "util": 0.04153362025082142, "br": 0.0}, "WE_FE_8": {"avail": 1.0, "util": 0.05983617936970707, "br": 0.0}, "WE_FE_83": {"avail": 1.0, "util": 0.05105015767239841, "br": 0.0}, "WE_FE_84": {"avail": 1.0, "util": 0.038132259706603736, "br": 0.0}, "WE_FE_85": {"avail": 1.0, "util": 0.038456198806053034, "br": 0.0}}, "plugins": {"cost": 448800}}