{"lots": {}, "machines": {"DE_BE_11": {"avail": 1.0, "util": 0.7551336341548074, "br": 0.0}, "DE_BE_12": {"avail": 1.0, "util": 0.706112846619615, "br": 0.0}, "DE_BE_13": {"avail": 1.0, "util": 0.8170344291829887, "br": 0.0}, "DE_BE_48": {"avail": 1.0, "util": 0.9227906976744186, "br": 0.0}, "DE_BE_50": {"avail": 1.0, "util": 0.868001079871958, "br": 0.0}, "DE_BE_65": {"avail": 1.0, "util": 0.7103660902056067, "br": 0.0}, "DE_BE_66": {"avail": 1.0, "util": 0.7169367361479019, "br": 0.0}, "DE_BE_67": {"avail": 1.0, "util": 0.8227768136063867, "br": 0.0}, "DE_BE_69": {"avail": 1.0, "util": 0.831447414092329, "br": 0.0}, "DE_FE_1": {"avail": 1.0, "util": 0.5686815093965389, "br": 0.0}, "DE_FE_51": {"avail": 1.0, "util": 0.5938106286194487, "br": 0.0}, "DE_FE_53": {"avail": 1.0, "util": 0.6782644914960083, "br": 0.0}, "DE_FE_54": {"avail": 1.0, "util": 0.8187296077750781, "br": 0.0}, "DE_FE_56": {"avail": 1.0, "util": 0.7483512669212079, "br": 0.0}, "DE_FE_58": {"avail": 1.0, "util": 0.4934397778549115, "br": 0.0}, "DE_FE_59": {"avail": 1.0, "util": 0.7047876894596784, "br": 0.0}, "DE_FE_62": {"avail": 1.0, "util": 0.9245301730549909, "br": 0.0}, "DE_FE_70": {"avail": 1.0, "util": 0.9076068672736497, "br": 0.0}, "DE_FE_71": {"avail": 1.0, "util": 0.7012520454207368, "br": 0.0}, "DE_FE_72": {"avail": 1.0, "util": 0.9307647807474256, "br": 0.0}, "DE_FE_86": {"avail": 1.0, "util": 0.6491084628536902, "br": 0.0}, "DefMEt_FE_118": {"avail": 1.0, "util": 0.3754599097535578, "br": 0.0}, "DefMet_BE_33": {"avail": 1.0, "util": 0.9402985074626866, "br": 0.0}, "DefMet_BE_42": {"avail": 1.0, "util": 0.9209302325581395, "br": 0.0}, "DefMet_FE_10": {"avail": 1.0, "util": 0.6632766400555363, "br": 0.0}, "DefMet_FE_106": {"avail": 1.0, "util": 0.38569940992710866, "br": 0.0}, "DefMet_FE_34": {"avail": 1.0, "util": 0.6448802499132246, "br": 0.0}, "DefMet_FE_43": {"avail": 1.0, "util": 0.9631146592618304, "br": 0.0}, "Delay_32": {"avail": 1.0, "util": 0.39732992016660884, "br": 0.0}, "Dielectric_BE_20": {"avail": 1.0, "util": 0.9476292953835475, "br": 0.0}, "Dielectric_BE_21": {"avail": 1.0, "util": 0.9309441166261715, "br": 0.0}, "Dielectric_BE_27": {"avail": 1.0, "util": 0.8251810713872498, "br": 0.0}, "Dielectric_BE_28": {"avail": 1.0, "util": 0.8237244012495661, "br": 0.0}, "Dielectric_BE_60": {"avail": 1.0, "util": 0.9631551544602569, "br": 0.0}, "Dielectric_FE_112": {"avail": 1.0, "util": 0.88585213467546, "br": 0.0}, "Dielectric_FE_130": {"avail": 1.0, "util": 0.873950017355085, "br": 0.0}, "Dielectric_FE_29": {"avail": 1.0, "util": 0.9725789656369316, "br": 0.0}, "Dielectric_FE_30": {"avail": 1.0, "util": 0.9717112113849358, "br": 0.0}, "Dielectric_FE_31": {"avail": 1.0, "util": 0.9204442901770219, "br": 0.0}, "Diffusion_BE_123": {"avail": 1.0, "util": 0.0, "br": 0.0}, "Diffusion_FE_100": {"avail": 1.0, "util": 0.0, "br": 0.0}, "Diffusion_FE_101": {"avail": 1.0, "util": 0.0, "br": 0.0}, "Diffusion_FE_120": {"avail": 1.0, "util": 0.0, "br": 0.0}, "Diffusion_FE_122": {"avail": 1.0, "util": 0.0, "br": 0.0}, "Diffusion_FE_125": {"avail": 1.0, "util": 0.0, "br": 0.0}, "Diffusion_FE_126": {"avail": 1.0, "util": 0.0, "br": 0.0}, "Diffusion_FE_127": {"avail": 1.0, "util": 0.0, "br": 0.0}, "Diffusion_FE_44": {"avail": 1.0, "util": 0.0, "br": 0.0}, "Diffusion_FE_94": {"avail": 1.0, "util": 0.0, "br": 0.0}, "EPI_36": {"avail": 1.0, "util": 0.008920513710517181, "br": 0.0}, "EPI_38": {"avail": 1.0, "util": 0.017771607080874698, "br": 0.0}, "Implant_119": {"avail": 1.0, "util": 0.020999652898299203, "br": 0.0}, "Implant_128": {"avail": 1.0, "util": 0.052502603262755985, "br": 0.0}, "Implant_132": {"avail": 1.0, "util": 0.04472405414786532, "br": 0.0}, "Implant_74": {"avail": 1.0, "util": 0.008365150989239848, "br": 0.0}, "Implant_88": {"avail": 1.0, "util": 0.008746962860118014, "br": 0.0}, "Implant_90": {"avail": 1.0, "util": 0.04019437695244707, "br": 0.0}, "Implant_91": {"avail": 1.0, "util": 0.0466388985306028, "br": 0.0}, "LithoMet_BE_18": {"avail": 1.0, "util": 0.9727445064480816, "br": 0.0}, "LithoMet_FE_19": {"avail": 1.0, "util": 0.9735585637702958, "br": 0.0}, "LithoTrack_BE_117": {"avail": 1.0, "util": 0.11364109684137452, "br": 0.0}, "LithoTrack_FE_115": {"avail": 1.0, "util": 0.05257433761425431, "br": 0.0}, "LithoTrack_FE_95": {"avail": 1.0, "util": 0.06232671478865757, "br": 0.0}, "LithoTrack_FE_96": {"avail": 1.0, "util": 0.003713988198542173, "br": 0.0}, "Litho_BE_110": {"avail": 1.0, "util": 0.07099221500471066, "br": 0.0}, "Litho_BE_93": {"avail": 1.0, "util": 0.06058081684600254, "br": 0.0}, "Litho_BE_99": {"avail": 1.0, "util": 0.20789077866481545, "br": 0.0}, "Litho_FE_111": {"avail": 1.0, "util": 0.10780978826796252, "br": 0.0}, "Litho_FE_35": {"avail": 1.0, "util": 0.06719888927455744, "br": 0.0}, "Litho_FE_92": {"avail": 1.0, "util": 0.1059669937837241, "br": 0.0}, "Litho_FE_98": {"avail": 1.0, "util": 0.1126275598750434, "br": 0.0}, "Litho_REG_BE_63": {"avail": 1.0, "util": 0.9720756681707741, "br": 0.0}, "Litho_REG_FE_64": {"avail": 1.0, "util": 0.9691922447562851, "br": 0.0}, "Planar_BE_75": {"avail": 1.0, "util": 0.8152065255119749, "br": 0.0}, "Planar_FE_76": {"avail": 1.0, "util": 0.9402985074626866, "br": 0.0}, "Planar_FE_77": {"avail": 1.0, "util": 0.8890315862547726, "br": 0.0}, "Planar_FE_78": {"avail": 1.0, "util": 0.7346754599097536, "br": 0.0}, "Planar_FE_79": {"avail": 1.0, "util": 0.911877820201319, "br": 0.0}, "Planar_FE_80": {"avail": 1.0, "util": 0.6505032974661575, "br": 0.0}, "TF_BE_2": {"avail": 1.0, "util": 0.26582783755640405, "br": 0.0}, "TF_BE_23": {"avail": 1.0, "util": 0.7684575896527156, "br": 0.0}, "TF_BE_24": {"avail": 1.0, "util": 0.28858035404373483, "br": 0.0}, "TF_BE_26": {"avail": 1.0, "util": 0.6779729260673378, "br": 0.0}, "TF_BE_40": {"avail": 1.0, "util": 0.7602481777160708, "br": 0.0}, "TF_FE_103": {"avail": 1.0, "util": 0.7498264491496008, "br": 0.0}, "TF_FE_104": {"avail": 1.0, "util": 0.8696702533842416, "br": 0.0}, "TF_FE_113": {"avail": 1.0, "util": 0.4894133981256508, "br": 0.0}, "TF_FE_131": {"avail": 1.0, "util": 0.28775888001851213, "br": 0.0}, "TF_FE_3": {"avail": 1.0, "util": 0.6668170774036792, "br": 0.0}, "TF_FE_5": {"avail": 1.0, "util": 0.6712252690038181, "br": 0.0}, "TF_Met_FE_45": {"avail": 1.0, "util": 0.10735855605692468, "br": 0.0}, "TF_Met_FE_61": {"avail": 1.0, "util": 0.9808399861159319, "br": 0.0}, "WE_BE_14": {"avail": 1.0, "util": 0.04227698715723707, "br": 0.0}, "WE_BE_16": {"avail": 1.0, "util": 0.04553202977361256, "br": 0.0}, "WE_BE_17": {"avail": 1.0, "util": 0.03713988198542173, "br": 0.0}, "WE_BE_7": {"avail": 1.0, "util": 0.005623047552933009, "br": 0.0}, "WE_BE_81": {"avail": 1.0, "util": 0.05569825292143932, "br": 0.0}, "WE_BE_82": {"avail": 1.0, "util": 0.07028809441166262, "br": 0.0}, "WE_BE_9": {"avail": 1.0, "util": 0.05309664303069371, "br": 0.0}, "WE_FE_108": {"avail": 1.0, "util": 0.044472653344572816, "br": 0.0}, "WE_FE_41": {"avail": 1.0, "util": 0.037945157931273864, "br": 0.0}, "WE_FE_47": {"avail": 1.0, "util": 0.033414323730186275, "br": 0.0}, "WE_FE_8": {"avail": 1.0, "util": 0.04623394654633808, "br": 0.0}, "WE_FE_83": {"avail": 1.0, "util": 0.04342738136559726, "br": 0.0}, "WE_FE_84": {"avail": 1.0, "util": 0.042928767017625054, "br": 0.0}, "WE_FE_85": {"avail": 1.0, "util": 0.02374175633460604, "br": 0.0}}, "plugins": {"cost": 448200.0}}