{"lots": {}, "machines": {"DE_BE_11": {"avail": 1.0, "util": 0.6344775870688218, "br": 0.0}, "DE_BE_12": {"avail": 1.0, "util": 0.5700037648046313, "br": 0.0}, "DE_BE_13": {"avail": 1.0, "util": 0.9028918460679833, "br": 0.0}, "DE_BE_48": {"avail": 1.0, "util": 0.8558240293284453, "br": 0.0}, "DE_BE_50": {"avail": 1.0, "util": 0.835379288637079, "br": 0.0}, "DE_BE_65": {"avail": 1.0, "util": 0.7199094268602292, "br": 0.0}, "DE_BE_66": {"avail": 1.0, "util": 0.671373484536203, "br": 0.0}, "DE_BE_67": {"avail": 1.0, "util": 0.8188524134866411, "br": 0.0}, "DE_BE_69": {"avail": 1.0, "util": 0.8835471865800144, "br": 0.0}, "DE_FE_1": {"avail": 1.0, "util": 0.9042857936375683, "br": 0.0}, "DE_FE_51": {"avail": 1.0, "util": 0.592977193859503, "br": 0.0}, "DE_FE_53": {"avail": 1.0, "util": 0.5510526023440538, "br": 0.0}, "DE_FE_54": {"avail": 1.0, "util": 0.9796367272121314, "br": 0.0}, "DE_FE_56": {"avail": 1.0, "util": 0.8394434260956507, "br": 0.0}, "DE_FE_58": {"avail": 1.0, "util": 0.6929400655446315, "br": 0.0}, "DE_FE_59": {"avail": 1.0, "util": 0.790571941713418, "br": 0.0}, "DE_FE_62": {"avail": 1.0, "util": 0.9475325540981265, "br": 0.0}, "DE_FE_70": {"avail": 1.0, "util": 0.9160439072120459, "br": 0.0}, "DE_FE_71": {"avail": 1.0, "util": 0.7153172883884432, "br": 0.0}, "DE_FE_72": {"avail": 1.0, "util": 0.8176229887611324, "br": 0.0}, "DE_FE_86": {"avail": 1.0, "util": 0.7934278443304718, "br": 0.0}, "DefMEt_FE_118": {"avail": 1.0, "util": 0.2998944620341054, "br": 0.0}, "DefMet_BE_33": {"avail": 1.0, "util": 0.9274287618730211, "br": 0.0}, "DefMet_BE_42": {"avail": 1.0, "util": 0.9875576292840083, "br": 0.0}, "DefMet_FE_10": {"avail": 1.0, "util": 0.6585846803310559, "br": 0.0}, "DefMet_FE_106": {"avail": 1.0, "util": 0.36188413042270734, "br": 0.0}, "DefMet_FE_34": {"avail": 1.0, "util": 0.5572682330722657, "br": 0.0}, "DefMet_FE_43": {"avail": 1.0, "util": 0.9457590401599734, "br": 0.0}, "Delay_32": {"avail": 1.0, "util": 0.45219991112592345, "br": 0.0}, "Dielectric_BE_20": {"avail": 1.0, "util": 0.9725934566461144, "br": 0.0}, "Dielectric_BE_21": {"avail": 1.0, "util": 0.9404960284397045, "br": 0.0}, "Dielectric_BE_27": {"avail": 1.0, "util": 0.8453035605176915, "br": 0.0}, "Dielectric_BE_28": {"avail": 1.0, "util": 0.7341415319668944, "br": 0.0}, "Dielectric_BE_60": {"avail": 1.0, "util": 0.9378714658667999, "br": 0.0}, "Dielectric_FE_112": {"avail": 1.0, "util": 0.8956729433983225, "br": 0.0}, "Dielectric_FE_130": {"avail": 1.0, "util": 0.856440593234461, "br": 0.0}, "Dielectric_FE_29": {"avail": 1.0, "util": 0.932863041344961, "br": 0.0}, "Dielectric_FE_30": {"avail": 1.0, "util": 0.8885185802366272, "br": 0.0}, "Dielectric_FE_31": {"avail": 1.0, "util": 0.9418152530133866, "br": 0.0}, "Diffusion_BE_123": {"avail": 1.0, "util": 0.0, "br": 0.0}, "Diffusion_FE_100": {"avail": 1.0, "util": 0.0, "br": 0.0}, "Diffusion_FE_101": {"avail": 1.0, "util": 0.0, "br": 0.0}, "Diffusion_FE_120": {"avail": 1.0, "util": 0.0, "br": 0.0}, "Diffusion_FE_122": {"avail": 1.0, "util": 0.0, "br": 0.0}, "Diffusion_FE_125": {"avail": 1.0, "util": 0.0, "br": 0.0}, "Diffusion_FE_126": {"avail": 1.0, "util": 0.0, "br": 0.0}, "Diffusion_FE_127": {"avail": 1.0, "util": 0.0, "br": 0.0}, "Diffusion_FE_44": {"avail": 1.0, "util": 0.0, "br": 0.0}, "Diffusion_FE_94": {"avail": 1.0, "util": 0.0, "br": 0.0}, "EPI_36": {"avail": 1.0, "util": 0.010053879908904072, "br": 0.0}, "EPI_38": {"avail": 1.0, "util": 0.03554963061711937, "br": 0.0}, "Implant_119": {"avail": 1.0, "util": 0.018413597733711047, "br": 0.0}, "Implant_128": {"avail": 1.0, "util": 0.05016386157862578, "br": 0.0}, "Implant_132": {"avail": 1.0, "util": 0.0456660001110926, "br": 0.0}, "Implant_74": {"avail": 1.0, "util": 0.0068599677831472534, "br": 0.0}, "Implant_88": {"avail": 1.0, "util": 0.02138532466811087, "br": 0.0}, "Implant_90": {"avail": 1.0, "util": 0.04304838082541799, "br": 0.0}, "Implant_91": {"avail": 1.0, "util": 0.04123386842933585, "br": 0.0}, "LithoMet_BE_18": {"avail": 1.0, "util": 0.9814218997688419, "br": 0.0}, "LithoMet_FE_19": {"avail": 1.0, "util": 0.9653483678646152, "br": 0.0}, "LithoTrack_BE_117": {"avail": 1.0, "util": 0.10260512136866078, "br": 0.0}, "LithoTrack_FE_115": {"avail": 1.0, "util": 0.046871273088472186, "br": 0.0}, "LithoTrack_FE_95": {"avail": 1.0, "util": 0.054905815017225024, "br": 0.0}, "LithoTrack_FE_96": {"avail": 1.0, "util": 0.0029717269343998223, "br": 0.0}, "Litho_BE_110": {"avail": 1.0, "util": 0.05960316137786559, "br": 0.0}, "Litho_BE_93": {"avail": 1.0, "util": 0.05265789035160807, "br": 0.0}, "Litho_BE_99": {"avail": 1.0, "util": 0.17974781980780982, "br": 0.0}, "Litho_FE_111": {"avail": 1.0, "util": 0.09803921568627451, "br": 0.0}, "Litho_FE_35": {"avail": 1.0, "util": 0.05082486252291285, "br": 0.0}, "Litho_FE_92": {"avail": 1.0, "util": 0.09090572446679762, "br": 0.0}, "Litho_FE_98": {"avail": 1.0, "util": 0.09548408598566906, "br": 0.0}, "Litho_REG_BE_63": {"avail": 1.0, "util": 0.9520704882519581, "br": 0.0}, "Litho_REG_FE_64": {"avail": 1.0, "util": 0.975428698391538, "br": 0.0}, "Planar_BE_75": {"avail": 1.0, "util": 0.7767149919457869, "br": 0.0}, "Planar_FE_76": {"avail": 1.0, "util": 0.6206558166231554, "br": 0.0}, "Planar_FE_77": {"avail": 1.0, "util": 0.8621340887629839, "br": 0.0}, "Planar_FE_78": {"avail": 1.0, "util": 0.6783869355107482, "br": 0.0}, "Planar_FE_79": {"avail": 1.0, "util": 0.9606065655724045, "br": 0.0}, "Planar_FE_80": {"avail": 1.0, "util": 0.8992390157196023, "br": 0.0}, "TF_BE_2": {"avail": 1.0, "util": 0.2666916625006943, "br": 0.0}, "TF_BE_23": {"avail": 1.0, "util": 0.7909061939969069, "br": 0.0}, "TF_BE_24": {"avail": 1.0, "util": 0.23282786202299618, "br": 0.0}, "TF_BE_26": {"avail": 1.0, "util": 0.6642411449943528, "br": 0.0}, "TF_BE_40": {"avail": 1.0, "util": 0.6995639615619619, "br": 0.0}, "TF_FE_103": {"avail": 1.0, "util": 0.7454729767261012, "br": 0.0}, "TF_FE_104": {"avail": 1.0, "util": 0.6941620840970949, "br": 0.0}, "TF_FE_113": {"avail": 1.0, "util": 0.39348997389324003, "br": 0.0}, "TF_FE_131": {"avail": 1.0, "util": 0.3655316706474847, "br": 0.0}, "TF_FE_3": {"avail": 1.0, "util": 0.8021163139476754, "br": 0.0}, "TF_FE_5": {"avail": 1.0, "util": 0.6460728767427651, "br": 0.0}, "TF_Met_FE_45": {"avail": 1.0, "util": 0.08493028939621174, "br": 0.0}, "TF_Met_FE_61": {"avail": 1.0, "util": 0.986168971838027, "br": 0.0}, "WE_BE_14": {"avail": 1.0, "util": 0.04138199189024051, "br": 0.0}, "WE_BE_16": {"avail": 1.0, "util": 0.044356804730075854, "br": 0.0}, "WE_BE_17": {"avail": 1.0, "util": 0.04171526967727601, "br": 0.0}, "WE_BE_7": {"avail": 1.0, "util": 0.018163639393434426, "br": 0.0}, "WE_BE_81": {"avail": 1.0, "util": 0.05539817437834435, "br": 0.0}, "WE_BE_82": {"avail": 1.0, "util": 0.06338943509415097, "br": 0.0}, "WE_BE_9": {"avail": 1.0, "util": 0.051023242158053025, "br": 0.0}, "WE_FE_108": {"avail": 1.0, "util": 0.04371969751073234, "br": 0.0}, "WE_FE_41": {"avail": 1.0, "util": 0.03820474365383547, "br": 0.0}, "WE_FE_47": {"avail": 1.0, "util": 0.04005813845840508, "br": 0.0}, "WE_FE_8": {"avail": 1.0, "util": 0.05499083486085653, "br": 0.0}, "WE_FE_83": {"avail": 1.0, "util": 0.043080121567040414, "br": 0.0}, "WE_FE_84": {"avail": 1.0, "util": 0.04099316780536577, "br": 0.0}, "WE_FE_85": {"avail": 1.0, "util": 0.0267455424095984, "br": 0.0}}, "plugins": {"cost": 447800.0}}