{"lots": {}, "machines": {"DE_BE_11": {"avail": 1.0, "util": 0.8346758016233066, "br": 0.0}, "DE_BE_12": {"avail": 1.0, "util": 0.943689076408269, "br": 0.0}, "DE_BE_13": {"avail": 1.0, "util": 0.8602907138227942, "br": 0.0}, "DE_BE_48": {"avail": 1.0, "util": 0.8593101648837228, "br": 0.0}, "DE_BE_50": {"avail": 1.0, "util": 0.8816498472363671, "br": 0.0}, "DE_BE_65": {"avail": 1.0, "util": 0.7843676090597672, "br": 0.0}, "DE_BE_66": {"avail": 1.0, "util": 0.5433619980720739, "br": 0.0}, "DE_BE_67": {"avail": 1.0, "util": 0.8259588758616626, "br": 0.0}, "DE_BE_69": {"avail": 1.0, "util": 0.3057741567138845, "br": 0.0}, "DE_FE_1": {"avail": 1.0, "util": 0.7522914544949542, "br": 0.0}, "DE_FE_51": {"avail": 1.0, "util": 0.48231182297935377, "br": 0.0}, "DE_FE_53": {"avail": 1.0, "util": 0.18215905934635682, "br": 0.0}, "DE_FE_54": {"avail": 1.0, "util": 0.8124402061537511, "br": 0.0}, "DE_FE_56": {"avail": 1.0, "util": 0.8033746875289325, "br": 0.0}, "DE_FE_58": {"avail": 1.0, "util": 0.9913896861401722, "br": 0.0}, "DE_FE_59": {"avail": 1.0, "util": 0.7709587075270808, "br": 0.0}, "DE_FE_62": {"avail": 1.0, "util": 0.8443009089572316, "br": 0.0}, "DE_FE_70": {"avail": 1.0, "util": 0.8449091414094654, "br": 0.0}, "DE_FE_71": {"avail": 1.0, "util": 0.8045911386805749, "br": 0.0}, "DE_FE_72": {"avail": 1.0, "util": 0.5487454865290251, "br": 0.0}, "DE_FE_86": {"avail": 1.0, "util": 0.7725846163020059, "br": 0.0}, "DefMEt_FE_118": {"avail": 1.0, "util": 0.20676326266086473, "br": 0.0}, "DefMet_BE_33": {"avail": 1.0, "util": 0.9085038422368299, "br": 0.0}, "DefMet_BE_42": {"avail": 1.0, "util": 0.9917600222201648, "br": 0.0}, "DefMet_FE_10": {"avail": 1.0, "util": 0.5706878992685862, "br": 0.0}, "DefMet_FE_106": {"avail": 1.0, "util": 0.0856402184982872, "br": 0.0}, "DefMet_FE_34": {"avail": 1.0, "util": 0.5660818442736784, "br": 0.0}, "DefMet_FE_43": {"avail": 1.0, "util": 0.8966484584760671, "br": 0.0}, "Delay_32": {"avail": 1.0, "util": 0.2774826404962504, "br": 0.0}, "Dielectric_BE_20": {"avail": 1.0, "util": 0.805953152485881, "br": 0.0}, "Dielectric_BE_21": {"avail": 1.0, "util": 0.9566938246458662, "br": 0.0}, "Dielectric_BE_27": {"avail": 1.0, "util": 0.9342229114588155, "br": 0.0}, "Dielectric_BE_28": {"avail": 1.0, "util": 0.9146375335617073, "br": 0.0}, "Dielectric_BE_60": {"avail": 1.0, "util": 0.9492408110360152, "br": 0.0}, "Dielectric_FE_112": {"avail": 1.0, "util": 0.5738769044018558, "br": 0.0}, "Dielectric_FE_130": {"avail": 1.0, "util": 0.29191741505416163, "br": 0.0}, "Dielectric_FE_29": {"avail": 1.0, "util": 0.8225781563435484, "br": 0.0}, "Dielectric_FE_30": {"avail": 1.0, "util": 0.9302147949263957, "br": 0.0}, "Dielectric_FE_31": {"avail": 1.0, "util": 0.3094852328488103, "br": 0.0}, "Diffusion_BE_123": {"avail": 1.0, "util": 0.0, "br": 0.0}, "Diffusion_FE_100": {"avail": 1.0, "util": 0.0, "br": 0.0}, "Diffusion_FE_101": {"avail": 1.0, "util": 0.0, "br": 0.0}, "Diffusion_FE_120": {"avail": 1.0, "util": 0.0, "br": 0.0}, "Diffusion_FE_122": {"avail": 1.0, "util": 0.0, "br": 0.0}, "Diffusion_FE_125": {"avail": 1.0, "util": 0.0, "br": 0.0}, "Diffusion_FE_126": {"avail": 1.0, "util": 0.0, "br": 0.0}, "Diffusion_FE_127": {"avail": 1.0, "util": 0.1106205443940376, "br": 0.0}, "Diffusion_FE_44": {"avail": 1.0, "util": 0.5546708638089066, "br": 0.0}, "Diffusion_FE_94": {"avail": 1.0, "util": 0.0, "br": 0.0}, "EPI_36": {"avail": 1.0, "util": 0.010809184334783816, "br": 0.0}, "EPI_38": {"avail": 1.0, "util": 0.22099805573558004, "br": 0.0}, "Implant_119": {"avail": 1.0, "util": 0.023678363114526434, "br": 0.0}, "Implant_128": {"avail": 1.0, "util": 0.032526449571167654, "br": 0.0}, "Implant_132": {"avail": 1.0, "util": 0.02804634491515336, "br": 0.0}, "Implant_74": {"avail": 1.0, "util": 0.011295250439774095, "br": 0.0}, "Implant_88": {"avail": 1.0, "util": 0.009466716044810666, "br": 0.0}, "Implant_90": {"avail": 1.0, "util": 0.03381631330432367, "br": 0.0}, "Implant_91": {"avail": 1.0, "util": 0.041424735804885794, "br": 0.0}, "LithoMet_BE_18": {"avail": 1.0, "util": 0.9692326468087972, "br": 0.0}, "LithoMet_FE_19": {"avail": 1.0, "util": 0.9669971034428029, "br": 0.0}, "LithoTrack_BE_117": {"avail": 1.0, "util": 0.06267938153874641, "br": 0.0}, "LithoTrack_FE_115": {"avail": 1.0, "util": 0.03956273244798923, "br": 0.0}, "LithoTrack_FE_95": {"avail": 1.0, "util": 0.056491297102120176, "br": 0.0}, "LithoTrack_FE_96": {"avail": 1.0, "util": 0.015091195259698176, "br": 0.0}, "Litho_BE_110": {"avail": 1.0, "util": 0.05290572934068102, "br": 0.0}, "Litho_BE_93": {"avail": 1.0, "util": 0.05381446162392371, "br": 0.0}, "Litho_BE_99": {"avail": 1.0, "util": 0.0908249236181835, "br": 0.0}, "Litho_FE_111": {"avail": 1.0, "util": 0.0781848902879363, "br": 0.0}, "Litho_FE_35": {"avail": 1.0, "util": 0.047819646329043605, "br": 0.0}, "Litho_FE_92": {"avail": 1.0, "util": 0.06202239108914417, "br": 0.0}, "Litho_FE_98": {"avail": 1.0, "util": 0.028145542079437088, "br": 0.0}, "Litho_REG_BE_63": {"avail": 1.0, "util": 0.964748634385705, "br": 0.0}, "Litho_REG_FE_64": {"avail": 1.0, "util": 0.9769388636854611, "br": 0.0}, "Planar_BE_75": {"avail": 1.0, "util": 0.7835121086671869, "br": 0.0}, "Planar_FE_76": {"avail": 1.0, "util": 0.9346125358763078, "br": 0.0}, "Planar_FE_77": {"avail": 1.0, "util": 0.9564623645958708, "br": 0.0}, "Planar_FE_78": {"avail": 1.0, "util": 0.4908110360151838, "br": 0.0}, "Planar_FE_79": {"avail": 1.0, "util": 0.21257290991574854, "br": 0.0}, "Planar_FE_80": {"avail": 1.0, "util": 0.21393852421072124, "br": 0.0}, "TF_BE_2": {"avail": 1.0, "util": 0.5339667623368206, "br": 0.0}, "TF_BE_23": {"avail": 1.0, "util": 0.5812986892748027, "br": 0.0}, "TF_BE_24": {"avail": 1.0, "util": 0.8376076289232478, "br": 0.0}, "TF_BE_26": {"avail": 1.0, "util": 0.7059780789528035, "br": 0.0}, "TF_BE_40": {"avail": 1.0, "util": 0.6347151952161292, "br": 0.0}, "TF_FE_103": {"avail": 1.0, "util": 0.5252952768923512, "br": 0.0}, "TF_FE_104": {"avail": 1.0, "util": 0.6563744097768726, "br": 0.0}, "TF_FE_113": {"avail": 1.0, "util": 0.29307471530413853, "br": 0.0}, "TF_FE_131": {"avail": 1.0, "util": 0.9413248773261735, "br": 0.0}, "TF_FE_3": {"avail": 1.0, "util": 0.30017282350399654, "br": 0.0}, "TF_FE_5": {"avail": 1.0, "util": 0.24013208653519735, "br": 0.0}, "TF_Met_FE_45": {"avail": 1.0, "util": 0.05897602073882048, "br": 0.0}, "TF_Met_FE_61": {"avail": 1.0, "util": 0.9941209147301175, "br": 0.0}, "WE_BE_14": {"avail": 1.0, "util": 0.04626423479307471, "br": 0.0}, "WE_BE_16": {"avail": 1.0, "util": 0.04069646329043607, "br": 0.0}, "WE_BE_17": {"avail": 1.0, "util": 0.04397740949912045, "br": 0.0}, "WE_BE_7": {"avail": 1.0, "util": 0.022729376909545414, "br": 0.0}, "WE_BE_81": {"avail": 1.0, "util": 0.04306699996913866, "br": 0.0}, "WE_BE_82": {"avail": 1.0, "util": 0.04338075692579905, "br": 0.0}, "WE_BE_9": {"avail": 1.0, "util": 0.04168132580316637, "br": 0.0}, "WE_FE_108": {"avail": 1.0, "util": 0.039068860163011726, "br": 0.0}, "WE_FE_41": {"avail": 1.0, "util": 0.03190445329136191, "br": 0.0}, "WE_FE_47": {"avail": 1.0, "util": 0.03504305156929914, "br": 0.0}, "WE_FE_8": {"avail": 1.0, "util": 0.02724284788445514, "br": 0.0}, "WE_FE_83": {"avail": 1.0, "util": 0.036501249884269976, "br": 0.0}, "WE_FE_84": {"avail": 1.0, "util": 0.03469449996460023, "br": 0.0}, "WE_FE_85": {"avail": 1.0, "util": 0.024997685399500046, "br": 0.0}}, "plugins": {"cost": 428825.13033564814}}