{"lots": {}, "machines": {"DE_BE_11": {"avail": 1.0, "util": 0.8833182880818461, "br": 0.0}, "DE_BE_12": {"avail": 1.0, "util": 0.7035820925134167, "br": 0.0}, "DE_BE_13": {"avail": 1.0, "util": 0.8468322178481196, "br": 0.0}, "DE_BE_48": {"avail": 1.0, "util": 0.8171591619268863, "br": 0.0}, "DE_BE_50": {"avail": 1.0, "util": 0.7805638497326575, "br": 0.0}, "DE_BE_65": {"avail": 1.0, "util": 0.8642518511972023, "br": 0.0}, "DE_BE_66": {"avail": 1.0, "util": 0.7704203547956228, "br": 0.0}, "DE_BE_67": {"avail": 1.0, "util": 0.6812595084937284, "br": 0.0}, "DE_BE_69": {"avail": 1.0, "util": 0.3701363331250144, "br": 0.0}, "DE_FE_1": {"avail": 1.0, "util": 0.568002222067912, "br": 0.0}, "DE_FE_51": {"avail": 1.0, "util": 0.43928893826817583, "br": 0.0}, "DE_FE_53": {"avail": 1.0, "util": 0.13968474411499202, "br": 0.0}, "DE_FE_54": {"avail": 1.0, "util": 0.8173737934865635, "br": 0.0}, "DE_FE_56": {"avail": 1.0, "util": 0.896361363794181, "br": 0.0}, "DE_FE_58": {"avail": 1.0, "util": 0.7398791750572877, "br": 0.0}, "DE_FE_59": {"avail": 1.0, "util": 0.829352128324422, "br": 0.0}, "DE_FE_62": {"avail": 1.0, "util": 0.7406879424222991, "br": 0.0}, "DE_FE_70": {"avail": 1.0, "util": 0.8982646407130818, "br": 0.0}, "DE_FE_71": {"avail": 1.0, "util": 0.7660772014289131, "br": 0.0}, "DE_FE_72": {"avail": 1.0, "util": 0.27339641817803056, "br": 0.0}, "DE_FE_86": {"avail": 1.0, "util": 0.697619280205353, "br": 0.0}, "DefMEt_FE_118": {"avail": 1.0, "util": 0.3115408652176932, "br": 0.0}, "DefMet_BE_33": {"avail": 1.0, "util": 0.9559058398722311, "br": 0.0}, "DefMet_BE_42": {"avail": 1.0, "util": 0.9679883341434623, "br": 0.0}, "DefMet_FE_10": {"avail": 1.0, "util": 0.4080966599541698, "br": 0.0}, "DefMet_FE_106": {"avail": 1.0, "util": 0.1284633011596417, "br": 0.0}, "DefMet_FE_34": {"avail": 1.0, "util": 0.48552183876119714, "br": 0.0}, "DefMet_FE_43": {"avail": 1.0, "util": 0.8345670439552809, "br": 0.0}, "Delay_32": {"avail": 1.0, "util": 0.2853713283799736, "br": 0.0}, "Dielectric_BE_20": {"avail": 1.0, "util": 0.8126241233247692, "br": 0.0}, "Dielectric_BE_21": {"avail": 1.0, "util": 0.9352706987940652, "br": 0.0}, "Dielectric_BE_27": {"avail": 1.0, "util": 0.932603059972687, "br": 0.0}, "Dielectric_BE_28": {"avail": 1.0, "util": 0.9522718329745619, "br": 0.0}, "Dielectric_BE_60": {"avail": 1.0, "util": 0.9236048422563249, "br": 0.0}, "Dielectric_FE_112": {"avail": 1.0, "util": 0.6410357305434036, "br": 0.0}, "Dielectric_FE_130": {"avail": 1.0, "util": 0.4337025206582876, "br": 0.0}, "Dielectric_FE_29": {"avail": 1.0, "util": 0.9721547114783695, "br": 0.0}, "Dielectric_FE_30": {"avail": 1.0, "util": 0.9760086105131588, "br": 0.0}, "Dielectric_FE_31": {"avail": 1.0, "util": 0.288157072425526, "br": 0.0}, "Diffusion_BE_123": {"avail": 1.0, "util": 0.0, "br": 0.0}, "Diffusion_FE_100": {"avail": 1.0, "util": 0.0, "br": 0.0}, "Diffusion_FE_101": {"avail": 1.0, "util": 0.0, "br": 0.0}, "Diffusion_FE_120": {"avail": 1.0, "util": 0.0, "br": 0.0}, "Diffusion_FE_122": {"avail": 1.0, "util": 0.0, "br": 0.0}, "Diffusion_FE_125": {"avail": 1.0, "util": 0.0, "br": 0.0}, "Diffusion_FE_126": {"avail": 1.0, "util": 0.0, "br": 0.0}, "Diffusion_FE_127": {"avail": 1.0, "util": 0.0, "br": 0.0}, "Diffusion_FE_44": {"avail": 1.0, "util": 0.0, "br": 0.0}, "Diffusion_FE_94": {"avail": 1.0, "util": 0.0, "br": 0.0}, "EPI_36": {"avail": 1.0, "util": 0.009061870703423373, "br": 0.0}, "EPI_38": {"avail": 1.0, "util": 0.3137282133185195, "br": 0.0}, "Implant_119": {"avail": 1.0, "util": 0.07384903826123186, "br": 0.0}, "Implant_128": {"avail": 1.0, "util": 0.0370681328948116, "br": 0.0}, "Implant_132": {"avail": 1.0, "util": 0.03275566180919976, "br": 0.0}, "Implant_74": {"avail": 1.0, "util": 0.016908548017498786, "br": 0.0}, "Implant_88": {"avail": 1.0, "util": 0.0035761405457954308, "br": 0.0}, "Implant_90": {"avail": 1.0, "util": 0.045101034650371505, "br": 0.0}, "Implant_91": {"avail": 1.0, "util": 0.04715942345273642, "br": 0.0}, "LithoMet_BE_18": {"avail": 1.0, "util": 0.9652423127181825, "br": 0.0}, "LithoMet_FE_19": {"avail": 1.0, "util": 0.9573739918854841, "br": 0.0}, "LithoTrack_BE_117": {"avail": 1.0, "util": 0.07388375807235609, "br": 0.0}, "LithoTrack_FE_115": {"avail": 1.0, "util": 0.04929196990046423, "br": 0.0}, "LithoTrack_FE_95": {"avail": 1.0, "util": 0.07742865078813971, "br": 0.0}, "LithoTrack_FE_96": {"avail": 1.0, "util": 0.014998958405666273, "br": 0.0}, "Litho_BE_110": {"avail": 1.0, "util": 0.07497667734426655, "br": 0.0}, "Litho_BE_93": {"avail": 1.0, "util": 0.07154017082147072, "br": 0.0}, "Litho_BE_99": {"avail": 1.0, "util": 0.12415804458023748, "br": 0.0}, "Litho_FE_111": {"avail": 1.0, "util": 0.10551697798763975, "br": 0.0}, "Litho_FE_35": {"avail": 1.0, "util": 0.041976251649191026, "br": 0.0}, "Litho_FE_92": {"avail": 1.0, "util": 0.07554496749691528, "br": 0.0}, "Litho_FE_98": {"avail": 1.0, "util": 0.035379487535587804, "br": 0.0}, "Litho_REG_BE_63": {"avail": 1.0, "util": 0.9743160197208527, "br": 0.0}, "Litho_REG_FE_64": {"avail": 1.0, "util": 0.9553561095294308, "br": 0.0}, "Planar_BE_75": {"avail": 1.0, "util": 0.8634023430912536, "br": 0.0}, "Planar_FE_76": {"avail": 1.0, "util": 0.924449690993681, "br": 0.0}, "Planar_FE_77": {"avail": 1.0, "util": 0.9022637316852996, "br": 0.0}, "Planar_FE_78": {"avail": 1.0, "util": 0.4244844108048052, "br": 0.0}, "Planar_FE_79": {"avail": 1.0, "util": 0.32232136657176585, "br": 0.0}, "Planar_FE_80": {"avail": 1.0, "util": 0.3241094368446636, "br": 0.0}, "TF_BE_2": {"avail": 1.0, "util": 0.5349975696132213, "br": 0.0}, "TF_BE_23": {"avail": 1.0, "util": 0.6745265705754561, "br": 0.0}, "TF_BE_24": {"avail": 1.0, "util": 0.7313901812374141, "br": 0.0}, "TF_BE_26": {"avail": 1.0, "util": 0.7643058975605327, "br": 0.0}, "TF_BE_40": {"avail": 1.0, "util": 0.8362205239015265, "br": 0.0}, "TF_FE_103": {"avail": 1.0, "util": 0.7354548791254575, "br": 0.0}, "TF_FE_104": {"avail": 1.0, "util": 0.7465037150197903, "br": 0.0}, "TF_FE_113": {"avail": 1.0, "util": 0.11029326667129596, "br": 0.0}, "TF_FE_131": {"avail": 1.0, "util": 0.7148809110478439, "br": 0.0}, "TF_FE_3": {"avail": 1.0, "util": 0.4465199175983149, "br": 0.0}, "TF_FE_5": {"avail": 1.0, "util": 0.4477698307987871, "br": 0.0}, "TF_Met_FE_45": {"avail": 1.0, "util": 0.0874244844108048, "br": 0.0}, "TF_Met_FE_61": {"avail": 1.0, "util": 0.9930907575862787, "br": 0.0}, "WE_BE_14": {"avail": 1.0, "util": 0.04080272203319214, "br": 0.0}, "WE_BE_16": {"avail": 1.0, "util": 0.04071765849593778, "br": 0.0}, "WE_BE_17": {"avail": 1.0, "util": 0.032671342267898064, "br": 0.0}, "WE_BE_7": {"avail": 1.0, "util": 0.016873828206374557, "br": 0.0}, "WE_BE_81": {"avail": 1.0, "util": 0.042751660764298774, "br": 0.0}, "WE_BE_82": {"avail": 1.0, "util": 0.0477590290797707, "br": 0.0}, "WE_BE_9": {"avail": 1.0, "util": 0.05806541212415805, "br": 0.0}, "WE_FE_108": {"avail": 1.0, "util": 0.04390020807941977, "br": 0.0}, "WE_FE_41": {"avail": 1.0, "util": 0.030289563224776057, "br": 0.0}, "WE_FE_47": {"avail": 1.0, "util": 0.039511145059370874, "br": 0.0}, "WE_FE_8": {"avail": 1.0, "util": 0.02965071870009027, "br": 0.0}, "WE_FE_83": {"avail": 1.0, "util": 0.042416035923431246, "br": 0.0}, "WE_FE_84": {"avail": 1.0, "util": 0.04500912926798384, "br": 0.0}, "WE_FE_85": {"avail": 1.0, "util": 0.025345462120686064, "br": 0.0}}, "plugins": {"cost": 429025.1295833333}}