{"lots": {}, "machines": {"DE_BE_11": {"avail": 1.0, "util": 0.0, "br": 0.0}, "DE_BE_12": {"avail": 1.0, "util": 0.0, "br": 0.0}, "DE_BE_13": {"avail": 1.0, "util": 0.0, "br": 0.0}, "DE_BE_48": {"avail": 1.0, "util": 0.0, "br": 0.0}, "DE_BE_50": {"avail": 1.0, "util": 0.0, "br": 0.0}, "DE_BE_65": {"avail": 1.0, "util": 0.0, "br": 0.0}, "DE_BE_66": {"avail": 1.0, "util": 0.0, "br": 0.0}, "DE_BE_67": {"avail": 1.0, "util": 0.0, "br": 0.0}, "DE_BE_69": {"avail": 1.0, "util": 0.0, "br": 0.0}, "DE_FE_1": {"avail": 1.0, "util": 0.0, "br": 0.0}, "DE_FE_51": {"avail": 1.0, "util": 0.0, "br": 0.0}, "DE_FE_53": {"avail": 1.0, "util": 0.0, "br": 0.0}, "DE_FE_54": {"avail": 1.0, "util": 0.0, "br": 0.0}, "DE_FE_56": {"avail": 1.0, "util": 0.0, "br": 0.0}, "DE_FE_58": {"avail": 1.0, "util": 0.0, "br": 0.0}, "DE_FE_59": {"avail": 1.0, "util": 0.0, "br": 0.0}, "DE_FE_62": {"avail": 1.0, "util": 0.0, "br": 0.0}, "DE_FE_70": {"avail": 1.0, "util": 0.0, "br": 0.0}, "DE_FE_71": {"avail": 1.0, "util": 0.0, "br": 0.0}, "DE_FE_72": {"avail": 1.0, "util": 0.0, "br": 0.0}, "DE_FE_86": {"avail": 1.0, "util": 0.0, "br": 0.0}, "DefMEt_FE_118": {"avail": 1.0, "util": 0.7485420716467648, "br": 0.0}, "DefMet_BE_33": {"avail": 1.0, "util": 0.639128019994446, "br": 0.0}, "DefMet_BE_42": {"avail": 1.0, "util": 0.6584282143848931, "br": 0.0}, "DefMet_FE_10": {"avail": 1.0, "util": 0.6634268258816995, "br": 0.0}, "DefMet_FE_106": {"avail": 1.0, "util": 0.25798389336295474, "br": 0.0}, "DefMet_FE_34": {"avail": 1.0, "util": 0.5115245765065259, "br": 0.0}, "DefMet_FE_43": {"avail": 1.0, "util": 0.782227159122466, "br": 0.0}, "Delay_32": {"avail": 1.0, "util": 0.0, "br": 0.0}, "Dielectric_BE_20": {"avail": 1.0, "util": 0.6943071369064149, "br": 0.0}, "Dielectric_BE_21": {"avail": 1.0, "util": 0.6382949180783116, "br": 0.0}, "Dielectric_BE_27": {"avail": 1.0, "util": 0.7677959825974267, "br": 0.0}, "Dielectric_BE_28": {"avail": 1.0, "util": 0.7727483106544478, "br": 0.0}, "Dielectric_BE_60": {"avail": 1.0, "util": 0.7936684254373785, "br": 0.0}, "Dielectric_FE_112": {"avail": 1.0, "util": 0.6494492270665555, "br": 0.0}, "Dielectric_FE_130": {"avail": 1.0, "util": 0.8994723687864482, "br": 0.0}, "Dielectric_FE_29": {"avail": 1.0, "util": 0.25520688697584004, "br": 0.0}, "Dielectric_FE_30": {"avail": 1.0, "util": 0.5533185226326021, "br": 0.0}, "Dielectric_FE_31": {"avail": 1.0, "util": 0.8570535962232713, "br": 0.0}, "Diffusion_BE_123": {"avail": 1.0, "util": 0.0, "br": 0.0}, "Diffusion_FE_100": {"avail": 1.0, "util": 0.0, "br": 0.0}, "Diffusion_FE_101": {"avail": 1.0, "util": 0.0, "br": 0.0}, "Diffusion_FE_120": {"avail": 1.0, "util": 0.0, "br": 0.0}, "Diffusion_FE_122": {"avail": 1.0, "util": 0.0, "br": 0.0}, "Diffusion_FE_125": {"avail": 1.0, "util": 0.0, "br": 0.0}, "Diffusion_FE_126": {"avail": 1.0, "util": 0.0, "br": 0.0}, "Diffusion_FE_127": {"avail": 1.0, "util": 0.0, "br": 0.0}, "Diffusion_FE_44": {"avail": 1.0, "util": 0.0, "br": 0.0}, "Diffusion_FE_94": {"avail": 1.0, "util": 0.0, "br": 0.0}, "EPI_36": {"avail": 1.0, "util": 0.014579283532352124, "br": 0.0}, "EPI_38": {"avail": 1.0, "util": 0.9905581782838101, "br": 0.0}, "Implant_119": {"avail": 1.0, "util": 0.027908914190502638, "br": 0.0}, "Implant_128": {"avail": 1.0, "util": 0.06677438085380324, "br": 0.0}, "Implant_132": {"avail": 1.0, "util": 0.04502717499107391, "br": 0.0}, "Implant_74": {"avail": 1.0, "util": 0.06762010552624272, "br": 0.0}, "Implant_88": {"avail": 1.0, "util": 0.0, "br": 0.0}, "Implant_90": {"avail": 1.0, "util": 0.03790613718411552, "br": 0.0}, "Implant_91": {"avail": 1.0, "util": 0.07057563375252905, "br": 0.0}, "LithoMet_BE_18": {"avail": 1.0, "util": 0.8139153265507056, "br": 0.0}, "LithoMet_FE_19": {"avail": 1.0, "util": 0.7360058713849327, "br": 0.0}, "LithoTrack_BE_117": {"avail": 1.0, "util": 0.19816717578450432, "br": 0.0}, "LithoTrack_FE_115": {"avail": 1.0, "util": 0.11997344910966465, "br": 0.0}, "LithoTrack_FE_95": {"avail": 1.0, "util": 0.2060608164398778, "br": 0.0}, "LithoTrack_FE_96": {"avail": 1.0, "util": 0.06095529019716745, "br": 0.0}, "Litho_BE_110": {"avail": 1.0, "util": 0.18820858940149476, "br": 0.0}, "Litho_BE_93": {"avail": 1.0, "util": 0.2527075812274368, "br": 0.0}, "Litho_BE_99": {"avail": 1.0, "util": 0.3770249004906045, "br": 0.0}, "Litho_FE_111": {"avail": 1.0, "util": 0.322688142182727, "br": 0.0}, "Litho_FE_35": {"avail": 1.0, "util": 0.10108303249097472, "br": 0.0}, "Litho_FE_92": {"avail": 1.0, "util": 0.21461987054877918, "br": 0.0}, "Litho_FE_98": {"avail": 1.0, "util": 0.032143848930852544, "br": 0.0}, "Litho_REG_BE_63": {"avail": 1.0, "util": 0.799187725631769, "br": 0.0}, "Litho_REG_FE_64": {"avail": 1.0, "util": 0.8357169304822734, "br": 0.0}, "Planar_BE_75": {"avail": 1.0, "util": 0.252608402427897, "br": 0.0}, "Planar_FE_76": {"avail": 1.0, "util": 0.9193279644543182, "br": 0.0}, "Planar_FE_77": {"avail": 1.0, "util": 0.7150791446820328, "br": 0.0}, "Planar_FE_78": {"avail": 1.0, "util": 0.8450430435990003, "br": 0.0}, "Planar_FE_79": {"avail": 1.0, "util": 0.0, "br": 0.0}, "Planar_FE_80": {"avail": 1.0, "util": 0.6410719244654263, "br": 0.0}, "TF_BE_2": {"avail": 1.0, "util": 0.0, "br": 0.0}, "TF_BE_23": {"avail": 1.0, "util": 0.0, "br": 0.0}, "TF_BE_24": {"avail": 1.0, "util": 0.0, "br": 0.0}, "TF_BE_26": {"avail": 1.0, "util": 0.15277807446649436, "br": 0.0}, "TF_BE_40": {"avail": 1.0, "util": 0.0, "br": 0.0}, "TF_FE_103": {"avail": 1.0, "util": 0.0, "br": 0.0}, "TF_FE_104": {"avail": 1.0, "util": 0.0, "br": 0.0}, "TF_FE_113": {"avail": 1.0, "util": 0.0, "br": 0.0}, "TF_FE_131": {"avail": 1.0, "util": 0.0, "br": 0.0}, "TF_FE_3": {"avail": 1.0, "util": 0.0, "br": 0.0}, "TF_FE_5": {"avail": 1.0, "util": 0.0, "br": 0.0}, "TF_Met_FE_45": {"avail": 1.0, "util": 0.20980283254651486, "br": 0.0}, "TF_Met_FE_61": {"avail": 1.0, "util": 0.9208553179672313, "br": 0.0}, "WE_BE_14": {"avail": 1.0, "util": 0.02976950846986948, "br": 0.0}, "WE_BE_16": {"avail": 1.0, "util": 0.023292141071924465, "br": 0.0}, "WE_BE_17": {"avail": 1.0, "util": 0.026798111635656763, "br": 0.0}, "WE_BE_7": {"avail": 1.0, "util": 0.0116634268258817, "br": 0.0}, "WE_BE_81": {"avail": 1.0, "util": 0.02841803202814033, "br": 0.0}, "WE_BE_82": {"avail": 1.0, "util": 0.06069301737171773, "br": 0.0}, "WE_BE_9": {"avail": 1.0, "util": 0.07125798389336296, "br": 0.0}, "WE_FE_108": {"avail": 1.0, "util": 0.028402072221317836, "br": 0.0}, "WE_FE_41": {"avail": 1.0, "util": 0.03948903082477089, "br": 0.0}, "WE_FE_47": {"avail": 1.0, "util": 0.035156900860871976, "br": 0.0}, "WE_FE_8": {"avail": 1.0, "util": 0.019439044709802834, "br": 0.0}, "WE_FE_83": {"avail": 1.0, "util": 0.06539850041655096, "br": 0.0}, "WE_FE_84": {"avail": 1.0, "util": 0.035921394383912966, "br": 0.0}, "WE_FE_85": {"avail": 1.0, "util": 0.0865037489586226, "br": 0.0}}, "plugins": {"cost": 429200}}