{"lots": {}, "machines": {"DE_BE_11": {"avail": 1.0, "util": 0.6349925004166436, "br": 0.0}, "DE_BE_12": {"avail": 1.0, "util": 0.5692029455153726, "br": 0.0}, "DE_BE_13": {"avail": 1.0, "util": 0.9038624838302634, "br": 0.0}, "DE_BE_48": {"avail": 1.0, "util": 0.8547025165268596, "br": 0.0}, "DE_BE_50": {"avail": 1.0, "util": 0.839687918572425, "br": 0.0}, "DE_BE_65": {"avail": 1.0, "util": 0.7169209553717605, "br": 0.0}, "DE_BE_66": {"avail": 1.0, "util": 0.6984407299009704, "br": 0.0}, "DE_BE_67": {"avail": 1.0, "util": 0.787972890394978, "br": 0.0}, "DE_BE_69": {"avail": 1.0, "util": 0.8910060552191545, "br": 0.0}, "DE_FE_1": {"avail": 1.0, "util": 0.8949899608751894, "br": 0.0}, "DE_FE_51": {"avail": 1.0, "util": 0.594171668825416, "br": 0.0}, "DE_FE_53": {"avail": 1.0, "util": 0.5498361202155436, "br": 0.0}, "DE_FE_54": {"avail": 1.0, "util": 0.9766012999277818, "br": 0.0}, "DE_FE_56": {"avail": 1.0, "util": 0.8402310982723182, "br": 0.0}, "DE_FE_58": {"avail": 1.0, "util": 0.6858137510879025, "br": 0.0}, "DE_FE_59": {"avail": 1.0, "util": 0.7898894505860785, "br": 0.0}, "DE_FE_62": {"avail": 1.0, "util": 0.9508400326965961, "br": 0.0}, "DE_FE_70": {"avail": 1.0, "util": 0.9098597086486648, "br": 0.0}, "DE_FE_71": {"avail": 1.0, "util": 0.7123175696588284, "br": 0.0}, "DE_FE_72": {"avail": 1.0, "util": 0.814905344764797, "br": 0.0}, "DE_FE_86": {"avail": 1.0, "util": 0.7987140632104801, "br": 0.0}, "DefMEt_FE_118": {"avail": 1.0, "util": 0.2996500194433643, "br": 0.0}, "DefMet_BE_33": {"avail": 1.0, "util": 0.9254208099550025, "br": 0.0}, "DefMet_BE_42": {"avail": 1.0, "util": 0.9901116604633076, "br": 0.0}, "DefMet_FE_10": {"avail": 1.0, "util": 0.6600744403088717, "br": 0.0}, "DefMet_FE_106": {"avail": 1.0, "util": 0.36270207210710514, "br": 0.0}, "DefMet_FE_34": {"avail": 1.0, "util": 0.5835786900727737, "br": 0.0}, "DefMet_FE_43": {"avail": 1.0, "util": 0.9444938244171619, "br": 0.0}, "Delay_32": {"avail": 1.0, "util": 0.45639103383145385, "br": 0.0}, "Dielectric_BE_20": {"avail": 1.0, "util": 0.9520137770123882, "br": 0.0}, "Dielectric_BE_21": {"avail": 1.0, "util": 0.9385242486528527, "br": 0.0}, "Dielectric_BE_27": {"avail": 1.0, "util": 0.8577449400959206, "br": 0.0}, "Dielectric_BE_28": {"avail": 1.0, "util": 0.7745958557857897, "br": 0.0}, "Dielectric_BE_60": {"avail": 1.0, "util": 0.9378367868451752, "br": 0.0}, "Dielectric_FE_112": {"avail": 1.0, "util": 0.8956057996777956, "br": 0.0}, "Dielectric_FE_130": {"avail": 1.0, "util": 0.8507721793233709, "br": 0.0}, "Dielectric_FE_29": {"avail": 1.0, "util": 0.930114993611466, "br": 0.0}, "Dielectric_FE_30": {"avail": 1.0, "util": 0.9456419087828454, "br": 0.0}, "Dielectric_FE_31": {"avail": 1.0, "util": 0.9661685461918782, "br": 0.0}, "Diffusion_BE_123": {"avail": 1.0, "util": 0.0, "br": 0.0}, "Diffusion_FE_100": {"avail": 1.0, "util": 0.0, "br": 0.0}, "Diffusion_FE_101": {"avail": 1.0, "util": 0.0, "br": 0.0}, "Diffusion_FE_120": {"avail": 1.0, "util": 0.0, "br": 0.0}, "Diffusion_FE_122": {"avail": 1.0, "util": 0.0, "br": 0.0}, "Diffusion_FE_125": {"avail": 1.0, "util": 0.0, "br": 0.0}, "Diffusion_FE_126": {"avail": 1.0, "util": 0.0, "br": 0.0}, "Diffusion_FE_127": {"avail": 1.0, "util": 0.0, "br": 0.0}, "Diffusion_FE_44": {"avail": 1.0, "util": 0.0, "br": 0.0}, "Diffusion_FE_94": {"avail": 1.0, "util": 0.0, "br": 0.0}, "EPI_36": {"avail": 1.0, "util": 0.010027220709960557, "br": 0.0}, "EPI_38": {"avail": 1.0, "util": 0.03538692294872507, "br": 0.0}, "Implant_119": {"avail": 1.0, "util": 0.018415643575356924, "br": 0.0}, "Implant_128": {"avail": 1.0, "util": 0.050097216821287704, "br": 0.0}, "Implant_132": {"avail": 1.0, "util": 0.04558774512527082, "br": 0.0}, "Implant_74": {"avail": 1.0, "util": 0.006805177490139437, "br": 0.0}, "Implant_88": {"avail": 1.0, "util": 0.02130437197933448, "br": 0.0}, "Implant_90": {"avail": 1.0, "util": 0.04271984889728348, "br": 0.0}, "Implant_91": {"avail": 1.0, "util": 0.041155121011795644, "br": 0.0}, "LithoMet_BE_18": {"avail": 1.0, "util": 0.9857101955874246, "br": 0.0}, "LithoMet_FE_19": {"avail": 1.0, "util": 0.9633446290020925, "br": 0.0}, "LithoTrack_BE_117": {"avail": 1.0, "util": 0.10289428365090829, "br": 0.0}, "LithoTrack_FE_115": {"avail": 1.0, "util": 0.0468056785516273, "br": 0.0}, "LithoTrack_FE_95": {"avail": 1.0, "util": 0.0548960431903443, "br": 0.0}, "LithoTrack_FE_96": {"avail": 1.0, "util": 0.002972057107938448, "br": 0.0}, "Litho_BE_110": {"avail": 1.0, "util": 0.06006809145523661, "br": 0.0}, "Litho_BE_93": {"avail": 1.0, "util": 0.05275632835212858, "br": 0.0}, "Litho_BE_99": {"avail": 1.0, "util": 0.17895302112845585, "br": 0.0}, "Litho_FE_111": {"avail": 1.0, "util": 0.09833544601057517, "br": 0.0}, "Litho_FE_35": {"avail": 1.0, "util": 0.05019165601911005, "br": 0.0}, "Litho_FE_92": {"avail": 1.0, "util": 0.0906885644400227, "br": 0.0}, "Litho_FE_98": {"avail": 1.0, "util": 0.09573912560413311, "br": 0.0}, "Litho_REG_BE_63": {"avail": 1.0, "util": 0.9622451530470529, "br": 0.0}, "Litho_REG_FE_64": {"avail": 1.0, "util": 0.9775568023998666, "br": 0.0}, "Planar_BE_75": {"avail": 1.0, "util": 0.7765096383534249, "br": 0.0}, "Planar_FE_76": {"avail": 1.0, "util": 0.6152621150676815, "br": 0.0}, "Planar_FE_77": {"avail": 1.0, "util": 0.8618965613021499, "br": 0.0}, "Planar_FE_78": {"avail": 1.0, "util": 0.6776567968446198, "br": 0.0}, "Planar_FE_79": {"avail": 1.0, "util": 0.9624243097605688, "br": 0.0}, "Planar_FE_80": {"avail": 1.0, "util": 0.9075329148380645, "br": 0.0}, "TF_BE_2": {"avail": 1.0, "util": 0.26742958724515303, "br": 0.0}, "TF_BE_23": {"avail": 1.0, "util": 0.7877691005470456, "br": 0.0}, "TF_BE_24": {"avail": 1.0, "util": 0.23055385811899337, "br": 0.0}, "TF_BE_26": {"avail": 1.0, "util": 0.6672999648167695, "br": 0.0}, "TF_BE_40": {"avail": 1.0, "util": 0.7089907042201359, "br": 0.0}, "TF_FE_103": {"avail": 1.0, "util": 0.7406532970390534, "br": 0.0}, "TF_FE_104": {"avail": 1.0, "util": 0.695416921282151, "br": 0.0}, "TF_FE_113": {"avail": 1.0, "util": 0.3931726015221377, "br": 0.0}, "TF_FE_131": {"avail": 1.0, "util": 0.3649241708793956, "br": 0.0}, "TF_FE_3": {"avail": 1.0, "util": 0.7942892061552136, "br": 0.0}, "TF_FE_5": {"avail": 1.0, "util": 0.6476445753013721, "br": 0.0}, "TF_Met_FE_45": {"avail": 1.0, "util": 0.08535636909060608, "br": 0.0}, "TF_Met_FE_61": {"avail": 1.0, "util": 0.9845286372979279, "br": 0.0}, "WE_BE_14": {"avail": 1.0, "util": 0.04098661185489695, "br": 0.0}, "WE_BE_16": {"avail": 1.0, "util": 0.04459628786055096, "br": 0.0}, "WE_BE_17": {"avail": 1.0, "util": 0.04185878562302094, "br": 0.0}, "WE_BE_7": {"avail": 1.0, "util": 0.018221209932781514, "br": 0.0}, "WE_BE_81": {"avail": 1.0, "util": 0.05586726663333518, "br": 0.0}, "WE_BE_82": {"avail": 1.0, "util": 0.0635853563690906, "br": 0.0}, "WE_BE_9": {"avail": 1.0, "util": 0.051100335695635955, "br": 0.0}, "WE_FE_108": {"avail": 1.0, "util": 0.04388803796614474, "br": 0.0}, "WE_FE_41": {"avail": 1.0, "util": 0.038253430364979725, "br": 0.0}, "WE_FE_47": {"avail": 1.0, "util": 0.03983112049330593, "br": 0.0}, "WE_FE_8": {"avail": 1.0, "util": 0.054746958502305425, "br": 0.0}, "WE_FE_83": {"avail": 1.0, "util": 0.04303729157903926, "br": 0.0}, "WE_FE_84": {"avail": 1.0, "util": 0.04105636106636051, "br": 0.0}, "WE_FE_85": {"avail": 1.0, "util": 0.026887395144714183, "br": 0.0}}, "plugins": {"cost": 447800.0}}