{"lots": {}, "machines": {"DE_BE_11": {"avail": 1.0, "util": 0.7624852481777161, "br": 0.0}, "DE_BE_12": {"avail": 1.0, "util": 0.7112962320182036, "br": 0.0}, "DE_BE_13": {"avail": 1.0, "util": 0.8178840019173237, "br": 0.0}, "DE_BE_48": {"avail": 1.0, "util": 0.8684206872613676, "br": 0.0}, "DE_BE_50": {"avail": 1.0, "util": 0.8112383817347372, "br": 0.0}, "DE_BE_65": {"avail": 1.0, "util": 0.6961267533740326, "br": 0.0}, "DE_BE_66": {"avail": 1.0, "util": 0.7183287966532088, "br": 0.0}, "DE_BE_67": {"avail": 1.0, "util": 0.8253384241582784, "br": 0.0}, "DE_BE_69": {"avail": 1.0, "util": 0.8337729954876779, "br": 0.0}, "DE_FE_1": {"avail": 1.0, "util": 0.564099766946001, "br": 0.0}, "DE_FE_51": {"avail": 1.0, "util": 0.5873216536655766, "br": 0.0}, "DE_FE_53": {"avail": 1.0, "util": 0.6898715723707046, "br": 0.0}, "DE_FE_54": {"avail": 1.0, "util": 0.8110100659493231, "br": 0.0}, "DE_FE_56": {"avail": 1.0, "util": 0.749357861853523, "br": 0.0}, "DE_FE_58": {"avail": 1.0, "util": 0.49175054957769293, "br": 0.0}, "DE_FE_59": {"avail": 1.0, "util": 0.7002383431678815, "br": 0.0}, "DE_FE_62": {"avail": 1.0, "util": 0.9296325680567263, "br": 0.0}, "DE_FE_70": {"avail": 1.0, "util": 0.9028435639334633, "br": 0.0}, "DE_FE_71": {"avail": 1.0, "util": 0.7122031040809242, "br": 0.0}, "DE_FE_72": {"avail": 1.0, "util": 0.9312970033553165, "br": 0.0}, "DE_FE_86": {"avail": 1.0, "util": 0.6587404064946585, "br": 0.0}, "DefMEt_FE_118": {"avail": 1.0, "util": 0.3766400555362721, "br": 0.0}, "DefMet_BE_33": {"avail": 1.0, "util": 0.9371398819854218, "br": 0.0}, "DefMet_BE_42": {"avail": 1.0, "util": 0.998333911836168, "br": 0.0}, "DefMet_FE_10": {"avail": 1.0, "util": 0.6613328705310656, "br": 0.0}, "DefMet_FE_106": {"avail": 1.0, "util": 0.38993405067684833, "br": 0.0}, "DefMet_FE_34": {"avail": 1.0, "util": 0.6448108295730649, "br": 0.0}, "DefMet_FE_43": {"avail": 1.0, "util": 0.9639361332870531, "br": 0.0}, "Delay_32": {"avail": 1.0, "util": 0.38927733425893785, "br": 0.0}, "Dielectric_BE_20": {"avail": 1.0, "util": 0.9505310656022214, "br": 0.0}, "Dielectric_BE_21": {"avail": 1.0, "util": 0.9124175633460604, "br": 0.0}, "Dielectric_BE_27": {"avail": 1.0, "util": 0.8092653013999769, "br": 0.0}, "Dielectric_BE_28": {"avail": 1.0, "util": 0.8278896216591461, "br": 0.0}, "Dielectric_BE_60": {"avail": 1.0, "util": 0.9679104477611941, "br": 0.0}, "Dielectric_FE_112": {"avail": 1.0, "util": 0.8889968760846928, "br": 0.0}, "Dielectric_FE_130": {"avail": 1.0, "util": 0.8741235682054842, "br": 0.0}, "Dielectric_FE_29": {"avail": 1.0, "util": 0.9676501214855953, "br": 0.0}, "Dielectric_FE_30": {"avail": 1.0, "util": 0.9779937521693857, "br": 0.0}, "Dielectric_FE_31": {"avail": 1.0, "util": 0.9187087816730302, "br": 0.0}, "Diffusion_BE_123": {"avail": 1.0, "util": 0.0, "br": 0.0}, "Diffusion_FE_100": {"avail": 1.0, "util": 0.0, "br": 0.0}, "Diffusion_FE_101": {"avail": 1.0, "util": 0.0, "br": 0.0}, "Diffusion_FE_120": {"avail": 1.0, "util": 0.0, "br": 0.0}, "Diffusion_FE_122": {"avail": 1.0, "util": 0.0, "br": 0.0}, "Diffusion_FE_125": {"avail": 1.0, "util": 0.0, "br": 0.0}, "Diffusion_FE_126": {"avail": 1.0, "util": 0.0, "br": 0.0}, "Diffusion_FE_127": {"avail": 1.0, "util": 0.0, "br": 0.0}, "Diffusion_FE_44": {"avail": 1.0, "util": 0.0, "br": 0.0}, "Diffusion_FE_94": {"avail": 1.0, "util": 0.0, "br": 0.0}, "EPI_36": {"avail": 1.0, "util": 0.008885803540437349, "br": 0.0}, "EPI_38": {"avail": 1.0, "util": 0.026657410621312043, "br": 0.0}, "Implant_119": {"avail": 1.0, "util": 0.020964942728219367, "br": 0.0}, "Implant_128": {"avail": 1.0, "util": 0.051017007983339115, "br": 0.0}, "Implant_132": {"avail": 1.0, "util": 0.0465203054494967, "br": 0.0}, "Implant_74": {"avail": 1.0, "util": 0.008434571329399515, "br": 0.0}, "Implant_88": {"avail": 1.0, "util": 0.01412703922249219, "br": 0.0}, "Implant_90": {"avail": 1.0, "util": 0.04234640749739674, "br": 0.0}, "Implant_91": {"avail": 1.0, "util": 0.04668517875737591, "br": 0.0}, "LithoMet_BE_18": {"avail": 1.0, "util": 0.9702720743331642, "br": 0.0}, "LithoMet_FE_19": {"avail": 1.0, "util": 0.9750896679393729, "br": 0.0}, "LithoTrack_BE_117": {"avail": 1.0, "util": 0.11375216938562999, "br": 0.0}, "LithoTrack_FE_115": {"avail": 1.0, "util": 0.05303713988198542, "br": 0.0}, "LithoTrack_FE_95": {"avail": 1.0, "util": 0.06216662298379956, "br": 0.0}, "LithoTrack_FE_96": {"avail": 1.0, "util": 0.0038181187087816732, "br": 0.0}, "Litho_BE_110": {"avail": 1.0, "util": 0.07098725640898497, "br": 0.0}, "Litho_BE_93": {"avail": 1.0, "util": 0.060650237186162206, "br": 0.0}, "Litho_BE_99": {"avail": 1.0, "util": 0.20851556172625244, "br": 0.0}, "Litho_FE_111": {"avail": 1.0, "util": 0.10789814142816573, "br": 0.0}, "Litho_FE_35": {"avail": 1.0, "util": 0.06678236723359944, "br": 0.0}, "Litho_FE_92": {"avail": 1.0, "util": 0.10572928170984401, "br": 0.0}, "Litho_FE_98": {"avail": 1.0, "util": 0.11246095105866019, "br": 0.0}, "Litho_REG_BE_63": {"avail": 1.0, "util": 0.9625303713988198, "br": 0.0}, "Litho_REG_FE_64": {"avail": 1.0, "util": 0.9760549412406407, "br": 0.0}, "Planar_BE_75": {"avail": 1.0, "util": 0.8033772995487678, "br": 0.0}, "Planar_FE_76": {"avail": 1.0, "util": 0.925905356936249, "br": 0.0}, "Planar_FE_77": {"avail": 1.0, "util": 0.8938910100659493, "br": 0.0}, "Planar_FE_78": {"avail": 1.0, "util": 0.7458868448455398, "br": 0.0}, "Planar_FE_79": {"avail": 1.0, "util": 0.9054356126345019, "br": 0.0}, "Planar_FE_80": {"avail": 1.0, "util": 0.6417910447761194, "br": 0.0}, "TF_BE_2": {"avail": 1.0, "util": 0.2683096147171121, "br": 0.0}, "TF_BE_23": {"avail": 1.0, "util": 0.7801969345439267, "br": 0.0}, "TF_BE_24": {"avail": 1.0, "util": 0.28810829573064906, "br": 0.0}, "TF_BE_26": {"avail": 1.0, "util": 0.6762142774499595, "br": 0.0}, "TF_BE_40": {"avail": 1.0, "util": 0.7457393266227005, "br": 0.0}, "TF_FE_103": {"avail": 1.0, "util": 0.743335647344672, "br": 0.0}, "TF_FE_104": {"avail": 1.0, "util": 0.8714057618882333, "br": 0.0}, "TF_FE_113": {"avail": 1.0, "util": 0.49139187782020133, "br": 0.0}, "TF_FE_131": {"avail": 1.0, "util": 0.3989124146708319, "br": 0.0}, "TF_FE_3": {"avail": 1.0, "util": 0.8315515446025685, "br": 0.0}, "TF_FE_5": {"avail": 1.0, "util": 0.6741062131204443, "br": 0.0}, "TF_Met_FE_45": {"avail": 1.0, "util": 0.10687261367580701, "br": 0.0}, "TF_Met_FE_61": {"avail": 1.0, "util": 0.9803540437348143, "br": 0.0}, "WE_BE_14": {"avail": 1.0, "util": 0.04023602915654287, "br": 0.0}, "WE_BE_16": {"avail": 1.0, "util": 0.04513864784604111, "br": 0.0}, "WE_BE_17": {"avail": 1.0, "util": 0.037035751475182226, "br": 0.0}, "WE_BE_7": {"avail": 1.0, "util": 0.0057618882332523425, "br": 0.0}, "WE_BE_81": {"avail": 1.0, "util": 0.05255119750086775, "br": 0.0}, "WE_BE_82": {"avail": 1.0, "util": 0.06955223880597015, "br": 0.0}, "WE_BE_9": {"avail": 1.0, "util": 0.05318589775375614, "br": 0.0}, "WE_FE_108": {"avail": 1.0, "util": 0.044595626518569936, "br": 0.0}, "WE_FE_41": {"avail": 1.0, "util": 0.038056230475529335, "br": 0.0}, "WE_FE_47": {"avail": 1.0, "util": 0.03570519495545529, "br": 0.0}, "WE_FE_8": {"avail": 1.0, "util": 0.04401249566122874, "br": 0.0}, "WE_FE_83": {"avail": 1.0, "util": 0.04296127336738236, "br": 0.0}, "WE_FE_84": {"avail": 1.0, "util": 0.04291334027536735, "br": 0.0}, "WE_FE_85": {"avail": 1.0, "util": 0.024088858035404375, "br": 0.0}}, "plugins": {"cost": 448200.0}}