{"lots": {}, "machines": {"DE_BE_11": {"avail": 1.0, "util": 0.6344845307842533, "br": 0.0}, "DE_BE_12": {"avail": 1.0, "util": 0.9324302894145633, "br": 0.0}, "DE_BE_13": {"avail": 1.0, "util": 0.5949334661638085, "br": 0.0}, "DE_BE_48": {"avail": 1.0, "util": 0.7887646118913464, "br": 0.0}, "DE_BE_50": {"avail": 1.0, "util": 0.8217483811285847, "br": 0.0}, "DE_BE_65": {"avail": 1.0, "util": 0.600353208308805, "br": 0.0}, "DE_BE_66": {"avail": 1.0, "util": 0.7129890624149752, "br": 0.0}, "DE_BE_67": {"avail": 1.0, "util": 0.6335463796148347, "br": 0.0}, "DE_BE_69": {"avail": 1.0, "util": 0.12528522972556275, "br": 0.0}, "DE_FE_1": {"avail": 1.0, "util": 0.7511193339500463, "br": 0.0}, "DE_FE_51": {"avail": 1.0, "util": 0.3436401480111008, "br": 0.0}, "DE_FE_53": {"avail": 1.0, "util": 0.18142460684551343, "br": 0.0}, "DE_FE_54": {"avail": 1.0, "util": 0.5442799876657416, "br": 0.0}, "DE_FE_56": {"avail": 1.0, "util": 0.7966234967622572, "br": 0.0}, "DE_FE_58": {"avail": 1.0, "util": 0.9874653098982423, "br": 0.0}, "DE_FE_59": {"avail": 1.0, "util": 0.7588691026827012, "br": 0.0}, "DE_FE_62": {"avail": 1.0, "util": 0.8083419491756, "br": 0.0}, "DE_FE_70": {"avail": 1.0, "util": 0.6884955007989236, "br": 0.0}, "DE_FE_71": {"avail": 1.0, "util": 0.7391201562339398, "br": 0.0}, "DE_FE_72": {"avail": 1.0, "util": 0.557985030695484, "br": 0.0}, "DE_FE_86": {"avail": 1.0, "util": 0.7539480079650042, "br": 0.0}, "DefMEt_FE_118": {"avail": 1.0, "util": 0.41572617946345974, "br": 0.0}, "DefMet_BE_33": {"avail": 1.0, "util": 0.862627197039778, "br": 0.0}, "DefMet_BE_42": {"avail": 1.0, "util": 0.9344125809435707, "br": 0.0}, "DefMet_FE_10": {"avail": 1.0, "util": 0.5200740055504163, "br": 0.0}, "DefMet_FE_106": {"avail": 1.0, "util": 0.17280296022201666, "br": 0.0}, "DefMet_FE_34": {"avail": 1.0, "util": 0.5654486586493987, "br": 0.0}, "DefMet_FE_43": {"avail": 1.0, "util": 0.8249213691026827, "br": 0.0}, "Delay_32": {"avail": 1.0, "util": 0.1998889916743756, "br": 0.0}, "Dielectric_BE_20": {"avail": 1.0, "util": 0.8987234042553193, "br": 0.0}, "Dielectric_BE_21": {"avail": 1.0, "util": 0.8608387295713844, "br": 0.0}, "Dielectric_BE_27": {"avail": 1.0, "util": 0.8813675609004009, "br": 0.0}, "Dielectric_BE_28": {"avail": 1.0, "util": 0.8264569842738205, "br": 0.0}, "Dielectric_BE_60": {"avail": 1.0, "util": 0.8943108233117484, "br": 0.0}, "Dielectric_FE_112": {"avail": 1.0, "util": 0.6443313804090863, "br": 0.0}, "Dielectric_FE_130": {"avail": 1.0, "util": 0.5800416281221091, "br": 0.0}, "Dielectric_FE_29": {"avail": 1.0, "util": 0.5182238667900092, "br": 0.0}, "Dielectric_FE_30": {"avail": 1.0, "util": 0.9232192414431082, "br": 0.0}, "Dielectric_FE_31": {"avail": 1.0, "util": 0.38707215541165585, "br": 0.0}, "Diffusion_BE_123": {"avail": 1.0, "util": 0.0, "br": 0.0}, "Diffusion_FE_100": {"avail": 1.0, "util": 0.0, "br": 0.0}, "Diffusion_FE_101": {"avail": 1.0, "util": 0.0, "br": 0.0}, "Diffusion_FE_120": {"avail": 1.0, "util": 0.0, "br": 0.0}, "Diffusion_FE_122": {"avail": 1.0, "util": 0.0, "br": 0.0}, "Diffusion_FE_125": {"avail": 1.0, "util": 0.0, "br": 0.0}, "Diffusion_FE_126": {"avail": 1.0, "util": 0.0, "br": 0.0}, "Diffusion_FE_127": {"avail": 1.0, "util": 0.0, "br": 0.0}, "Diffusion_FE_44": {"avail": 1.0, "util": 0.0, "br": 0.0}, "Diffusion_FE_94": {"avail": 1.0, "util": 0.0, "br": 0.0}, "EPI_36": {"avail": 1.0, "util": 0.011933395004625346, "br": 0.0}, "EPI_38": {"avail": 1.0, "util": 0.4062904717853839, "br": 0.0}, "Implant_119": {"avail": 1.0, "util": 0.02183163737280296, "br": 0.0}, "Implant_128": {"avail": 1.0, "util": 0.042670927592296695, "br": 0.0}, "Implant_132": {"avail": 1.0, "util": 0.031055900621118012, "br": 0.0}, "Implant_74": {"avail": 1.0, "util": 0.022525439407955598, "br": 0.0}, "Implant_88": {"avail": 1.0, "util": 0.0, "br": 0.0}, "Implant_90": {"avail": 1.0, "util": 0.03700277520814061, "br": 0.0}, "Implant_91": {"avail": 1.0, "util": 0.05165851724593631, "br": 0.0}, "LithoMet_BE_18": {"avail": 1.0, "util": 0.9335379698931965, "br": 0.0}, "LithoMet_FE_19": {"avail": 1.0, "util": 0.9154618739262588, "br": 0.0}, "LithoTrack_BE_117": {"avail": 1.0, "util": 0.09513413506012952, "br": 0.0}, "LithoTrack_FE_115": {"avail": 1.0, "util": 0.05957898061866835, "br": 0.0}, "LithoTrack_FE_95": {"avail": 1.0, "util": 0.09647779833487512, "br": 0.0}, "LithoTrack_FE_96": {"avail": 1.0, "util": 0.02021276595744681, "br": 0.0}, "Litho_BE_110": {"avail": 1.0, "util": 0.08566544664762901, "br": 0.0}, "Litho_BE_93": {"avail": 1.0, "util": 0.09253006475485662, "br": 0.0}, "Litho_BE_99": {"avail": 1.0, "util": 0.15106382978723404, "br": 0.0}, "Litho_FE_111": {"avail": 1.0, "util": 0.12510638297872342, "br": 0.0}, "Litho_FE_35": {"avail": 1.0, "util": 0.06207215541165587, "br": 0.0}, "Litho_FE_92": {"avail": 1.0, "util": 0.09545292820038426, "br": 0.0}, "Litho_FE_98": {"avail": 1.0, "util": 0.03582331174838113, "br": 0.0}, "Litho_REG_BE_63": {"avail": 1.0, "util": 0.8999884366327474, "br": 0.0}, "Litho_REG_FE_64": {"avail": 1.0, "util": 0.9298720320690718, "br": 0.0}, "Planar_BE_75": {"avail": 1.0, "util": 0.8024316109422492, "br": 0.0}, "Planar_FE_76": {"avail": 1.0, "util": 0.9320074005550416, "br": 0.0}, "Planar_FE_77": {"avail": 1.0, "util": 0.9635060129509713, "br": 0.0}, "Planar_FE_78": {"avail": 1.0, "util": 0.2799259944495837, "br": 0.0}, "Planar_FE_79": {"avail": 1.0, "util": 0.3195189639222942, "br": 0.0}, "Planar_FE_80": {"avail": 1.0, "util": 0.42682701202590195, "br": 0.0}, "TF_BE_2": {"avail": 1.0, "util": 0.704463459759482, "br": 0.0}, "TF_BE_23": {"avail": 1.0, "util": 0.6006277256508524, "br": 0.0}, "TF_BE_24": {"avail": 1.0, "util": 0.9663968547641073, "br": 0.0}, "TF_BE_26": {"avail": 1.0, "util": 0.7798192556749449, "br": 0.0}, "TF_BE_40": {"avail": 1.0, "util": 0.8162921042607607, "br": 0.0}, "TF_FE_103": {"avail": 1.0, "util": 0.9761860710981896, "br": 0.0}, "TF_FE_104": {"avail": 1.0, "util": 0.7612950971322849, "br": 0.0}, "TF_FE_113": {"avail": 1.0, "util": 0.1467776749922911, "br": 0.0}, "TF_FE_131": {"avail": 1.0, "util": 0.954286154794943, "br": 0.0}, "TF_FE_3": {"avail": 1.0, "util": 0.5972864631514031, "br": 0.0}, "TF_FE_5": {"avail": 1.0, "util": 0.4750231267345051, "br": 0.0}, "TF_Met_FE_45": {"avail": 1.0, "util": 0.118686401480111, "br": 0.0}, "TF_Met_FE_61": {"avail": 1.0, "util": 0.9829787234042553, "br": 0.0}, "WE_BE_14": {"avail": 1.0, "util": 0.04514338575393154, "br": 0.0}, "WE_BE_16": {"avail": 1.0, "util": 0.037095282146160966, "br": 0.0}, "WE_BE_17": {"avail": 1.0, "util": 0.04181313598519889, "br": 0.0}, "WE_BE_7": {"avail": 1.0, "util": 0.02247918593894542, "br": 0.0}, "WE_BE_81": {"avail": 1.0, "util": 0.0522972556275054, "br": 0.0}, "WE_BE_82": {"avail": 1.0, "util": 0.05206084900812006, "br": 0.0}, "WE_BE_9": {"avail": 1.0, "util": 0.054042553191489366, "br": 0.0}, "WE_FE_108": {"avail": 1.0, "util": 0.035190915180707515, "br": 0.0}, "WE_FE_41": {"avail": 1.0, "util": 0.03633672525439408, "br": 0.0}, "WE_FE_47": {"avail": 1.0, "util": 0.03263644773358002, "br": 0.0}, "WE_FE_8": {"avail": 1.0, "util": 0.023866790009250693, "br": 0.0}, "WE_FE_83": {"avail": 1.0, "util": 0.04253777366635831, "br": 0.0}, "WE_FE_84": {"avail": 1.0, "util": 0.04038199923817815, "br": 0.0}, "WE_FE_85": {"avail": 1.0, "util": 0.03371877890841813, "br": 0.0}}, "plugins": {"cost": 429200}}