{"lots": {}, "machines": {"DE_BE_11": {"avail": 1.0, "util": 0.6705898689180182, "br": 0.0}, "DE_BE_12": {"avail": 1.0, "util": 0.5685341529042929, "br": 0.0}, "DE_BE_13": {"avail": 1.0, "util": 0.8174691338432729, "br": 0.0}, "DE_BE_48": {"avail": 1.0, "util": 0.8552599422350589, "br": 0.0}, "DE_BE_50": {"avail": 1.0, "util": 0.8503418993310128, "br": 0.0}, "DE_BE_65": {"avail": 1.0, "util": 0.7874230563142831, "br": 0.0}, "DE_BE_66": {"avail": 1.0, "util": 0.6833452215297185, "br": 0.0}, "DE_BE_67": {"avail": 1.0, "util": 0.8102866029771162, "br": 0.0}, "DE_BE_69": {"avail": 1.0, "util": 0.885692068429238, "br": 0.0}, "DE_FE_1": {"avail": 1.0, "util": 0.6436664868124544, "br": 0.0}, "DE_FE_51": {"avail": 1.0, "util": 0.5397250903308037, "br": 0.0}, "DE_FE_53": {"avail": 1.0, "util": 0.5472672739391247, "br": 0.0}, "DE_FE_54": {"avail": 1.0, "util": 0.9749389024661186, "br": 0.0}, "DE_FE_56": {"avail": 1.0, "util": 0.8454787824927794, "br": 0.0}, "DE_FE_58": {"avail": 1.0, "util": 0.6866622232096571, "br": 0.0}, "DE_FE_59": {"avail": 1.0, "util": 0.737628675109235, "br": 0.0}, "DE_FE_62": {"avail": 1.0, "util": 0.8548338464468213, "br": 0.0}, "DE_FE_70": {"avail": 1.0, "util": 0.8735580127493036, "br": 0.0}, "DE_FE_71": {"avail": 1.0, "util": 0.6398102009077348, "br": 0.0}, "DE_FE_72": {"avail": 1.0, "util": 0.7924782147177171, "br": 0.0}, "DE_FE_86": {"avail": 1.0, "util": 0.7786471319130728, "br": 0.0}, "DefMEt_FE_118": {"avail": 1.0, "util": 0.2957120639857809, "br": 0.0}, "DefMet_BE_33": {"avail": 1.0, "util": 0.9334592312819373, "br": 0.0}, "DefMet_BE_42": {"avail": 1.0, "util": 0.9990557653854699, "br": 0.0}, "DefMet_FE_10": {"avail": 1.0, "util": 0.5513219284603421, "br": 0.0}, "DefMet_FE_106": {"avail": 1.0, "util": 0.35903132637191737, "br": 0.0}, "DefMet_FE_34": {"avail": 1.0, "util": 0.5586258609197956, "br": 0.0}, "DefMet_FE_43": {"avail": 1.0, "util": 0.9722746797008072, "br": 0.0}, "Delay_32": {"avail": 1.0, "util": 0.43270439902243946, "br": 0.0}, "Dielectric_BE_20": {"avail": 1.0, "util": 0.8858253721395245, "br": 0.0}, "Dielectric_BE_21": {"avail": 1.0, "util": 0.9046670184403466, "br": 0.0}, "Dielectric_BE_27": {"avail": 1.0, "util": 0.8220210323631785, "br": 0.0}, "Dielectric_BE_28": {"avail": 1.0, "util": 0.7776188624750056, "br": 0.0}, "Dielectric_BE_60": {"avail": 1.0, "util": 0.8739030215507665, "br": 0.0}, "Dielectric_FE_112": {"avail": 1.0, "util": 0.9136914019106864, "br": 0.0}, "Dielectric_FE_130": {"avail": 1.0, "util": 0.8744029104643413, "br": 0.0}, "Dielectric_FE_29": {"avail": 1.0, "util": 0.9348848404058359, "br": 0.0}, "Dielectric_FE_30": {"avail": 1.0, "util": 0.893329260164408, "br": 0.0}, "Dielectric_FE_31": {"avail": 1.0, "util": 0.9396384136858476, "br": 0.0}, "Diffusion_BE_123": {"avail": 1.0, "util": 0.0, "br": 0.0}, "Diffusion_FE_100": {"avail": 1.0, "util": 0.0, "br": 0.0}, "Diffusion_FE_101": {"avail": 1.0, "util": 0.0, "br": 0.0}, "Diffusion_FE_120": {"avail": 1.0, "util": 0.0, "br": 0.0}, "Diffusion_FE_122": {"avail": 1.0, "util": 0.0, "br": 0.0}, "Diffusion_FE_125": {"avail": 1.0, "util": 0.0, "br": 0.0}, "Diffusion_FE_126": {"avail": 1.0, "util": 0.0, "br": 0.0}, "Diffusion_FE_127": {"avail": 1.0, "util": 0.0, "br": 0.0}, "Diffusion_FE_44": {"avail": 1.0, "util": 0.0, "br": 0.0}, "Diffusion_FE_94": {"avail": 1.0, "util": 0.0, "br": 0.0}, "EPI_36": {"avail": 1.0, "util": 0.011608531437458342, "br": 0.0}, "EPI_38": {"avail": 1.0, "util": 0.03521439680071095, "br": 0.0}, "Implant_119": {"avail": 1.0, "util": 0.020273272606087536, "br": 0.0}, "Implant_128": {"avail": 1.0, "util": 0.04486225283270385, "br": 0.0}, "Implant_132": {"avail": 1.0, "util": 0.039151021995112195, "br": 0.0}, "Implant_74": {"avail": 1.0, "util": 0.006804043545878694, "br": 0.0}, "Implant_88": {"avail": 1.0, "util": 0.02149522328371473, "br": 0.0}, "Implant_90": {"avail": 1.0, "util": 0.03851921795156632, "br": 0.0}, "Implant_91": {"avail": 1.0, "util": 0.039805969043916166, "br": 0.0}, "LithoMet_BE_18": {"avail": 1.0, "util": 0.9699383043084443, "br": 0.0}, "LithoMet_FE_19": {"avail": 1.0, "util": 0.9600366585203288, "br": 0.0}, "LithoTrack_BE_117": {"avail": 1.0, "util": 0.08548100422128416, "br": 0.0}, "LithoTrack_FE_115": {"avail": 1.0, "util": 0.048642785263405514, "br": 0.0}, "LithoTrack_FE_95": {"avail": 1.0, "util": 0.051548635450625484, "br": 0.0}, "LithoTrack_FE_96": {"avail": 1.0, "util": 0.002971561875138858, "br": 0.0}, "Litho_BE_110": {"avail": 1.0, "util": 0.06075633986098328, "br": 0.0}, "Litho_BE_93": {"avail": 1.0, "util": 0.056783677701251575, "br": 0.0}, "Litho_BE_99": {"avail": 1.0, "util": 0.15859438643264462, "br": 0.0}, "Litho_FE_111": {"avail": 1.0, "util": 0.09282785643594353, "br": 0.0}, "Litho_FE_35": {"avail": 1.0, "util": 0.030076649633414797, "br": 0.0}, "Litho_FE_92": {"avail": 1.0, "util": 0.08773302902385328, "br": 0.0}, "Litho_FE_98": {"avail": 1.0, "util": 0.09036880693179293, "br": 0.0}, "Litho_REG_BE_63": {"avail": 1.0, "util": 0.9522744945567652, "br": 0.0}, "Litho_REG_FE_64": {"avail": 1.0, "util": 0.9556646142127146, "br": 0.0}, "Planar_BE_75": {"avail": 1.0, "util": 0.764793934681182, "br": 0.0}, "Planar_FE_76": {"avail": 1.0, "util": 0.925609123898393, "br": 0.0}, "Planar_FE_77": {"avail": 1.0, "util": 0.9309320151077538, "br": 0.0}, "Planar_FE_78": {"avail": 1.0, "util": 0.8510331037547212, "br": 0.0}, "Planar_FE_79": {"avail": 1.0, "util": 0.8846589646745168, "br": 0.0}, "Planar_FE_80": {"avail": 1.0, "util": 0.6470506554099089, "br": 0.0}, "TF_BE_2": {"avail": 1.0, "util": 0.26589924461230835, "br": 0.0}, "TF_BE_23": {"avail": 1.0, "util": 0.41466223880073433, "br": 0.0}, "TF_BE_24": {"avail": 1.0, "util": 0.23264830037769388, "br": 0.0}, "TF_BE_26": {"avail": 1.0, "util": 0.5982003999111308, "br": 0.0}, "TF_BE_40": {"avail": 1.0, "util": 0.5912968414426424, "br": 0.0}, "TF_FE_103": {"avail": 1.0, "util": 0.7356281937347257, "br": 0.0}, "TF_FE_104": {"avail": 1.0, "util": 0.8807709397911575, "br": 0.0}, "TF_FE_113": {"avail": 1.0, "util": 0.39471784047989333, "br": 0.0}, "TF_FE_131": {"avail": 1.0, "util": 0.36796452640154037, "br": 0.0}, "TF_FE_3": {"avail": 1.0, "util": 0.8019884470117752, "br": 0.0}, "TF_FE_5": {"avail": 1.0, "util": 0.1621861808487003, "br": 0.0}, "TF_Met_FE_45": {"avail": 1.0, "util": 0.08542546100866474, "br": 0.0}, "TF_Met_FE_61": {"avail": 1.0, "util": 0.9815041101977339, "br": 0.0}, "WE_BE_14": {"avail": 1.0, "util": 0.03714730059986669, "br": 0.0}, "WE_BE_16": {"avail": 1.0, "util": 0.04255844380261176, "br": 0.0}, "WE_BE_17": {"avail": 1.0, "util": 0.04165740946456343, "br": 0.0}, "WE_BE_7": {"avail": 1.0, "util": 0.01805154410131082, "br": 0.0}, "WE_BE_81": {"avail": 1.0, "util": 0.027493890246611863, "br": 0.0}, "WE_BE_82": {"avail": 1.0, "util": 0.05468229282381693, "br": 0.0}, "WE_BE_9": {"avail": 1.0, "util": 0.049893674421557115, "br": 0.0}, "WE_FE_108": {"avail": 1.0, "util": 0.04211762465483861, "br": 0.0}, "WE_FE_41": {"avail": 1.0, "util": 0.03766940679848923, "br": 0.0}, "WE_FE_47": {"avail": 1.0, "util": 0.04362919351255277, "br": 0.0}, "WE_FE_8": {"avail": 1.0, "util": 0.05476560764274606, "br": 0.0}, "WE_FE_83": {"avail": 1.0, "util": 0.04369663884216206, "br": 0.0}, "WE_FE_84": {"avail": 1.0, "util": 0.03854698955787603, "br": 0.0}, "WE_FE_85": {"avail": 1.0, "util": 0.026938458120417685, "br": 0.0}}, "plugins": {"cost": 447600.0}}