{"lots": {}, "machines": {"DE_BE_11": {"avail": 1.0, "util": 0.6568862552659599, "br": 0.0}, "DE_BE_12": {"avail": 1.0, "util": 0.943310237694757, "br": 0.0}, "DE_BE_13": {"avail": 1.0, "util": 0.8365000738501965, "br": 0.0}, "DE_BE_48": {"avail": 1.0, "util": 0.8143419286144159, "br": 0.0}, "DE_BE_50": {"avail": 1.0, "util": 0.717790843016527, "br": 0.0}, "DE_BE_65": {"avail": 1.0, "util": 0.7458178679091655, "br": 0.0}, "DE_BE_66": {"avail": 1.0, "util": 0.7177299296572527, "br": 0.0}, "DE_BE_67": {"avail": 1.0, "util": 0.841632331836489, "br": 0.0}, "DE_BE_69": {"avail": 1.0, "util": 0.9234063237813064, "br": 0.0}, "DE_FE_1": {"avail": 1.0, "util": 0.7522535332358952, "br": 0.0}, "DE_FE_51": {"avail": 1.0, "util": 0.5282187228174133, "br": 0.0}, "DE_FE_53": {"avail": 1.0, "util": 0.8312115179852785, "br": 0.0}, "DE_FE_54": {"avail": 1.0, "util": 0.8189343085968241, "br": 0.0}, "DE_FE_56": {"avail": 1.0, "util": 0.8007962594324337, "br": 0.0}, "DE_FE_58": {"avail": 1.0, "util": 0.7364936808481088, "br": 0.0}, "DE_FE_59": {"avail": 1.0, "util": 0.8309522707282071, "br": 0.0}, "DE_FE_62": {"avail": 1.0, "util": 0.7477861474667178, "br": 0.0}, "DE_FE_70": {"avail": 1.0, "util": 0.7570126739146692, "br": 0.0}, "DE_FE_71": {"avail": 1.0, "util": 0.7352272050897114, "br": 0.0}, "DE_FE_72": {"avail": 1.0, "util": 0.8191853257822426, "br": 0.0}, "DE_FE_86": {"avail": 1.0, "util": 0.7333446496818563, "br": 0.0}, "DefMEt_FE_118": {"avail": 1.0, "util": 0.24598398222304524, "br": 0.0}, "DefMet_BE_33": {"avail": 1.0, "util": 0.9740752742928568, "br": 0.0}, "DefMet_BE_42": {"avail": 1.0, "util": 0.9547243183185964, "br": 0.0}, "DefMet_FE_10": {"avail": 1.0, "util": 0.5372667932040184, "br": 0.0}, "DefMet_FE_106": {"avail": 1.0, "util": 0.302995231702236, "br": 0.0}, "DefMet_FE_34": {"avail": 1.0, "util": 0.6086523772047591, "br": 0.0}, "DefMet_FE_43": {"avail": 1.0, "util": 0.9628180794099038, "br": 0.0}, "Delay_32": {"avail": 1.0, "util": 0.40203763714642843, "br": 0.0}, "Dielectric_BE_20": {"avail": 1.0, "util": 0.9198740799037082, "br": 0.0}, "Dielectric_BE_21": {"avail": 1.0, "util": 0.9509571316142771, "br": 0.0}, "Dielectric_BE_27": {"avail": 1.0, "util": 0.8022159467925868, "br": 0.0}, "Dielectric_BE_28": {"avail": 1.0, "util": 0.7390630063422989, "br": 0.0}, "Dielectric_BE_60": {"avail": 1.0, "util": 0.9290194898384334, "br": 0.0}, "Dielectric_FE_112": {"avail": 1.0, "util": 0.9377852877181612, "br": 0.0}, "Dielectric_FE_130": {"avail": 1.0, "util": 0.9702791537428823, "br": 0.0}, "Dielectric_FE_29": {"avail": 1.0, "util": 0.9062080459237998, "br": 0.0}, "Dielectric_FE_30": {"avail": 1.0, "util": 0.9236377945465488, "br": 0.0}, "Dielectric_FE_31": {"avail": 1.0, "util": 0.9643072079996297, "br": 0.0}, "Diffusion_BE_123": {"avail": 1.0, "util": 0.0, "br": 0.0}, "Diffusion_FE_100": {"avail": 1.0, "util": 0.0, "br": 0.0}, "Diffusion_FE_101": {"avail": 1.0, "util": 0.0, "br": 0.0}, "Diffusion_FE_120": {"avail": 1.0, "util": 0.0, "br": 0.0}, "Diffusion_FE_122": {"avail": 1.0, "util": 0.0, "br": 0.0}, "Diffusion_FE_125": {"avail": 1.0, "util": 0.0, "br": 0.0}, "Diffusion_FE_126": {"avail": 1.0, "util": 0.0, "br": 0.0}, "Diffusion_FE_127": {"avail": 1.0, "util": 0.8783338219938378, "br": 0.0}, "Diffusion_FE_44": {"avail": 1.0, "util": 0.0, "br": 0.0}, "Diffusion_FE_94": {"avail": 1.0, "util": 0.0, "br": 0.0}, "EPI_36": {"avail": 1.0, "util": 0.013170686542289709, "br": 0.0}, "EPI_38": {"avail": 1.0, "util": 0.029581963797972316, "br": 0.0}, "Implant_119": {"avail": 1.0, "util": 0.016943660015740013, "br": 0.0}, "Implant_128": {"avail": 1.0, "util": 0.044516457571408735, "br": 0.0}, "Implant_132": {"avail": 1.0, "util": 0.0332449886579325, "br": 0.0}, "Implant_74": {"avail": 1.0, "util": 0.005694180824961807, "br": 0.0}, "Implant_88": {"avail": 1.0, "util": 0.02499884264617379, "br": 0.0}, "Implant_90": {"avail": 1.0, "util": 0.04066941345308087, "br": 0.0}, "Implant_91": {"avail": 1.0, "util": 0.036541518139592305, "br": 0.0}, "LithoMet_BE_18": {"avail": 1.0, "util": 0.9697521126158688, "br": 0.0}, "LithoMet_FE_19": {"avail": 1.0, "util": 0.9683193679304971, "br": 0.0}, "LithoTrack_BE_117": {"avail": 1.0, "util": 0.08225545113652145, "br": 0.0}, "LithoTrack_FE_115": {"avail": 1.0, "util": 0.041027512342838156, "br": 0.0}, "LithoTrack_FE_95": {"avail": 1.0, "util": 0.046501059569237634, "br": 0.0}, "LithoTrack_FE_96": {"avail": 1.0, "util": 0.002476737188093144, "br": 0.0}, "Litho_BE_110": {"avail": 1.0, "util": 0.05242812832739225, "br": 0.0}, "Litho_BE_93": {"avail": 1.0, "util": 0.05299137385614864, "br": 0.0}, "Litho_BE_99": {"avail": 1.0, "util": 0.14794068175856057, "br": 0.0}, "Litho_FE_111": {"avail": 1.0, "util": 0.08479615842700886, "br": 0.0}, "Litho_FE_35": {"avail": 1.0, "util": 0.041965649738438034, "br": 0.0}, "Litho_FE_92": {"avail": 1.0, "util": 0.07744310378447687, "br": 0.0}, "Litho_FE_98": {"avail": 1.0, "util": 0.08213508633859544, "br": 0.0}, "Litho_REG_BE_63": {"avail": 1.0, "util": 0.968867182074904, "br": 0.0}, "Litho_REG_FE_64": {"avail": 1.0, "util": 0.9673692355512642, "br": 0.0}, "Planar_BE_75": {"avail": 1.0, "util": 0.6562705430304153, "br": 0.0}, "Planar_FE_76": {"avail": 1.0, "util": 0.2572257457216487, "br": 0.0}, "Planar_FE_77": {"avail": 1.0, "util": 0.9582889681033285, "br": 0.0}, "Planar_FE_78": {"avail": 1.0, "util": 0.7047821860099069, "br": 0.0}, "Planar_FE_79": {"avail": 1.0, "util": 0.8359427804268321, "br": 0.0}, "Planar_FE_80": {"avail": 1.0, "util": 0.9718994490995787, "br": 0.0}, "TF_BE_2": {"avail": 1.0, "util": 0.2234618767649646, "br": 0.0}, "TF_BE_23": {"avail": 1.0, "util": 0.35863836713212593, "br": 0.0}, "TF_BE_24": {"avail": 1.0, "util": 0.19534280820332395, "br": 0.0}, "TF_BE_26": {"avail": 1.0, "util": 0.5718531549465302, "br": 0.0}, "TF_BE_40": {"avail": 1.0, "util": 0.5098220761384503, "br": 0.0}, "TF_FE_103": {"avail": 1.0, "util": 0.7450233785472895, "br": 0.0}, "TF_FE_104": {"avail": 1.0, "util": 0.30908754224341467, "br": 0.0}, "TF_FE_113": {"avail": 1.0, "util": 0.32438313041062916, "br": 0.0}, "TF_FE_131": {"avail": 1.0, "util": 0.535129546471614, "br": 0.0}, "TF_FE_3": {"avail": 1.0, "util": 0.8905143280403685, "br": 0.0}, "TF_FE_5": {"avail": 1.0, "util": 0.3151011527244109, "br": 0.0}, "TF_Met_FE_45": {"avail": 1.0, "util": 0.07064487755196519, "br": 0.0}, "TF_Met_FE_61": {"avail": 1.0, "util": 0.9728947733901209, "br": 0.0}, "WE_BE_14": {"avail": 1.0, "util": 0.0414888199620388, "br": 0.0}, "WE_BE_16": {"avail": 1.0, "util": 0.04555859039447762, "br": 0.0}, "WE_BE_17": {"avail": 1.0, "util": 0.05066895051155039, "br": 0.0}, "WE_BE_7": {"avail": 1.0, "util": 0.015184482199898153, "br": 0.0}, "WE_BE_81": {"avail": 1.0, "util": 0.04501334814746231, "br": 0.0}, "WE_BE_82": {"avail": 1.0, "util": 0.05402527660756447, "br": 0.0}, "WE_BE_9": {"avail": 1.0, "util": 0.04805994431474733, "br": 0.0}, "WE_FE_108": {"avail": 1.0, "util": 0.04259458887485368, "br": 0.0}, "WE_FE_41": {"avail": 1.0, "util": 0.04136845516411277, "br": 0.0}, "WE_FE_47": {"avail": 1.0, "util": 0.037845470117124205, "br": 0.0}, "WE_FE_8": {"avail": 1.0, "util": 0.05150224526642285, "br": 0.0}, "WE_FE_83": {"avail": 1.0, "util": 0.03864900434503694, "br": 0.0}, "WE_FE_84": {"avail": 1.0, "util": 0.03623031855521092, "br": 0.0}, "WE_FE_85": {"avail": 1.0, "util": 0.022336928845886766, "br": 0.0}}, "plugins": {"cost": 447200.0}}