{"lots": {}, "machines": {"DE_BE_11": {"avail": 1.0, "util": 0.5914653337036009, "br": 0.0}, "DE_BE_12": {"avail": 1.0, "util": 0.9470208892591564, "br": 0.0}, "DE_BE_13": {"avail": 1.0, "util": 0.7077795850359027, "br": 0.0}, "DE_BE_48": {"avail": 1.0, "util": 0.6524669073405536, "br": 0.0}, "DE_BE_50": {"avail": 1.0, "util": 0.9591574356917317, "br": 0.0}, "DE_BE_65": {"avail": 1.0, "util": 0.7364675389733788, "br": 0.0}, "DE_BE_66": {"avail": 1.0, "util": 0.6717481011609835, "br": 0.0}, "DE_BE_67": {"avail": 1.0, "util": 0.6316671295010645, "br": 0.0}, "DE_BE_69": {"avail": 1.0, "util": 0.7338702212348421, "br": 0.0}, "DE_FE_1": {"avail": 1.0, "util": 0.7560598246518824, "br": 0.0}, "DE_FE_51": {"avail": 1.0, "util": 0.675806428038995, "br": 0.0}, "DE_FE_53": {"avail": 1.0, "util": 0.5509025270758122, "br": 0.0}, "DE_FE_54": {"avail": 1.0, "util": 0.5444968990095344, "br": 0.0}, "DE_FE_56": {"avail": 1.0, "util": 0.6041840229565861, "br": 0.0}, "DE_FE_58": {"avail": 1.0, "util": 0.6587059150236045, "br": 0.0}, "DE_FE_59": {"avail": 1.0, "util": 0.6986824647474467, "br": 0.0}, "DE_FE_62": {"avail": 1.0, "util": 0.6734901680750056, "br": 0.0}, "DE_FE_70": {"avail": 1.0, "util": 0.7349311800853039, "br": 0.0}, "DE_FE_71": {"avail": 1.0, "util": 0.8307976620250989, "br": 0.0}, "DE_FE_72": {"avail": 1.0, "util": 0.8614788073271827, "br": 0.0}, "DE_FE_86": {"avail": 1.0, "util": 0.754156767153157, "br": 0.0}, "DefMEt_FE_118": {"avail": 1.0, "util": 0.49694529297417384, "br": 0.0}, "DefMet_BE_33": {"avail": 1.0, "util": 0.8810052763121355, "br": 0.0}, "DefMet_BE_42": {"avail": 1.0, "util": 0.9888919744515412, "br": 0.0}, "DefMet_FE_10": {"avail": 1.0, "util": 0.7359992594649635, "br": 0.0}, "DefMet_FE_106": {"avail": 1.0, "util": 0.6060353605479959, "br": 0.0}, "DefMet_FE_34": {"avail": 1.0, "util": 0.7012866796260298, "br": 0.0}, "DefMet_FE_43": {"avail": 1.0, "util": 0.9517572279305132, "br": 0.0}, "Delay_32": {"avail": 1.0, "util": 0.21821947607146164, "br": 0.0}, "Dielectric_BE_20": {"avail": 1.0, "util": 0.8913264833842451, "br": 0.0}, "Dielectric_BE_21": {"avail": 1.0, "util": 0.8569610293437008, "br": 0.0}, "Dielectric_BE_27": {"avail": 1.0, "util": 0.7710389089450461, "br": 0.0}, "Dielectric_BE_28": {"avail": 1.0, "util": 0.8428214384893086, "br": 0.0}, "Dielectric_BE_60": {"avail": 1.0, "util": 0.8623761917985745, "br": 0.0}, "Dielectric_FE_112": {"avail": 1.0, "util": 0.7607886698139406, "br": 0.0}, "Dielectric_FE_130": {"avail": 1.0, "util": 0.8925067110987689, "br": 0.0}, "Dielectric_FE_29": {"avail": 1.0, "util": 0.7874664445061557, "br": 0.0}, "Dielectric_FE_30": {"avail": 1.0, "util": 0.9224289549199296, "br": 0.0}, "Dielectric_FE_31": {"avail": 1.0, "util": 0.8894751457928354, "br": 0.0}, "Diffusion_BE_123": {"avail": 1.0, "util": 0.0, "br": 0.0}, "Diffusion_FE_100": {"avail": 1.0, "util": 0.0, "br": 0.0}, "Diffusion_FE_101": {"avail": 1.0, "util": 0.0, "br": 0.0}, "Diffusion_FE_120": {"avail": 1.0, "util": 0.0, "br": 0.0}, "Diffusion_FE_122": {"avail": 1.0, "util": 0.0, "br": 0.0}, "Diffusion_FE_125": {"avail": 1.0, "util": 0.0, "br": 0.0}, "Diffusion_FE_126": {"avail": 1.0, "util": 0.0, "br": 0.0}, "Diffusion_FE_127": {"avail": 1.0, "util": 0.0, "br": 0.0}, "Diffusion_FE_44": {"avail": 1.0, "util": 0.0, "br": 0.0}, "Diffusion_FE_94": {"avail": 1.0, "util": 0.0, "br": 0.0}, "EPI_36": {"avail": 1.0, "util": 0.011941127464593169, "br": 0.0}, "EPI_38": {"avail": 1.0, "util": 0.011941127464593169, "br": 0.0}, "Implant_119": {"avail": 1.0, "util": 0.02744607979265019, "br": 0.0}, "Implant_128": {"avail": 1.0, "util": 0.06523188003332409, "br": 0.0}, "Implant_132": {"avail": 1.0, "util": 0.028383319448301397, "br": 0.0}, "Implant_74": {"avail": 1.0, "util": 0.011432009626955475, "br": 0.0}, "Implant_88": {"avail": 1.0, "util": 0.002314171989262242, "br": 0.0}, "Implant_90": {"avail": 1.0, "util": 0.026798111635656763, "br": 0.0}, "Implant_91": {"avail": 1.0, "util": 0.04989354808849394, "br": 0.0}, "LithoMet_BE_18": {"avail": 1.0, "util": 0.9560876964375993, "br": 0.0}, "LithoMet_FE_19": {"avail": 1.0, "util": 0.9553416232116593, "br": 0.0}, "LithoTrack_BE_117": {"avail": 1.0, "util": 0.10734055354993982, "br": 0.0}, "LithoTrack_FE_115": {"avail": 1.0, "util": 0.0617711492631858, "br": 0.0}, "LithoTrack_FE_95": {"avail": 1.0, "util": 0.07179600526686654, "br": 0.0}, "LithoTrack_FE_96": {"avail": 1.0, "util": 0.0, "br": 0.0}, "Litho_BE_110": {"avail": 1.0, "util": 0.09149574853545973, "br": 0.0}, "Litho_BE_93": {"avail": 1.0, "util": 0.07636767564565398, "br": 0.0}, "Litho_BE_99": {"avail": 1.0, "util": 0.21734703323150978, "br": 0.0}, "Litho_FE_111": {"avail": 1.0, "util": 0.1338601230297981, "br": 0.0}, "Litho_FE_35": {"avail": 1.0, "util": 0.05031009904656114, "br": 0.0}, "Litho_FE_92": {"avail": 1.0, "util": 0.12841831253383598, "br": 0.0}, "Litho_FE_98": {"avail": 1.0, "util": 0.15060631306118671, "br": 0.0}, "Litho_REG_BE_63": {"avail": 1.0, "util": 0.9485559566787004, "br": 0.0}, "Litho_REG_FE_64": {"avail": 1.0, "util": 0.9511974187064439, "br": 0.0}, "Planar_BE_75": {"avail": 1.0, "util": 0.7335693788762381, "br": 0.0}, "Planar_FE_76": {"avail": 1.0, "util": 0.9275201332963066, "br": 0.0}, "Planar_FE_77": {"avail": 1.0, "util": 0.9566324169212256, "br": 0.0}, "Planar_FE_78": {"avail": 1.0, "util": 0.8485143015828936, "br": 0.0}, "Planar_FE_79": {"avail": 1.0, "util": 0.8596500971952235, "br": 0.0}, "Planar_FE_80": {"avail": 1.0, "util": 0.535545681755068, "br": 0.0}, "TF_BE_2": {"avail": 1.0, "util": 0.44307136906414885, "br": 0.0}, "TF_BE_23": {"avail": 1.0, "util": 0.6916110047403986, "br": 0.0}, "TF_BE_24": {"avail": 1.0, "util": 0.39059520503563827, "br": 0.0}, "TF_BE_26": {"avail": 1.0, "util": 0.6004875188990713, "br": 0.0}, "TF_BE_40": {"avail": 1.0, "util": 0.8487804313616588, "br": 0.0}, "TF_FE_103": {"avail": 1.0, "util": 0.863810978431917, "br": 0.0}, "TF_FE_104": {"avail": 1.0, "util": 0.7694714431176526, "br": 0.0}, "TF_FE_113": {"avail": 1.0, "util": 0.6486161251504212, "br": 0.0}, "TF_FE_131": {"avail": 1.0, "util": 0.15375358696658337, "br": 0.0}, "TF_FE_3": {"avail": 1.0, "util": 0.8874849578820698, "br": 0.0}, "TF_FE_5": {"avail": 1.0, "util": 0.2684902341942053, "br": 0.0}, "TF_Met_FE_45": {"avail": 1.0, "util": 0.1408867907062853, "br": 0.0}, "TF_Met_FE_61": {"avail": 1.0, "util": 0.9888919744515412, "br": 0.0}, "WE_BE_14": {"avail": 1.0, "util": 0.0367860779413126, "br": 0.0}, "WE_BE_16": {"avail": 1.0, "util": 0.04612916165262736, "br": 0.0}, "WE_BE_17": {"avail": 1.0, "util": 0.04582060538739239, "br": 0.0}, "WE_BE_7": {"avail": 1.0, "util": 0.007497917245209664, "br": 0.0}, "WE_BE_81": {"avail": 1.0, "util": 0.021722361072541576, "br": 0.0}, "WE_BE_82": {"avail": 1.0, "util": 0.0736091826344534, "br": 0.0}, "WE_BE_9": {"avail": 1.0, "util": 0.06130572195554145, "br": 0.0}, "WE_FE_108": {"avail": 1.0, "util": 0.04171328070245038, "br": 0.0}, "WE_FE_41": {"avail": 1.0, "util": 0.041210774784782, "br": 0.0}, "WE_FE_47": {"avail": 1.0, "util": 0.03855410534110895, "br": 0.0}, "WE_FE_8": {"avail": 1.0, "util": 0.045774321947607145, "br": 0.0}, "WE_FE_83": {"avail": 1.0, "util": 0.04912656537205273, "br": 0.0}, "WE_FE_84": {"avail": 1.0, "util": 0.04924043732707993, "br": 0.0}, "WE_FE_85": {"avail": 1.0, "util": 0.03198185689160418, "br": 0.0}}, "plugins": {"cost": 448600.0}}