{"lots": {}, "machines": {"DE_BE_11": {"avail": 1.0, "util": 0.0, "br": 0.0}, "DE_BE_12": {"avail": 1.0, "util": 0.0, "br": 0.0}, "DE_BE_13": {"avail": 1.0, "util": 0.0, "br": 0.0}, "DE_BE_48": {"avail": 1.0, "util": 0.0, "br": 0.0}, "DE_BE_50": {"avail": 1.0, "util": 0.0, "br": 0.0}, "DE_BE_65": {"avail": 1.0, "util": 0.0, "br": 0.0}, "DE_BE_66": {"avail": 1.0, "util": 0.0, "br": 0.0}, "DE_BE_67": {"avail": 1.0, "util": 0.0, "br": 0.0}, "DE_BE_69": {"avail": 1.0, "util": 0.0, "br": 0.0}, "DE_FE_1": {"avail": 1.0, "util": 0.0, "br": 0.0}, "DE_FE_51": {"avail": 1.0, "util": 0.0, "br": 0.0}, "DE_FE_53": {"avail": 1.0, "util": 0.0, "br": 0.0}, "DE_FE_54": {"avail": 1.0, "util": 0.0, "br": 0.0}, "DE_FE_56": {"avail": 1.0, "util": 0.0, "br": 0.0}, "DE_FE_58": {"avail": 1.0, "util": 0.0, "br": 0.0}, "DE_FE_59": {"avail": 1.0, "util": 0.0, "br": 0.0}, "DE_FE_62": {"avail": 1.0, "util": 0.0, "br": 0.0}, "DE_FE_70": {"avail": 1.0, "util": 0.0, "br": 0.0}, "DE_FE_71": {"avail": 1.0, "util": 0.0, "br": 0.0}, "DE_FE_72": {"avail": 1.0, "util": 0.0, "br": 0.0}, "DE_FE_86": {"avail": 1.0, "util": 0.0, "br": 0.0}, "DefMEt_FE_118": {"avail": 1.0, "util": 0.9884786229872293, "br": 0.0}, "DefMet_BE_33": {"avail": 1.0, "util": 0.7587451415880067, "br": 0.0}, "DefMet_BE_42": {"avail": 1.0, "util": 0.7709605774569683, "br": 0.0}, "DefMet_FE_10": {"avail": 1.0, "util": 0.8478622987229317, "br": 0.0}, "DefMet_FE_106": {"avail": 1.0, "util": 0.7826207662409772, "br": 0.0}, "DefMet_FE_34": {"avail": 1.0, "util": 0.7408384230982787, "br": 0.0}, "DefMet_FE_43": {"avail": 1.0, "util": 0.8044604849157875, "br": 0.0}, "Delay_32": {"avail": 1.0, "util": 0.0, "br": 0.0}, "Dielectric_BE_20": {"avail": 1.0, "util": 0.8828983897834536, "br": 0.0}, "Dielectric_BE_21": {"avail": 1.0, "util": 0.6209744586340922, "br": 0.0}, "Dielectric_BE_27": {"avail": 1.0, "util": 0.7290394225430317, "br": 0.0}, "Dielectric_BE_28": {"avail": 1.0, "util": 0.7134230982787341, "br": 0.0}, "Dielectric_BE_60": {"avail": 1.0, "util": 0.8844392004441977, "br": 0.0}, "Dielectric_FE_112": {"avail": 1.0, "util": 0.6549694614103275, "br": 0.0}, "Dielectric_FE_130": {"avail": 1.0, "util": 0.8897140477512493, "br": 0.0}, "Dielectric_FE_29": {"avail": 1.0, "util": 0.7882657782713308, "br": 0.0}, "Dielectric_FE_30": {"avail": 1.0, "util": 0.5528872848417545, "br": 0.0}, "Dielectric_FE_31": {"avail": 1.0, "util": 0.9190727373681288, "br": 0.0}, "Diffusion_BE_123": {"avail": 1.0, "util": 0.0, "br": 0.0}, "Diffusion_FE_100": {"avail": 1.0, "util": 0.0, "br": 0.0}, "Diffusion_FE_101": {"avail": 1.0, "util": 0.0, "br": 0.0}, "Diffusion_FE_120": {"avail": 1.0, "util": 0.0, "br": 0.0}, "Diffusion_FE_122": {"avail": 1.0, "util": 0.0, "br": 0.0}, "Diffusion_FE_125": {"avail": 1.0, "util": 0.0, "br": 0.0}, "Diffusion_FE_126": {"avail": 1.0, "util": 0.0, "br": 0.0}, "Diffusion_FE_127": {"avail": 1.0, "util": 0.0, "br": 0.0}, "Diffusion_FE_44": {"avail": 1.0, "util": 0.0, "br": 0.0}, "Diffusion_FE_94": {"avail": 1.0, "util": 0.0, "br": 0.0}, "EPI_36": {"avail": 1.0, "util": 0.014436424208772903, "br": 0.0}, "EPI_38": {"avail": 1.0, "util": 0.03581343697945586, "br": 0.0}, "Implant_119": {"avail": 1.0, "util": 0.055941143808995, "br": 0.0}, "Implant_128": {"avail": 1.0, "util": 0.11860077734591894, "br": 0.0}, "Implant_132": {"avail": 1.0, "util": 0.05066629650194336, "br": 0.0}, "Implant_74": {"avail": 1.0, "util": 0.0, "br": 0.0}, "Implant_88": {"avail": 1.0, "util": 0.00694058856191005, "br": 0.0}, "Implant_90": {"avail": 1.0, "util": 0.0417823431426985, "br": 0.0}, "Implant_91": {"avail": 1.0, "util": 0.07153433277808625, "br": 0.0}, "LithoMet_BE_18": {"avail": 1.0, "util": 0.7548370563362236, "br": 0.0}, "LithoMet_FE_19": {"avail": 1.0, "util": 0.76286322413474, "br": 0.0}, "LithoTrack_BE_117": {"avail": 1.0, "util": 0.2632426429761244, "br": 0.0}, "LithoTrack_FE_115": {"avail": 1.0, "util": 0.13361857791423065, "br": 0.0}, "LithoTrack_FE_95": {"avail": 1.0, "util": 0.15396208455619892, "br": 0.0}, "LithoTrack_FE_96": {"avail": 1.0, "util": 0.0, "br": 0.0}, "Litho_BE_110": {"avail": 1.0, "util": 0.20681962401840245, "br": 0.0}, "Litho_BE_93": {"avail": 1.0, "util": 0.20581158615583936, "br": 0.0}, "Litho_BE_99": {"avail": 1.0, "util": 0.6127151582454192, "br": 0.0}, "Litho_FE_111": {"avail": 1.0, "util": 0.3114809954065923, "br": 0.0}, "Litho_FE_35": {"avail": 1.0, "util": 0.13423098278734036, "br": 0.0}, "Litho_FE_92": {"avail": 1.0, "util": 0.3295223192502482, "br": 0.0}, "Litho_FE_98": {"avail": 1.0, "util": 0.3772903942254303, "br": 0.0}, "Litho_REG_BE_63": {"avail": 1.0, "util": 0.8277692948362021, "br": 0.0}, "Litho_REG_FE_64": {"avail": 1.0, "util": 0.8215872134528436, "br": 0.0}, "Planar_BE_75": {"avail": 1.0, "util": 0.21835091615769017, "br": 0.0}, "Planar_FE_76": {"avail": 1.0, "util": 0.9184712196927634, "br": 0.0}, "Planar_FE_77": {"avail": 1.0, "util": 0.7233481399222654, "br": 0.0}, "Planar_FE_78": {"avail": 1.0, "util": 0.8368961687951139, "br": 0.0}, "Planar_FE_79": {"avail": 1.0, "util": 0.0, "br": 0.0}, "Planar_FE_80": {"avail": 1.0, "util": 0.636729594669628, "br": 0.0}, "TF_BE_2": {"avail": 1.0, "util": 0.0, "br": 0.0}, "TF_BE_23": {"avail": 1.0, "util": 0.05206172009702212, "br": 0.0}, "TF_BE_24": {"avail": 1.0, "util": 0.0, "br": 0.0}, "TF_BE_26": {"avail": 1.0, "util": 0.19768647047936333, "br": 0.0}, "TF_BE_40": {"avail": 1.0, "util": 0.0, "br": 0.0}, "TF_FE_103": {"avail": 1.0, "util": 0.0, "br": 0.0}, "TF_FE_104": {"avail": 1.0, "util": 0.0, "br": 0.0}, "TF_FE_113": {"avail": 1.0, "util": 0.0, "br": 0.0}, "TF_FE_131": {"avail": 1.0, "util": 0.0, "br": 0.0}, "TF_FE_3": {"avail": 1.0, "util": 0.0, "br": 0.0}, "TF_FE_5": {"avail": 1.0, "util": 0.0, "br": 0.0}, "TF_Met_FE_45": {"avail": 1.0, "util": 0.28262076624097726, "br": 0.0}, "TF_Met_FE_61": {"avail": 1.0, "util": 0.9791782343142699, "br": 0.0}, "WE_BE_14": {"avail": 1.0, "util": 0.021599111604664076, "br": 0.0}, "WE_BE_16": {"avail": 1.0, "util": 0.025047812943426492, "br": 0.0}, "WE_BE_17": {"avail": 1.0, "util": 0.0421987784564131, "br": 0.0}, "WE_BE_7": {"avail": 1.0, "util": 0.01110494169905608, "br": 0.0}, "WE_BE_81": {"avail": 1.0, "util": 0.022302424578937625, "br": 0.0}, "WE_BE_82": {"avail": 1.0, "util": 0.15607995558023322, "br": 0.0}, "WE_BE_9": {"avail": 1.0, "util": 0.08158166098199413, "br": 0.0}, "WE_FE_108": {"avail": 1.0, "util": 0.04342825414452288, "br": 0.0}, "WE_FE_41": {"avail": 1.0, "util": 0.03759022765130483, "br": 0.0}, "WE_FE_47": {"avail": 1.0, "util": 0.03872848417545808, "br": 0.0}, "WE_FE_8": {"avail": 1.0, "util": 0.08523042754025541, "br": 0.0}, "WE_FE_83": {"avail": 1.0, "util": 0.06896962005235187, "br": 0.0}, "WE_FE_84": {"avail": 1.0, "util": 0.0585939909926584, "br": 0.0}, "WE_FE_85": {"avail": 1.0, "util": 0.03845086063298168, "br": 0.0}}, "plugins": {"cost": 448800}}