{"lots": {}, "machines": {"DE_BE_11": {"avail": 1.0, "util": 0.7645871525655983, "br": 0.0}, "DE_BE_12": {"avail": 1.0, "util": 0.566492337727269, "br": 0.0}, "DE_BE_13": {"avail": 1.0, "util": 0.7429715443159141, "br": 0.0}, "DE_BE_48": {"avail": 1.0, "util": 0.731282605511815, "br": 0.0}, "DE_BE_50": {"avail": 1.0, "util": 0.7513527026276318, "br": 0.0}, "DE_BE_65": {"avail": 1.0, "util": 0.7708208129851372, "br": 0.0}, "DE_BE_66": {"avail": 1.0, "util": 0.747716630121856, "br": 0.0}, "DE_BE_67": {"avail": 1.0, "util": 0.7708662650054795, "br": 0.0}, "DE_BE_69": {"avail": 1.0, "util": 0.2997240894024406, "br": 0.0}, "DE_FE_1": {"avail": 1.0, "util": 0.9061385478584523, "br": 0.0}, "DE_FE_51": {"avail": 1.0, "util": 0.3562885395255819, "br": 0.0}, "DE_FE_53": {"avail": 1.0, "util": 0.11034942503194267, "br": 0.0}, "DE_FE_54": {"avail": 1.0, "util": 0.9750384237912709, "br": 0.0}, "DE_FE_56": {"avail": 1.0, "util": 0.9615021387700683, "br": 0.0}, "DE_FE_58": {"avail": 1.0, "util": 0.8864785289706127, "br": 0.0}, "DE_FE_59": {"avail": 1.0, "util": 0.8653199822232098, "br": 0.0}, "DE_FE_62": {"avail": 1.0, "util": 0.636431962930164, "br": 0.0}, "DE_FE_70": {"avail": 1.0, "util": 0.8301255990828793, "br": 0.0}, "DE_FE_71": {"avail": 1.0, "util": 0.7421964211864772, "br": 0.0}, "DE_FE_72": {"avail": 1.0, "util": 0.5645241931003833, "br": 0.0}, "DE_FE_86": {"avail": 1.0, "util": 0.7505402242248312, "br": 0.0}, "DefMEt_FE_118": {"avail": 1.0, "util": 0.24712515971334925, "br": 0.0}, "DefMet_BE_33": {"avail": 1.0, "util": 0.9391978223432031, "br": 0.0}, "DefMet_BE_42": {"avail": 1.0, "util": 0.982112104883062, "br": 0.0}, "DefMet_FE_10": {"avail": 1.0, "util": 0.4666962946502972, "br": 0.0}, "DefMet_FE_106": {"avail": 1.0, "util": 0.10299427809566135, "br": 0.0}, "DefMet_FE_34": {"avail": 1.0, "util": 0.4590022776512416, "br": 0.0}, "DefMet_FE_43": {"avail": 1.0, "util": 0.8772512638186767, "br": 0.0}, "Delay_32": {"avail": 1.0, "util": 0.3050193044830843, "br": 0.0}, "Dielectric_BE_20": {"avail": 1.0, "util": 0.5913227042942059, "br": 0.0}, "Dielectric_BE_21": {"avail": 1.0, "util": 0.918189730200174, "br": 0.0}, "Dielectric_BE_27": {"avail": 1.0, "util": 0.9113104827509583, "br": 0.0}, "Dielectric_BE_28": {"avail": 1.0, "util": 0.9108938392311539, "br": 0.0}, "Dielectric_BE_60": {"avail": 1.0, "util": 0.8502398014925097, "br": 0.0}, "Dielectric_FE_112": {"avail": 1.0, "util": 0.6259281891746755, "br": 0.0}, "Dielectric_FE_130": {"avail": 1.0, "util": 0.34777234598077883, "br": 0.0}, "Dielectric_FE_29": {"avail": 1.0, "util": 0.3635909116160213, "br": 0.0}, "Dielectric_FE_30": {"avail": 1.0, "util": 0.9465863007610689, "br": 0.0}, "Dielectric_FE_31": {"avail": 1.0, "util": 0.3679378923393145, "br": 0.0}, "Diffusion_BE_123": {"avail": 1.0, "util": 0.0, "br": 0.0}, "Diffusion_FE_100": {"avail": 1.0, "util": 0.0, "br": 0.0}, "Diffusion_FE_101": {"avail": 1.0, "util": 0.0, "br": 0.0}, "Diffusion_FE_120": {"avail": 1.0, "util": 0.0, "br": 0.0}, "Diffusion_FE_122": {"avail": 1.0, "util": 0.0, "br": 0.0}, "Diffusion_FE_125": {"avail": 1.0, "util": 0.0, "br": 0.0}, "Diffusion_FE_126": {"avail": 1.0, "util": 0.0, "br": 0.0}, "Diffusion_FE_127": {"avail": 1.0, "util": 0.0, "br": 0.0}, "Diffusion_FE_44": {"avail": 1.0, "util": 0.0, "br": 0.0}, "Diffusion_FE_94": {"avail": 1.0, "util": 0.0, "br": 0.0}, "EPI_36": {"avail": 1.0, "util": 0.008610632742625409, "br": 0.0}, "EPI_38": {"avail": 1.0, "util": 0.2652630409421699, "br": 0.0}, "Implant_119": {"avail": 1.0, "util": 0.011110493861452141, "br": 0.0}, "Implant_128": {"avail": 1.0, "util": 0.03560408260147163, "br": 0.0}, "Implant_132": {"avail": 1.0, "util": 0.01959414953137524, "br": 0.0}, "Implant_74": {"avail": 1.0, "util": 0.013582578745625244, "br": 0.0}, "Implant_88": {"avail": 1.0, "util": 0.005666351869340593, "br": 0.0}, "Implant_90": {"avail": 1.0, "util": 0.022220987722904283, "br": 0.0}, "Implant_91": {"avail": 1.0, "util": 0.047552913727015166, "br": 0.0}, "LithoMet_BE_18": {"avail": 1.0, "util": 0.966547313028064, "br": 0.0}, "LithoMet_FE_19": {"avail": 1.0, "util": 0.9513717491885373, "br": 0.0}, "LithoTrack_BE_117": {"avail": 1.0, "util": 0.0666962946502972, "br": 0.0}, "LithoTrack_FE_115": {"avail": 1.0, "util": 0.04466825013786497, "br": 0.0}, "LithoTrack_FE_95": {"avail": 1.0, "util": 0.06440753291483807, "br": 0.0}, "LithoTrack_FE_96": {"avail": 1.0, "util": 0.012054885839675573, "br": 0.0}, "Litho_BE_110": {"avail": 1.0, "util": 0.06117051468155151, "br": 0.0}, "Litho_BE_93": {"avail": 1.0, "util": 0.06438531192711516, "br": 0.0}, "Litho_BE_99": {"avail": 1.0, "util": 0.09890191285669314, "br": 0.0}, "Litho_FE_111": {"avail": 1.0, "util": 0.08612577079051163, "br": 0.0}, "Litho_FE_35": {"avail": 1.0, "util": 0.02352647075162491, "br": 0.0}, "Litho_FE_92": {"avail": 1.0, "util": 0.06991064598975272, "br": 0.0}, "Litho_FE_98": {"avail": 1.0, "util": 0.031164935281373256, "br": 0.0}, "Litho_REG_BE_63": {"avail": 1.0, "util": 0.9676337425698572, "br": 0.0}, "Litho_REG_FE_64": {"avail": 1.0, "util": 0.9647565875969852, "br": 0.0}, "Planar_BE_75": {"avail": 1.0, "util": 0.8896450197211266, "br": 0.0}, "Planar_FE_76": {"avail": 1.0, "util": 0.9355591356035776, "br": 0.0}, "Planar_FE_77": {"avail": 1.0, "util": 0.8617021276595744, "br": 0.0}, "Planar_FE_78": {"avail": 1.0, "util": 0.4239486695183601, "br": 0.0}, "Planar_FE_79": {"avail": 1.0, "util": 0.2577079051163824, "br": 0.0}, "Planar_FE_80": {"avail": 1.0, "util": 0.25893005944114217, "br": 0.0}, "TF_BE_2": {"avail": 1.0, "util": 0.47489028387311816, "br": 0.0}, "TF_BE_23": {"avail": 1.0, "util": 0.43113874626012844, "br": 0.0}, "TF_BE_24": {"avail": 1.0, "util": 0.8719654463640909, "br": 0.0}, "TF_BE_26": {"avail": 1.0, "util": 0.7611500215799977, "br": 0.0}, "TF_BE_40": {"avail": 1.0, "util": 0.6807661012296702, "br": 0.0}, "TF_FE_103": {"avail": 1.0, "util": 0.6299411937432048, "br": 0.0}, "TF_FE_104": {"avail": 1.0, "util": 0.6903172045997444, "br": 0.0}, "TF_FE_113": {"avail": 1.0, "util": 0.08825435623946819, "br": 0.0}, "TF_FE_131": {"avail": 1.0, "util": 0.8529063200192581, "br": 0.0}, "TF_FE_3": {"avail": 1.0, "util": 0.3591096790919023, "br": 0.0}, "TF_FE_5": {"avail": 1.0, "util": 0.2890950502749847, "br": 0.0}, "TF_Met_FE_45": {"avail": 1.0, "util": 0.07030164990833843, "br": 0.0}, "TF_Met_FE_61": {"avail": 1.0, "util": 0.9905283039831121, "br": 0.0}, "WE_BE_14": {"avail": 1.0, "util": 0.03747569579467808, "br": 0.0}, "WE_BE_16": {"avail": 1.0, "util": 0.03308843953113716, "br": 0.0}, "WE_BE_17": {"avail": 1.0, "util": 0.03208155102494306, "br": 0.0}, "WE_BE_7": {"avail": 1.0, "util": 0.02510971612688184, "br": 0.0}, "WE_BE_81": {"avail": 1.0, "util": 0.03990519045238228, "br": 0.0}, "WE_BE_82": {"avail": 1.0, "util": 0.04567030226715799, "br": 0.0}, "WE_BE_9": {"avail": 1.0, "util": 0.04476417976779067, "br": 0.0}, "WE_FE_108": {"avail": 1.0, "util": 0.037450026722653344, "br": 0.0}, "WE_FE_41": {"avail": 1.0, "util": 0.030631631576023555, "br": 0.0}, "WE_FE_47": {"avail": 1.0, "util": 0.03677573468140659, "br": 0.0}, "WE_FE_8": {"avail": 1.0, "util": 0.028942836509082828, "br": 0.0}, "WE_FE_83": {"avail": 1.0, "util": 0.04052552635964669, "br": 0.0}, "WE_FE_84": {"avail": 1.0, "util": 0.03376936575419013, "br": 0.0}, "WE_FE_85": {"avail": 1.0, "util": 0.02988722848730626, "br": 0.0}}, "plugins": {"cost": 429025.1309606481}}