{"lots": {}, "machines": {"DE_BE_11": {"avail": 1.0, "util": 0.7459193433922676, "br": 0.0}, "DE_BE_12": {"avail": 1.0, "util": 0.0, "br": 0.0}, "DE_BE_13": {"avail": 1.0, "util": 0.6943156815414521, "br": 0.0}, "DE_BE_48": {"avail": 1.0, "util": 0.35418191916386865, "br": 0.0}, "DE_BE_50": {"avail": 1.0, "util": 0.38278256039988895, "br": 0.0}, "DE_BE_65": {"avail": 1.0, "util": 0.6607255560324153, "br": 0.0}, "DE_BE_66": {"avail": 1.0, "util": 0.7778476566966692, "br": 0.0}, "DE_BE_67": {"avail": 1.0, "util": 0.41689177248744036, "br": 0.0}, "DE_BE_69": {"avail": 1.0, "util": 0.1847634916226974, "br": 0.0}, "DE_FE_1": {"avail": 1.0, "util": 0.0, "br": 0.0}, "DE_FE_51": {"avail": 1.0, "util": 0.03001249652874202, "br": 0.0}, "DE_FE_53": {"avail": 1.0, "util": 0.0, "br": 0.0}, "DE_FE_54": {"avail": 1.0, "util": 0.8103767471998519, "br": 0.0}, "DE_FE_56": {"avail": 1.0, "util": 0.5971952235490141, "br": 0.0}, "DE_FE_58": {"avail": 1.0, "util": 0.741668980838656, "br": 0.0}, "DE_FE_59": {"avail": 1.0, "util": 0.4353131074701472, "br": 0.0}, "DE_FE_62": {"avail": 1.0, "util": 0.18641880523384027, "br": 0.0}, "DE_FE_70": {"avail": 1.0, "util": 0.31813132715659787, "br": 0.0}, "DE_FE_71": {"avail": 1.0, "util": 0.280647351044463, "br": 0.0}, "DE_FE_72": {"avail": 1.0, "util": 0.048736462093862815, "br": 0.0}, "DE_FE_86": {"avail": 1.0, "util": 0.21765258238060048, "br": 0.0}, "DefMEt_FE_118": {"avail": 1.0, "util": 0.6201749514023882, "br": 0.0}, "DefMet_BE_33": {"avail": 1.0, "util": 0.8072757567342405, "br": 0.0}, "DefMet_BE_42": {"avail": 1.0, "util": 0.8900305470702583, "br": 0.0}, "DefMet_FE_10": {"avail": 1.0, "util": 0.4427936684254374, "br": 0.0}, "DefMet_FE_106": {"avail": 1.0, "util": 0.2568730908081089, "br": 0.0}, "DefMet_FE_34": {"avail": 1.0, "util": 0.41064981949458484, "br": 0.0}, "DefMet_FE_43": {"avail": 1.0, "util": 0.6164121077478477, "br": 0.0}, "Delay_32": {"avail": 1.0, "util": 0.0913086642599278, "br": 0.0}, "Dielectric_BE_20": {"avail": 1.0, "util": 0.8139961121910579, "br": 0.0}, "Dielectric_BE_21": {"avail": 1.0, "util": 0.8960242525224476, "br": 0.0}, "Dielectric_BE_27": {"avail": 1.0, "util": 0.823613810978432, "br": 0.0}, "Dielectric_BE_28": {"avail": 1.0, "util": 0.8641118207905211, "br": 0.0}, "Dielectric_BE_60": {"avail": 1.0, "util": 0.7904748680921966, "br": 0.0}, "Dielectric_FE_112": {"avail": 1.0, "util": 0.6152920485050448, "br": 0.0}, "Dielectric_FE_130": {"avail": 1.0, "util": 0.8755901138572618, "br": 0.0}, "Dielectric_FE_29": {"avail": 1.0, "util": 0.383550865500324, "br": 0.0}, "Dielectric_FE_30": {"avail": 1.0, "util": 0.8403221327409053, "br": 0.0}, "Dielectric_FE_31": {"avail": 1.0, "util": 0.4273812829769508, "br": 0.0}, "Diffusion_BE_123": {"avail": 1.0, "util": 0.0, "br": 0.0}, "Diffusion_FE_100": {"avail": 1.0, "util": 0.0, "br": 0.0}, "Diffusion_FE_101": {"avail": 1.0, "util": 0.0, "br": 0.0}, "Diffusion_FE_120": {"avail": 1.0, "util": 0.0, "br": 0.0}, "Diffusion_FE_122": {"avail": 1.0, "util": 0.0, "br": 0.0}, "Diffusion_FE_125": {"avail": 1.0, "util": 0.0, "br": 0.0}, "Diffusion_FE_126": {"avail": 1.0, "util": 0.0, "br": 0.0}, "Diffusion_FE_127": {"avail": 1.0, "util": 0.0, "br": 0.0}, "Diffusion_FE_44": {"avail": 1.0, "util": 0.0, "br": 0.0}, "Diffusion_FE_94": {"avail": 1.0, "util": 0.0, "br": 0.0}, "EPI_36": {"avail": 1.0, "util": 0.00708136628714246, "br": 0.0}, "EPI_38": {"avail": 1.0, "util": 0.609830602610386, "br": 0.0}, "Implant_119": {"avail": 1.0, "util": 0.027839489030824772, "br": 0.0}, "Implant_128": {"avail": 1.0, "util": 0.046476988715255865, "br": 0.0}, "Implant_132": {"avail": 1.0, "util": 0.0377077795850359, "br": 0.0}, "Implant_74": {"avail": 1.0, "util": 0.033879477922799224, "br": 0.0}, "Implant_88": {"avail": 1.0, "util": 0.0, "br": 0.0}, "Implant_90": {"avail": 1.0, "util": 0.03332407664537628, "br": 0.0}, "Implant_91": {"avail": 1.0, "util": 0.055302098623398264, "br": 0.0}, "LithoMet_BE_18": {"avail": 1.0, "util": 0.9182802756809977, "br": 0.0}, "LithoMet_FE_19": {"avail": 1.0, "util": 0.8970920775974928, "br": 0.0}, "LithoTrack_BE_117": {"avail": 1.0, "util": 0.11891141349625103, "br": 0.0}, "LithoTrack_FE_115": {"avail": 1.0, "util": 0.07443054436098373, "br": 0.0}, "LithoTrack_FE_95": {"avail": 1.0, "util": 0.1312309080810886, "br": 0.0}, "LithoTrack_FE_96": {"avail": 1.0, "util": 0.03013051930019439, "br": 0.0}, "Litho_BE_110": {"avail": 1.0, "util": 0.11280682902092413, "br": 0.0}, "Litho_BE_93": {"avail": 1.0, "util": 0.13013746181616218, "br": 0.0}, "Litho_BE_99": {"avail": 1.0, "util": 0.22035545681755067, "br": 0.0}, "Litho_FE_111": {"avail": 1.0, "util": 0.1681477367397945, "br": 0.0}, "Litho_FE_35": {"avail": 1.0, "util": 0.06762010552624272, "br": 0.0}, "Litho_FE_92": {"avail": 1.0, "util": 0.12651934291756564, "br": 0.0}, "Litho_FE_98": {"avail": 1.0, "util": 0.02284087753401833, "br": 0.0}, "Litho_REG_BE_63": {"avail": 1.0, "util": 0.8481498194945848, "br": 0.0}, "Litho_REG_FE_64": {"avail": 1.0, "util": 0.8621332037397019, "br": 0.0}, "Planar_BE_75": {"avail": 1.0, "util": 0.7144840718847939, "br": 0.0}, "Planar_FE_76": {"avail": 1.0, "util": 0.9273812829769509, "br": 0.0}, "Planar_FE_77": {"avail": 1.0, "util": 0.7187586781449598, "br": 0.0}, "Planar_FE_78": {"avail": 1.0, "util": 0.419466814773674, "br": 0.0}, "Planar_FE_79": {"avail": 1.0, "util": 0.3181060816439878, "br": 0.0}, "Planar_FE_80": {"avail": 1.0, "util": 0.4830602610386004, "br": 0.0}, "TF_BE_2": {"avail": 1.0, "util": 0.5304082199389059, "br": 0.0}, "TF_BE_23": {"avail": 1.0, "util": 0.612915063276074, "br": 0.0}, "TF_BE_24": {"avail": 1.0, "util": 0.7111219105803943, "br": 0.0}, "TF_BE_26": {"avail": 1.0, "util": 0.5776386901074487, "br": 0.0}, "TF_BE_40": {"avail": 1.0, "util": 0.5960844209941683, "br": 0.0}, "TF_FE_103": {"avail": 1.0, "util": 0.7243226087991431, "br": 0.0}, "TF_FE_104": {"avail": 1.0, "util": 0.5711191335740072, "br": 0.0}, "TF_FE_113": {"avail": 1.0, "util": 0.21419975932611313, "br": 0.0}, "TF_FE_131": {"avail": 1.0, "util": 0.7129501064519116, "br": 0.0}, "TF_FE_3": {"avail": 1.0, "util": 0.6776821253355549, "br": 0.0}, "TF_FE_5": {"avail": 1.0, "util": 0.5404980098120892, "br": 0.0}, "TF_Met_FE_45": {"avail": 1.0, "util": 0.17689530685920576, "br": 0.0}, "TF_Met_FE_61": {"avail": 1.0, "util": 0.977506248264371, "br": 0.0}, "WE_BE_14": {"avail": 1.0, "util": 0.0399611219105804, "br": 0.0}, "WE_BE_16": {"avail": 1.0, "util": 0.035615106914745905, "br": 0.0}, "WE_BE_17": {"avail": 1.0, "util": 0.027908914190502638, "br": 0.0}, "WE_BE_7": {"avail": 1.0, "util": 0.034018328242154956, "br": 0.0}, "WE_BE_81": {"avail": 1.0, "util": 0.04984726464870869, "br": 0.0}, "WE_BE_82": {"avail": 1.0, "util": 0.05543213304946157, "br": 0.0}, "WE_BE_9": {"avail": 1.0, "util": 0.07334073868369897, "br": 0.0}, "WE_FE_108": {"avail": 1.0, "util": 0.027659941204071666, "br": 0.0}, "WE_FE_41": {"avail": 1.0, "util": 0.028658705915023605, "br": 0.0}, "WE_FE_47": {"avail": 1.0, "util": 0.02746459316856429, "br": 0.0}, "WE_FE_8": {"avail": 1.0, "util": 0.025895584559844486, "br": 0.0}, "WE_FE_83": {"avail": 1.0, "util": 0.05466074238637416, "br": 0.0}, "WE_FE_84": {"avail": 1.0, "util": 0.03213976509793031, "br": 0.0}, "WE_FE_85": {"avail": 1.0, "util": 0.047486809219661204, "br": 0.0}}, "plugins": {"cost": 429200}}