{"lots": {}, "machines": {"DE_BE_11": {"avail": 1.0, "util": 0.7741054483173633, "br": 0.0}, "DE_BE_12": {"avail": 1.0, "util": 0.0, "br": 0.0}, "DE_BE_13": {"avail": 1.0, "util": 0.836924358796321, "br": 0.0}, "DE_BE_48": {"avail": 1.0, "util": 0.43843658077792225, "br": 0.0}, "DE_BE_50": {"avail": 1.0, "util": 0.138841827523955, "br": 0.0}, "DE_BE_65": {"avail": 1.0, "util": 0.587266919998485, "br": 0.0}, "DE_BE_66": {"avail": 1.0, "util": 0.7270640515614661, "br": 0.0}, "DE_BE_67": {"avail": 1.0, "util": 0.41227859766951563, "br": 0.0}, "DE_BE_69": {"avail": 1.0, "util": 0.1810396704161459, "br": 0.0}, "DE_FE_1": {"avail": 1.0, "util": 0.0, "br": 0.0}, "DE_FE_51": {"avail": 1.0, "util": 0.03037078183585613, "br": 0.0}, "DE_FE_53": {"avail": 1.0, "util": 0.0, "br": 0.0}, "DE_FE_54": {"avail": 1.0, "util": 0.8226172290885525, "br": 0.0}, "DE_FE_56": {"avail": 1.0, "util": 0.5945701985835301, "br": 0.0}, "DE_FE_58": {"avail": 1.0, "util": 0.7371198444660464, "br": 0.0}, "DE_FE_59": {"avail": 1.0, "util": 0.2206117205943619, "br": 0.0}, "DE_FE_62": {"avail": 1.0, "util": 0.09301812656738852, "br": 0.0}, "DE_FE_70": {"avail": 1.0, "util": 0.32404590271553196, "br": 0.0}, "DE_FE_71": {"avail": 1.0, "util": 0.09058155503093707, "br": 0.0}, "DE_FE_72": {"avail": 1.0, "util": 0.2852129123480325, "br": 0.0}, "DE_FE_86": {"avail": 1.0, "util": 0.22666108049964812, "br": 0.0}, "DefMEt_FE_118": {"avail": 1.0, "util": 0.6262324677128177, "br": 0.0}, "DefMet_BE_33": {"avail": 1.0, "util": 0.8282877378141925, "br": 0.0}, "DefMet_BE_42": {"avail": 1.0, "util": 0.9091792806554645, "br": 0.0}, "DefMet_FE_10": {"avail": 1.0, "util": 0.5408970976253298, "br": 0.0}, "DefMet_FE_106": {"avail": 1.0, "util": 0.2584363282877378, "br": 0.0}, "DefMet_FE_34": {"avail": 1.0, "util": 0.5122205249270935, "br": 0.0}, "DefMet_FE_43": {"avail": 1.0, "util": 0.650687404527149, "br": 0.0}, "Delay_32": {"avail": 1.0, "util": 0.10112102485765866, "br": 0.0}, "Dielectric_BE_20": {"avail": 1.0, "util": 0.6306068601583114, "br": 0.0}, "Dielectric_BE_21": {"avail": 1.0, "util": 0.9371152154793316, "br": 0.0}, "Dielectric_BE_27": {"avail": 1.0, "util": 0.8285770494838679, "br": 0.0}, "Dielectric_BE_28": {"avail": 1.0, "util": 0.7348979308429385, "br": 0.0}, "Dielectric_BE_60": {"avail": 1.0, "util": 0.7944266999953711, "br": 0.0}, "Dielectric_FE_112": {"avail": 1.0, "util": 0.6649539415821876, "br": 0.0}, "Dielectric_FE_130": {"avail": 1.0, "util": 0.8746354672962089, "br": 0.0}, "Dielectric_FE_29": {"avail": 1.0, "util": 0.0, "br": 0.0}, "Dielectric_FE_30": {"avail": 1.0, "util": 0.8393278711290099, "br": 0.0}, "Dielectric_FE_31": {"avail": 1.0, "util": 0.4270587418414109, "br": 0.0}, "Diffusion_BE_123": {"avail": 1.0, "util": 0.0, "br": 0.0}, "Diffusion_FE_100": {"avail": 1.0, "util": 0.0, "br": 0.0}, "Diffusion_FE_101": {"avail": 1.0, "util": 0.0, "br": 0.0}, "Diffusion_FE_120": {"avail": 1.0, "util": 0.0, "br": 0.0}, "Diffusion_FE_122": {"avail": 1.0, "util": 0.0, "br": 0.0}, "Diffusion_FE_125": {"avail": 1.0, "util": 0.0, "br": 0.0}, "Diffusion_FE_126": {"avail": 1.0, "util": 0.0, "br": 0.0}, "Diffusion_FE_127": {"avail": 1.0, "util": 0.0, "br": 0.0}, "Diffusion_FE_44": {"avail": 1.0, "util": 0.0, "br": 0.0}, "Diffusion_FE_94": {"avail": 1.0, "util": 0.0, "br": 0.0}, "EPI_36": {"avail": 1.0, "util": 0.010762394111928898, "br": 0.0}, "EPI_38": {"avail": 1.0, "util": 0.6092209415358978, "br": 0.0}, "Implant_119": {"avail": 1.0, "util": 0.008887654492431606, "br": 0.0}, "Implant_128": {"avail": 1.0, "util": 0.05015717513981644, "br": 0.0}, "Implant_132": {"avail": 1.0, "util": 0.025155236375900173, "br": 0.0}, "Implant_74": {"avail": 1.0, "util": 0.03402305235383975, "br": 0.0}, "Implant_88": {"avail": 1.0, "util": 0.0, "br": 0.0}, "Implant_90": {"avail": 1.0, "util": 0.033259269545896405, "br": 0.0}, "Implant_91": {"avail": 1.0, "util": 0.05544864800523737, "br": 0.0}, "LithoMet_BE_18": {"avail": 1.0, "util": 0.9281286689979926, "br": 0.0}, "LithoMet_FE_19": {"avail": 1.0, "util": 0.9343741940603488, "br": 0.0}, "LithoTrack_BE_117": {"avail": 1.0, "util": 0.11467851687265657, "br": 0.0}, "LithoTrack_FE_115": {"avail": 1.0, "util": 0.07230025640070316, "br": 0.0}, "LithoTrack_FE_95": {"avail": 1.0, "util": 0.12906193584224412, "br": 0.0}, "LithoTrack_FE_96": {"avail": 1.0, "util": 0.03027357311484516, "br": 0.0}, "Litho_BE_110": {"avail": 1.0, "util": 0.11393345127186441, "br": 0.0}, "Litho_BE_93": {"avail": 1.0, "util": 0.1307457297597556, "br": 0.0}, "Litho_BE_99": {"avail": 1.0, "util": 0.21501643290283756, "br": 0.0}, "Litho_FE_111": {"avail": 1.0, "util": 0.16826829606999028, "br": 0.0}, "Litho_FE_35": {"avail": 1.0, "util": 0.059366754617414245, "br": 0.0}, "Litho_FE_92": {"avail": 1.0, "util": 0.1246141027421405, "br": 0.0}, "Litho_FE_98": {"avail": 1.0, "util": 0.02273989723649493, "br": 0.0}, "Litho_REG_BE_63": {"avail": 1.0, "util": 0.8531280377725315, "br": 0.0}, "Litho_REG_FE_64": {"avail": 1.0, "util": 0.8973290746655558, "br": 0.0}, "Planar_BE_75": {"avail": 1.0, "util": 0.712371297637233, "br": 0.0}, "Planar_FE_76": {"avail": 1.0, "util": 0.9331342869045965, "br": 0.0}, "Planar_FE_77": {"avail": 1.0, "util": 0.7187890570754062, "br": 0.0}, "Planar_FE_78": {"avail": 1.0, "util": 0.41549784752117763, "br": 0.0}, "Planar_FE_79": {"avail": 1.0, "util": 0.3193653659213998, "br": 0.0}, "Planar_FE_80": {"avail": 1.0, "util": 0.48243299541730317, "br": 0.0}, "TF_BE_2": {"avail": 1.0, "util": 0.5257255936675461, "br": 0.0}, "TF_BE_23": {"avail": 1.0, "util": 0.5970599321522805, "br": 0.0}, "TF_BE_24": {"avail": 1.0, "util": 0.724343841133176, "br": 0.0}, "TF_BE_26": {"avail": 1.0, "util": 0.5307275698887975, "br": 0.0}, "TF_BE_40": {"avail": 1.0, "util": 0.6004884942450803, "br": 0.0}, "TF_FE_103": {"avail": 1.0, "util": 0.7210506477274983, "br": 0.0}, "TF_FE_104": {"avail": 1.0, "util": 0.5651437300374947, "br": 0.0}, "TF_FE_113": {"avail": 1.0, "util": 0.21770124519742629, "br": 0.0}, "TF_FE_131": {"avail": 1.0, "util": 0.7128870990140258, "br": 0.0}, "TF_FE_3": {"avail": 1.0, "util": 0.6711104939128825, "br": 0.0}, "TF_FE_5": {"avail": 1.0, "util": 0.5401101698838124, "br": 0.0}, "TF_Met_FE_45": {"avail": 1.0, "util": 0.17865574225801972, "br": 0.0}, "TF_Met_FE_61": {"avail": 1.0, "util": 0.9626440772114984, "br": 0.0}, "WE_BE_14": {"avail": 1.0, "util": 0.03546729620885988, "br": 0.0}, "WE_BE_16": {"avail": 1.0, "util": 0.04110540202749618, "br": 0.0}, "WE_BE_17": {"avail": 1.0, "util": 0.023330093042632966, "br": 0.0}, "WE_BE_7": {"avail": 1.0, "util": 0.03402305235383975, "br": 0.0}, "WE_BE_81": {"avail": 1.0, "util": 0.03490255982965329, "br": 0.0}, "WE_BE_82": {"avail": 1.0, "util": 0.05036337545711244, "br": 0.0}, "WE_BE_9": {"avail": 1.0, "util": 0.07043466185252048, "br": 0.0}, "WE_FE_108": {"avail": 1.0, "util": 0.02642353312997716, "br": 0.0}, "WE_FE_41": {"avail": 1.0, "util": 0.028607137897514234, "br": 0.0}, "WE_FE_47": {"avail": 1.0, "util": 0.027551728926537983, "br": 0.0}, "WE_FE_8": {"avail": 1.0, "util": 0.026038050270795723, "br": 0.0}, "WE_FE_83": {"avail": 1.0, "util": 0.05459889830116188, "br": 0.0}, "WE_FE_84": {"avail": 1.0, "util": 0.030869895521046912, "br": 0.0}, "WE_FE_85": {"avail": 1.0, "util": 0.047979447298986254, "br": 0.0}}, "plugins": {"cost": 429200}}