{"lots": {}, "machines": {"DE_BE_11": {"avail": 1.0, "util": 0.7368745758529212, "br": 0.0}, "DE_BE_12": {"avail": 1.0, "util": 0.0, "br": 0.0}, "DE_BE_13": {"avail": 1.0, "util": 0.8398752829624567, "br": 0.0}, "DE_BE_48": {"avail": 1.0, "util": 0.4443995759931351, "br": 0.0}, "DE_BE_50": {"avail": 1.0, "util": 0.31397834536368685, "br": 0.0}, "DE_BE_65": {"avail": 1.0, "util": 0.6650724345060824, "br": 0.0}, "DE_BE_66": {"avail": 1.0, "util": 0.7744798641277721, "br": 0.0}, "DE_BE_67": {"avail": 1.0, "util": 0.41960274594922015, "br": 0.0}, "DE_BE_69": {"avail": 1.0, "util": 0.18642420877290394, "br": 0.0}, "DE_FE_1": {"avail": 1.0, "util": 0.0, "br": 0.0}, "DE_FE_51": {"avail": 1.0, "util": 0.030170738478622987, "br": 0.0}, "DE_FE_53": {"avail": 1.0, "util": 0.0, "br": 0.0}, "DE_FE_54": {"avail": 1.0, "util": 0.8176013325930039, "br": 0.0}, "DE_FE_56": {"avail": 1.0, "util": 0.5957801221543587, "br": 0.0}, "DE_FE_58": {"avail": 1.0, "util": 0.7406302054414214, "br": 0.0}, "DE_FE_59": {"avail": 1.0, "util": 0.40482717934480844, "br": 0.0}, "DE_FE_62": {"avail": 1.0, "util": 0.12330567985106312, "br": 0.0}, "DE_FE_70": {"avail": 1.0, "util": 0.31631416889606784, "br": 0.0}, "DE_FE_71": {"avail": 1.0, "util": 0.27167777160836576, "br": 0.0}, "DE_FE_72": {"avail": 1.0, "util": 0.2360935843723184, "br": 0.0}, "DE_FE_86": {"avail": 1.0, "util": 0.22079659134755644, "br": 0.0}, "DefMEt_FE_118": {"avail": 1.0, "util": 0.6282620766240977, "br": 0.0}, "DefMet_BE_33": {"avail": 1.0, "util": 0.7950444197667962, "br": 0.0}, "DefMet_BE_42": {"avail": 1.0, "util": 0.9106052193225985, "br": 0.0}, "DefMet_FE_10": {"avail": 1.0, "util": 0.3899222654081066, "br": 0.0}, "DefMet_FE_106": {"avail": 1.0, "util": 0.25916157690172126, "br": 0.0}, "DefMet_FE_34": {"avail": 1.0, "util": 0.40720433092726266, "br": 0.0}, "DefMet_FE_43": {"avail": 1.0, "util": 0.6376735147140478, "br": 0.0}, "Delay_32": {"avail": 1.0, "util": 0.09100812048861742, "br": 0.0}, "Dielectric_BE_20": {"avail": 1.0, "util": 0.8222376457523598, "br": 0.0}, "Dielectric_BE_21": {"avail": 1.0, "util": 0.9553720155469184, "br": 0.0}, "Dielectric_BE_27": {"avail": 1.0, "util": 0.7876758282435684, "br": 0.0}, "Dielectric_BE_28": {"avail": 1.0, "util": 0.8331945215620951, "br": 0.0}, "Dielectric_BE_60": {"avail": 1.0, "util": 0.8380992041458449, "br": 0.0}, "Dielectric_FE_112": {"avail": 1.0, "util": 0.6646770312789191, "br": 0.0}, "Dielectric_FE_130": {"avail": 1.0, "util": 0.8695169350360911, "br": 0.0}, "Dielectric_FE_29": {"avail": 1.0, "util": 0.13228761799000555, "br": 0.0}, "Dielectric_FE_30": {"avail": 1.0, "util": 0.8316213214880622, "br": 0.0}, "Dielectric_FE_31": {"avail": 1.0, "util": 0.4235494169905608, "br": 0.0}, "Diffusion_BE_123": {"avail": 1.0, "util": 0.0, "br": 0.0}, "Diffusion_FE_100": {"avail": 1.0, "util": 0.0, "br": 0.0}, "Diffusion_FE_101": {"avail": 1.0, "util": 0.0, "br": 0.0}, "Diffusion_FE_120": {"avail": 1.0, "util": 0.0, "br": 0.0}, "Diffusion_FE_122": {"avail": 1.0, "util": 0.0, "br": 0.0}, "Diffusion_FE_125": {"avail": 1.0, "util": 0.0, "br": 0.0}, "Diffusion_FE_126": {"avail": 1.0, "util": 0.0, "br": 0.0}, "Diffusion_FE_127": {"avail": 1.0, "util": 0.0, "br": 0.0}, "Diffusion_FE_44": {"avail": 1.0, "util": 0.0, "br": 0.0}, "Diffusion_FE_94": {"avail": 1.0, "util": 0.0, "br": 0.0}, "EPI_36": {"avail": 1.0, "util": 0.014228206551915602, "br": 0.0}, "EPI_38": {"avail": 1.0, "util": 0.608411993337035, "br": 0.0}, "Implant_119": {"avail": 1.0, "util": 0.013534147695724598, "br": 0.0}, "Implant_128": {"avail": 1.0, "util": 0.04496239462924638, "br": 0.0}, "Implant_132": {"avail": 1.0, "util": 0.03396922344729119, "br": 0.0}, "Implant_74": {"avail": 1.0, "util": 0.03400888395335924, "br": 0.0}, "Implant_88": {"avail": 1.0, "util": 0.0, "br": 0.0}, "Implant_90": {"avail": 1.0, "util": 0.03324541921154914, "br": 0.0}, "Implant_91": {"avail": 1.0, "util": 0.05532640596494011, "br": 0.0}, "LithoMet_BE_18": {"avail": 1.0, "util": 0.8917772954419262, "br": 0.0}, "LithoMet_FE_19": {"avail": 1.0, "util": 0.9160585389069565, "br": 0.0}, "LithoTrack_BE_117": {"avail": 1.0, "util": 0.11410327595780122, "br": 0.0}, "LithoTrack_FE_115": {"avail": 1.0, "util": 0.07230400455031757, "br": 0.0}, "LithoTrack_FE_95": {"avail": 1.0, "util": 0.1305698223209328, "br": 0.0}, "LithoTrack_FE_96": {"avail": 1.0, "util": 0.03039977790116602, "br": 0.0}, "Litho_BE_110": {"avail": 1.0, "util": 0.11121236993940564, "br": 0.0}, "Litho_BE_93": {"avail": 1.0, "util": 0.1310730149916713, "br": 0.0}, "Litho_BE_99": {"avail": 1.0, "util": 0.2153433277808625, "br": 0.0}, "Litho_FE_111": {"avail": 1.0, "util": 0.16599111604664074, "br": 0.0}, "Litho_FE_35": {"avail": 1.0, "util": 0.06746252082176568, "br": 0.0}, "Litho_FE_92": {"avail": 1.0, "util": 0.12748259513945243, "br": 0.0}, "Litho_FE_98": {"avail": 1.0, "util": 0.016032759578012215, "br": 0.0}, "Litho_REG_BE_63": {"avail": 1.0, "util": 0.8656128539700166, "br": 0.0}, "Litho_REG_FE_64": {"avail": 1.0, "util": 0.8871113270405331, "br": 0.0}, "Planar_BE_75": {"avail": 1.0, "util": 0.6772229713651146, "br": 0.0}, "Planar_FE_76": {"avail": 1.0, "util": 0.9401721265963354, "br": 0.0}, "Planar_FE_77": {"avail": 1.0, "util": 0.7173098278734037, "br": 0.0}, "Planar_FE_78": {"avail": 1.0, "util": 0.42469461410327597, "br": 0.0}, "Planar_FE_79": {"avail": 1.0, "util": 0.32020405330372015, "br": 0.0}, "Planar_FE_80": {"avail": 1.0, "util": 0.4880621876735147, "br": 0.0}, "TF_BE_2": {"avail": 1.0, "util": 0.5293586896168795, "br": 0.0}, "TF_BE_23": {"avail": 1.0, "util": 0.5993793130800349, "br": 0.0}, "TF_BE_24": {"avail": 1.0, "util": 0.7266102165463632, "br": 0.0}, "TF_BE_26": {"avail": 1.0, "util": 0.5796138897193868, "br": 0.0}, "TF_BE_40": {"avail": 1.0, "util": 0.5850834503707091, "br": 0.0}, "TF_FE_103": {"avail": 1.0, "util": 0.7345324026334575, "br": 0.0}, "TF_FE_104": {"avail": 1.0, "util": 0.566129927817879, "br": 0.0}, "TF_FE_113": {"avail": 1.0, "util": 0.2231630575606145, "br": 0.0}, "TF_FE_131": {"avail": 1.0, "util": 0.7128215806033685, "br": 0.0}, "TF_FE_3": {"avail": 1.0, "util": 0.6753655376642606, "br": 0.0}, "TF_FE_5": {"avail": 1.0, "util": 0.5378493429576161, "br": 0.0}, "TF_Met_FE_45": {"avail": 1.0, "util": 0.17455580233203777, "br": 0.0}, "TF_Met_FE_61": {"avail": 1.0, "util": 0.9920877290394226, "br": 0.0}, "WE_BE_14": {"avail": 1.0, "util": 0.039394780677401445, "br": 0.0}, "WE_BE_16": {"avail": 1.0, "util": 0.03761799000555247, "br": 0.0}, "WE_BE_17": {"avail": 1.0, "util": 0.032690172126596334, "br": 0.0}, "WE_BE_7": {"avail": 1.0, "util": 0.03400888395335924, "br": 0.0}, "WE_BE_81": {"avail": 1.0, "util": 0.046872108088099204, "br": 0.0}, "WE_BE_82": {"avail": 1.0, "util": 0.05122154358689617, "br": 0.0}, "WE_BE_9": {"avail": 1.0, "util": 0.07540255413659079, "br": 0.0}, "WE_FE_108": {"avail": 1.0, "util": 0.02599130751115281, "br": 0.0}, "WE_FE_41": {"avail": 1.0, "util": 0.03142698500832871, "br": 0.0}, "WE_FE_47": {"avail": 1.0, "util": 0.030649639089394783, "br": 0.0}, "WE_FE_8": {"avail": 1.0, "util": 0.02623542476401999, "br": 0.0}, "WE_FE_83": {"avail": 1.0, "util": 0.05462243198223209, "br": 0.0}, "WE_FE_84": {"avail": 1.0, "util": 0.030473266485939184, "br": 0.0}, "WE_FE_85": {"avail": 1.0, "util": 0.04775124930594114, "br": 0.0}}, "plugins": {"cost": 429200}}