{"lots": {}, "machines": {"DE_BE_11": {"avail": 1.0, "util": 0.8644065705632351, "br": 0.0}, "DE_BE_12": {"avail": 1.0, "util": 0.5685734905742679, "br": 0.0}, "DE_BE_13": {"avail": 1.0, "util": 0.7752904953260251, "br": 0.0}, "DE_BE_48": {"avail": 1.0, "util": 0.8610599415573601, "br": 0.0}, "DE_BE_50": {"avail": 1.0, "util": 0.7425914617220896, "br": 0.0}, "DE_BE_65": {"avail": 1.0, "util": 0.7815416138849215, "br": 0.0}, "DE_BE_66": {"avail": 1.0, "util": 0.7982143615232136, "br": 0.0}, "DE_BE_67": {"avail": 1.0, "util": 0.8215278864254604, "br": 0.0}, "DE_BE_69": {"avail": 1.0, "util": 0.2958603971205981, "br": 0.0}, "DE_FE_1": {"avail": 1.0, "util": 0.897762726919447, "br": 0.0}, "DE_FE_51": {"avail": 1.0, "util": 0.5392771886970521, "br": 0.0}, "DE_FE_53": {"avail": 1.0, "util": 0.11117526231055348, "br": 0.0}, "DE_FE_54": {"avail": 1.0, "util": 0.973963248764781, "br": 0.0}, "DE_FE_56": {"avail": 1.0, "util": 0.9581413423638483, "br": 0.0}, "DE_FE_58": {"avail": 1.0, "util": 0.8752290012768557, "br": 0.0}, "DE_FE_59": {"avail": 1.0, "util": 0.7892147338033643, "br": 0.0}, "DE_FE_62": {"avail": 1.0, "util": 0.6179393313979119, "br": 0.0}, "DE_FE_70": {"avail": 1.0, "util": 0.8798897765755036, "br": 0.0}, "DE_FE_71": {"avail": 1.0, "util": 0.7479598068061956, "br": 0.0}, "DE_FE_72": {"avail": 1.0, "util": 0.21084772109032365, "br": 0.0}, "DE_FE_86": {"avail": 1.0, "util": 0.7808931779025883, "br": 0.0}, "DefMEt_FE_118": {"avail": 1.0, "util": 0.24990284794315218, "br": 0.0}, "DefMet_BE_33": {"avail": 1.0, "util": 0.9273302614778216, "br": 0.0}, "DefMet_BE_42": {"avail": 1.0, "util": 0.9802920113251541, "br": 0.0}, "DefMet_FE_10": {"avail": 1.0, "util": 0.521456725698107, "br": 0.0}, "DefMet_FE_106": {"avail": 1.0, "util": 0.10553489146727364, "br": 0.0}, "DefMet_FE_34": {"avail": 1.0, "util": 0.726225503802809, "br": 0.0}, "DefMet_FE_43": {"avail": 1.0, "util": 0.8930550158219064, "br": 0.0}, "Delay_32": {"avail": 1.0, "util": 0.3105886026758452, "br": 0.0}, "Dielectric_BE_20": {"avail": 1.0, "util": 0.8935546549714095, "br": 0.0}, "Dielectric_BE_21": {"avail": 1.0, "util": 0.9158755713466201, "br": 0.0}, "Dielectric_BE_27": {"avail": 1.0, "util": 0.895667943522271, "br": 0.0}, "Dielectric_BE_28": {"avail": 1.0, "util": 0.8720553674198265, "br": 0.0}, "Dielectric_BE_60": {"avail": 1.0, "util": 0.9146079683191768, "br": 0.0}, "Dielectric_FE_112": {"avail": 1.0, "util": 0.42170777894977085, "br": 0.0}, "Dielectric_FE_130": {"avail": 1.0, "util": 0.34501471159717984, "br": 0.0}, "Dielectric_FE_29": {"avail": 1.0, "util": 0.929254797461093, "br": 0.0}, "Dielectric_FE_30": {"avail": 1.0, "util": 0.8940209848442792, "br": 0.0}, "Dielectric_FE_31": {"avail": 1.0, "util": 0.2296258257924832, "br": 0.0}, "Diffusion_BE_123": {"avail": 1.0, "util": 0.0, "br": 0.0}, "Diffusion_FE_100": {"avail": 1.0, "util": 0.0, "br": 0.0}, "Diffusion_FE_101": {"avail": 1.0, "util": 0.0, "br": 0.0}, "Diffusion_FE_120": {"avail": 1.0, "util": 0.0, "br": 0.0}, "Diffusion_FE_122": {"avail": 1.0, "util": 0.0, "br": 0.0}, "Diffusion_FE_125": {"avail": 1.0, "util": 0.0, "br": 0.0}, "Diffusion_FE_126": {"avail": 1.0, "util": 0.0, "br": 0.0}, "Diffusion_FE_127": {"avail": 1.0, "util": 0.0, "br": 0.0}, "Diffusion_FE_44": {"avail": 1.0, "util": 0.0, "br": 0.0}, "Diffusion_FE_94": {"avail": 1.0, "util": 0.0, "br": 0.0}, "EPI_36": {"avail": 1.0, "util": 0.010076056181646588, "br": 0.0}, "EPI_38": {"avail": 1.0, "util": 0.26530838838616555, "br": 0.0}, "Implant_119": {"avail": 1.0, "util": 0.04399600288680398, "br": 0.0}, "Implant_128": {"avail": 1.0, "util": 0.03309226164941482, "br": 0.0}, "Implant_132": {"avail": 1.0, "util": 0.033079284009167986, "br": 0.0}, "Implant_74": {"avail": 1.0, "util": 0.013601287958696497, "br": 0.0}, "Implant_88": {"avail": 1.0, "util": 0.005718092488758119, "br": 0.0}, "Implant_90": {"avail": 1.0, "util": 0.04951979126186643, "br": 0.0}, "Implant_91": {"avail": 1.0, "util": 0.04625230983971893, "br": 0.0}, "LithoMet_BE_18": {"avail": 1.0, "util": 0.9675083147020082, "br": 0.0}, "LithoMet_FE_19": {"avail": 1.0, "util": 0.954921445622606, "br": 0.0}, "LithoTrack_BE_117": {"avail": 1.0, "util": 0.07036029534225283, "br": 0.0}, "LithoTrack_FE_115": {"avail": 1.0, "util": 0.04290261911112976, "br": 0.0}, "LithoTrack_FE_95": {"avail": 1.0, "util": 0.06601204685504913, "br": 0.0}, "LithoTrack_FE_96": {"avail": 1.0, "util": 0.015072447676677954, "br": 0.0}, "Litho_BE_110": {"avail": 1.0, "util": 0.06111286775975805, "br": 0.0}, "Litho_BE_93": {"avail": 1.0, "util": 0.0668961305723644, "br": 0.0}, "Litho_BE_99": {"avail": 1.0, "util": 0.10657118007365052, "br": 0.0}, "Litho_FE_111": {"avail": 1.0, "util": 0.08782823516349303, "br": 0.0}, "Litho_FE_35": {"avail": 1.0, "util": 0.05038028090823294, "br": 0.0}, "Litho_FE_92": {"avail": 1.0, "util": 0.06653314486546043, "br": 0.0}, "Litho_FE_98": {"avail": 1.0, "util": 0.026716815633153833, "br": 0.0}, "Litho_REG_BE_63": {"avail": 1.0, "util": 0.9542066840615111, "br": 0.0}, "Litho_REG_FE_64": {"avail": 1.0, "util": 0.9537047317677972, "br": 0.0}, "Planar_BE_75": {"avail": 1.0, "util": 0.8630830114758389, "br": 0.0}, "Planar_FE_76": {"avail": 1.0, "util": 0.9309110087159274, "br": 0.0}, "Planar_FE_77": {"avail": 1.0, "util": 0.8642924554488425, "br": 0.0}, "Planar_FE_78": {"avail": 1.0, "util": 0.1669627491256315, "br": 0.0}, "Planar_FE_79": {"avail": 1.0, "util": 0.25517681674346304, "br": 0.0}, "Planar_FE_80": {"avail": 1.0, "util": 0.2583411980236496, "br": 0.0}, "TF_BE_2": {"avail": 1.0, "util": 0.3755204574473991, "br": 0.0}, "TF_BE_23": {"avail": 1.0, "util": 0.648979705133594, "br": 0.0}, "TF_BE_24": {"avail": 1.0, "util": 0.8658052517626159, "br": 0.0}, "TF_BE_26": {"avail": 1.0, "util": 0.6613684988192289, "br": 0.0}, "TF_BE_40": {"avail": 1.0, "util": 0.7403280637186869, "br": 0.0}, "TF_FE_103": {"avail": 1.0, "util": 0.6297356670975723, "br": 0.0}, "TF_FE_104": {"avail": 1.0, "util": 0.6874590573474713, "br": 0.0}, "TF_FE_113": {"avail": 1.0, "util": 0.08697422232091638, "br": 0.0}, "TF_FE_131": {"avail": 1.0, "util": 0.8511908066396492, "br": 0.0}, "TF_FE_3": {"avail": 1.0, "util": 0.3614796720886767, "br": 0.0}, "TF_FE_5": {"avail": 1.0, "util": 0.2891245211791484, "br": 0.0}, "TF_Met_FE_45": {"avail": 1.0, "util": 0.06978293454727141, "br": 0.0}, "TF_Met_FE_61": {"avail": 1.0, "util": 0.9899239438183534, "br": 0.0}, "WE_BE_14": {"avail": 1.0, "util": 0.042080719480375284, "br": 0.0}, "WE_BE_16": {"avail": 1.0, "util": 0.0365708099705768, "br": 0.0}, "WE_BE_17": {"avail": 1.0, "util": 0.03189363237661689, "br": 0.0}, "WE_BE_7": {"avail": 1.0, "util": 0.027369122300560707, "br": 0.0}, "WE_BE_81": {"avail": 1.0, "util": 0.040378245341327564, "br": 0.0}, "WE_BE_82": {"avail": 1.0, "util": 0.042870272704281474, "br": 0.0}, "WE_BE_9": {"avail": 1.0, "util": 0.04775439960028868, "br": 0.0}, "WE_FE_108": {"avail": 1.0, "util": 0.04360069451756107, "br": 0.0}, "WE_FE_41": {"avail": 1.0, "util": 0.03204352412146783, "br": 0.0}, "WE_FE_47": {"avail": 1.0, "util": 0.036729029034586136, "br": 0.0}, "WE_FE_8": {"avail": 1.0, "util": 0.029284405706989397, "br": 0.0}, "WE_FE_83": {"avail": 1.0, "util": 0.03663095172005404, "br": 0.0}, "WE_FE_84": {"avail": 1.0, "util": 0.03727046806064901, "br": 0.0}, "WE_FE_85": {"avail": 1.0, "util": 0.029839560317548437, "br": 0.0}}, "plugins": {"cost": 429025.13122685184}}