{"lots": {}, "machines": {"DE_BE_11": {"avail": 1.0, "util": 0.7802346570397112, "br": 0.0}, "DE_BE_12": {"avail": 1.0, "util": 0.7113147582461662, "br": 0.0}, "DE_BE_13": {"avail": 1.0, "util": 0.7869870803083799, "br": 0.0}, "DE_BE_48": {"avail": 1.0, "util": 0.8234171063593446, "br": 0.0}, "DE_BE_50": {"avail": 1.0, "util": 0.879508778425746, "br": 0.0}, "DE_BE_65": {"avail": 1.0, "util": 0.6796845647450872, "br": 0.0}, "DE_BE_66": {"avail": 1.0, "util": 0.7666218448091904, "br": 0.0}, "DE_BE_67": {"avail": 1.0, "util": 0.8122257706192724, "br": 0.0}, "DE_BE_69": {"avail": 1.0, "util": 0.8297347958900305, "br": 0.0}, "DE_FE_1": {"avail": 1.0, "util": 0.5606280001586861, "br": 0.0}, "DE_FE_51": {"avail": 1.0, "util": 0.5337625513380786, "br": 0.0}, "DE_FE_53": {"avail": 1.0, "util": 0.6770758122743683, "br": 0.0}, "DE_FE_54": {"avail": 1.0, "util": 0.815037489586226, "br": 0.0}, "DE_FE_56": {"avail": 1.0, "util": 0.751562066092752, "br": 0.0}, "DE_FE_58": {"avail": 1.0, "util": 0.48745718781819863, "br": 0.0}, "DE_FE_59": {"avail": 1.0, "util": 0.824275664167361, "br": 0.0}, "DE_FE_62": {"avail": 1.0, "util": 0.6389693339151823, "br": 0.0}, "DE_FE_70": {"avail": 1.0, "util": 0.8102770597910837, "br": 0.0}, "DE_FE_71": {"avail": 1.0, "util": 0.6883231840361804, "br": 0.0}, "DE_FE_72": {"avail": 1.0, "util": 0.8683698972507636, "br": 0.0}, "DE_FE_86": {"avail": 1.0, "util": 0.6526150143478663, "br": 0.0}, "DefMEt_FE_118": {"avail": 1.0, "util": 0.3781935573451819, "br": 0.0}, "DefMet_BE_33": {"avail": 1.0, "util": 0.9329700083310192, "br": 0.0}, "DefMet_BE_42": {"avail": 1.0, "util": 0.984309913912802, "br": 0.0}, "DefMet_FE_10": {"avail": 1.0, "util": 0.6674534851430158, "br": 0.0}, "DefMet_FE_106": {"avail": 1.0, "util": 0.4511941127464593, "br": 0.0}, "DefMet_FE_34": {"avail": 1.0, "util": 0.6455151346848098, "br": 0.0}, "DefMet_FE_43": {"avail": 1.0, "util": 0.9672660372118855, "br": 0.0}, "Delay_32": {"avail": 1.0, "util": 0.38777787420161064, "br": 0.0}, "Dielectric_BE_20": {"avail": 1.0, "util": 0.9080116634268259, "br": 0.0}, "Dielectric_BE_21": {"avail": 1.0, "util": 0.9736878644820883, "br": 0.0}, "Dielectric_BE_27": {"avail": 1.0, "util": 0.811057113764695, "br": 0.0}, "Dielectric_BE_28": {"avail": 1.0, "util": 0.8237121632879756, "br": 0.0}, "Dielectric_BE_60": {"avail": 1.0, "util": 0.8858303249097473, "br": 0.0}, "Dielectric_FE_112": {"avail": 1.0, "util": 0.9061163565676201, "br": 0.0}, "Dielectric_FE_130": {"avail": 1.0, "util": 0.8245799777839489, "br": 0.0}, "Dielectric_FE_29": {"avail": 1.0, "util": 0.970216606498195, "br": 0.0}, "Dielectric_FE_30": {"avail": 1.0, "util": 0.9739655651207998, "br": 0.0}, "Dielectric_FE_31": {"avail": 1.0, "util": 0.937985976117745, "br": 0.0}, "Diffusion_BE_123": {"avail": 1.0, "util": 0.0, "br": 0.0}, "Diffusion_FE_100": {"avail": 1.0, "util": 0.0, "br": 0.0}, "Diffusion_FE_101": {"avail": 1.0, "util": 0.0, "br": 0.0}, "Diffusion_FE_120": {"avail": 1.0, "util": 0.0, "br": 0.0}, "Diffusion_FE_122": {"avail": 1.0, "util": 0.0, "br": 0.0}, "Diffusion_FE_125": {"avail": 1.0, "util": 0.0, "br": 0.0}, "Diffusion_FE_126": {"avail": 1.0, "util": 0.0, "br": 0.0}, "Diffusion_FE_127": {"avail": 1.0, "util": 0.0, "br": 0.0}, "Diffusion_FE_44": {"avail": 1.0, "util": 0.0, "br": 0.0}, "Diffusion_FE_94": {"avail": 1.0, "util": 0.0, "br": 0.0}, "EPI_36": {"avail": 1.0, "util": 0.008955845598444876, "br": 0.0}, "EPI_38": {"avail": 1.0, "util": 0.02228547625659539, "br": 0.0}, "Implant_119": {"avail": 1.0, "util": 0.0232227159122466, "br": 0.0}, "Implant_128": {"avail": 1.0, "util": 0.0562204943071369, "br": 0.0}, "Implant_132": {"avail": 1.0, "util": 0.03710774784782005, "br": 0.0}, "Implant_74": {"avail": 1.0, "util": 0.008504582060538739, "br": 0.0}, "Implant_88": {"avail": 1.0, "util": 0.01777284087753402, "br": 0.0}, "Implant_90": {"avail": 1.0, "util": 0.036760622049430716, "br": 0.0}, "Implant_91": {"avail": 1.0, "util": 0.04656114042395631, "br": 0.0}, "LithoMet_BE_18": {"avail": 1.0, "util": 0.9604703821588021, "br": 0.0}, "LithoMet_FE_19": {"avail": 1.0, "util": 0.9425082538800951, "br": 0.0}, "LithoTrack_BE_117": {"avail": 1.0, "util": 0.12360455429047487, "br": 0.0}, "LithoTrack_FE_115": {"avail": 1.0, "util": 0.05146990759647375, "br": 0.0}, "LithoTrack_FE_95": {"avail": 1.0, "util": 0.062195025191415086, "br": 0.0}, "LithoTrack_FE_96": {"avail": 1.0, "util": 0.003748958622604832, "br": 0.0}, "Litho_BE_110": {"avail": 1.0, "util": 0.07079382711151663, "br": 0.0}, "Litho_BE_93": {"avail": 1.0, "util": 0.06259835230954364, "br": 0.0}, "Litho_BE_99": {"avail": 1.0, "util": 0.22091085809497363, "br": 0.0}, "Litho_FE_111": {"avail": 1.0, "util": 0.10673487162656839, "br": 0.0}, "Litho_FE_35": {"avail": 1.0, "util": 0.0501596778672591, "br": 0.0}, "Litho_FE_92": {"avail": 1.0, "util": 0.103874765427112, "br": 0.0}, "Litho_FE_98": {"avail": 1.0, "util": 0.11559289086364899, "br": 0.0}, "Litho_REG_BE_63": {"avail": 1.0, "util": 0.9542227853374062, "br": 0.0}, "Litho_REG_FE_64": {"avail": 1.0, "util": 0.9541397230927916, "br": 0.0}, "Planar_BE_75": {"avail": 1.0, "util": 0.8470216606498195, "br": 0.0}, "Planar_FE_76": {"avail": 1.0, "util": 0.15414699620475794, "br": 0.0}, "Planar_FE_77": {"avail": 1.0, "util": 0.8979450152735351, "br": 0.0}, "Planar_FE_78": {"avail": 1.0, "util": 0.7352471535684532, "br": 0.0}, "Planar_FE_79": {"avail": 1.0, "util": 0.9478755901138574, "br": 0.0}, "Planar_FE_80": {"avail": 1.0, "util": 0.965981671757845, "br": 0.0}, "TF_BE_2": {"avail": 1.0, "util": 0.33403915579005833, "br": 0.0}, "TF_BE_23": {"avail": 1.0, "util": 0.5200967567488564, "br": 0.0}, "TF_BE_24": {"avail": 1.0, "util": 0.2899472368786448, "br": 0.0}, "TF_BE_26": {"avail": 1.0, "util": 0.5881144126631491, "br": 0.0}, "TF_BE_40": {"avail": 1.0, "util": 0.7107516430621124, "br": 0.0}, "TF_FE_103": {"avail": 1.0, "util": 0.7401763399055817, "br": 0.0}, "TF_FE_104": {"avail": 1.0, "util": 0.46207997778394894, "br": 0.0}, "TF_FE_113": {"avail": 1.0, "util": 0.49757011941127466, "br": 0.0}, "TF_FE_131": {"avail": 1.0, "util": 0.3999814866240859, "br": 0.0}, "TF_FE_3": {"avail": 1.0, "util": 0.8332754790336018, "br": 0.0}, "TF_FE_5": {"avail": 1.0, "util": 0.20206192724243266, "br": 0.0}, "TF_Met_FE_45": {"avail": 1.0, "util": 0.10733129686198278, "br": 0.0}, "TF_Met_FE_61": {"avail": 1.0, "util": 0.9876076089975007, "br": 0.0}, "WE_BE_14": {"avail": 1.0, "util": 0.04202999166898084, "br": 0.0}, "WE_BE_16": {"avail": 1.0, "util": 0.04557376037520442, "br": 0.0}, "WE_BE_17": {"avail": 1.0, "util": 0.03742016106637045, "br": 0.0}, "WE_BE_7": {"avail": 1.0, "util": 0.005692863093585116, "br": 0.0}, "WE_BE_81": {"avail": 1.0, "util": 0.05783115801166343, "br": 0.0}, "WE_BE_82": {"avail": 1.0, "util": 0.07108442099416828, "br": 0.0}, "WE_BE_9": {"avail": 1.0, "util": 0.05188043003927481, "br": 0.0}, "WE_FE_108": {"avail": 1.0, "util": 0.04368231046931408, "br": 0.0}, "WE_FE_41": {"avail": 1.0, "util": 0.037781171896695366, "br": 0.0}, "WE_FE_47": {"avail": 1.0, "util": 0.03768629084513561, "br": 0.0}, "WE_FE_8": {"avail": 1.0, "util": 0.05269369619550125, "br": 0.0}, "WE_FE_83": {"avail": 1.0, "util": 0.04733804102035149, "br": 0.0}, "WE_FE_84": {"avail": 1.0, "util": 0.04200607855842513, "br": 0.0}, "WE_FE_85": {"avail": 1.0, "util": 0.02381282976950847, "br": 0.0}}, "plugins": {"cost": 448000.0}}