{"lots": {}, "machines": {"DE_BE_11": {"avail": 1.0, "util": 0.6362517353077279, "br": 0.0}, "DE_BE_12": {"avail": 1.0, "util": 0.9414879942413491, "br": 0.0}, "DE_BE_13": {"avail": 1.0, "util": 0.5841431436063551, "br": 0.0}, "DE_BE_48": {"avail": 1.0, "util": 0.6499305876908839, "br": 0.0}, "DE_BE_50": {"avail": 1.0, "util": 0.8529795876394674, "br": 0.0}, "DE_BE_65": {"avail": 1.0, "util": 0.7387756213082178, "br": 0.0}, "DE_BE_66": {"avail": 1.0, "util": 0.6658418373559999, "br": 0.0}, "DE_BE_67": {"avail": 1.0, "util": 0.6798611753817677, "br": 0.0}, "DE_BE_69": {"avail": 1.0, "util": 0.7468764460897732, "br": 0.0}, "DE_FE_1": {"avail": 1.0, "util": 0.7457129635750644, "br": 0.0}, "DE_FE_51": {"avail": 1.0, "util": 0.6763486689885286, "br": 0.0}, "DE_FE_53": {"avail": 1.0, "util": 0.5527440999537251, "br": 0.0}, "DE_FE_54": {"avail": 1.0, "util": 0.5427857473391948, "br": 0.0}, "DE_FE_56": {"avail": 1.0, "util": 0.6045812124016658, "br": 0.0}, "DE_FE_58": {"avail": 1.0, "util": 0.6525991053524602, "br": 0.0}, "DE_FE_59": {"avail": 1.0, "util": 0.6932469535708777, "br": 0.0}, "DE_FE_62": {"avail": 1.0, "util": 0.8352945065115357, "br": 0.0}, "DE_FE_70": {"avail": 1.0, "util": 0.6818282134339515, "br": 0.0}, "DE_FE_71": {"avail": 1.0, "util": 0.755662061215046, "br": 0.0}, "DE_FE_72": {"avail": 1.0, "util": 0.8676332973417656, "br": 0.0}, "DE_FE_86": {"avail": 1.0, "util": 0.7743781171268446, "br": 0.0}, "DefMEt_FE_118": {"avail": 1.0, "util": 0.5006941230911615, "br": 0.0}, "DefMet_BE_33": {"avail": 1.0, "util": 0.8628412771864877, "br": 0.0}, "DefMet_BE_42": {"avail": 1.0, "util": 0.9644608977325312, "br": 0.0}, "DefMet_FE_10": {"avail": 1.0, "util": 0.8915779731605739, "br": 0.0}, "DefMet_FE_106": {"avail": 1.0, "util": 0.5174456270245257, "br": 0.0}, "DefMet_FE_34": {"avail": 1.0, "util": 0.6324849606663582, "br": 0.0}, "DefMet_FE_43": {"avail": 1.0, "util": 0.9494369890482801, "br": 0.0}, "Delay_32": {"avail": 1.0, "util": 0.22793428968070337, "br": 0.0}, "Dielectric_BE_20": {"avail": 1.0, "util": 0.883035631652013, "br": 0.0}, "Dielectric_BE_21": {"avail": 1.0, "util": 0.8755205923183711, "br": 0.0}, "Dielectric_BE_27": {"avail": 1.0, "util": 0.7692919944470153, "br": 0.0}, "Dielectric_BE_28": {"avail": 1.0, "util": 0.9068718186024989, "br": 0.0}, "Dielectric_BE_60": {"avail": 1.0, "util": 0.8284127718648774, "br": 0.0}, "Dielectric_FE_112": {"avail": 1.0, "util": 0.872808884775567, "br": 0.0}, "Dielectric_FE_130": {"avail": 1.0, "util": 0.8942156409069875, "br": 0.0}, "Dielectric_FE_29": {"avail": 1.0, "util": 0.7723276260990283, "br": 0.0}, "Dielectric_FE_30": {"avail": 1.0, "util": 0.9252660805182785, "br": 0.0}, "Dielectric_FE_31": {"avail": 1.0, "util": 0.8217029153169829, "br": 0.0}, "Diffusion_BE_123": {"avail": 1.0, "util": 0.0, "br": 0.0}, "Diffusion_FE_100": {"avail": 1.0, "util": 0.0, "br": 0.0}, "Diffusion_FE_101": {"avail": 1.0, "util": 0.0, "br": 0.0}, "Diffusion_FE_120": {"avail": 1.0, "util": 0.0, "br": 0.0}, "Diffusion_FE_122": {"avail": 1.0, "util": 0.0, "br": 0.0}, "Diffusion_FE_125": {"avail": 1.0, "util": 0.0, "br": 0.0}, "Diffusion_FE_126": {"avail": 1.0, "util": 0.0, "br": 0.0}, "Diffusion_FE_127": {"avail": 1.0, "util": 0.0, "br": 0.0}, "Diffusion_FE_44": {"avail": 1.0, "util": 0.0, "br": 0.0}, "Diffusion_FE_94": {"avail": 1.0, "util": 0.0, "br": 0.0}, "EPI_36": {"avail": 1.0, "util": 0.012077741786210088, "br": 0.0}, "EPI_38": {"avail": 1.0, "util": 0.011753817677001389, "br": 0.0}, "Implant_119": {"avail": 1.0, "util": 0.021425266080518278, "br": 0.0}, "Implant_128": {"avail": 1.0, "util": 0.06499768625636279, "br": 0.0}, "Implant_132": {"avail": 1.0, "util": 0.029858861638130497, "br": 0.0}, "Implant_74": {"avail": 1.0, "util": 0.011244794076816288, "br": 0.0}, "Implant_88": {"avail": 1.0, "util": 0.0024062933826931978, "br": 0.0}, "Implant_90": {"avail": 1.0, "util": 0.06159185562239704, "br": 0.0}, "Implant_91": {"avail": 1.0, "util": 0.05193583217646151, "br": 0.0}, "LithoMet_BE_18": {"avail": 1.0, "util": 0.9401701491474744, "br": 0.0}, "LithoMet_FE_19": {"avail": 1.0, "util": 0.9271684919533137, "br": 0.0}, "LithoTrack_BE_117": {"avail": 1.0, "util": 0.10715409532623785, "br": 0.0}, "LithoTrack_FE_115": {"avail": 1.0, "util": 0.056558782698641695, "br": 0.0}, "LithoTrack_FE_95": {"avail": 1.0, "util": 0.07446099217104704, "br": 0.0}, "LithoTrack_FE_96": {"avail": 1.0, "util": 0.0, "br": 0.0}, "Litho_BE_110": {"avail": 1.0, "util": 0.0907979110200304, "br": 0.0}, "Litho_BE_93": {"avail": 1.0, "util": 0.08344902051519358, "br": 0.0}, "Litho_BE_99": {"avail": 1.0, "util": 0.21749190189726977, "br": 0.0}, "Litho_FE_111": {"avail": 1.0, "util": 0.13356610996592488, "br": 0.0}, "Litho_FE_35": {"avail": 1.0, "util": 0.07871355853771402, "br": 0.0}, "Litho_FE_92": {"avail": 1.0, "util": 0.12764573079242214, "br": 0.0}, "Litho_FE_98": {"avail": 1.0, "util": 0.15013419713095788, "br": 0.0}, "Litho_REG_BE_63": {"avail": 1.0, "util": 0.9357936140675613, "br": 0.0}, "Litho_REG_FE_64": {"avail": 1.0, "util": 0.9326965029417598, "br": 0.0}, "Planar_BE_75": {"avail": 1.0, "util": 0.7329430819065247, "br": 0.0}, "Planar_FE_76": {"avail": 1.0, "util": 0.9275335492827395, "br": 0.0}, "Planar_FE_77": {"avail": 1.0, "util": 0.9590930124942156, "br": 0.0}, "Planar_FE_78": {"avail": 1.0, "util": 0.0, "br": 0.0}, "Planar_FE_79": {"avail": 1.0, "util": 0.8566404442387784, "br": 0.0}, "Planar_FE_80": {"avail": 1.0, "util": 0.5406756131420638, "br": 0.0}, "TF_BE_2": {"avail": 1.0, "util": 0.44169366034243407, "br": 0.0}, "TF_BE_23": {"avail": 1.0, "util": 0.771972040234784, "br": 0.0}, "TF_BE_24": {"avail": 1.0, "util": 0.3860249884312818, "br": 0.0}, "TF_BE_26": {"avail": 1.0, "util": 0.7281937374672219, "br": 0.0}, "TF_BE_40": {"avail": 1.0, "util": 0.8256517044578127, "br": 0.0}, "TF_FE_103": {"avail": 1.0, "util": 0.7444007403979639, "br": 0.0}, "TF_FE_104": {"avail": 1.0, "util": 0.774086071263304, "br": 0.0}, "TF_FE_113": {"avail": 1.0, "util": 0.443035631652013, "br": 0.0}, "TF_FE_131": {"avail": 1.0, "util": 0.15360172759524912, "br": 0.0}, "TF_FE_3": {"avail": 1.0, "util": 0.8977325312355391, "br": 0.0}, "TF_FE_5": {"avail": 1.0, "util": 0.443984266543267, "br": 0.0}, "TF_Met_FE_45": {"avail": 1.0, "util": 0.14183248496066636, "br": 0.0}, "TF_Met_FE_61": {"avail": 1.0, "util": 0.9738546968995835, "br": 0.0}, "WE_BE_14": {"avail": 1.0, "util": 0.03739009717723276, "br": 0.0}, "WE_BE_16": {"avail": 1.0, "util": 0.04020772276209574, "br": 0.0}, "WE_BE_17": {"avail": 1.0, "util": 0.045812124016658955, "br": 0.0}, "WE_BE_7": {"avail": 1.0, "util": 0.0074965293845441925, "br": 0.0}, "WE_BE_81": {"avail": 1.0, "util": 0.032793459817985496, "br": 0.0}, "WE_BE_82": {"avail": 1.0, "util": 0.07632577510411846, "br": 0.0}, "WE_BE_9": {"avail": 1.0, "util": 0.06118860315991274, "br": 0.0}, "WE_FE_108": {"avail": 1.0, "util": 0.043971706220665034, "br": 0.0}, "WE_FE_41": {"avail": 1.0, "util": 0.04096251735307728, "br": 0.0}, "WE_FE_47": {"avail": 1.0, "util": 0.0340891562548203, "br": 0.0}, "WE_FE_8": {"avail": 1.0, "util": 0.04396112910689495, "br": 0.0}, "WE_FE_83": {"avail": 1.0, "util": 0.04556091756461955, "br": 0.0}, "WE_FE_84": {"avail": 1.0, "util": 0.04750886935060929, "br": 0.0}, "WE_FE_85": {"avail": 1.0, "util": 0.03165201295696437, "br": 0.0}}, "plugins": {"cost": 448600.0}}