{"lots": {}, "machines": {"DE_BE_11": {"avail": 1.0, "util": 0.6353794022886347, "br": 0.0}, "DE_BE_12": {"avail": 1.0, "util": 0.5683072251231345, "br": 0.0}, "DE_BE_13": {"avail": 1.0, "util": 0.7785272535855804, "br": 0.0}, "DE_BE_48": {"avail": 1.0, "util": 0.813104099544495, "br": 0.0}, "DE_BE_50": {"avail": 1.0, "util": 0.7058289819649669, "br": 0.0}, "DE_BE_65": {"avail": 1.0, "util": 0.7114405588921492, "br": 0.0}, "DE_BE_66": {"avail": 1.0, "util": 0.7286441857337488, "br": 0.0}, "DE_BE_67": {"avail": 1.0, "util": 0.8544606154871681, "br": 0.0}, "DE_BE_69": {"avail": 1.0, "util": 0.8846239306743695, "br": 0.0}, "DE_FE_1": {"avail": 1.0, "util": 0.9036694335550018, "br": 0.0}, "DE_FE_51": {"avail": 1.0, "util": 0.5595167788374391, "br": 0.0}, "DE_FE_53": {"avail": 1.0, "util": 0.5511720919897789, "br": 0.0}, "DE_FE_54": {"avail": 1.0, "util": 0.9782024219531162, "br": 0.0}, "DE_FE_56": {"avail": 1.0, "util": 0.8482668592378625, "br": 0.0}, "DE_FE_58": {"avail": 1.0, "util": 0.3921786468170203, "br": 0.0}, "DE_FE_59": {"avail": 1.0, "util": 0.8316113024478762, "br": 0.0}, "DE_FE_62": {"avail": 1.0, "util": 0.64186915739521, "br": 0.0}, "DE_FE_70": {"avail": 1.0, "util": 0.867138693991266, "br": 0.0}, "DE_FE_71": {"avail": 1.0, "util": 0.7661688383830368, "br": 0.0}, "DE_FE_72": {"avail": 1.0, "util": 0.7399918527571011, "br": 0.0}, "DE_FE_86": {"avail": 1.0, "util": 0.7432309990247997, "br": 0.0}, "DefMEt_FE_118": {"avail": 1.0, "util": 0.29891123208532383, "br": 0.0}, "DefMet_BE_33": {"avail": 1.0, "util": 0.9222864126208199, "br": 0.0}, "DefMet_BE_42": {"avail": 1.0, "util": 0.9901122097544717, "br": 0.0}, "DefMet_FE_10": {"avail": 1.0, "util": 0.9330907676924786, "br": 0.0}, "DefMet_FE_106": {"avail": 1.0, "util": 0.3126874791689812, "br": 0.0}, "DefMet_FE_34": {"avail": 1.0, "util": 0.5999055660482169, "br": 0.0}, "DefMet_FE_43": {"avail": 1.0, "util": 0.9841221345776396, "br": 0.0}, "Delay_32": {"avail": 1.0, "util": 0.4481057660259971, "br": 0.0}, "Dielectric_BE_20": {"avail": 1.0, "util": 0.9239751138762361, "br": 0.0}, "Dielectric_BE_21": {"avail": 1.0, "util": 0.9135929341184312, "br": 0.0}, "Dielectric_BE_27": {"avail": 1.0, "util": 0.79758915676036, "br": 0.0}, "Dielectric_BE_28": {"avail": 1.0, "util": 0.7371819797800244, "br": 0.0}, "Dielectric_BE_60": {"avail": 1.0, "util": 0.9151344295078324, "br": 0.0}, "Dielectric_FE_112": {"avail": 1.0, "util": 0.9211476502610821, "br": 0.0}, "Dielectric_FE_130": {"avail": 1.0, "util": 0.8735834907232529, "br": 0.0}, "Dielectric_FE_29": {"avail": 1.0, "util": 0.9272488242047179, "br": 0.0}, "Dielectric_FE_30": {"avail": 1.0, "util": 0.894789467836907, "br": 0.0}, "Dielectric_FE_31": {"avail": 1.0, "util": 0.862890234418398, "br": 0.0}, "Diffusion_BE_123": {"avail": 1.0, "util": 0.0, "br": 0.0}, "Diffusion_FE_100": {"avail": 1.0, "util": 0.0, "br": 0.0}, "Diffusion_FE_101": {"avail": 1.0, "util": 0.0, "br": 0.0}, "Diffusion_FE_120": {"avail": 1.0, "util": 0.0, "br": 0.0}, "Diffusion_FE_122": {"avail": 1.0, "util": 0.0, "br": 0.0}, "Diffusion_FE_125": {"avail": 1.0, "util": 0.0, "br": 0.0}, "Diffusion_FE_126": {"avail": 1.0, "util": 0.0, "br": 0.0}, "Diffusion_FE_127": {"avail": 1.0, "util": 0.0, "br": 0.0}, "Diffusion_FE_44": {"avail": 1.0, "util": 0.0, "br": 0.0}, "Diffusion_FE_94": {"avail": 1.0, "util": 0.0, "br": 0.0}, "EPI_36": {"avail": 1.0, "util": 0.012915231640928785, "br": 0.0}, "EPI_38": {"avail": 1.0, "util": 0.03544050661037663, "br": 0.0}, "Implant_119": {"avail": 1.0, "util": 0.012776358182424175, "br": 0.0}, "Implant_128": {"avail": 1.0, "util": 0.052377513609598934, "br": 0.0}, "Implant_132": {"avail": 1.0, "util": 0.03807910232196422, "br": 0.0}, "Implant_74": {"avail": 1.0, "util": 0.006832574158426841, "br": 0.0}, "Implant_88": {"avail": 1.0, "util": 0.02133096322630819, "br": 0.0}, "Implant_90": {"avail": 1.0, "util": 0.0563826241528719, "br": 0.0}, "Implant_91": {"avail": 1.0, "util": 0.04187497685442358, "br": 0.0}, "LithoMet_BE_18": {"avail": 1.0, "util": 0.9726483382188303, "br": 0.0}, "LithoMet_FE_19": {"avail": 1.0, "util": 0.9646057845424582, "br": 0.0}, "LithoTrack_BE_117": {"avail": 1.0, "util": 0.07764692811909787, "br": 0.0}, "LithoTrack_FE_115": {"avail": 1.0, "util": 0.04713855323264735, "br": 0.0}, "LithoTrack_FE_95": {"avail": 1.0, "util": 0.05138998161202043, "br": 0.0}, "LithoTrack_FE_96": {"avail": 1.0, "util": 0.0, "br": 0.0}, "Litho_BE_110": {"avail": 1.0, "util": 0.05942990461377307, "br": 0.0}, "Litho_BE_93": {"avail": 1.0, "util": 0.05277191423175203, "br": 0.0}, "Litho_BE_99": {"avail": 1.0, "util": 0.1460763618857164, "br": 0.0}, "Litho_FE_111": {"avail": 1.0, "util": 0.09575703709688822, "br": 0.0}, "Litho_FE_35": {"avail": 1.0, "util": 0.05396622597489168, "br": 0.0}, "Litho_FE_92": {"avail": 1.0, "util": 0.09029468106237354, "br": 0.0}, "Litho_FE_98": {"avail": 1.0, "util": 0.09008999000111098, "br": 0.0}, "Litho_REG_BE_63": {"avail": 1.0, "util": 0.9558312965226086, "br": 0.0}, "Litho_REG_FE_64": {"avail": 1.0, "util": 0.9699279445141017, "br": 0.0}, "Planar_BE_75": {"avail": 1.0, "util": 0.7678257971336518, "br": 0.0}, "Planar_FE_76": {"avail": 1.0, "util": 0.9367477687664333, "br": 0.0}, "Planar_FE_77": {"avail": 1.0, "util": 0.86837573602933, "br": 0.0}, "Planar_FE_78": {"avail": 1.0, "util": 0.1687590267748028, "br": 0.0}, "Planar_FE_79": {"avail": 1.0, "util": 0.771925341628708, "br": 0.0}, "Planar_FE_80": {"avail": 1.0, "util": 0.45100544383957336, "br": 0.0}, "TF_BE_2": {"avail": 1.0, "util": 0.4272025330518831, "br": 0.0}, "TF_BE_23": {"avail": 1.0, "util": 0.8264461843420906, "br": 0.0}, "TF_BE_24": {"avail": 1.0, "util": 0.23439617820242198, "br": 0.0}, "TF_BE_26": {"avail": 1.0, "util": 0.7849720401436878, "br": 0.0}, "TF_BE_40": {"avail": 1.0, "util": 0.7507059400807318, "br": 0.0}, "TF_FE_103": {"avail": 1.0, "util": 0.743945117209199, "br": 0.0}, "TF_FE_104": {"avail": 1.0, "util": 0.8803132985223864, "br": 0.0}, "TF_FE_113": {"avail": 1.0, "util": 0.2604432840795467, "br": 0.0}, "TF_FE_131": {"avail": 1.0, "util": 0.3645243121134689, "br": 0.0}, "TF_FE_3": {"avail": 1.0, "util": 0.8025219420064438, "br": 0.0}, "TF_FE_5": {"avail": 1.0, "util": 0.3227974669481169, "br": 0.0}, "TF_Met_FE_45": {"avail": 1.0, "util": 0.08560159982224197, "br": 0.0}, "TF_Met_FE_61": {"avail": 1.0, "util": 0.9781413176313742, "br": 0.0}, "WE_BE_14": {"avail": 1.0, "util": 0.0358071325408288, "br": 0.0}, "WE_BE_16": {"avail": 1.0, "util": 0.039106765914898346, "br": 0.0}, "WE_BE_17": {"avail": 1.0, "util": 0.041606488167981334, "br": 0.0}, "WE_BE_7": {"avail": 1.0, "util": 0.02027552494167315, "br": 0.0}, "WE_BE_81": {"avail": 1.0, "util": 0.039773358515720475, "br": 0.0}, "WE_BE_82": {"avail": 1.0, "util": 0.05680479946672592, "br": 0.0}, "WE_BE_9": {"avail": 1.0, "util": 0.049383401844239526, "br": 0.0}, "WE_FE_108": {"avail": 1.0, "util": 0.04213182662243878, "br": 0.0}, "WE_FE_41": {"avail": 1.0, "util": 0.03570714365070547, "br": 0.0}, "WE_FE_47": {"avail": 1.0, "util": 0.03743102618227605, "br": 0.0}, "WE_FE_8": {"avail": 1.0, "util": 0.05491056549272303, "br": 0.0}, "WE_FE_83": {"avail": 1.0, "util": 0.04051930737854524, "br": 0.0}, "WE_FE_84": {"avail": 1.0, "util": 0.036934167808515106, "br": 0.0}, "WE_FE_85": {"avail": 1.0, "util": 0.02685812687479169, "br": 0.0}}, "plugins": {"cost": 447800.0}}