{"lots": {}, "machines": {"DE_BE_11": {"avail": 1.0, "util": 0.0, "br": 0.0}, "DE_BE_12": {"avail": 1.0, "util": 0.0, "br": 0.0}, "DE_BE_13": {"avail": 1.0, "util": 0.0, "br": 0.0}, "DE_BE_48": {"avail": 1.0, "util": 0.0, "br": 0.0}, "DE_BE_50": {"avail": 1.0, "util": 0.0, "br": 0.0}, "DE_BE_65": {"avail": 1.0, "util": 0.0, "br": 0.0}, "DE_BE_66": {"avail": 1.0, "util": 0.0, "br": 0.0}, "DE_BE_67": {"avail": 1.0, "util": 0.0, "br": 0.0}, "DE_BE_69": {"avail": 1.0, "util": 0.0, "br": 0.0}, "DE_FE_1": {"avail": 1.0, "util": 0.0, "br": 0.0}, "DE_FE_51": {"avail": 1.0, "util": 0.0, "br": 0.0}, "DE_FE_53": {"avail": 1.0, "util": 0.0, "br": 0.0}, "DE_FE_54": {"avail": 1.0, "util": 0.0, "br": 0.0}, "DE_FE_56": {"avail": 1.0, "util": 0.0, "br": 0.0}, "DE_FE_58": {"avail": 1.0, "util": 0.0, "br": 0.0}, "DE_FE_59": {"avail": 1.0, "util": 0.0, "br": 0.0}, "DE_FE_62": {"avail": 1.0, "util": 0.0, "br": 0.0}, "DE_FE_70": {"avail": 1.0, "util": 0.0, "br": 0.0}, "DE_FE_71": {"avail": 1.0, "util": 0.0, "br": 0.0}, "DE_FE_72": {"avail": 1.0, "util": 0.0, "br": 0.0}, "DE_FE_86": {"avail": 1.0, "util": 0.0, "br": 0.0}, "DefMEt_FE_118": {"avail": 1.0, "util": 0.747229916897507, "br": 0.0}, "DefMet_BE_33": {"avail": 1.0, "util": 0.5487534626038781, "br": 0.0}, "DefMet_BE_42": {"avail": 1.0, "util": 0.7706371191135734, "br": 0.0}, "DefMet_FE_10": {"avail": 1.0, "util": 0.8436288088642659, "br": 0.0}, "DefMet_FE_106": {"avail": 1.0, "util": 0.7822714681440444, "br": 0.0}, "DefMet_FE_34": {"avail": 1.0, "util": 0.7368421052631579, "br": 0.0}, "DefMet_FE_43": {"avail": 1.0, "util": 0.8643120960295475, "br": 0.0}, "Delay_32": {"avail": 1.0, "util": 0.0, "br": 0.0}, "Dielectric_BE_20": {"avail": 1.0, "util": 0.8308033240997229, "br": 0.0}, "Dielectric_BE_21": {"avail": 1.0, "util": 0.6665166204986149, "br": 0.0}, "Dielectric_BE_27": {"avail": 1.0, "util": 0.8036195752539242, "br": 0.0}, "Dielectric_BE_28": {"avail": 1.0, "util": 0.7130886426592797, "br": 0.0}, "Dielectric_BE_60": {"avail": 1.0, "util": 0.8605955678670361, "br": 0.0}, "Dielectric_FE_112": {"avail": 1.0, "util": 0.6311080332409973, "br": 0.0}, "Dielectric_FE_130": {"avail": 1.0, "util": 0.875, "br": 0.0}, "Dielectric_FE_29": {"avail": 1.0, "util": 0.7691597414589104, "br": 0.0}, "Dielectric_FE_30": {"avail": 1.0, "util": 0.5566481994459834, "br": 0.0}, "Dielectric_FE_31": {"avail": 1.0, "util": 0.6858725761772854, "br": 0.0}, "Diffusion_BE_123": {"avail": 1.0, "util": 0.0, "br": 0.0}, "Diffusion_FE_100": {"avail": 1.0, "util": 0.0, "br": 0.0}, "Diffusion_FE_101": {"avail": 1.0, "util": 0.0, "br": 0.0}, "Diffusion_FE_120": {"avail": 1.0, "util": 0.0, "br": 0.0}, "Diffusion_FE_122": {"avail": 1.0, "util": 0.0, "br": 0.0}, "Diffusion_FE_125": {"avail": 1.0, "util": 0.0, "br": 0.0}, "Diffusion_FE_126": {"avail": 1.0, "util": 0.0, "br": 0.0}, "Diffusion_FE_127": {"avail": 1.0, "util": 0.0, "br": 0.0}, "Diffusion_FE_44": {"avail": 1.0, "util": 0.0, "br": 0.0}, "Diffusion_FE_94": {"avail": 1.0, "util": 0.0, "br": 0.0}, "EPI_36": {"avail": 1.0, "util": 0.014681440443213296, "br": 0.0}, "EPI_38": {"avail": 1.0, "util": 0.03573407202216067, "br": 0.0}, "Implant_119": {"avail": 1.0, "util": 0.056509695290858725, "br": 0.0}, "Implant_128": {"avail": 1.0, "util": 0.12052631578947369, "br": 0.0}, "Implant_132": {"avail": 1.0, "util": 0.05332409972299169, "br": 0.0}, "Implant_74": {"avail": 1.0, "util": 0.0, "br": 0.0}, "Implant_88": {"avail": 1.0, "util": 0.007063711911357341, "br": 0.0}, "Implant_90": {"avail": 1.0, "util": 0.0649584487534626, "br": 0.0}, "Implant_91": {"avail": 1.0, "util": 0.06772853185595568, "br": 0.0}, "LithoMet_BE_18": {"avail": 1.0, "util": 0.8308970807585766, "br": 0.0}, "LithoMet_FE_19": {"avail": 1.0, "util": 0.8339335180055402, "br": 0.0}, "LithoTrack_BE_117": {"avail": 1.0, "util": 0.2622714681440443, "br": 0.0}, "LithoTrack_FE_115": {"avail": 1.0, "util": 0.1292922709249905, "br": 0.0}, "LithoTrack_FE_95": {"avail": 1.0, "util": 0.1503872463112669, "br": 0.0}, "LithoTrack_FE_96": {"avail": 1.0, "util": 0.0, "br": 0.0}, "Litho_BE_110": {"avail": 1.0, "util": 0.20717253660466955, "br": 0.0}, "Litho_BE_93": {"avail": 1.0, "util": 0.20821791320406277, "br": 0.0}, "Litho_BE_99": {"avail": 1.0, "util": 0.6106186518928901, "br": 0.0}, "Litho_FE_111": {"avail": 1.0, "util": 0.3106522286577688, "br": 0.0}, "Litho_FE_35": {"avail": 1.0, "util": 0.13407202216066483, "br": 0.0}, "Litho_FE_92": {"avail": 1.0, "util": 0.33021069419961385, "br": 0.0}, "Litho_FE_98": {"avail": 1.0, "util": 0.37534626038781166, "br": 0.0}, "Litho_REG_BE_63": {"avail": 1.0, "util": 0.824584487534626, "br": 0.0}, "Litho_REG_FE_64": {"avail": 1.0, "util": 0.8307281361297982, "br": 0.0}, "Planar_BE_75": {"avail": 1.0, "util": 0.21763157894736843, "br": 0.0}, "Planar_FE_76": {"avail": 1.0, "util": 0.926500461680517, "br": 0.0}, "Planar_FE_77": {"avail": 1.0, "util": 0.7182825484764543, "br": 0.0}, "Planar_FE_78": {"avail": 1.0, "util": 0.4120498614958449, "br": 0.0}, "Planar_FE_79": {"avail": 1.0, "util": 0.0, "br": 0.0}, "Planar_FE_80": {"avail": 1.0, "util": 0.6386426592797784, "br": 0.0}, "TF_BE_2": {"avail": 1.0, "util": 0.0, "br": 0.0}, "TF_BE_23": {"avail": 1.0, "util": 0.0, "br": 0.0}, "TF_BE_24": {"avail": 1.0, "util": 0.0, "br": 0.0}, "TF_BE_26": {"avail": 1.0, "util": 0.19887349953831948, "br": 0.0}, "TF_BE_40": {"avail": 1.0, "util": 0.0, "br": 0.0}, "TF_FE_103": {"avail": 1.0, "util": 0.0, "br": 0.0}, "TF_FE_104": {"avail": 1.0, "util": 0.0, "br": 0.0}, "TF_FE_113": {"avail": 1.0, "util": 0.0, "br": 0.0}, "TF_FE_131": {"avail": 1.0, "util": 0.0, "br": 0.0}, "TF_FE_3": {"avail": 1.0, "util": 0.0, "br": 0.0}, "TF_FE_5": {"avail": 1.0, "util": 0.0, "br": 0.0}, "TF_Met_FE_45": {"avail": 1.0, "util": 0.2123268698060942, "br": 0.0}, "TF_Met_FE_61": {"avail": 1.0, "util": 0.9469529085872577, "br": 0.0}, "WE_BE_14": {"avail": 1.0, "util": 0.021662049861495846, "br": 0.0}, "WE_BE_16": {"avail": 1.0, "util": 0.025176977531548166, "br": 0.0}, "WE_BE_17": {"avail": 1.0, "util": 0.04196675900277008, "br": 0.0}, "WE_BE_7": {"avail": 1.0, "util": 0.0110803324099723, "br": 0.0}, "WE_BE_81": {"avail": 1.0, "util": 0.02262234533702678, "br": 0.0}, "WE_BE_82": {"avail": 1.0, "util": 0.15349030470914127, "br": 0.0}, "WE_BE_9": {"avail": 1.0, "util": 0.081598733676296, "br": 0.0}, "WE_FE_108": {"avail": 1.0, "util": 0.04242184408389395, "br": 0.0}, "WE_FE_41": {"avail": 1.0, "util": 0.037396121883656507, "br": 0.0}, "WE_FE_47": {"avail": 1.0, "util": 0.038457987072945524, "br": 0.0}, "WE_FE_8": {"avail": 1.0, "util": 0.08642659279778393, "br": 0.0}, "WE_FE_83": {"avail": 1.0, "util": 0.060981400870597544, "br": 0.0}, "WE_FE_84": {"avail": 1.0, "util": 0.05460141582025239, "br": 0.0}, "WE_FE_85": {"avail": 1.0, "util": 0.038088642659279776, "br": 0.0}}, "plugins": {"cost": 448800}}