{"lots": {}, "machines": {"DE_BE_11": {"avail": 1.0, "util": 0.8323433361618967, "br": 0.0}, "DE_BE_12": {"avail": 1.0, "util": 0.951697689027011, "br": 0.0}, "DE_BE_13": {"avail": 1.0, "util": 0.885500151318249, "br": 0.0}, "DE_BE_48": {"avail": 1.0, "util": 0.8022764090803897, "br": 0.0}, "DE_BE_50": {"avail": 1.0, "util": 0.8777875491784308, "br": 0.0}, "DE_BE_65": {"avail": 1.0, "util": 0.796330815678189, "br": 0.0}, "DE_BE_66": {"avail": 1.0, "util": 0.7419088718570047, "br": 0.0}, "DE_BE_67": {"avail": 1.0, "util": 0.7671456523111233, "br": 0.0}, "DE_BE_69": {"avail": 1.0, "util": 0.2479672915220242, "br": 0.0}, "DE_FE_1": {"avail": 1.0, "util": 0.7528535061328396, "br": 0.0}, "DE_FE_51": {"avail": 1.0, "util": 0.5268155519555658, "br": 0.0}, "DE_FE_53": {"avail": 1.0, "util": 0.181976394353159, "br": 0.0}, "DE_FE_54": {"avail": 1.0, "util": 0.8155828126205354, "br": 0.0}, "DE_FE_56": {"avail": 1.0, "util": 0.9004165702383707, "br": 0.0}, "DE_FE_58": {"avail": 1.0, "util": 0.9790094885443185, "br": 0.0}, "DE_FE_59": {"avail": 1.0, "util": 0.7886311039111317, "br": 0.0}, "DE_FE_62": {"avail": 1.0, "util": 0.900548620281253, "br": 0.0}, "DE_FE_70": {"avail": 1.0, "util": 0.7686015442553281, "br": 0.0}, "DE_FE_71": {"avail": 1.0, "util": 0.8477692920877369, "br": 0.0}, "DE_FE_72": {"avail": 1.0, "util": 0.17554438156150723, "br": 0.0}, "DE_FE_86": {"avail": 1.0, "util": 0.7863233950082176, "br": 0.0}, "DefMEt_FE_118": {"avail": 1.0, "util": 0.20833140476741496, "br": 0.0}, "DefMet_BE_33": {"avail": 1.0, "util": 0.9064105531127054, "br": 0.0}, "DefMet_BE_42": {"avail": 1.0, "util": 0.9822726220782226, "br": 0.0}, "DefMet_FE_10": {"avail": 1.0, "util": 0.6451052996991438, "br": 0.0}, "DefMet_FE_106": {"avail": 1.0, "util": 0.0856746123582504, "br": 0.0}, "DefMet_FE_34": {"avail": 1.0, "util": 0.7846794723443647, "br": 0.0}, "DefMet_FE_43": {"avail": 1.0, "util": 0.8991714880814625, "br": 0.0}, "Delay_32": {"avail": 1.0, "util": 0.2981783152048137, "br": 0.0}, "Dielectric_BE_20": {"avail": 1.0, "util": 0.8830455912983106, "br": 0.0}, "Dielectric_BE_21": {"avail": 1.0, "util": 0.9606186839466173, "br": 0.0}, "Dielectric_BE_27": {"avail": 1.0, "util": 0.9073362647535292, "br": 0.0}, "Dielectric_BE_28": {"avail": 1.0, "util": 0.9536681323767646, "br": 0.0}, "Dielectric_BE_60": {"avail": 1.0, "util": 0.9398750289284887, "br": 0.0}, "Dielectric_FE_112": {"avail": 1.0, "util": 0.4010851397567436, "br": 0.0}, "Dielectric_FE_130": {"avail": 1.0, "util": 0.29006017125665357, "br": 0.0}, "Dielectric_FE_29": {"avail": 1.0, "util": 0.9037259893543161, "br": 0.0}, "Dielectric_FE_30": {"avail": 1.0, "util": 0.9234436473038649, "br": 0.0}, "Dielectric_FE_31": {"avail": 1.0, "util": 0.1944341587595464, "br": 0.0}, "Diffusion_BE_123": {"avail": 1.0, "util": 0.0, "br": 0.0}, "Diffusion_FE_100": {"avail": 1.0, "util": 0.0, "br": 0.0}, "Diffusion_FE_101": {"avail": 1.0, "util": 0.0, "br": 0.0}, "Diffusion_FE_120": {"avail": 1.0, "util": 0.0, "br": 0.0}, "Diffusion_FE_122": {"avail": 1.0, "util": 0.0, "br": 0.0}, "Diffusion_FE_125": {"avail": 1.0, "util": 0.0, "br": 0.0}, "Diffusion_FE_126": {"avail": 1.0, "util": 0.0, "br": 0.0}, "Diffusion_FE_127": {"avail": 1.0, "util": 0.0, "br": 0.0}, "Diffusion_FE_44": {"avail": 1.0, "util": 0.696095480543525, "br": 0.0}, "Diffusion_FE_94": {"avail": 1.0, "util": 0.0, "br": 0.0}, "EPI_36": {"avail": 1.0, "util": 0.009581115482527193, "br": 0.0}, "EPI_38": {"avail": 1.0, "util": 0.2236982180050914, "br": 0.0}, "Implant_119": {"avail": 1.0, "util": 0.03617218236519324, "br": 0.0}, "Implant_128": {"avail": 1.0, "util": 0.03117123561465149, "br": 0.0}, "Implant_132": {"avail": 1.0, "util": 0.035567163685654775, "br": 0.0}, "Implant_74": {"avail": 1.0, "util": 0.01133996760009257, "br": 0.0}, "Implant_88": {"avail": 1.0, "util": 0.009419115945383014, "br": 0.0}, "Implant_90": {"avail": 1.0, "util": 0.049294144873871786, "br": 0.0}, "Implant_91": {"avail": 1.0, "util": 0.040969352332462725, "br": 0.0}, "LithoMet_BE_18": {"avail": 1.0, "util": 0.9764322231806609, "br": 0.0}, "LithoMet_FE_19": {"avail": 1.0, "util": 0.9655866697523722, "br": 0.0}, "LithoTrack_BE_117": {"avail": 1.0, "util": 0.06815089099745429, "br": 0.0}, "LithoTrack_FE_115": {"avail": 1.0, "util": 0.03794966160723861, "br": 0.0}, "LithoTrack_FE_95": {"avail": 1.0, "util": 0.05914140245313585, "br": 0.0}, "LithoTrack_FE_96": {"avail": 1.0, "util": 0.012589678315204814, "br": 0.0}, "Litho_BE_110": {"avail": 1.0, "util": 0.05520662487548172, "br": 0.0}, "Litho_BE_93": {"avail": 1.0, "util": 0.05945383013191391, "br": 0.0}, "Litho_BE_99": {"avail": 1.0, "util": 0.09780143485304328, "br": 0.0}, "Litho_FE_111": {"avail": 1.0, "util": 0.07590835454755844, "br": 0.0}, "Litho_FE_35": {"avail": 1.0, "util": 0.04776672066651238, "br": 0.0}, "Litho_FE_92": {"avail": 1.0, "util": 0.05979919178252898, "br": 0.0}, "Litho_FE_98": {"avail": 1.0, "util": 0.022274936357324693, "br": 0.0}, "Litho_REG_BE_63": {"avail": 1.0, "util": 0.9530143485304328, "br": 0.0}, "Litho_REG_FE_64": {"avail": 1.0, "util": 0.9629522487078608, "br": 0.0}, "Planar_BE_75": {"avail": 1.0, "util": 0.802929216120607, "br": 0.0}, "Planar_FE_76": {"avail": 1.0, "util": 0.9307799120573941, "br": 0.0}, "Planar_FE_77": {"avail": 1.0, "util": 0.9493172876648924, "br": 0.0}, "Planar_FE_78": {"avail": 1.0, "util": 0.14154130988197178, "br": 0.0}, "Planar_FE_79": {"avail": 1.0, "util": 0.212635963897246, "br": 0.0}, "Planar_FE_80": {"avail": 1.0, "util": 0.2150659569544087, "br": 0.0}, "TF_BE_2": {"avail": 1.0, "util": 0.39897014579958345, "br": 0.0}, "TF_BE_23": {"avail": 1.0, "util": 0.6661817700929018, "br": 0.0}, "TF_BE_24": {"avail": 1.0, "util": 0.8448738717889377, "br": 0.0}, "TF_BE_26": {"avail": 1.0, "util": 0.6501628896444911, "br": 0.0}, "TF_BE_40": {"avail": 1.0, "util": 0.6669997413452768, "br": 0.0}, "TF_FE_103": {"avail": 1.0, "util": 0.520335901081099, "br": 0.0}, "TF_FE_104": {"avail": 1.0, "util": 0.6507012265679241, "br": 0.0}, "TF_FE_113": {"avail": 1.0, "util": 0.07280722055079843, "br": 0.0}, "TF_FE_131": {"avail": 1.0, "util": 0.9362107536835609, "br": 0.0}, "TF_FE_3": {"avail": 1.0, "util": 0.29760086399753144, "br": 0.0}, "TF_FE_5": {"avail": 1.0, "util": 0.4187610892540307, "br": 0.0}, "TF_Met_FE_45": {"avail": 1.0, "util": 0.0595232585049757, "br": 0.0}, "TF_Met_FE_61": {"avail": 1.0, "util": 0.9919463087248322, "br": 0.0}, "WE_BE_14": {"avail": 1.0, "util": 0.04370284656329554, "br": 0.0}, "WE_BE_16": {"avail": 1.0, "util": 0.04021059939828743, "br": 0.0}, "WE_BE_17": {"avail": 1.0, "util": 0.04635501041425596, "br": 0.0}, "WE_BE_7": {"avail": 1.0, "util": 0.022818791946308724, "br": 0.0}, "WE_BE_81": {"avail": 1.0, "util": 0.0394044588444033, "br": 0.0}, "WE_BE_82": {"avail": 1.0, "util": 0.04227930777340636, "br": 0.0}, "WE_BE_9": {"avail": 1.0, "util": 0.04560981254339273, "br": 0.0}, "WE_FE_108": {"avail": 1.0, "util": 0.04148145783622884, "br": 0.0}, "WE_FE_41": {"avail": 1.0, "util": 0.030122656792409164, "br": 0.0}, "WE_FE_47": {"avail": 1.0, "util": 0.034510529969914376, "br": 0.0}, "WE_FE_8": {"avail": 1.0, "util": 0.028789632029622772, "br": 0.0}, "WE_FE_83": {"avail": 1.0, "util": 0.03408161690966598, "br": 0.0}, "WE_FE_84": {"avail": 1.0, "util": 0.03421865853492519, "br": 0.0}, "WE_FE_85": {"avail": 1.0, "util": 0.02506364267530664, "br": 0.0}}, "plugins": {"cost": 428450.36960648146}}