{"lots": {}, "machines": {"DE_BE_11": {"avail": 1.0, "util": 0.0, "br": 0.0}, "DE_BE_12": {"avail": 1.0, "util": 0.0, "br": 0.0}, "DE_BE_13": {"avail": 1.0, "util": 0.0, "br": 0.0}, "DE_BE_48": {"avail": 1.0, "util": 0.0, "br": 0.0}, "DE_BE_50": {"avail": 1.0, "util": 0.0, "br": 0.0}, "DE_BE_65": {"avail": 1.0, "util": 0.0, "br": 0.0}, "DE_BE_66": {"avail": 1.0, "util": 0.0, "br": 0.0}, "DE_BE_67": {"avail": 1.0, "util": 0.0, "br": 0.0}, "DE_BE_69": {"avail": 1.0, "util": 0.0, "br": 0.0}, "DE_FE_1": {"avail": 1.0, "util": 0.0, "br": 0.0}, "DE_FE_51": {"avail": 1.0, "util": 0.0, "br": 0.0}, "DE_FE_53": {"avail": 1.0, "util": 0.0, "br": 0.0}, "DE_FE_54": {"avail": 1.0, "util": 0.0, "br": 0.0}, "DE_FE_56": {"avail": 1.0, "util": 0.0, "br": 0.0}, "DE_FE_58": {"avail": 1.0, "util": 0.0, "br": 0.0}, "DE_FE_59": {"avail": 1.0, "util": 0.0, "br": 0.0}, "DE_FE_62": {"avail": 1.0, "util": 0.0, "br": 0.0}, "DE_FE_70": {"avail": 1.0, "util": 0.0, "br": 0.0}, "DE_FE_71": {"avail": 1.0, "util": 0.0, "br": 0.0}, "DE_FE_72": {"avail": 1.0, "util": 0.0, "br": 0.0}, "DE_FE_86": {"avail": 1.0, "util": 0.0, "br": 0.0}, "DefMEt_FE_118": {"avail": 1.0, "util": 0.7496528742016106, "br": 0.0}, "DefMet_BE_33": {"avail": 1.0, "util": 0.5515134684809775, "br": 0.0}, "DefMet_BE_42": {"avail": 1.0, "util": 0.9064148847542349, "br": 0.0}, "DefMet_FE_10": {"avail": 1.0, "util": 0.6557900583171341, "br": 0.0}, "DefMet_FE_106": {"avail": 1.0, "util": 0.2638156067758956, "br": 0.0}, "DefMet_FE_34": {"avail": 1.0, "util": 0.5061094140516523, "br": 0.0}, "DefMet_FE_43": {"avail": 1.0, "util": 0.7896695362399333, "br": 0.0}, "Delay_32": {"avail": 1.0, "util": 0.0, "br": 0.0}, "Dielectric_BE_20": {"avail": 1.0, "util": 0.7509025270758123, "br": 0.0}, "Dielectric_BE_21": {"avail": 1.0, "util": 0.6301027492363233, "br": 0.0}, "Dielectric_BE_27": {"avail": 1.0, "util": 0.7248912339165047, "br": 0.0}, "Dielectric_BE_28": {"avail": 1.0, "util": 0.6341756919374247, "br": 0.0}, "Dielectric_BE_60": {"avail": 1.0, "util": 0.7908914190502638, "br": 0.0}, "Dielectric_FE_112": {"avail": 1.0, "util": 0.5375050140393101, "br": 0.0}, "Dielectric_FE_130": {"avail": 1.0, "util": 0.8832963065815052, "br": 0.0}, "Dielectric_FE_29": {"avail": 1.0, "util": 0.0, "br": 0.0}, "Dielectric_FE_30": {"avail": 1.0, "util": 0.560122188281033, "br": 0.0}, "Dielectric_FE_31": {"avail": 1.0, "util": 0.8500416550958068, "br": 0.0}, "Diffusion_BE_123": {"avail": 1.0, "util": 0.0, "br": 0.0}, "Diffusion_FE_100": {"avail": 1.0, "util": 0.0, "br": 0.0}, "Diffusion_FE_101": {"avail": 1.0, "util": 0.0, "br": 0.0}, "Diffusion_FE_120": {"avail": 1.0, "util": 0.0, "br": 0.0}, "Diffusion_FE_122": {"avail": 1.0, "util": 0.0, "br": 0.0}, "Diffusion_FE_125": {"avail": 1.0, "util": 0.0, "br": 0.0}, "Diffusion_FE_126": {"avail": 1.0, "util": 0.0, "br": 0.0}, "Diffusion_FE_127": {"avail": 1.0, "util": 0.0, "br": 0.0}, "Diffusion_FE_44": {"avail": 1.0, "util": 0.0, "br": 0.0}, "Diffusion_FE_94": {"avail": 1.0, "util": 0.0, "br": 0.0}, "EPI_36": {"avail": 1.0, "util": 0.014579283532352124, "br": 0.0}, "EPI_38": {"avail": 1.0, "util": 0.9883365731741183, "br": 0.0}, "Implant_119": {"avail": 1.0, "util": 0.00860871980005554, "br": 0.0}, "Implant_128": {"avail": 1.0, "util": 0.06801141097169978, "br": 0.0}, "Implant_132": {"avail": 1.0, "util": 0.04724878010076566, "br": 0.0}, "Implant_74": {"avail": 1.0, "util": 0.06789780616495418, "br": 0.0}, "Implant_88": {"avail": 1.0, "util": 0.0, "br": 0.0}, "Implant_90": {"avail": 1.0, "util": 0.03790613718411552, "br": 0.0}, "Implant_91": {"avail": 1.0, "util": 0.07073431983179276, "br": 0.0}, "LithoMet_BE_18": {"avail": 1.0, "util": 0.7859685440912878, "br": 0.0}, "LithoMet_FE_19": {"avail": 1.0, "util": 0.7920418931249257, "br": 0.0}, "LithoTrack_BE_117": {"avail": 1.0, "util": 0.1974451541238545, "br": 0.0}, "LithoTrack_FE_115": {"avail": 1.0, "util": 0.11752832885174173, "br": 0.0}, "LithoTrack_FE_95": {"avail": 1.0, "util": 0.20790752568730908, "br": 0.0}, "LithoTrack_FE_96": {"avail": 1.0, "util": 0.05970563732296584, "br": 0.0}, "Litho_BE_110": {"avail": 1.0, "util": 0.19125122248650736, "br": 0.0}, "Litho_BE_93": {"avail": 1.0, "util": 0.25298528186614827, "br": 0.0}, "Litho_BE_99": {"avail": 1.0, "util": 0.3772100342497454, "br": 0.0}, "Litho_FE_111": {"avail": 1.0, "util": 0.3227297972785338, "br": 0.0}, "Litho_FE_35": {"avail": 1.0, "util": 0.11802277145237434, "br": 0.0}, "Litho_FE_92": {"avail": 1.0, "util": 0.21281481639715463, "br": 0.0}, "Litho_FE_98": {"avail": 1.0, "util": 0.03165787281310747, "br": 0.0}, "Litho_REG_BE_63": {"avail": 1.0, "util": 0.8244931963343516, "br": 0.0}, "Litho_REG_FE_64": {"avail": 1.0, "util": 0.8515690086087198, "br": 0.0}, "Planar_BE_75": {"avail": 1.0, "util": 0.25098187011544415, "br": 0.0}, "Planar_FE_76": {"avail": 1.0, "util": 0.937795056928631, "br": 0.0}, "Planar_FE_77": {"avail": 1.0, "util": 0.703971119133574, "br": 0.0}, "Planar_FE_78": {"avail": 1.0, "util": 0.8449041932796445, "br": 0.0}, "Planar_FE_79": {"avail": 1.0, "util": 0.0, "br": 0.0}, "Planar_FE_80": {"avail": 1.0, "util": 0.6395445709525132, "br": 0.0}, "TF_BE_2": {"avail": 1.0, "util": 0.0, "br": 0.0}, "TF_BE_23": {"avail": 1.0, "util": 0.07067481255206887, "br": 0.0}, "TF_BE_24": {"avail": 1.0, "util": 0.0, "br": 0.0}, "TF_BE_26": {"avail": 1.0, "util": 0.07594044389379018, "br": 0.0}, "TF_BE_40": {"avail": 1.0, "util": 0.0, "br": 0.0}, "TF_FE_103": {"avail": 1.0, "util": 0.0, "br": 0.0}, "TF_FE_104": {"avail": 1.0, "util": 0.0, "br": 0.0}, "TF_FE_113": {"avail": 1.0, "util": 0.0, "br": 0.0}, "TF_FE_131": {"avail": 1.0, "util": 0.0, "br": 0.0}, "TF_FE_3": {"avail": 1.0, "util": 0.0, "br": 0.0}, "TF_FE_5": {"avail": 1.0, "util": 0.0, "br": 0.0}, "TF_Met_FE_45": {"avail": 1.0, "util": 0.21299638989169675, "br": 0.0}, "TF_Met_FE_61": {"avail": 1.0, "util": 0.9704248819772285, "br": 0.0}, "WE_BE_14": {"avail": 1.0, "util": 0.029713968342127188, "br": 0.0}, "WE_BE_16": {"avail": 1.0, "util": 0.023188003332407666, "br": 0.0}, "WE_BE_17": {"avail": 1.0, "util": 0.026659261316301027, "br": 0.0}, "WE_BE_7": {"avail": 1.0, "util": 0.0116634268258817, "br": 0.0}, "WE_BE_81": {"avail": 1.0, "util": 0.02888086642599278, "br": 0.0}, "WE_BE_82": {"avail": 1.0, "util": 0.0637168687710204, "br": 0.0}, "WE_BE_9": {"avail": 1.0, "util": 0.07120244376562065, "br": 0.0}, "WE_FE_108": {"avail": 1.0, "util": 0.026237922416187075, "br": 0.0}, "WE_FE_41": {"avail": 1.0, "util": 0.03948903082477089, "br": 0.0}, "WE_FE_47": {"avail": 1.0, "util": 0.031380172174396, "br": 0.0}, "WE_FE_8": {"avail": 1.0, "util": 0.025965009719522356, "br": 0.0}, "WE_FE_83": {"avail": 1.0, "util": 0.06549106729612145, "br": 0.0}, "WE_FE_84": {"avail": 1.0, "util": 0.03405916657137723, "br": 0.0}, "WE_FE_85": {"avail": 1.0, "util": 0.08664259927797834, "br": 0.0}}, "plugins": {"cost": 429200}}