{"lots": {}, "machines": {"DE_BE_11": {"avail": 1.0, "util": 0.8818065392152324, "br": 0.0}, "DE_BE_12": {"avail": 1.0, "util": 0.7080564207352152, "br": 0.0}, "DE_BE_13": {"avail": 1.0, "util": 0.8471740036106097, "br": 0.0}, "DE_BE_48": {"avail": 1.0, "util": 0.8182007549456515, "br": 0.0}, "DE_BE_50": {"avail": 1.0, "util": 0.781148451603944, "br": 0.0}, "DE_BE_65": {"avail": 1.0, "util": 0.8631818813043642, "br": 0.0}, "DE_BE_66": {"avail": 1.0, "util": 0.7790870549025054, "br": 0.0}, "DE_BE_67": {"avail": 1.0, "util": 0.7593011071694589, "br": 0.0}, "DE_BE_69": {"avail": 1.0, "util": 0.37281859001064666, "br": 0.0}, "DE_FE_1": {"avail": 1.0, "util": 0.5705457575336759, "br": 0.0}, "DE_FE_51": {"avail": 1.0, "util": 0.4369636161644216, "br": 0.0}, "DE_FE_53": {"avail": 1.0, "util": 0.137925288154423, "br": 0.0}, "DE_FE_54": {"avail": 1.0, "util": 0.8167152710271722, "br": 0.0}, "DE_FE_56": {"avail": 1.0, "util": 0.8997014303568949, "br": 0.0}, "DE_FE_58": {"avail": 1.0, "util": 0.7402791278989029, "br": 0.0}, "DE_FE_59": {"avail": 1.0, "util": 0.8258488404388279, "br": 0.0}, "DE_FE_62": {"avail": 1.0, "util": 0.7408203109045313, "br": 0.0}, "DE_FE_70": {"avail": 1.0, "util": 0.8977288507909256, "br": 0.0}, "DE_FE_71": {"avail": 1.0, "util": 0.7654338132049561, "br": 0.0}, "DE_FE_72": {"avail": 1.0, "util": 0.2725820908712174, "br": 0.0}, "DE_FE_86": {"avail": 1.0, "util": 0.7083044021663658, "br": 0.0}, "DefMEt_FE_118": {"avail": 1.0, "util": 0.31120677683655046, "br": 0.0}, "DefMet_BE_33": {"avail": 1.0, "util": 0.9579919455631163, "br": 0.0}, "DefMet_BE_42": {"avail": 1.0, "util": 0.9665324260519372, "br": 0.0}, "DefMet_FE_10": {"avail": 1.0, "util": 0.40702680183307877, "br": 0.0}, "DefMet_FE_106": {"avail": 1.0, "util": 0.13060686015831136, "br": 0.0}, "DefMet_FE_34": {"avail": 1.0, "util": 0.4834050826274129, "br": 0.0}, "DefMet_FE_43": {"avail": 1.0, "util": 0.8392862102485765, "br": 0.0}, "Delay_32": {"avail": 1.0, "util": 0.2772743368976531, "br": 0.0}, "Dielectric_BE_20": {"avail": 1.0, "util": 0.8165949173725872, "br": 0.0}, "Dielectric_BE_21": {"avail": 1.0, "util": 0.9409457019858353, "br": 0.0}, "Dielectric_BE_27": {"avail": 1.0, "util": 0.9351594685923251, "br": 0.0}, "Dielectric_BE_28": {"avail": 1.0, "util": 0.9148960792482526, "br": 0.0}, "Dielectric_BE_60": {"avail": 1.0, "util": 0.9284821552562145, "br": 0.0}, "Dielectric_FE_112": {"avail": 1.0, "util": 0.6451341634649509, "br": 0.0}, "Dielectric_FE_130": {"avail": 1.0, "util": 0.43874114706290795, "br": 0.0}, "Dielectric_FE_29": {"avail": 1.0, "util": 0.9769707910938296, "br": 0.0}, "Dielectric_FE_30": {"avail": 1.0, "util": 0.9733370365227052, "br": 0.0}, "Dielectric_FE_31": {"avail": 1.0, "util": 0.29416053325926955, "br": 0.0}, "Diffusion_BE_123": {"avail": 1.0, "util": 0.0, "br": 0.0}, "Diffusion_FE_100": {"avail": 1.0, "util": 0.0, "br": 0.0}, "Diffusion_FE_101": {"avail": 1.0, "util": 0.0, "br": 0.0}, "Diffusion_FE_120": {"avail": 1.0, "util": 0.0, "br": 0.0}, "Diffusion_FE_122": {"avail": 1.0, "util": 0.0, "br": 0.0}, "Diffusion_FE_125": {"avail": 1.0, "util": 0.0, "br": 0.0}, "Diffusion_FE_126": {"avail": 1.0, "util": 0.0, "br": 0.0}, "Diffusion_FE_127": {"avail": 1.0, "util": 0.0, "br": 0.0}, "Diffusion_FE_44": {"avail": 1.0, "util": 0.0, "br": 0.0}, "Diffusion_FE_94": {"avail": 1.0, "util": 0.0, "br": 0.0}, "EPI_36": {"avail": 1.0, "util": 0.008991806693514789, "br": 0.0}, "EPI_38": {"avail": 1.0, "util": 0.316622691292876, "br": 0.0}, "Implant_119": {"avail": 1.0, "util": 0.07401749756978197, "br": 0.0}, "Implant_128": {"avail": 1.0, "util": 0.03750110464455694, "br": 0.0}, "Implant_132": {"avail": 1.0, "util": 0.034419822643680445, "br": 0.0}, "Implant_74": {"avail": 1.0, "util": 0.017115678378003055, "br": 0.0}, "Implant_88": {"avail": 1.0, "util": 0.00541591445632551, "br": 0.0}, "Implant_90": {"avail": 1.0, "util": 0.04488959866685183, "br": 0.0}, "Implant_91": {"avail": 1.0, "util": 0.04733469557799511, "br": 0.0}, "LithoMet_BE_18": {"avail": 1.0, "util": 0.9732423527035386, "br": 0.0}, "LithoMet_FE_19": {"avail": 1.0, "util": 0.9655950562421886, "br": 0.0}, "LithoTrack_BE_117": {"avail": 1.0, "util": 0.07354534092487156, "br": 0.0}, "LithoTrack_FE_115": {"avail": 1.0, "util": 0.04954935120799618, "br": 0.0}, "LithoTrack_FE_95": {"avail": 1.0, "util": 0.07746667129565338, "br": 0.0}, "LithoTrack_FE_96": {"avail": 1.0, "util": 0.01510206915706152, "br": 0.0}, "Litho_BE_110": {"avail": 1.0, "util": 0.07416240497998468, "br": 0.0}, "Litho_BE_93": {"avail": 1.0, "util": 0.07165671434522983, "br": 0.0}, "Litho_BE_99": {"avail": 1.0, "util": 0.1237559598203953, "br": 0.0}, "Litho_FE_111": {"avail": 1.0, "util": 0.10499583391195667, "br": 0.0}, "Litho_FE_35": {"avail": 1.0, "util": 0.04193861963616165, "br": 0.0}, "Litho_FE_92": {"avail": 1.0, "util": 0.07488276200954996, "br": 0.0}, "Litho_FE_98": {"avail": 1.0, "util": 0.03509929176503263, "br": 0.0}, "Litho_REG_BE_63": {"avail": 1.0, "util": 0.9737796833773087, "br": 0.0}, "Litho_REG_FE_64": {"avail": 1.0, "util": 0.9694660463824469, "br": 0.0}, "Planar_BE_75": {"avail": 1.0, "util": 0.8734401967980637, "br": 0.0}, "Planar_FE_76": {"avail": 1.0, "util": 0.939070962366338, "br": 0.0}, "Planar_FE_77": {"avail": 1.0, "util": 0.8986946257464241, "br": 0.0}, "Planar_FE_78": {"avail": 1.0, "util": 0.4203930009720872, "br": 0.0}, "Planar_FE_79": {"avail": 1.0, "util": 0.3238439105679767, "br": 0.0}, "Planar_FE_80": {"avail": 1.0, "util": 0.3248159977780864, "br": 0.0}, "TF_BE_2": {"avail": 1.0, "util": 0.5271837244827108, "br": 0.0}, "TF_BE_23": {"avail": 1.0, "util": 0.6481837839982542, "br": 0.0}, "TF_BE_24": {"avail": 1.0, "util": 0.7229725038189141, "br": 0.0}, "TF_BE_26": {"avail": 1.0, "util": 0.8168737248031791, "br": 0.0}, "TF_BE_40": {"avail": 1.0, "util": 0.8511848844523228, "br": 0.0}, "TF_FE_103": {"avail": 1.0, "util": 0.7384391056797667, "br": 0.0}, "TF_FE_104": {"avail": 1.0, "util": 0.7464935425635328, "br": 0.0}, "TF_FE_113": {"avail": 1.0, "util": 0.1103087534138777, "br": 0.0}, "TF_FE_131": {"avail": 1.0, "util": 0.7074827570244873, "br": 0.0}, "TF_FE_3": {"avail": 1.0, "util": 0.4484793778641855, "br": 0.0}, "TF_FE_5": {"avail": 1.0, "util": 0.45042355228440495, "br": 0.0}, "TF_Met_FE_45": {"avail": 1.0, "util": 0.08832106651853909, "br": 0.0}, "TF_Met_FE_61": {"avail": 1.0, "util": 0.9842730176364394, "br": 0.0}, "WE_BE_14": {"avail": 1.0, "util": 0.04081377586446327, "br": 0.0}, "WE_BE_16": {"avail": 1.0, "util": 0.04008991806693515, "br": 0.0}, "WE_BE_17": {"avail": 1.0, "util": 0.032599638939036245, "br": 0.0}, "WE_BE_7": {"avail": 1.0, "util": 0.017011526176919874, "br": 0.0}, "WE_BE_81": {"avail": 1.0, "util": 0.04304957644771559, "br": 0.0}, "WE_BE_82": {"avail": 1.0, "util": 0.04755512351679551, "br": 0.0}, "WE_BE_9": {"avail": 1.0, "util": 0.058033606443549504, "br": 0.0}, "WE_FE_108": {"avail": 1.0, "util": 0.04444066676563121, "br": 0.0}, "WE_FE_41": {"avail": 1.0, "util": 0.03020413831412304, "br": 0.0}, "WE_FE_47": {"avail": 1.0, "util": 0.04038328009998612, "br": 0.0}, "WE_FE_8": {"avail": 1.0, "util": 0.022878766837939175, "br": 0.0}, "WE_FE_83": {"avail": 1.0, "util": 0.040538351154932185, "br": 0.0}, "WE_FE_84": {"avail": 1.0, "util": 0.044711927265004045, "br": 0.0}, "WE_FE_85": {"avail": 1.0, "util": 0.025517289265379807, "br": 0.0}}, "plugins": {"cost": 429025.129375}}