{"lots": {}, "machines": {"DE_BE_11": {"avail": 1.0, "util": 0.0, "br": 0.0}, "DE_BE_12": {"avail": 1.0, "util": 0.0, "br": 0.0}, "DE_BE_13": {"avail": 1.0, "util": 0.0, "br": 0.0}, "DE_BE_48": {"avail": 1.0, "util": 0.0, "br": 0.0}, "DE_BE_50": {"avail": 1.0, "util": 0.0, "br": 0.0}, "DE_BE_65": {"avail": 1.0, "util": 0.0, "br": 0.0}, "DE_BE_66": {"avail": 1.0, "util": 0.0, "br": 0.0}, "DE_BE_67": {"avail": 1.0, "util": 0.0, "br": 0.0}, "DE_BE_69": {"avail": 1.0, "util": 0.0, "br": 0.0}, "DE_FE_1": {"avail": 1.0, "util": 0.0, "br": 0.0}, "DE_FE_51": {"avail": 1.0, "util": 0.0, "br": 0.0}, "DE_FE_53": {"avail": 1.0, "util": 0.0, "br": 0.0}, "DE_FE_54": {"avail": 1.0, "util": 0.0, "br": 0.0}, "DE_FE_56": {"avail": 1.0, "util": 0.0, "br": 0.0}, "DE_FE_58": {"avail": 1.0, "util": 0.0, "br": 0.0}, "DE_FE_59": {"avail": 1.0, "util": 0.0, "br": 0.0}, "DE_FE_62": {"avail": 1.0, "util": 0.0, "br": 0.0}, "DE_FE_70": {"avail": 1.0, "util": 0.0, "br": 0.0}, "DE_FE_71": {"avail": 1.0, "util": 0.0, "br": 0.0}, "DE_FE_72": {"avail": 1.0, "util": 0.0, "br": 0.0}, "DE_FE_86": {"avail": 1.0, "util": 0.0, "br": 0.0}, "DefMEt_FE_118": {"avail": 1.0, "util": 0.7398891966759003, "br": 0.0}, "DefMet_BE_33": {"avail": 1.0, "util": 0.5416897506925208, "br": 0.0}, "DefMet_BE_42": {"avail": 1.0, "util": 0.9027700831024931, "br": 0.0}, "DefMet_FE_10": {"avail": 1.0, "util": 0.654016620498615, "br": 0.0}, "DefMet_FE_106": {"avail": 1.0, "util": 0.25678670360110806, "br": 0.0}, "DefMet_FE_34": {"avail": 1.0, "util": 0.5070637119113574, "br": 0.0}, "DefMet_FE_43": {"avail": 1.0, "util": 0.8705263157894737, "br": 0.0}, "Delay_32": {"avail": 1.0, "util": 0.0, "br": 0.0}, "Dielectric_BE_20": {"avail": 1.0, "util": 0.6721883656509695, "br": 0.0}, "Dielectric_BE_21": {"avail": 1.0, "util": 0.6365189289012004, "br": 0.0}, "Dielectric_BE_27": {"avail": 1.0, "util": 0.7025854108956603, "br": 0.0}, "Dielectric_BE_28": {"avail": 1.0, "util": 0.6398891966759003, "br": 0.0}, "Dielectric_BE_60": {"avail": 1.0, "util": 0.7102493074792243, "br": 0.0}, "Dielectric_FE_112": {"avail": 1.0, "util": 0.6503847337642351, "br": 0.0}, "Dielectric_FE_130": {"avail": 1.0, "util": 0.8775623268698061, "br": 0.0}, "Dielectric_FE_29": {"avail": 1.0, "util": 0.7629732225300093, "br": 0.0}, "Dielectric_FE_30": {"avail": 1.0, "util": 0.5574792243767313, "br": 0.0}, "Dielectric_FE_31": {"avail": 1.0, "util": 0.8427285318559556, "br": 0.0}, "Diffusion_BE_123": {"avail": 1.0, "util": 0.0, "br": 0.0}, "Diffusion_FE_100": {"avail": 1.0, "util": 0.0, "br": 0.0}, "Diffusion_FE_101": {"avail": 1.0, "util": 0.0, "br": 0.0}, "Diffusion_FE_120": {"avail": 1.0, "util": 0.0, "br": 0.0}, "Diffusion_FE_122": {"avail": 1.0, "util": 0.0, "br": 0.0}, "Diffusion_FE_125": {"avail": 1.0, "util": 0.0, "br": 0.0}, "Diffusion_FE_126": {"avail": 1.0, "util": 0.0, "br": 0.0}, "Diffusion_FE_127": {"avail": 1.0, "util": 0.0, "br": 0.0}, "Diffusion_FE_44": {"avail": 1.0, "util": 0.0, "br": 0.0}, "Diffusion_FE_94": {"avail": 1.0, "util": 0.0, "br": 0.0}, "EPI_36": {"avail": 1.0, "util": 0.014265927977839335, "br": 0.0}, "EPI_38": {"avail": 1.0, "util": 0.9861495844875346, "br": 0.0}, "Implant_119": {"avail": 1.0, "util": 0.07617728531855955, "br": 0.0}, "Implant_128": {"avail": 1.0, "util": 0.06366154621002267, "br": 0.0}, "Implant_132": {"avail": 1.0, "util": 0.044756628413138114, "br": 0.0}, "Implant_74": {"avail": 1.0, "util": 0.06772853185595568, "br": 0.0}, "Implant_88": {"avail": 1.0, "util": 0.0, "br": 0.0}, "Implant_90": {"avail": 1.0, "util": 0.03795013850415512, "br": 0.0}, "Implant_91": {"avail": 1.0, "util": 0.07332805698456668, "br": 0.0}, "LithoMet_BE_18": {"avail": 1.0, "util": 0.8983127675648451, "br": 0.0}, "LithoMet_FE_19": {"avail": 1.0, "util": 0.8854174910961614, "br": 0.0}, "LithoTrack_BE_117": {"avail": 1.0, "util": 0.1975623268698061, "br": 0.0}, "LithoTrack_FE_115": {"avail": 1.0, "util": 0.1205188838591987, "br": 0.0}, "LithoTrack_FE_95": {"avail": 1.0, "util": 0.20728531855955679, "br": 0.0}, "LithoTrack_FE_96": {"avail": 1.0, "util": 0.06080332409972299, "br": 0.0}, "Litho_BE_110": {"avail": 1.0, "util": 0.19079850656389255, "br": 0.0}, "Litho_BE_93": {"avail": 1.0, "util": 0.25090027700831025, "br": 0.0}, "Litho_BE_99": {"avail": 1.0, "util": 0.37534626038781166, "br": 0.0}, "Litho_FE_111": {"avail": 1.0, "util": 0.3225623268698061, "br": 0.0}, "Litho_FE_35": {"avail": 1.0, "util": 0.1018005540166205, "br": 0.0}, "Litho_FE_92": {"avail": 1.0, "util": 0.21594928617089282, "br": 0.0}, "Litho_FE_98": {"avail": 1.0, "util": 0.03178670360110803, "br": 0.0}, "Litho_REG_BE_63": {"avail": 1.0, "util": 0.8428324099722991, "br": 0.0}, "Litho_REG_FE_64": {"avail": 1.0, "util": 0.8342105263157895, "br": 0.0}, "Planar_BE_75": {"avail": 1.0, "util": 0.25019786307874947, "br": 0.0}, "Planar_FE_76": {"avail": 1.0, "util": 0.9372576177285319, "br": 0.0}, "Planar_FE_77": {"avail": 1.0, "util": 0.7042936288088643, "br": 0.0}, "Planar_FE_78": {"avail": 1.0, "util": 0.8331024930747922, "br": 0.0}, "Planar_FE_79": {"avail": 1.0, "util": 0.0, "br": 0.0}, "Planar_FE_80": {"avail": 1.0, "util": 0.6545706371191136, "br": 0.0}, "TF_BE_2": {"avail": 1.0, "util": 0.0, "br": 0.0}, "TF_BE_23": {"avail": 1.0, "util": 0.07063711911357341, "br": 0.0}, "TF_BE_24": {"avail": 1.0, "util": 0.0, "br": 0.0}, "TF_BE_26": {"avail": 1.0, "util": 0.07641167696569359, "br": 0.0}, "TF_BE_40": {"avail": 1.0, "util": 0.0, "br": 0.0}, "TF_FE_103": {"avail": 1.0, "util": 0.0, "br": 0.0}, "TF_FE_104": {"avail": 1.0, "util": 0.0, "br": 0.0}, "TF_FE_113": {"avail": 1.0, "util": 0.0, "br": 0.0}, "TF_FE_131": {"avail": 1.0, "util": 0.0, "br": 0.0}, "TF_FE_3": {"avail": 1.0, "util": 0.0, "br": 0.0}, "TF_FE_5": {"avail": 1.0, "util": 0.0, "br": 0.0}, "TF_Met_FE_45": {"avail": 1.0, "util": 0.2123268698060942, "br": 0.0}, "TF_Met_FE_61": {"avail": 1.0, "util": 0.9638504155124654, "br": 0.0}, "WE_BE_14": {"avail": 1.0, "util": 0.029584487534626037, "br": 0.0}, "WE_BE_16": {"avail": 1.0, "util": 0.023580332409972298, "br": 0.0}, "WE_BE_17": {"avail": 1.0, "util": 0.026454293628808863, "br": 0.0}, "WE_BE_7": {"avail": 1.0, "util": 0.011357340720221607, "br": 0.0}, "WE_BE_81": {"avail": 1.0, "util": 0.027977839335180055, "br": 0.0}, "WE_BE_82": {"avail": 1.0, "util": 0.06306555863342567, "br": 0.0}, "WE_BE_9": {"avail": 1.0, "util": 0.07113573407202216, "br": 0.0}, "WE_FE_108": {"avail": 1.0, "util": 0.0330021969624606, "br": 0.0}, "WE_FE_41": {"avail": 1.0, "util": 0.03650969529085873, "br": 0.0}, "WE_FE_47": {"avail": 1.0, "util": 0.03512465373961219, "br": 0.0}, "WE_FE_8": {"avail": 1.0, "util": 0.0260387811634349, "br": 0.0}, "WE_FE_83": {"avail": 1.0, "util": 0.06782086795937212, "br": 0.0}, "WE_FE_84": {"avail": 1.0, "util": 0.03980772364347401, "br": 0.0}, "WE_FE_85": {"avail": 1.0, "util": 0.08573407202216067, "br": 0.0}}, "plugins": {"cost": 429200}}