{"lots": {}, "machines": {"DE_BE_11": {"avail": 1.0, "util": 0.7385294208398901, "br": 0.0}, "DE_BE_12": {"avail": 1.0, "util": 0.0, "br": 0.0}, "DE_BE_13": {"avail": 1.0, "util": 0.8415290624399205, "br": 0.0}, "DE_BE_48": {"avail": 1.0, "util": 0.6248895508823306, "br": 0.0}, "DE_BE_50": {"avail": 1.0, "util": 0.5172174396001111, "br": 0.0}, "DE_BE_65": {"avail": 1.0, "util": 0.6565474236954381, "br": 0.0}, "DE_BE_66": {"avail": 1.0, "util": 0.7195631932306386, "br": 0.0}, "DE_BE_67": {"avail": 1.0, "util": 0.4154275327560526, "br": 0.0}, "DE_BE_69": {"avail": 1.0, "util": 0.183930389706563, "br": 0.0}, "DE_FE_1": {"avail": 1.0, "util": 0.0, "br": 0.0}, "DE_FE_51": {"avail": 1.0, "util": 0.03040127742293807, "br": 0.0}, "DE_FE_53": {"avail": 1.0, "util": 0.0, "br": 0.0}, "DE_FE_54": {"avail": 1.0, "util": 0.8158844765342961, "br": 0.0}, "DE_FE_56": {"avail": 1.0, "util": 0.5919883365731741, "br": 0.0}, "DE_FE_58": {"avail": 1.0, "util": 0.743196334351569, "br": 0.0}, "DE_FE_59": {"avail": 1.0, "util": 0.7007775617883921, "br": 0.0}, "DE_FE_62": {"avail": 1.0, "util": 0.154907950405933, "br": 0.0}, "DE_FE_70": {"avail": 1.0, "util": 0.5853929464037767, "br": 0.0}, "DE_FE_71": {"avail": 1.0, "util": 0.8183837822826993, "br": 0.0}, "DE_FE_72": {"avail": 1.0, "util": 0.14745903915579006, "br": 0.0}, "DE_FE_86": {"avail": 1.0, "util": 0.22700262168230104, "br": 0.0}, "DefMEt_FE_118": {"avail": 1.0, "util": 0.6198972507636767, "br": 0.0}, "DefMet_BE_33": {"avail": 1.0, "util": 0.7966537073035268, "br": 0.0}, "DefMet_BE_42": {"avail": 1.0, "util": 0.8890585948347681, "br": 0.0}, "DefMet_FE_10": {"avail": 1.0, "util": 0.36101083032490977, "br": 0.0}, "DefMet_FE_106": {"avail": 1.0, "util": 0.2550680366564843, "br": 0.0}, "DefMet_FE_34": {"avail": 1.0, "util": 0.5163149125242988, "br": 0.0}, "DefMet_FE_43": {"avail": 1.0, "util": 0.6726742571507915, "br": 0.0}, "Delay_32": {"avail": 1.0, "util": 0.09375173562899196, "br": 0.0}, "Dielectric_BE_20": {"avail": 1.0, "util": 0.9314634823660094, "br": 0.0}, "Dielectric_BE_21": {"avail": 1.0, "util": 0.954341386651856, "br": 0.0}, "Dielectric_BE_27": {"avail": 1.0, "util": 0.8900074053503656, "br": 0.0}, "Dielectric_BE_28": {"avail": 1.0, "util": 0.8935018050541517, "br": 0.0}, "Dielectric_BE_60": {"avail": 1.0, "util": 0.835925205961307, "br": 0.0}, "Dielectric_FE_112": {"avail": 1.0, "util": 0.6651701687802771, "br": 0.0}, "Dielectric_FE_130": {"avail": 1.0, "util": 0.8743751735628992, "br": 0.0}, "Dielectric_FE_29": {"avail": 1.0, "util": 0.7790428584652411, "br": 0.0}, "Dielectric_FE_30": {"avail": 1.0, "util": 0.8390030547070259, "br": 0.0}, "Dielectric_FE_31": {"avail": 1.0, "util": 0.4255762288253263, "br": 0.0}, "Diffusion_BE_123": {"avail": 1.0, "util": 0.0, "br": 0.0}, "Diffusion_FE_100": {"avail": 1.0, "util": 0.0, "br": 0.0}, "Diffusion_FE_101": {"avail": 1.0, "util": 0.0, "br": 0.0}, "Diffusion_FE_120": {"avail": 1.0, "util": 0.0, "br": 0.0}, "Diffusion_FE_122": {"avail": 1.0, "util": 0.0, "br": 0.0}, "Diffusion_FE_125": {"avail": 1.0, "util": 0.0, "br": 0.0}, "Diffusion_FE_126": {"avail": 1.0, "util": 0.0, "br": 0.0}, "Diffusion_FE_127": {"avail": 1.0, "util": 0.0, "br": 0.0}, "Diffusion_FE_44": {"avail": 1.0, "util": 0.0, "br": 0.0}, "Diffusion_FE_94": {"avail": 1.0, "util": 0.0, "br": 0.0}, "EPI_36": {"avail": 1.0, "util": 0.014301582893640655, "br": 0.0}, "EPI_38": {"avail": 1.0, "util": 0.6101083032490975, "br": 0.0}, "Implant_119": {"avail": 1.0, "util": 0.08011663426825881, "br": 0.0}, "Implant_128": {"avail": 1.0, "util": 0.04069576632753528, "br": 0.0}, "Implant_132": {"avail": 1.0, "util": 0.03790613718411552, "br": 0.0}, "Implant_74": {"avail": 1.0, "util": 0.03408775340183282, "br": 0.0}, "Implant_88": {"avail": 1.0, "util": 0.0, "br": 0.0}, "Implant_90": {"avail": 1.0, "util": 0.05672035545681755, "br": 0.0}, "Implant_91": {"avail": 1.0, "util": 0.055163248304042525, "br": 0.0}, "LithoMet_BE_18": {"avail": 1.0, "util": 0.9424907222741158, "br": 0.0}, "LithoMet_FE_19": {"avail": 1.0, "util": 0.9449160947355894, "br": 0.0}, "LithoTrack_BE_117": {"avail": 1.0, "util": 0.1237989447375729, "br": 0.0}, "LithoTrack_FE_115": {"avail": 1.0, "util": 0.0746303533571298, "br": 0.0}, "LithoTrack_FE_95": {"avail": 1.0, "util": 0.1322132740905304, "br": 0.0}, "LithoTrack_FE_96": {"avail": 1.0, "util": 0.030199944459872258, "br": 0.0}, "Litho_BE_110": {"avail": 1.0, "util": 0.11384518793088877, "br": 0.0}, "Litho_BE_93": {"avail": 1.0, "util": 0.13038044987503472, "br": 0.0}, "Litho_BE_99": {"avail": 1.0, "util": 0.2272054059057669, "br": 0.0}, "Litho_FE_111": {"avail": 1.0, "util": 0.17143848930852543, "br": 0.0}, "Litho_FE_35": {"avail": 1.0, "util": 0.0585254096084421, "br": 0.0}, "Litho_FE_92": {"avail": 1.0, "util": 0.12862345929549485, "br": 0.0}, "Litho_FE_98": {"avail": 1.0, "util": 0.022771452374340462, "br": 0.0}, "Litho_REG_BE_63": {"avail": 1.0, "util": 0.9471500971952236, "br": 0.0}, "Litho_REG_FE_64": {"avail": 1.0, "util": 0.8909099324261779, "br": 0.0}, "Planar_BE_75": {"avail": 1.0, "util": 0.7134724481294878, "br": 0.0}, "Planar_FE_76": {"avail": 1.0, "util": 0.9282838100527632, "br": 0.0}, "Planar_FE_77": {"avail": 1.0, "util": 0.7179255762288254, "br": 0.0}, "Planar_FE_78": {"avail": 1.0, "util": 0.42439600111080256, "br": 0.0}, "Planar_FE_79": {"avail": 1.0, "util": 0.32247986670369344, "br": 0.0}, "Planar_FE_80": {"avail": 1.0, "util": 0.48014440433212996, "br": 0.0}, "TF_BE_2": {"avail": 1.0, "util": 0.5330810885865037, "br": 0.0}, "TF_BE_23": {"avail": 1.0, "util": 0.6128853096362121, "br": 0.0}, "TF_BE_24": {"avail": 1.0, "util": 0.7142807553457373, "br": 0.0}, "TF_BE_26": {"avail": 1.0, "util": 0.5761326981821289, "br": 0.0}, "TF_BE_40": {"avail": 1.0, "util": 0.5983958704281491, "br": 0.0}, "TF_FE_103": {"avail": 1.0, "util": 0.7242631015194192, "br": 0.0}, "TF_FE_104": {"avail": 1.0, "util": 0.5627325742849209, "br": 0.0}, "TF_FE_113": {"avail": 1.0, "util": 0.22493751735628992, "br": 0.0}, "TF_FE_131": {"avail": 1.0, "util": 0.7039942608534667, "br": 0.0}, "TF_FE_3": {"avail": 1.0, "util": 0.6712487272054058, "br": 0.0}, "TF_FE_5": {"avail": 1.0, "util": 0.5391095066185319, "br": 0.0}, "TF_Met_FE_45": {"avail": 1.0, "util": 0.17758955845598445, "br": 0.0}, "TF_Met_FE_61": {"avail": 1.0, "util": 0.9650791446820328, "br": 0.0}, "WE_BE_14": {"avail": 1.0, "util": 0.046348236600944184, "br": 0.0}, "WE_BE_16": {"avail": 1.0, "util": 0.04007567342404888, "br": 0.0}, "WE_BE_17": {"avail": 1.0, "util": 0.028394890308247708, "br": 0.0}, "WE_BE_7": {"avail": 1.0, "util": 0.034018328242154956, "br": 0.0}, "WE_BE_81": {"avail": 1.0, "util": 0.056188095899287235, "br": 0.0}, "WE_BE_82": {"avail": 1.0, "util": 0.05813200037026752, "br": 0.0}, "WE_BE_9": {"avail": 1.0, "util": 0.07372951957789503, "br": 0.0}, "WE_FE_108": {"avail": 1.0, "util": 0.03510997902881383, "br": 0.0}, "WE_FE_41": {"avail": 1.0, "util": 0.02968619827825604, "br": 0.0}, "WE_FE_47": {"avail": 1.0, "util": 0.03426825881699528, "br": 0.0}, "WE_FE_8": {"avail": 1.0, "util": 0.026103860038878088, "br": 0.0}, "WE_FE_83": {"avail": 1.0, "util": 0.054683884106266775, "br": 0.0}, "WE_FE_84": {"avail": 1.0, "util": 0.03926196971429505, "br": 0.0}, "WE_FE_85": {"avail": 1.0, "util": 0.047764509858372675, "br": 0.0}}, "plugins": {"cost": 429200}}