{"lots": {}, "machines": {"DE_BE_11": {"avail": 1.0, "util": 0.0, "br": 0.0}, "DE_BE_12": {"avail": 1.0, "util": 0.0, "br": 0.0}, "DE_BE_13": {"avail": 1.0, "util": 0.0, "br": 0.0}, "DE_BE_48": {"avail": 1.0, "util": 0.0, "br": 0.0}, "DE_BE_50": {"avail": 1.0, "util": 0.0, "br": 0.0}, "DE_BE_65": {"avail": 1.0, "util": 0.0, "br": 0.0}, "DE_BE_66": {"avail": 1.0, "util": 0.0, "br": 0.0}, "DE_BE_67": {"avail": 1.0, "util": 0.0, "br": 0.0}, "DE_BE_69": {"avail": 1.0, "util": 0.0, "br": 0.0}, "DE_FE_1": {"avail": 1.0, "util": 0.0, "br": 0.0}, "DE_FE_51": {"avail": 1.0, "util": 0.0, "br": 0.0}, "DE_FE_53": {"avail": 1.0, "util": 0.0, "br": 0.0}, "DE_FE_54": {"avail": 1.0, "util": 0.0, "br": 0.0}, "DE_FE_56": {"avail": 1.0, "util": 0.0, "br": 0.0}, "DE_FE_58": {"avail": 1.0, "util": 0.0, "br": 0.0}, "DE_FE_59": {"avail": 1.0, "util": 0.0, "br": 0.0}, "DE_FE_62": {"avail": 1.0, "util": 0.0, "br": 0.0}, "DE_FE_70": {"avail": 1.0, "util": 0.0, "br": 0.0}, "DE_FE_71": {"avail": 1.0, "util": 0.0, "br": 0.0}, "DE_FE_72": {"avail": 1.0, "util": 0.0, "br": 0.0}, "DE_FE_86": {"avail": 1.0, "util": 0.0, "br": 0.0}, "DefMEt_FE_118": {"avail": 1.0, "util": 0.9829734219269103, "br": 0.0}, "DefMet_BE_33": {"avail": 1.0, "util": 0.46359357696567, "br": 0.0}, "DefMet_BE_42": {"avail": 1.0, "util": 0.655592469545958, "br": 0.0}, "DefMet_FE_10": {"avail": 1.0, "util": 0.6583610188261351, "br": 0.0}, "DefMet_FE_106": {"avail": 1.0, "util": 0.25775193798449614, "br": 0.0}, "DefMet_FE_34": {"avail": 1.0, "util": 0.29485049833887045, "br": 0.0}, "DefMet_FE_43": {"avail": 1.0, "util": 0.8352159468438539, "br": 0.0}, "Delay_32": {"avail": 1.0, "util": 0.0, "br": 0.0}, "Dielectric_BE_20": {"avail": 1.0, "util": 0.7296788482834994, "br": 0.0}, "Dielectric_BE_21": {"avail": 1.0, "util": 0.643687707641196, "br": 0.0}, "Dielectric_BE_27": {"avail": 1.0, "util": 0.6693429309708379, "br": 0.0}, "Dielectric_BE_28": {"avail": 1.0, "util": 0.7066260612772242, "br": 0.0}, "Dielectric_BE_60": {"avail": 1.0, "util": 0.6844315245478035, "br": 0.0}, "Dielectric_FE_112": {"avail": 1.0, "util": 0.5973298880275625, "br": 0.0}, "Dielectric_FE_130": {"avail": 1.0, "util": 0.8786683277962348, "br": 0.0}, "Dielectric_FE_29": {"avail": 1.0, "util": 0.0, "br": 0.0}, "Dielectric_FE_30": {"avail": 1.0, "util": 0.5508028792912514, "br": 0.0}, "Dielectric_FE_31": {"avail": 1.0, "util": 0.8535437430786268, "br": 0.0}, "Diffusion_BE_123": {"avail": 1.0, "util": 0.0, "br": 0.0}, "Diffusion_FE_100": {"avail": 1.0, "util": 0.0, "br": 0.0}, "Diffusion_FE_101": {"avail": 1.0, "util": 0.0, "br": 0.0}, "Diffusion_FE_120": {"avail": 1.0, "util": 0.0, "br": 0.0}, "Diffusion_FE_122": {"avail": 1.0, "util": 0.0, "br": 0.0}, "Diffusion_FE_125": {"avail": 1.0, "util": 0.0, "br": 0.0}, "Diffusion_FE_126": {"avail": 1.0, "util": 0.0, "br": 0.0}, "Diffusion_FE_127": {"avail": 1.0, "util": 0.0, "br": 0.0}, "Diffusion_FE_44": {"avail": 1.0, "util": 0.0, "br": 0.0}, "Diffusion_FE_94": {"avail": 1.0, "util": 0.0, "br": 0.0}, "EPI_36": {"avail": 1.0, "util": 0.014534883720930232, "br": 0.0}, "EPI_38": {"avail": 1.0, "util": 0.9878183831672204, "br": 0.0}, "Implant_119": {"avail": 1.0, "util": 0.008997785160575858, "br": 0.0}, "Implant_128": {"avail": 1.0, "util": 0.06561461794019934, "br": 0.0}, "Implant_132": {"avail": 1.0, "util": 0.04255655750672362, "br": 0.0}, "Implant_74": {"avail": 1.0, "util": 0.06741417497231451, "br": 0.0}, "Implant_88": {"avail": 1.0, "util": 0.0, "br": 0.0}, "Implant_90": {"avail": 1.0, "util": 0.0384828349944629, "br": 0.0}, "Implant_91": {"avail": 1.0, "util": 0.07320835310868534, "br": 0.0}, "LithoMet_BE_18": {"avail": 1.0, "util": 0.7570220477197221, "br": 0.0}, "LithoMet_FE_19": {"avail": 1.0, "util": 0.7769340294257238, "br": 0.0}, "LithoTrack_BE_117": {"avail": 1.0, "util": 0.19673311184939093, "br": 0.0}, "LithoTrack_FE_115": {"avail": 1.0, "util": 0.12046565648380736, "br": 0.0}, "LithoTrack_FE_95": {"avail": 1.0, "util": 0.20606312292358803, "br": 0.0}, "LithoTrack_FE_96": {"avail": 1.0, "util": 0.060077519379844964, "br": 0.0}, "Litho_BE_110": {"avail": 1.0, "util": 0.18522798401463722, "br": 0.0}, "Litho_BE_93": {"avail": 1.0, "util": 0.25193798449612403, "br": 0.0}, "Litho_BE_99": {"avail": 1.0, "util": 0.37587670727205613, "br": 0.0}, "Litho_FE_111": {"avail": 1.0, "util": 0.3220099667774086, "br": 0.0}, "Litho_FE_35": {"avail": 1.0, "util": 0.08388704318936877, "br": 0.0}, "Litho_FE_92": {"avail": 1.0, "util": 0.21745889769145582, "br": 0.0}, "Litho_FE_98": {"avail": 1.0, "util": 0.03197674418604651, "br": 0.0}, "Litho_REG_BE_63": {"avail": 1.0, "util": 0.8056132336655593, "br": 0.0}, "Litho_REG_FE_64": {"avail": 1.0, "util": 0.834579180509413, "br": 0.0}, "Planar_BE_75": {"avail": 1.0, "util": 0.25031640563202023, "br": 0.0}, "Planar_FE_76": {"avail": 1.0, "util": 0.9280177187153932, "br": 0.0}, "Planar_FE_77": {"avail": 1.0, "util": 0.7127630121816169, "br": 0.0}, "Planar_FE_78": {"avail": 1.0, "util": 0.8514673311184939, "br": 0.0}, "Planar_FE_79": {"avail": 1.0, "util": 0.0, "br": 0.0}, "Planar_FE_80": {"avail": 1.0, "util": 0.6406423034330011, "br": 0.0}, "TF_BE_2": {"avail": 1.0, "util": 0.0, "br": 0.0}, "TF_BE_23": {"avail": 1.0, "util": 0.0701827242524917, "br": 0.0}, "TF_BE_24": {"avail": 1.0, "util": 0.0, "br": 0.0}, "TF_BE_26": {"avail": 1.0, "util": 0.0759434364085527, "br": 0.0}, "TF_BE_40": {"avail": 1.0, "util": 0.0, "br": 0.0}, "TF_FE_103": {"avail": 1.0, "util": 0.0, "br": 0.0}, "TF_FE_104": {"avail": 1.0, "util": 0.0, "br": 0.0}, "TF_FE_113": {"avail": 1.0, "util": 0.0, "br": 0.0}, "TF_FE_131": {"avail": 1.0, "util": 0.0, "br": 0.0}, "TF_FE_3": {"avail": 1.0, "util": 0.0, "br": 0.0}, "TF_FE_5": {"avail": 1.0, "util": 0.0, "br": 0.0}, "TF_Met_FE_45": {"avail": 1.0, "util": 0.28183831672203763, "br": 0.0}, "TF_Met_FE_61": {"avail": 1.0, "util": 0.9233111849390919, "br": 0.0}, "WE_BE_14": {"avail": 1.0, "util": 0.0296234772978959, "br": 0.0}, "WE_BE_16": {"avail": 1.0, "util": 0.023325027685492803, "br": 0.0}, "WE_BE_17": {"avail": 1.0, "util": 0.026578073089700997, "br": 0.0}, "WE_BE_7": {"avail": 1.0, "util": 0.011351052048726468, "br": 0.0}, "WE_BE_81": {"avail": 1.0, "util": 0.028331487633813213, "br": 0.0}, "WE_BE_82": {"avail": 1.0, "util": 0.05860095976375046, "br": 0.0}, "WE_BE_9": {"avail": 1.0, "util": 0.07070874861572536, "br": 0.0}, "WE_FE_108": {"avail": 1.0, "util": 0.026568526368045214, "br": 0.0}, "WE_FE_41": {"avail": 1.0, "util": 0.03981173864894796, "br": 0.0}, "WE_FE_47": {"avail": 1.0, "util": 0.03122923588039867, "br": 0.0}, "WE_FE_8": {"avail": 1.0, "util": 0.02630121816168328, "br": 0.0}, "WE_FE_83": {"avail": 1.0, "util": 0.06764488741232927, "br": 0.0}, "WE_FE_84": {"avail": 1.0, "util": 0.03481857859422839, "br": 0.0}, "WE_FE_85": {"avail": 1.0, "util": 0.08513289036544851, "br": 0.0}}, "plugins": {"cost": 429200}}