{"lots": {}, "machines": {"DE_BE_11": {"avail": 1.0, "util": 0.0, "br": 0.0}, "DE_BE_12": {"avail": 1.0, "util": 0.0, "br": 0.0}, "DE_BE_13": {"avail": 1.0, "util": 0.0, "br": 0.0}, "DE_BE_48": {"avail": 1.0, "util": 0.0, "br": 0.0}, "DE_BE_50": {"avail": 1.0, "util": 0.0, "br": 0.0}, "DE_BE_65": {"avail": 1.0, "util": 0.0, "br": 0.0}, "DE_BE_66": {"avail": 1.0, "util": 0.0, "br": 0.0}, "DE_BE_67": {"avail": 1.0, "util": 0.0, "br": 0.0}, "DE_BE_69": {"avail": 1.0, "util": 0.0, "br": 0.0}, "DE_FE_1": {"avail": 1.0, "util": 0.0, "br": 0.0}, "DE_FE_51": {"avail": 1.0, "util": 0.0, "br": 0.0}, "DE_FE_53": {"avail": 1.0, "util": 0.0, "br": 0.0}, "DE_FE_54": {"avail": 1.0, "util": 0.0, "br": 0.0}, "DE_FE_56": {"avail": 1.0, "util": 0.0, "br": 0.0}, "DE_FE_58": {"avail": 1.0, "util": 0.0, "br": 0.0}, "DE_FE_59": {"avail": 1.0, "util": 0.0, "br": 0.0}, "DE_FE_62": {"avail": 1.0, "util": 0.0, "br": 0.0}, "DE_FE_70": {"avail": 1.0, "util": 0.0, "br": 0.0}, "DE_FE_71": {"avail": 1.0, "util": 0.0, "br": 0.0}, "DE_FE_72": {"avail": 1.0, "util": 0.0, "br": 0.0}, "DE_FE_86": {"avail": 1.0, "util": 0.0, "br": 0.0}, "DefMEt_FE_118": {"avail": 1.0, "util": 0.7459811529933481, "br": 0.0}, "DefMet_BE_33": {"avail": 1.0, "util": 0.5699833702882483, "br": 0.0}, "DefMet_BE_42": {"avail": 1.0, "util": 0.774390243902439, "br": 0.0}, "DefMet_FE_10": {"avail": 1.0, "util": 0.6276330376940134, "br": 0.0}, "DefMet_FE_106": {"avail": 1.0, "util": 0.7677383592017738, "br": 0.0}, "DefMet_FE_34": {"avail": 1.0, "util": 0.738359201773836, "br": 0.0}, "DefMet_FE_43": {"avail": 1.0, "util": 0.7687084257206208, "br": 0.0}, "Delay_32": {"avail": 1.0, "util": 0.0, "br": 0.0}, "Dielectric_BE_20": {"avail": 1.0, "util": 0.8927937915742793, "br": 0.0}, "Dielectric_BE_21": {"avail": 1.0, "util": 0.6332802106430155, "br": 0.0}, "Dielectric_BE_27": {"avail": 1.0, "util": 0.8082409460458241, "br": 0.0}, "Dielectric_BE_28": {"avail": 1.0, "util": 0.7608786031042128, "br": 0.0}, "Dielectric_BE_60": {"avail": 1.0, "util": 0.8698725055432373, "br": 0.0}, "Dielectric_FE_112": {"avail": 1.0, "util": 0.6103658536585366, "br": 0.0}, "Dielectric_FE_130": {"avail": 1.0, "util": 0.8858786031042128, "br": 0.0}, "Dielectric_FE_29": {"avail": 1.0, "util": 0.782150776053215, "br": 0.0}, "Dielectric_FE_30": {"avail": 1.0, "util": 0.5467017738359202, "br": 0.0}, "Dielectric_FE_31": {"avail": 1.0, "util": 0.6101025498891353, "br": 0.0}, "Diffusion_BE_123": {"avail": 1.0, "util": 0.0, "br": 0.0}, "Diffusion_FE_100": {"avail": 1.0, "util": 0.0, "br": 0.0}, "Diffusion_FE_101": {"avail": 1.0, "util": 0.0, "br": 0.0}, "Diffusion_FE_120": {"avail": 1.0, "util": 0.0, "br": 0.0}, "Diffusion_FE_122": {"avail": 1.0, "util": 0.0, "br": 0.0}, "Diffusion_FE_125": {"avail": 1.0, "util": 0.0, "br": 0.0}, "Diffusion_FE_126": {"avail": 1.0, "util": 0.0, "br": 0.0}, "Diffusion_FE_127": {"avail": 1.0, "util": 0.0, "br": 0.0}, "Diffusion_FE_44": {"avail": 1.0, "util": 0.0, "br": 0.0}, "Diffusion_FE_94": {"avail": 1.0, "util": 0.0, "br": 0.0}, "EPI_36": {"avail": 1.0, "util": 0.01385809312638581, "br": 0.0}, "EPI_38": {"avail": 1.0, "util": 0.03547671840354767, "br": 0.0}, "Implant_119": {"avail": 1.0, "util": 0.04614745011086475, "br": 0.0}, "Implant_128": {"avail": 1.0, "util": 0.11723946784922394, "br": 0.0}, "Implant_132": {"avail": 1.0, "util": 0.05796147450110865, "br": 0.0}, "Implant_74": {"avail": 1.0, "util": 0.0, "br": 0.0}, "Implant_88": {"avail": 1.0, "util": 0.007206208425720621, "br": 0.0}, "Implant_90": {"avail": 1.0, "util": 0.07649667405764966, "br": 0.0}, "Implant_91": {"avail": 1.0, "util": 0.06785846267553584, "br": 0.0}, "LithoMet_BE_18": {"avail": 1.0, "util": 0.8342572062084257, "br": 0.0}, "LithoMet_FE_19": {"avail": 1.0, "util": 0.7954545454545454, "br": 0.0}, "LithoTrack_BE_117": {"avail": 1.0, "util": 0.26252771618625276, "br": 0.0}, "LithoTrack_FE_115": {"avail": 1.0, "util": 0.12851071692535107, "br": 0.0}, "LithoTrack_FE_95": {"avail": 1.0, "util": 0.1503744513326395, "br": 0.0}, "LithoTrack_FE_96": {"avail": 1.0, "util": 0.0, "br": 0.0}, "Litho_BE_110": {"avail": 1.0, "util": 0.2039911308203991, "br": 0.0}, "Litho_BE_93": {"avail": 1.0, "util": 0.20694752402069475, "br": 0.0}, "Litho_BE_99": {"avail": 1.0, "util": 0.6104028085735403, "br": 0.0}, "Litho_FE_111": {"avail": 1.0, "util": 0.31106379762144726, "br": 0.0}, "Litho_FE_35": {"avail": 1.0, "util": 0.15091463414634146, "br": 0.0}, "Litho_FE_92": {"avail": 1.0, "util": 0.33190552979909965, "br": 0.0}, "Litho_FE_98": {"avail": 1.0, "util": 0.3748337028824834, "br": 0.0}, "Litho_REG_BE_63": {"avail": 1.0, "util": 0.7970828713968958, "br": 0.0}, "Litho_REG_FE_64": {"avail": 1.0, "util": 0.834217611656636, "br": 0.0}, "Planar_BE_75": {"avail": 1.0, "util": 0.21881929046563192, "br": 0.0}, "Planar_FE_76": {"avail": 1.0, "util": 0.923410938654841, "br": 0.0}, "Planar_FE_77": {"avail": 1.0, "util": 0.7062084257206208, "br": 0.0}, "Planar_FE_78": {"avail": 1.0, "util": 0.0, "br": 0.0}, "Planar_FE_79": {"avail": 1.0, "util": 0.0, "br": 0.0}, "Planar_FE_80": {"avail": 1.0, "util": 0.6412139689578714, "br": 0.0}, "TF_BE_2": {"avail": 1.0, "util": 0.0, "br": 0.0}, "TF_BE_23": {"avail": 1.0, "util": 0.10409616057883067, "br": 0.0}, "TF_BE_24": {"avail": 1.0, "util": 0.0, "br": 0.0}, "TF_BE_26": {"avail": 1.0, "util": 0.0, "br": 0.0}, "TF_BE_40": {"avail": 1.0, "util": 0.0, "br": 0.0}, "TF_FE_103": {"avail": 1.0, "util": 0.0, "br": 0.0}, "TF_FE_104": {"avail": 1.0, "util": 0.0, "br": 0.0}, "TF_FE_113": {"avail": 1.0, "util": 0.0, "br": 0.0}, "TF_FE_131": {"avail": 1.0, "util": 0.0, "br": 0.0}, "TF_FE_3": {"avail": 1.0, "util": 0.0, "br": 0.0}, "TF_FE_5": {"avail": 1.0, "util": 0.0, "br": 0.0}, "TF_Met_FE_45": {"avail": 1.0, "util": 0.21549334811529933, "br": 0.0}, "TF_Met_FE_61": {"avail": 1.0, "util": 0.9469235033259423, "br": 0.0}, "WE_BE_14": {"avail": 1.0, "util": 0.02139689578713969, "br": 0.0}, "WE_BE_16": {"avail": 1.0, "util": 0.024975363389997538, "br": 0.0}, "WE_BE_17": {"avail": 1.0, "util": 0.04226718403547672, "br": 0.0}, "WE_BE_7": {"avail": 1.0, "util": 0.011363636363636364, "br": 0.0}, "WE_BE_81": {"avail": 1.0, "util": 0.02226533628972653, "br": 0.0}, "WE_BE_82": {"avail": 1.0, "util": 0.14528824833702883, "br": 0.0}, "WE_BE_9": {"avail": 1.0, "util": 0.0818815331010453, "br": 0.0}, "WE_FE_108": {"avail": 1.0, "util": 0.040521064301552105, "br": 0.0}, "WE_FE_41": {"avail": 1.0, "util": 0.03752771618625277, "br": 0.0}, "WE_FE_47": {"avail": 1.0, "util": 0.03861788617886179, "br": 0.0}, "WE_FE_8": {"avail": 1.0, "util": 0.08647450110864745, "br": 0.0}, "WE_FE_83": {"avail": 1.0, "util": 0.06121317706683561, "br": 0.0}, "WE_FE_84": {"avail": 1.0, "util": 0.05420054200542005, "br": 0.0}, "WE_FE_85": {"avail": 1.0, "util": 0.03824833702882483, "br": 0.0}}, "plugins": {"cost": 448800}}