{"lots": {}, "machines": {"DE_BE_11": {"avail": 1.0, "util": 0.6301633151872015, "br": 0.0}, "DE_BE_12": {"avail": 1.0, "util": 0.5650236393487142, "br": 0.0}, "DE_BE_13": {"avail": 1.0, "util": 0.9022886345961559, "br": 0.0}, "DE_BE_48": {"avail": 1.0, "util": 0.8619375624930563, "br": 0.0}, "DE_BE_50": {"avail": 1.0, "util": 0.8346788628424002, "br": 0.0}, "DE_BE_65": {"avail": 1.0, "util": 0.7469268120535627, "br": 0.0}, "DE_BE_66": {"avail": 1.0, "util": 0.6703144095100544, "br": 0.0}, "DE_BE_67": {"avail": 1.0, "util": 0.7349461170981002, "br": 0.0}, "DE_BE_69": {"avail": 1.0, "util": 0.8855404955005, "br": 0.0}, "DE_FE_1": {"avail": 1.0, "util": 0.9042963480248226, "br": 0.0}, "DE_FE_51": {"avail": 1.0, "util": 0.593790748396377, "br": 0.0}, "DE_FE_53": {"avail": 1.0, "util": 0.547983557382513, "br": 0.0}, "DE_FE_54": {"avail": 1.0, "util": 0.9774136207088102, "br": 0.0}, "DE_FE_56": {"avail": 1.0, "util": 0.8311854238417954, "br": 0.0}, "DE_FE_58": {"avail": 1.0, "util": 0.6870532903751435, "br": 0.0}, "DE_FE_59": {"avail": 1.0, "util": 0.7894863533681443, "br": 0.0}, "DE_FE_62": {"avail": 1.0, "util": 0.9531202882219435, "br": 0.0}, "DE_FE_70": {"avail": 1.0, "util": 0.9124498987292011, "br": 0.0}, "DE_FE_71": {"avail": 1.0, "util": 0.7159839382925707, "br": 0.0}, "DE_FE_72": {"avail": 1.0, "util": 0.8130701526990828, "br": 0.0}, "DE_FE_86": {"avail": 1.0, "util": 0.7950392343237582, "br": 0.0}, "DefMEt_FE_118": {"avail": 1.0, "util": 0.3000777691367626, "br": 0.0}, "DefMet_BE_33": {"avail": 1.0, "util": 0.9182313076324853, "br": 0.0}, "DefMet_BE_42": {"avail": 1.0, "util": 0.9938340184423953, "br": 0.0}, "DefMet_FE_10": {"avail": 1.0, "util": 0.6618709032329742, "br": 0.0}, "DefMet_FE_106": {"avail": 1.0, "util": 0.3604599488945673, "br": 0.0}, "DefMet_FE_34": {"avail": 1.0, "util": 0.586323741806466, "br": 0.0}, "DefMet_FE_43": {"avail": 1.0, "util": 0.9613098544606155, "br": 0.0}, "Delay_32": {"avail": 1.0, "util": 0.4459718364626153, "br": 0.0}, "Dielectric_BE_20": {"avail": 1.0, "util": 0.9515053882901899, "br": 0.0}, "Dielectric_BE_21": {"avail": 1.0, "util": 0.938492945228308, "br": 0.0}, "Dielectric_BE_27": {"avail": 1.0, "util": 0.8564900196274488, "br": 0.0}, "Dielectric_BE_28": {"avail": 1.0, "util": 0.7731918675702699, "br": 0.0}, "Dielectric_BE_60": {"avail": 1.0, "util": 0.9350766581490946, "br": 0.0}, "Dielectric_FE_112": {"avail": 1.0, "util": 0.8970614376180425, "br": 0.0}, "Dielectric_FE_130": {"avail": 1.0, "util": 0.8495861570936563, "br": 0.0}, "Dielectric_FE_29": {"avail": 1.0, "util": 0.9345257934303596, "br": 0.0}, "Dielectric_FE_30": {"avail": 1.0, "util": 0.9435896011554272, "br": 0.0}, "Dielectric_FE_31": {"avail": 1.0, "util": 0.9692811909787802, "br": 0.0}, "Diffusion_BE_123": {"avail": 1.0, "util": 0.0, "br": 0.0}, "Diffusion_FE_100": {"avail": 1.0, "util": 0.0, "br": 0.0}, "Diffusion_FE_101": {"avail": 1.0, "util": 0.0, "br": 0.0}, "Diffusion_FE_120": {"avail": 1.0, "util": 0.0, "br": 0.0}, "Diffusion_FE_122": {"avail": 1.0, "util": 0.0, "br": 0.0}, "Diffusion_FE_125": {"avail": 1.0, "util": 0.0, "br": 0.0}, "Diffusion_FE_126": {"avail": 1.0, "util": 0.0, "br": 0.0}, "Diffusion_FE_127": {"avail": 1.0, "util": 0.0, "br": 0.0}, "Diffusion_FE_44": {"avail": 1.0, "util": 0.0, "br": 0.0}, "Diffusion_FE_94": {"avail": 1.0, "util": 0.0, "br": 0.0}, "EPI_36": {"avail": 1.0, "util": 0.012915231640928785, "br": 0.0}, "EPI_38": {"avail": 1.0, "util": 0.03577380291078769, "br": 0.0}, "Implant_119": {"avail": 1.0, "util": 0.018581268747916897, "br": 0.0}, "Implant_128": {"avail": 1.0, "util": 0.05018886790356627, "br": 0.0}, "Implant_132": {"avail": 1.0, "util": 0.04556438173536274, "br": 0.0}, "Implant_74": {"avail": 1.0, "util": 0.006693700699922231, "br": 0.0}, "Implant_88": {"avail": 1.0, "util": 0.02133096322630819, "br": 0.0}, "Implant_90": {"avail": 1.0, "util": 0.043022997444728366, "br": 0.0}, "Implant_91": {"avail": 1.0, "util": 0.04120838425360145, "br": 0.0}, "LithoMet_BE_18": {"avail": 1.0, "util": 0.9760539427243128, "br": 0.0}, "LithoMet_FE_19": {"avail": 1.0, "util": 0.9646397313878705, "br": 0.0}, "LithoTrack_BE_117": {"avail": 1.0, "util": 0.10292189756693701, "br": 0.0}, "LithoTrack_FE_115": {"avail": 1.0, "util": 0.04687278755519539, "br": 0.0}, "LithoTrack_FE_95": {"avail": 1.0, "util": 0.0548170384696485, "br": 0.0}, "LithoTrack_FE_96": {"avail": 1.0, "util": 0.003055216087101433, "br": 0.0}, "Litho_BE_110": {"avail": 1.0, "util": 0.05999730188709192, "br": 0.0}, "Litho_BE_93": {"avail": 1.0, "util": 0.05269784838721623, "br": 0.0}, "Litho_BE_99": {"avail": 1.0, "util": 0.17922082731548347, "br": 0.0}, "Litho_FE_111": {"avail": 1.0, "util": 0.09730484491622143, "br": 0.0}, "Litho_FE_35": {"avail": 1.0, "util": 0.05071658704588379, "br": 0.0}, "Litho_FE_92": {"avail": 1.0, "util": 0.09065322708251272, "br": 0.0}, "Litho_FE_98": {"avail": 1.0, "util": 0.09561159871125431, "br": 0.0}, "Litho_REG_BE_63": {"avail": 1.0, "util": 0.9535329407843572, "br": 0.0}, "Litho_REG_FE_64": {"avail": 1.0, "util": 0.97469725586046, "br": 0.0}, "Planar_BE_75": {"avail": 1.0, "util": 0.7688062437506943, "br": 0.0}, "Planar_FE_76": {"avail": 1.0, "util": 0.6236899603747731, "br": 0.0}, "Planar_FE_77": {"avail": 1.0, "util": 0.8620153316298189, "br": 0.0}, "Planar_FE_78": {"avail": 1.0, "util": 0.6760637706921453, "br": 0.0}, "Planar_FE_79": {"avail": 1.0, "util": 0.9710921008776802, "br": 0.0}, "Planar_FE_80": {"avail": 1.0, "util": 0.9061215420508832, "br": 0.0}, "TF_BE_2": {"avail": 1.0, "util": 0.2670814353960671, "br": 0.0}, "TF_BE_23": {"avail": 1.0, "util": 0.7922482297288604, "br": 0.0}, "TF_BE_24": {"avail": 1.0, "util": 0.2309187868014665, "br": 0.0}, "TF_BE_26": {"avail": 1.0, "util": 0.6696404103247787, "br": 0.0}, "TF_BE_40": {"avail": 1.0, "util": 0.7029728178350554, "br": 0.0}, "TF_FE_103": {"avail": 1.0, "util": 0.7460559937784691, "br": 0.0}, "TF_FE_104": {"avail": 1.0, "util": 0.6955560493278524, "br": 0.0}, "TF_FE_113": {"avail": 1.0, "util": 0.3960393289634485, "br": 0.0}, "TF_FE_131": {"avail": 1.0, "util": 0.3670055179054179, "br": 0.0}, "TF_FE_3": {"avail": 1.0, "util": 0.8055216087101433, "br": 0.0}, "TF_FE_5": {"avail": 1.0, "util": 0.6444006221530941, "br": 0.0}, "TF_Met_FE_45": {"avail": 1.0, "util": 0.08474058437951339, "br": 0.0}, "TF_Met_FE_61": {"avail": 1.0, "util": 0.9808632374180647, "br": 0.0}, "WE_BE_14": {"avail": 1.0, "util": 0.040962115320519944, "br": 0.0}, "WE_BE_16": {"avail": 1.0, "util": 0.04414324334333222, "br": 0.0}, "WE_BE_17": {"avail": 1.0, "util": 0.04171758693478502, "br": 0.0}, "WE_BE_7": {"avail": 1.0, "util": 0.018275747139206756, "br": 0.0}, "WE_BE_81": {"avail": 1.0, "util": 0.05564196570751398, "br": 0.0}, "WE_BE_82": {"avail": 1.0, "util": 0.06361515387179202, "br": 0.0}, "WE_BE_9": {"avail": 1.0, "util": 0.05107369022489565, "br": 0.0}, "WE_FE_108": {"avail": 1.0, "util": 0.043741171615852205, "br": 0.0}, "WE_FE_41": {"avail": 1.0, "util": 0.03778469058993445, "br": 0.0}, "WE_FE_47": {"avail": 1.0, "util": 0.040717698033551825, "br": 0.0}, "WE_FE_8": {"avail": 1.0, "util": 0.055049438951227644, "br": 0.0}, "WE_FE_83": {"avail": 1.0, "util": 0.04322535591283508, "br": 0.0}, "WE_FE_84": {"avail": 1.0, "util": 0.04092755125973657, "br": 0.0}, "WE_FE_85": {"avail": 1.0, "util": 0.026885901566492613, "br": 0.0}}, "plugins": {"cost": 447800.0}}