{"lots": {}, "machines": {"DE_BE_11": {"avail": 1.0, "util": 0.6310681767710414, "br": 0.0}, "DE_BE_12": {"avail": 1.0, "util": 0.5697189527969008, "br": 0.0}, "DE_BE_13": {"avail": 1.0, "util": 0.7752609371530091, "br": 0.0}, "DE_BE_48": {"avail": 1.0, "util": 0.8119031756606707, "br": 0.0}, "DE_BE_50": {"avail": 1.0, "util": 0.7391060280800453, "br": 0.0}, "DE_BE_65": {"avail": 1.0, "util": 0.7394024898433724, "br": 0.0}, "DE_BE_66": {"avail": 1.0, "util": 0.7358924459716913, "br": 0.0}, "DE_BE_67": {"avail": 1.0, "util": 0.825033311125916, "br": 0.0}, "DE_BE_69": {"avail": 1.0, "util": 0.8898234510326449, "br": 0.0}, "DE_FE_1": {"avail": 1.0, "util": 0.9035404968116494, "br": 0.0}, "DE_FE_51": {"avail": 1.0, "util": 0.5787311383054572, "br": 0.0}, "DE_FE_53": {"avail": 1.0, "util": 0.5427825893848546, "br": 0.0}, "DE_FE_54": {"avail": 1.0, "util": 0.9800355318676439, "br": 0.0}, "DE_FE_56": {"avail": 1.0, "util": 0.8354430379746836, "br": 0.0}, "DE_FE_58": {"avail": 1.0, "util": 0.3936449774224591, "br": 0.0}, "DE_FE_59": {"avail": 1.0, "util": 0.8278147901399068, "br": 0.0}, "DE_FE_62": {"avail": 1.0, "util": 0.6414929729386758, "br": 0.0}, "DE_FE_70": {"avail": 1.0, "util": 0.8709791762756454, "br": 0.0}, "DE_FE_71": {"avail": 1.0, "util": 0.7437105421782304, "br": 0.0}, "DE_FE_72": {"avail": 1.0, "util": 0.7427209021146396, "br": 0.0}, "DE_FE_86": {"avail": 1.0, "util": 0.7692809731783748, "br": 0.0}, "DefMEt_FE_118": {"avail": 1.0, "util": 0.2982456140350877, "br": 0.0}, "DefMet_BE_33": {"avail": 1.0, "util": 0.9195258716411281, "br": 0.0}, "DefMet_BE_42": {"avail": 1.0, "util": 0.9873972906950922, "br": 0.0}, "DefMet_FE_10": {"avail": 1.0, "util": 0.9311292471685543, "br": 0.0}, "DefMet_FE_106": {"avail": 1.0, "util": 0.31168110148789696, "br": 0.0}, "DefMet_FE_34": {"avail": 1.0, "util": 0.6271652231845436, "br": 0.0}, "DefMet_FE_43": {"avail": 1.0, "util": 0.9579724628025761, "br": 0.0}, "Delay_32": {"avail": 1.0, "util": 0.4427685709526982, "br": 0.0}, "Dielectric_BE_20": {"avail": 1.0, "util": 0.9248389962247391, "br": 0.0}, "Dielectric_BE_21": {"avail": 1.0, "util": 0.9153064623584277, "br": 0.0}, "Dielectric_BE_27": {"avail": 1.0, "util": 0.7964764231253239, "br": 0.0}, "Dielectric_BE_28": {"avail": 1.0, "util": 0.7342466133688652, "br": 0.0}, "Dielectric_BE_60": {"avail": 1.0, "util": 0.9139601376859872, "br": 0.0}, "Dielectric_FE_112": {"avail": 1.0, "util": 0.9245558516544525, "br": 0.0}, "Dielectric_FE_130": {"avail": 1.0, "util": 0.8775122140795025, "br": 0.0}, "Dielectric_FE_29": {"avail": 1.0, "util": 0.9289547708934783, "br": 0.0}, "Dielectric_FE_30": {"avail": 1.0, "util": 0.9448423273373306, "br": 0.0}, "Dielectric_FE_31": {"avail": 1.0, "util": 0.8953475460803908, "br": 0.0}, "Diffusion_BE_123": {"avail": 1.0, "util": 0.0, "br": 0.0}, "Diffusion_FE_100": {"avail": 1.0, "util": 0.0, "br": 0.0}, "Diffusion_FE_101": {"avail": 1.0, "util": 0.0, "br": 0.0}, "Diffusion_FE_120": {"avail": 1.0, "util": 0.0, "br": 0.0}, "Diffusion_FE_122": {"avail": 1.0, "util": 0.0, "br": 0.0}, "Diffusion_FE_125": {"avail": 1.0, "util": 0.0, "br": 0.0}, "Diffusion_FE_126": {"avail": 1.0, "util": 0.0, "br": 0.0}, "Diffusion_FE_127": {"avail": 1.0, "util": 0.0, "br": 0.0}, "Diffusion_FE_44": {"avail": 1.0, "util": 0.0, "br": 0.0}, "Diffusion_FE_94": {"avail": 1.0, "util": 0.0, "br": 0.0}, "EPI_36": {"avail": 1.0, "util": 0.01135354208305574, "br": 0.0}, "EPI_38": {"avail": 1.0, "util": 0.03530979347101932, "br": 0.0}, "Implant_119": {"avail": 1.0, "util": 0.012852542749278259, "br": 0.0}, "Implant_128": {"avail": 1.0, "util": 0.05214856762158561, "br": 0.0}, "Implant_132": {"avail": 1.0, "util": 0.03705168776371308, "br": 0.0}, "Implant_74": {"avail": 1.0, "util": 0.006801021541194759, "br": 0.0}, "Implant_88": {"avail": 1.0, "util": 0.02143015767266267, "br": 0.0}, "Implant_90": {"avail": 1.0, "util": 0.056601154785698424, "br": 0.0}, "Implant_91": {"avail": 1.0, "util": 0.041129987415796876, "br": 0.0}, "LithoMet_BE_18": {"avail": 1.0, "util": 0.9715745058849656, "br": 0.0}, "LithoMet_FE_19": {"avail": 1.0, "util": 0.9628457571495546, "br": 0.0}, "LithoTrack_BE_117": {"avail": 1.0, "util": 0.08076837663779703, "br": 0.0}, "LithoTrack_FE_115": {"avail": 1.0, "util": 0.046623601694730746, "br": 0.0}, "LithoTrack_FE_95": {"avail": 1.0, "util": 0.05178747048452959, "br": 0.0}, "LithoTrack_FE_96": {"avail": 1.0, "util": 0.0, "br": 0.0}, "Litho_BE_110": {"avail": 1.0, "util": 0.059345357063544935, "br": 0.0}, "Litho_BE_93": {"avail": 1.0, "util": 0.05277962839588422, "br": 0.0}, "Litho_BE_99": {"avail": 1.0, "util": 0.1483455474128359, "br": 0.0}, "Litho_FE_111": {"avail": 1.0, "util": 0.0950502695172915, "br": 0.0}, "Litho_FE_35": {"avail": 1.0, "util": 0.05390850544081723, "br": 0.0}, "Litho_FE_92": {"avail": 1.0, "util": 0.09001574707770577, "br": 0.0}, "Litho_FE_98": {"avail": 1.0, "util": 0.08997335109926716, "br": 0.0}, "Litho_REG_BE_63": {"avail": 1.0, "util": 0.9693745836109261, "br": 0.0}, "Litho_REG_FE_64": {"avail": 1.0, "util": 0.9643888201516448, "br": 0.0}, "Planar_BE_75": {"avail": 1.0, "util": 0.7749694648012436, "br": 0.0}, "Planar_FE_76": {"avail": 1.0, "util": 0.9273632393219335, "br": 0.0}, "Planar_FE_77": {"avail": 1.0, "util": 0.9272707084166112, "br": 0.0}, "Planar_FE_78": {"avail": 1.0, "util": 0.16830446369087276, "br": 0.0}, "Planar_FE_79": {"avail": 1.0, "util": 0.7713968465467466, "br": 0.0}, "Planar_FE_80": {"avail": 1.0, "util": 0.4538363313346658, "br": 0.0}, "TF_BE_2": {"avail": 1.0, "util": 0.4243143459915612, "br": 0.0}, "TF_BE_23": {"avail": 1.0, "util": 0.8255987236579122, "br": 0.0}, "TF_BE_24": {"avail": 1.0, "util": 0.23271152564956699, "br": 0.0}, "TF_BE_26": {"avail": 1.0, "util": 0.786238803760456, "br": 0.0}, "TF_BE_40": {"avail": 1.0, "util": 0.7250259086534903, "br": 0.0}, "TF_FE_103": {"avail": 1.0, "util": 0.7393959582500556, "br": 0.0}, "TF_FE_104": {"avail": 1.0, "util": 0.8798023539862314, "br": 0.0}, "TF_FE_113": {"avail": 1.0, "util": 0.2616311347990229, "br": 0.0}, "TF_FE_131": {"avail": 1.0, "util": 0.3708638685320897, "br": 0.0}, "TF_FE_3": {"avail": 1.0, "util": 0.8069620253164557, "br": 0.0}, "TF_FE_5": {"avail": 1.0, "util": 0.32282644903397734, "br": 0.0}, "TF_Met_FE_45": {"avail": 1.0, "util": 0.0851376859871197, "br": 0.0}, "TF_Met_FE_61": {"avail": 1.0, "util": 0.9938374417055297, "br": 0.0}, "WE_BE_14": {"avail": 1.0, "util": 0.035753941816566735, "br": 0.0}, "WE_BE_16": {"avail": 1.0, "util": 0.03912206677030128, "br": 0.0}, "WE_BE_17": {"avail": 1.0, "util": 0.041666666666666664, "br": 0.0}, "WE_BE_7": {"avail": 1.0, "util": 0.018265600710637354, "br": 0.0}, "WE_BE_81": {"avail": 1.0, "util": 0.04125027759271597, "br": 0.0}, "WE_BE_82": {"avail": 1.0, "util": 0.05768376637797024, "br": 0.0}, "WE_BE_9": {"avail": 1.0, "util": 0.04934805367850005, "br": 0.0}, "WE_FE_108": {"avail": 1.0, "util": 0.041895878937850954, "br": 0.0}, "WE_FE_41": {"avail": 1.0, "util": 0.0365423051299134, "br": 0.0}, "WE_FE_47": {"avail": 1.0, "util": 0.03903878895551114, "br": 0.0}, "WE_FE_8": {"avail": 1.0, "util": 0.05512991339107262, "br": 0.0}, "WE_FE_83": {"avail": 1.0, "util": 0.03994162621744234, "br": 0.0}, "WE_FE_84": {"avail": 1.0, "util": 0.036478767241592026, "br": 0.0}, "WE_FE_85": {"avail": 1.0, "util": 0.02698201199200533, "br": 0.0}}, "plugins": {"cost": 447800.0}}