{"lots": {}, "machines": {"DE_BE_11": {"avail": 1.0, "util": 0.0, "br": 0.0}, "DE_BE_12": {"avail": 1.0, "util": 0.0, "br": 0.0}, "DE_BE_13": {"avail": 1.0, "util": 0.0, "br": 0.0}, "DE_BE_48": {"avail": 1.0, "util": 0.0, "br": 0.0}, "DE_BE_50": {"avail": 1.0, "util": 0.0, "br": 0.0}, "DE_BE_65": {"avail": 1.0, "util": 0.0, "br": 0.0}, "DE_BE_66": {"avail": 1.0, "util": 0.0, "br": 0.0}, "DE_BE_67": {"avail": 1.0, "util": 0.0, "br": 0.0}, "DE_BE_69": {"avail": 1.0, "util": 0.0, "br": 0.0}, "DE_FE_1": {"avail": 1.0, "util": 0.0, "br": 0.0}, "DE_FE_51": {"avail": 1.0, "util": 0.0, "br": 0.0}, "DE_FE_53": {"avail": 1.0, "util": 0.0, "br": 0.0}, "DE_FE_54": {"avail": 1.0, "util": 0.0, "br": 0.0}, "DE_FE_56": {"avail": 1.0, "util": 0.0, "br": 0.0}, "DE_FE_58": {"avail": 1.0, "util": 0.0, "br": 0.0}, "DE_FE_59": {"avail": 1.0, "util": 0.0, "br": 0.0}, "DE_FE_62": {"avail": 1.0, "util": 0.0, "br": 0.0}, "DE_FE_70": {"avail": 1.0, "util": 0.0, "br": 0.0}, "DE_FE_71": {"avail": 1.0, "util": 0.0, "br": 0.0}, "DE_FE_72": {"avail": 1.0, "util": 0.0, "br": 0.0}, "DE_FE_86": {"avail": 1.0, "util": 0.0, "br": 0.0}, "DefMEt_FE_118": {"avail": 1.0, "util": 0.9908384230982787, "br": 0.0}, "DefMet_BE_33": {"avail": 1.0, "util": 0.6378400888395336, "br": 0.0}, "DefMet_BE_42": {"avail": 1.0, "util": 0.8975569128262076, "br": 0.0}, "DefMet_FE_10": {"avail": 1.0, "util": 0.6574125485841199, "br": 0.0}, "DefMet_FE_106": {"avail": 1.0, "util": 0.2654081066074403, "br": 0.0}, "DefMet_FE_34": {"avail": 1.0, "util": 0.5047196002220988, "br": 0.0}, "DefMet_FE_43": {"avail": 1.0, "util": 0.8191004997223765, "br": 0.0}, "Delay_32": {"avail": 1.0, "util": 0.0, "br": 0.0}, "Dielectric_BE_20": {"avail": 1.0, "util": 0.6726263187118268, "br": 0.0}, "Dielectric_BE_21": {"avail": 1.0, "util": 0.6215065704238386, "br": 0.0}, "Dielectric_BE_27": {"avail": 1.0, "util": 0.7800990190634832, "br": 0.0}, "Dielectric_BE_28": {"avail": 1.0, "util": 0.7659633536923931, "br": 0.0}, "Dielectric_BE_60": {"avail": 1.0, "util": 0.7304275402554137, "br": 0.0}, "Dielectric_FE_112": {"avail": 1.0, "util": 0.5375100252945895, "br": 0.0}, "Dielectric_FE_130": {"avail": 1.0, "util": 0.888811771238201, "br": 0.0}, "Dielectric_FE_29": {"avail": 1.0, "util": 0.7768832130297983, "br": 0.0}, "Dielectric_FE_30": {"avail": 1.0, "util": 0.5584397556912826, "br": 0.0}, "Dielectric_FE_31": {"avail": 1.0, "util": 0.8455719044975014, "br": 0.0}, "Diffusion_BE_123": {"avail": 1.0, "util": 0.0, "br": 0.0}, "Diffusion_FE_100": {"avail": 1.0, "util": 0.0, "br": 0.0}, "Diffusion_FE_101": {"avail": 1.0, "util": 0.0, "br": 0.0}, "Diffusion_FE_120": {"avail": 1.0, "util": 0.0, "br": 0.0}, "Diffusion_FE_122": {"avail": 1.0, "util": 0.0, "br": 0.0}, "Diffusion_FE_125": {"avail": 1.0, "util": 0.0, "br": 0.0}, "Diffusion_FE_126": {"avail": 1.0, "util": 0.0, "br": 0.0}, "Diffusion_FE_127": {"avail": 1.0, "util": 0.0, "br": 0.0}, "Diffusion_FE_44": {"avail": 1.0, "util": 0.0, "br": 0.0}, "Diffusion_FE_94": {"avail": 1.0, "util": 0.0, "br": 0.0}, "EPI_36": {"avail": 1.0, "util": 0.014436424208772903, "br": 0.0}, "EPI_38": {"avail": 1.0, "util": 0.9869516935036091, "br": 0.0}, "Implant_119": {"avail": 1.0, "util": 0.06621321488062187, "br": 0.0}, "Implant_128": {"avail": 1.0, "util": 0.06529200948967745, "br": 0.0}, "Implant_132": {"avail": 1.0, "util": 0.048028872848417545, "br": 0.0}, "Implant_74": {"avail": 1.0, "util": 0.06732370905052748, "br": 0.0}, "Implant_88": {"avail": 1.0, "util": 0.0, "br": 0.0}, "Implant_90": {"avail": 1.0, "util": 0.038034425319267075, "br": 0.0}, "Implant_91": {"avail": 1.0, "util": 0.07055604029507416, "br": 0.0}, "LithoMet_BE_18": {"avail": 1.0, "util": 0.7804250164050275, "br": 0.0}, "LithoMet_FE_19": {"avail": 1.0, "util": 0.8150233996985802, "br": 0.0}, "LithoTrack_BE_117": {"avail": 1.0, "util": 0.19844530816213213, "br": 0.0}, "LithoTrack_FE_115": {"avail": 1.0, "util": 0.11784780812827562, "br": 0.0}, "LithoTrack_FE_95": {"avail": 1.0, "util": 0.20650333148250974, "br": 0.0}, "LithoTrack_FE_96": {"avail": 1.0, "util": 0.06107717934480844, "br": 0.0}, "Litho_BE_110": {"avail": 1.0, "util": 0.19136711488786423, "br": 0.0}, "Litho_BE_93": {"avail": 1.0, "util": 0.2531926707384786, "br": 0.0}, "Litho_BE_99": {"avail": 1.0, "util": 0.3762724412363502, "br": 0.0}, "Litho_FE_111": {"avail": 1.0, "util": 0.3230566352026652, "br": 0.0}, "Litho_FE_35": {"avail": 1.0, "util": 0.10147140477512492, "br": 0.0}, "Litho_FE_92": {"avail": 1.0, "util": 0.21174134028104047, "br": 0.0}, "Litho_FE_98": {"avail": 1.0, "util": 0.03206551915602443, "br": 0.0}, "Litho_REG_BE_63": {"avail": 1.0, "util": 0.8283245419211549, "br": 0.0}, "Litho_REG_FE_64": {"avail": 1.0, "util": 0.8235008328706275, "br": 0.0}, "Planar_BE_75": {"avail": 1.0, "util": 0.2485523915285159, "br": 0.0}, "Planar_FE_76": {"avail": 1.0, "util": 0.9335091615769017, "br": 0.0}, "Planar_FE_77": {"avail": 1.0, "util": 0.7261243753470294, "br": 0.0}, "Planar_FE_78": {"avail": 1.0, "util": 0.8545252637423654, "br": 0.0}, "Planar_FE_79": {"avail": 1.0, "util": 0.0, "br": 0.0}, "Planar_FE_80": {"avail": 1.0, "util": 0.6393670183231538, "br": 0.0}, "TF_BE_2": {"avail": 1.0, "util": 0.0, "br": 0.0}, "TF_BE_23": {"avail": 1.0, "util": 0.07073451257238042, "br": 0.0}, "TF_BE_24": {"avail": 1.0, "util": 0.0, "br": 0.0}, "TF_BE_26": {"avail": 1.0, "util": 0.0, "br": 0.0}, "TF_BE_40": {"avail": 1.0, "util": 0.0, "br": 0.0}, "TF_FE_103": {"avail": 1.0, "util": 0.0, "br": 0.0}, "TF_FE_104": {"avail": 1.0, "util": 0.0, "br": 0.0}, "TF_FE_113": {"avail": 1.0, "util": 0.0, "br": 0.0}, "TF_FE_131": {"avail": 1.0, "util": 0.0, "br": 0.0}, "TF_FE_3": {"avail": 1.0, "util": 0.0, "br": 0.0}, "TF_FE_5": {"avail": 1.0, "util": 0.0, "br": 0.0}, "TF_Met_FE_45": {"avail": 1.0, "util": 0.28317601332593006, "br": 0.0}, "TF_Met_FE_61": {"avail": 1.0, "util": 0.9415602443087174, "br": 0.0}, "WE_BE_14": {"avail": 1.0, "util": 0.029872293170460855, "br": 0.0}, "WE_BE_16": {"avail": 1.0, "util": 0.023285674625208218, "br": 0.0}, "WE_BE_17": {"avail": 1.0, "util": 0.02623542476401999, "br": 0.0}, "WE_BE_7": {"avail": 1.0, "util": 0.011382565241532482, "br": 0.0}, "WE_BE_81": {"avail": 1.0, "util": 0.02841014251341847, "br": 0.0}, "WE_BE_82": {"avail": 1.0, "util": 0.058701955703621446, "br": 0.0}, "WE_BE_9": {"avail": 1.0, "util": 0.07101610216546364, "br": 0.0}, "WE_FE_108": {"avail": 1.0, "util": 0.0327500047866128, "br": 0.0}, "WE_FE_41": {"avail": 1.0, "util": 0.036646307606885066, "br": 0.0}, "WE_FE_47": {"avail": 1.0, "util": 0.03131593559133814, "br": 0.0}, "WE_FE_8": {"avail": 1.0, "util": 0.02637423653525819, "br": 0.0}, "WE_FE_83": {"avail": 1.0, "util": 0.0652878030723672, "br": 0.0}, "WE_FE_84": {"avail": 1.0, "util": 0.03906326550609139, "br": 0.0}, "WE_FE_85": {"avail": 1.0, "util": 0.08550805108273181, "br": 0.0}}, "plugins": {"cost": 429200}}