{"lots": {}, "machines": {"DE_BE_11": {"avail": 1.0, "util": 0.5510715112242536, "br": 0.0}, "DE_BE_12": {"avail": 1.0, "util": 0.9444675872354651, "br": 0.0}, "DE_BE_13": {"avail": 1.0, "util": 0.877885410123318, "br": 0.0}, "DE_BE_48": {"avail": 1.0, "util": 0.8451839851886138, "br": 0.0}, "DE_BE_50": {"avail": 1.0, "util": 0.9019157088122606, "br": 0.0}, "DE_BE_65": {"avail": 1.0, "util": 0.7126046530623358, "br": 0.0}, "DE_BE_66": {"avail": 1.0, "util": 0.7176530773821849, "br": 0.0}, "DE_BE_67": {"avail": 1.0, "util": 0.8578477204350844, "br": 0.0}, "DE_BE_69": {"avail": 1.0, "util": 0.9236982180050914, "br": 0.0}, "DE_FE_1": {"avail": 1.0, "util": 0.7518299335471286, "br": 0.0}, "DE_FE_51": {"avail": 1.0, "util": 0.5513075676926638, "br": 0.0}, "DE_FE_53": {"avail": 1.0, "util": 0.825503355704698, "br": 0.0}, "DE_FE_54": {"avail": 1.0, "util": 0.8189215459384401, "br": 0.0}, "DE_FE_56": {"avail": 1.0, "util": 0.8049757000694284, "br": 0.0}, "DE_FE_58": {"avail": 1.0, "util": 0.7352927563064106, "br": 0.0}, "DE_FE_59": {"avail": 1.0, "util": 0.8066311810537684, "br": 0.0}, "DE_FE_62": {"avail": 1.0, "util": 0.930902238238503, "br": 0.0}, "DE_FE_70": {"avail": 1.0, "util": 0.8192369999821978, "br": 0.0}, "DE_FE_71": {"avail": 1.0, "util": 0.7944606076635699, "br": 0.0}, "DE_FE_72": {"avail": 1.0, "util": 0.7988428604489701, "br": 0.0}, "DE_FE_86": {"avail": 1.0, "util": 0.7751086425467356, "br": 0.0}, "DefMEt_FE_118": {"avail": 1.0, "util": 0.24785929183059477, "br": 0.0}, "DefMet_BE_33": {"avail": 1.0, "util": 0.9582966905808841, "br": 0.0}, "DefMet_BE_42": {"avail": 1.0, "util": 0.9898634575329784, "br": 0.0}, "DefMet_FE_10": {"avail": 1.0, "util": 0.7354316130525341, "br": 0.0}, "DefMet_FE_106": {"avail": 1.0, "util": 0.30020828511918535, "br": 0.0}, "DefMet_FE_34": {"avail": 1.0, "util": 0.6468410090256885, "br": 0.0}, "DefMet_FE_43": {"avail": 1.0, "util": 0.9771966365810383, "br": 0.0}, "Delay_32": {"avail": 1.0, "util": 0.41697905577412636, "br": 0.0}, "Dielectric_BE_20": {"avail": 1.0, "util": 0.9732469335801898, "br": 0.0}, "Dielectric_BE_21": {"avail": 1.0, "util": 0.9423686646609581, "br": 0.0}, "Dielectric_BE_27": {"avail": 1.0, "util": 0.7853490704312274, "br": 0.0}, "Dielectric_BE_28": {"avail": 1.0, "util": 0.7103795417727378, "br": 0.0}, "Dielectric_BE_60": {"avail": 1.0, "util": 0.9324461930108772, "br": 0.0}, "Dielectric_FE_112": {"avail": 1.0, "util": 0.9624716500809998, "br": 0.0}, "Dielectric_FE_130": {"avail": 1.0, "util": 0.9296459152973848, "br": 0.0}, "Dielectric_FE_29": {"avail": 1.0, "util": 0.9084008331404767, "br": 0.0}, "Dielectric_FE_30": {"avail": 1.0, "util": 0.9271002082851192, "br": 0.0}, "Dielectric_FE_31": {"avail": 1.0, "util": 0.9464822957648692, "br": 0.0}, "Diffusion_BE_123": {"avail": 1.0, "util": 0.0, "br": 0.0}, "Diffusion_FE_100": {"avail": 1.0, "util": 0.0, "br": 0.0}, "Diffusion_FE_101": {"avail": 1.0, "util": 0.0, "br": 0.0}, "Diffusion_FE_120": {"avail": 1.0, "util": 0.0, "br": 0.0}, "Diffusion_FE_122": {"avail": 1.0, "util": 0.0, "br": 0.0}, "Diffusion_FE_125": {"avail": 1.0, "util": 0.0, "br": 0.0}, "Diffusion_FE_126": {"avail": 1.0, "util": 0.0, "br": 0.0}, "Diffusion_FE_127": {"avail": 1.0, "util": 0.878171205225128, "br": 0.0}, "Diffusion_FE_44": {"avail": 1.0, "util": 0.9692369190633481, "br": 0.0}, "Diffusion_FE_94": {"avail": 1.0, "util": 0.0, "br": 0.0}, "EPI_36": {"avail": 1.0, "util": 0.011964822957648693, "br": 0.0}, "EPI_38": {"avail": 1.0, "util": 0.032353621846794724, "br": 0.0}, "Implant_119": {"avail": 1.0, "util": 0.01698680860911826, "br": 0.0}, "Implant_128": {"avail": 1.0, "util": 0.040907197408007405, "br": 0.0}, "Implant_132": {"avail": 1.0, "util": 0.04191738023605647, "br": 0.0}, "Implant_74": {"avail": 1.0, "util": 0.005646841009025689, "br": 0.0}, "Implant_88": {"avail": 1.0, "util": 0.024878500347141865, "br": 0.0}, "Implant_90": {"avail": 1.0, "util": 0.03881046054154131, "br": 0.0}, "Implant_91": {"avail": 1.0, "util": 0.03658103833989046, "br": 0.0}, "LithoMet_BE_18": {"avail": 1.0, "util": 0.9740231071867267, "br": 0.0}, "LithoMet_FE_19": {"avail": 1.0, "util": 0.9606443981588624, "br": 0.0}, "LithoTrack_BE_117": {"avail": 1.0, "util": 0.0914417958805832, "br": 0.0}, "LithoTrack_FE_115": {"avail": 1.0, "util": 0.04174142695726752, "br": 0.0}, "LithoTrack_FE_95": {"avail": 1.0, "util": 0.047931081712944384, "br": 0.0}, "LithoTrack_FE_96": {"avail": 1.0, "util": 0.012520249942143022, "br": 0.0}, "Litho_BE_110": {"avail": 1.0, "util": 0.0524068502661421, "br": 0.0}, "Litho_BE_93": {"avail": 1.0, "util": 0.04776672066651238, "br": 0.0}, "Litho_BE_99": {"avail": 1.0, "util": 0.15588984031474196, "br": 0.0}, "Litho_FE_111": {"avail": 1.0, "util": 0.0858239885548379, "br": 0.0}, "Litho_FE_35": {"avail": 1.0, "util": 0.053020134228187916, "br": 0.0}, "Litho_FE_92": {"avail": 1.0, "util": 0.07868829465682046, "br": 0.0}, "Litho_FE_98": {"avail": 1.0, "util": 0.09383013191390882, "br": 0.0}, "Litho_REG_BE_63": {"avail": 1.0, "util": 0.9720435084471187, "br": 0.0}, "Litho_REG_FE_64": {"avail": 1.0, "util": 0.9735907693324959, "br": 0.0}, "Planar_BE_75": {"avail": 1.0, "util": 0.7542119879657486, "br": 0.0}, "Planar_FE_76": {"avail": 1.0, "util": 0.7192470878654633, "br": 0.0}, "Planar_FE_77": {"avail": 1.0, "util": 0.9569081231196482, "br": 0.0}, "Planar_FE_78": {"avail": 1.0, "util": 0.7701689423744503, "br": 0.0}, "Planar_FE_79": {"avail": 1.0, "util": 0.8812219393658874, "br": 0.0}, "Planar_FE_80": {"avail": 1.0, "util": 0.9610738255033557, "br": 0.0}, "TF_BE_2": {"avail": 1.0, "util": 0.1777944920157371, "br": 0.0}, "TF_BE_23": {"avail": 1.0, "util": 0.8447118722517936, "br": 0.0}, "TF_BE_24": {"avail": 1.0, "util": 0.19530664198102293, "br": 0.0}, "TF_BE_26": {"avail": 1.0, "util": 0.5956830980482913, "br": 0.0}, "TF_BE_40": {"avail": 1.0, "util": 0.7048599861143254, "br": 0.0}, "TF_FE_103": {"avail": 1.0, "util": 0.74379773200648, "br": 0.0}, "TF_FE_104": {"avail": 1.0, "util": 0.695894468872946, "br": 0.0}, "TF_FE_113": {"avail": 1.0, "util": 0.32823420504512846, "br": 0.0}, "TF_FE_131": {"avail": 1.0, "util": 0.5343053305561983, "br": 0.0}, "TF_FE_3": {"avail": 1.0, "util": 0.8928951631566767, "br": 0.0}, "TF_FE_5": {"avail": 1.0, "util": 0.541043739875029, "br": 0.0}, "TF_Met_FE_45": {"avail": 1.0, "util": 0.07100208285119185, "br": 0.0}, "TF_Met_FE_61": {"avail": 1.0, "util": 0.9951631566766952, "br": 0.0}, "WE_BE_14": {"avail": 1.0, "util": 0.04353621846794724, "br": 0.0}, "WE_BE_16": {"avail": 1.0, "util": 0.04563758389261745, "br": 0.0}, "WE_BE_17": {"avail": 1.0, "util": 0.05063642675306642, "br": 0.0}, "WE_BE_7": {"avail": 1.0, "util": 0.01522795649155288, "br": 0.0}, "WE_BE_81": {"avail": 1.0, "util": 0.05290442027308494, "br": 0.0}, "WE_BE_82": {"avail": 1.0, "util": 0.056922008794260584, "br": 0.0}, "WE_BE_9": {"avail": 1.0, "util": 0.046351704301253016, "br": 0.0}, "WE_FE_108": {"avail": 1.0, "util": 0.044085033226435685, "br": 0.0}, "WE_FE_41": {"avail": 1.0, "util": 0.03939828743346448, "br": 0.0}, "WE_FE_47": {"avail": 1.0, "util": 0.035855897554578416, "br": 0.0}, "WE_FE_8": {"avail": 1.0, "util": 0.0499884286044897, "br": 0.0}, "WE_FE_83": {"avail": 1.0, "util": 0.03905841901676199, "br": 0.0}, "WE_FE_84": {"avail": 1.0, "util": 0.039497030008485694, "br": 0.0}, "WE_FE_85": {"avail": 1.0, "util": 0.023536218467947234, "br": 0.0}}, "plugins": {"cost": 447400.0}}