{"lots": {}, "machines": {"DE_BE_11": {"avail": 1.0, "util": 0.0, "br": 0.0}, "DE_BE_12": {"avail": 1.0, "util": 0.0, "br": 0.0}, "DE_BE_13": {"avail": 1.0, "util": 0.0, "br": 0.0}, "DE_BE_48": {"avail": 1.0, "util": 0.0, "br": 0.0}, "DE_BE_50": {"avail": 1.0, "util": 0.0, "br": 0.0}, "DE_BE_65": {"avail": 1.0, "util": 0.0, "br": 0.0}, "DE_BE_66": {"avail": 1.0, "util": 0.0, "br": 0.0}, "DE_BE_67": {"avail": 1.0, "util": 0.0, "br": 0.0}, "DE_BE_69": {"avail": 1.0, "util": 0.0, "br": 0.0}, "DE_FE_1": {"avail": 1.0, "util": 0.0, "br": 0.0}, "DE_FE_51": {"avail": 1.0, "util": 0.0, "br": 0.0}, "DE_FE_53": {"avail": 1.0, "util": 0.0, "br": 0.0}, "DE_FE_54": {"avail": 1.0, "util": 0.0, "br": 0.0}, "DE_FE_56": {"avail": 1.0, "util": 0.0, "br": 0.0}, "DE_FE_58": {"avail": 1.0, "util": 0.0, "br": 0.0}, "DE_FE_59": {"avail": 1.0, "util": 0.0, "br": 0.0}, "DE_FE_62": {"avail": 1.0, "util": 0.0, "br": 0.0}, "DE_FE_70": {"avail": 1.0, "util": 0.0, "br": 0.0}, "DE_FE_71": {"avail": 1.0, "util": 0.0, "br": 0.0}, "DE_FE_72": {"avail": 1.0, "util": 0.0, "br": 0.0}, "DE_FE_86": {"avail": 1.0, "util": 0.0, "br": 0.0}, "DefMEt_FE_118": {"avail": 1.0, "util": 0.9812465526751241, "br": 0.0}, "DefMet_BE_33": {"avail": 1.0, "util": 0.5834252619966905, "br": 0.0}, "DefMet_BE_42": {"avail": 1.0, "util": 0.6461665747380033, "br": 0.0}, "DefMet_FE_10": {"avail": 1.0, "util": 0.9539437396580254, "br": 0.0}, "DefMet_FE_106": {"avail": 1.0, "util": 0.2520683949255378, "br": 0.0}, "DefMet_FE_34": {"avail": 1.0, "util": 0.5016547159404302, "br": 0.0}, "DefMet_FE_43": {"avail": 1.0, "util": 0.7912851627137341, "br": 0.0}, "Delay_32": {"avail": 1.0, "util": 0.0, "br": 0.0}, "Dielectric_BE_20": {"avail": 1.0, "util": 0.7426916712630999, "br": 0.0}, "Dielectric_BE_21": {"avail": 1.0, "util": 0.5942268799411656, "br": 0.0}, "Dielectric_BE_27": {"avail": 1.0, "util": 0.8433765398051113, "br": 0.0}, "Dielectric_BE_28": {"avail": 1.0, "util": 0.6929582643868357, "br": 0.0}, "Dielectric_BE_60": {"avail": 1.0, "util": 0.7607556536127965, "br": 0.0}, "Dielectric_FE_112": {"avail": 1.0, "util": 0.6444199301342158, "br": 0.0}, "Dielectric_FE_130": {"avail": 1.0, "util": 0.8879619415333702, "br": 0.0}, "Dielectric_FE_29": {"avail": 1.0, "util": 0.0, "br": 0.0}, "Dielectric_FE_30": {"avail": 1.0, "util": 0.5460562603419746, "br": 0.0}, "Dielectric_FE_31": {"avail": 1.0, "util": 0.831150027578599, "br": 0.0}, "Diffusion_BE_123": {"avail": 1.0, "util": 0.0, "br": 0.0}, "Diffusion_FE_100": {"avail": 1.0, "util": 0.0, "br": 0.0}, "Diffusion_FE_101": {"avail": 1.0, "util": 0.0, "br": 0.0}, "Diffusion_FE_120": {"avail": 1.0, "util": 0.0, "br": 0.0}, "Diffusion_FE_122": {"avail": 1.0, "util": 0.0, "br": 0.0}, "Diffusion_FE_125": {"avail": 1.0, "util": 0.0, "br": 0.0}, "Diffusion_FE_126": {"avail": 1.0, "util": 0.0, "br": 0.0}, "Diffusion_FE_127": {"avail": 1.0, "util": 0.0, "br": 0.0}, "Diffusion_FE_44": {"avail": 1.0, "util": 0.0, "br": 0.0}, "Diffusion_FE_94": {"avail": 1.0, "util": 0.0, "br": 0.0}, "EPI_36": {"avail": 1.0, "util": 0.014202978488692775, "br": 0.0}, "EPI_38": {"avail": 1.0, "util": 0.9837286265857694, "br": 0.0}, "Implant_119": {"avail": 1.0, "util": 0.008687258687258687, "br": 0.0}, "Implant_128": {"avail": 1.0, "util": 0.06994935566364137, "br": 0.0}, "Implant_132": {"avail": 1.0, "util": 0.042589236466787486, "br": 0.0}, "Implant_74": {"avail": 1.0, "util": 0.06742967457253171, "br": 0.0}, "Implant_88": {"avail": 1.0, "util": 0.0, "br": 0.0}, "Implant_90": {"avail": 1.0, "util": 0.037644787644787646, "br": 0.0}, "Implant_91": {"avail": 1.0, "util": 0.07339847135765504, "br": 0.0}, "LithoMet_BE_18": {"avail": 1.0, "util": 0.7952414380985809, "br": 0.0}, "LithoMet_FE_19": {"avail": 1.0, "util": 0.8127610117406036, "br": 0.0}, "LithoTrack_BE_117": {"avail": 1.0, "util": 0.19492553778268062, "br": 0.0}, "LithoTrack_FE_115": {"avail": 1.0, "util": 0.12022251220857492, "br": 0.0}, "LithoTrack_FE_95": {"avail": 1.0, "util": 0.208942360728075, "br": 0.0}, "LithoTrack_FE_96": {"avail": 1.0, "util": 0.059845559845559844, "br": 0.0}, "Litho_BE_110": {"avail": 1.0, "util": 0.18818197079066643, "br": 0.0}, "Litho_BE_93": {"avail": 1.0, "util": 0.2507584114726972, "br": 0.0}, "Litho_BE_99": {"avail": 1.0, "util": 0.3745173745173745, "br": 0.0}, "Litho_FE_111": {"avail": 1.0, "util": 0.3210976282404854, "br": 0.0}, "Litho_FE_35": {"avail": 1.0, "util": 0.08287369001654717, "br": 0.0}, "Litho_FE_92": {"avail": 1.0, "util": 0.2148691077262506, "br": 0.0}, "Litho_FE_98": {"avail": 1.0, "util": 0.03150854936569222, "br": 0.0}, "Litho_REG_BE_63": {"avail": 1.0, "util": 0.8066050744622173, "br": 0.0}, "Litho_REG_FE_64": {"avail": 1.0, "util": 0.8500873322301893, "br": 0.0}, "Planar_BE_75": {"avail": 1.0, "util": 0.25220628792057365, "br": 0.0}, "Planar_FE_76": {"avail": 1.0, "util": 0.9358797573083287, "br": 0.0}, "Planar_FE_77": {"avail": 1.0, "util": 0.7094594594594594, "br": 0.0}, "Planar_FE_78": {"avail": 1.0, "util": 0.8342526199669057, "br": 0.0}, "Planar_FE_79": {"avail": 1.0, "util": 0.0, "br": 0.0}, "Planar_FE_80": {"avail": 1.0, "util": 0.6516822945394374, "br": 0.0}, "TF_BE_2": {"avail": 1.0, "util": 0.0, "br": 0.0}, "TF_BE_23": {"avail": 1.0, "util": 0.0, "br": 0.0}, "TF_BE_24": {"avail": 1.0, "util": 0.0, "br": 0.0}, "TF_BE_26": {"avail": 1.0, "util": 0.07569264712121855, "br": 0.0}, "TF_BE_40": {"avail": 1.0, "util": 0.0, "br": 0.0}, "TF_FE_103": {"avail": 1.0, "util": 0.0, "br": 0.0}, "TF_FE_104": {"avail": 1.0, "util": 0.0, "br": 0.0}, "TF_FE_113": {"avail": 1.0, "util": 0.0, "br": 0.0}, "TF_FE_131": {"avail": 1.0, "util": 0.0, "br": 0.0}, "TF_FE_3": {"avail": 1.0, "util": 0.0, "br": 0.0}, "TF_FE_5": {"avail": 1.0, "util": 0.0, "br": 0.0}, "TF_Met_FE_45": {"avail": 1.0, "util": 0.2800606729178158, "br": 0.0}, "TF_Met_FE_61": {"avail": 1.0, "util": 0.8939602868174297, "br": 0.0}, "WE_BE_14": {"avail": 1.0, "util": 0.029398786541643684, "br": 0.0}, "WE_BE_16": {"avail": 1.0, "util": 0.02323496966354109, "br": 0.0}, "WE_BE_17": {"avail": 1.0, "util": 0.026751241036955323, "br": 0.0}, "WE_BE_7": {"avail": 1.0, "util": 0.011031439602868174, "br": 0.0}, "WE_BE_81": {"avail": 1.0, "util": 0.02803824232395661, "br": 0.0}, "WE_BE_82": {"avail": 1.0, "util": 0.06355334926763498, "br": 0.0}, "WE_BE_9": {"avail": 1.0, "util": 0.07104247104247105, "br": 0.0}, "WE_FE_108": {"avail": 1.0, "util": 0.026998497441847197, "br": 0.0}, "WE_FE_41": {"avail": 1.0, "util": 0.04258135686707115, "br": 0.0}, "WE_FE_47": {"avail": 1.0, "util": 0.03480419194704909, "br": 0.0}, "WE_FE_8": {"avail": 1.0, "util": 0.026199669056811915, "br": 0.0}, "WE_FE_83": {"avail": 1.0, "util": 0.06724581724581725, "br": 0.0}, "WE_FE_84": {"avail": 1.0, "util": 0.03460303040134973, "br": 0.0}, "WE_FE_85": {"avail": 1.0, "util": 0.08494208494208494, "br": 0.0}}, "plugins": {"cost": 429200}}