{"lots": {}, "machines": {"DE_BE_11": {"avail": 1.0, "util": 0.0, "br": 0.0}, "DE_BE_12": {"avail": 1.0, "util": 0.0, "br": 0.0}, "DE_BE_13": {"avail": 1.0, "util": 0.0, "br": 0.0}, "DE_BE_48": {"avail": 1.0, "util": 0.0, "br": 0.0}, "DE_BE_50": {"avail": 1.0, "util": 0.0, "br": 0.0}, "DE_BE_65": {"avail": 1.0, "util": 0.0, "br": 0.0}, "DE_BE_66": {"avail": 1.0, "util": 0.0, "br": 0.0}, "DE_BE_67": {"avail": 1.0, "util": 0.0, "br": 0.0}, "DE_BE_69": {"avail": 1.0, "util": 0.0, "br": 0.0}, "DE_FE_1": {"avail": 1.0, "util": 0.0, "br": 0.0}, "DE_FE_51": {"avail": 1.0, "util": 0.0, "br": 0.0}, "DE_FE_53": {"avail": 1.0, "util": 0.0, "br": 0.0}, "DE_FE_54": {"avail": 1.0, "util": 0.0, "br": 0.0}, "DE_FE_56": {"avail": 1.0, "util": 0.0, "br": 0.0}, "DE_FE_58": {"avail": 1.0, "util": 0.0, "br": 0.0}, "DE_FE_59": {"avail": 1.0, "util": 0.0, "br": 0.0}, "DE_FE_62": {"avail": 1.0, "util": 0.0, "br": 0.0}, "DE_FE_70": {"avail": 1.0, "util": 0.0, "br": 0.0}, "DE_FE_71": {"avail": 1.0, "util": 0.0, "br": 0.0}, "DE_FE_72": {"avail": 1.0, "util": 0.0, "br": 0.0}, "DE_FE_86": {"avail": 1.0, "util": 0.0, "br": 0.0}, "DefMEt_FE_118": {"avail": 1.0, "util": 0.5031803097345132, "br": 0.0}, "DefMet_BE_33": {"avail": 1.0, "util": 0.5753595132743363, "br": 0.0}, "DefMet_BE_42": {"avail": 1.0, "util": 0.759679203539823, "br": 0.0}, "DefMet_FE_10": {"avail": 1.0, "util": 0.6265210176991151, "br": 0.0}, "DefMet_FE_106": {"avail": 1.0, "util": 0.7815265486725663, "br": 0.0}, "DefMet_FE_34": {"avail": 1.0, "util": 0.7491703539823009, "br": 0.0}, "DefMet_FE_43": {"avail": 1.0, "util": 0.7720317109144542, "br": 0.0}, "Delay_32": {"avail": 1.0, "util": 0.0, "br": 0.0}, "Dielectric_BE_20": {"avail": 1.0, "util": 0.8866703539823009, "br": 0.0}, "Dielectric_BE_21": {"avail": 1.0, "util": 0.6355088495575221, "br": 0.0}, "Dielectric_BE_27": {"avail": 1.0, "util": 0.8035213864306785, "br": 0.0}, "Dielectric_BE_28": {"avail": 1.0, "util": 0.7605779867256637, "br": 0.0}, "Dielectric_BE_60": {"avail": 1.0, "util": 0.856816924778761, "br": 0.0}, "Dielectric_FE_112": {"avail": 1.0, "util": 0.606554203539823, "br": 0.0}, "Dielectric_FE_130": {"avail": 1.0, "util": 0.8687085176991151, "br": 0.0}, "Dielectric_FE_29": {"avail": 1.0, "util": 0.7739675516224188, "br": 0.0}, "Dielectric_FE_30": {"avail": 1.0, "util": 0.5536504424778761, "br": 0.0}, "Dielectric_FE_31": {"avail": 1.0, "util": 0.6105503318584071, "br": 0.0}, "Diffusion_BE_123": {"avail": 1.0, "util": 0.0, "br": 0.0}, "Diffusion_FE_100": {"avail": 1.0, "util": 0.0, "br": 0.0}, "Diffusion_FE_101": {"avail": 1.0, "util": 0.0, "br": 0.0}, "Diffusion_FE_120": {"avail": 1.0, "util": 0.0, "br": 0.0}, "Diffusion_FE_122": {"avail": 1.0, "util": 0.0, "br": 0.0}, "Diffusion_FE_125": {"avail": 1.0, "util": 0.0, "br": 0.0}, "Diffusion_FE_126": {"avail": 1.0, "util": 0.0, "br": 0.0}, "Diffusion_FE_127": {"avail": 1.0, "util": 0.0, "br": 0.0}, "Diffusion_FE_44": {"avail": 1.0, "util": 0.0, "br": 0.0}, "Diffusion_FE_94": {"avail": 1.0, "util": 0.0, "br": 0.0}, "EPI_36": {"avail": 1.0, "util": 0.014103982300884955, "br": 0.0}, "EPI_38": {"avail": 1.0, "util": 0.0351216814159292, "br": 0.0}, "Implant_119": {"avail": 1.0, "util": 0.04659845132743363, "br": 0.0}, "Implant_128": {"avail": 1.0, "util": 0.11819690265486725, "br": 0.0}, "Implant_132": {"avail": 1.0, "util": 0.05534430309734513, "br": 0.0}, "Implant_74": {"avail": 1.0, "util": 0.0, "br": 0.0}, "Implant_88": {"avail": 1.0, "util": 0.0070519911504424776, "br": 0.0}, "Implant_90": {"avail": 1.0, "util": 0.07660398230088496, "br": 0.0}, "Implant_91": {"avail": 1.0, "util": 0.06784660766961652, "br": 0.0}, "LithoMet_BE_18": {"avail": 1.0, "util": 0.8331560585432267, "br": 0.0}, "LithoMet_FE_19": {"avail": 1.0, "util": 0.7963526302851525, "br": 0.0}, "LithoTrack_BE_117": {"avail": 1.0, "util": 0.26189159292035397, "br": 0.0}, "LithoTrack_FE_115": {"avail": 1.0, "util": 0.12851379489849035, "br": 0.0}, "LithoTrack_FE_95": {"avail": 1.0, "util": 0.15091091746433086, "br": 0.0}, "LithoTrack_FE_96": {"avail": 1.0, "util": 0.0, "br": 0.0}, "Litho_BE_110": {"avail": 1.0, "util": 0.2037176042983565, "br": 0.0}, "Litho_BE_93": {"avail": 1.0, "util": 0.20648967551622419, "br": 0.0}, "Litho_BE_99": {"avail": 1.0, "util": 0.6090523598820059, "br": 0.0}, "Litho_FE_111": {"avail": 1.0, "util": 0.3108532783588093, "br": 0.0}, "Litho_FE_35": {"avail": 1.0, "util": 0.14933628318584072, "br": 0.0}, "Litho_FE_92": {"avail": 1.0, "util": 0.3314729149906141, "br": 0.0}, "Litho_FE_98": {"avail": 1.0, "util": 0.3751659292035398, "br": 0.0}, "Litho_REG_BE_63": {"avail": 1.0, "util": 0.7933144358407079, "br": 0.0}, "Litho_REG_FE_64": {"avail": 1.0, "util": 0.8385943426042983, "br": 0.0}, "Planar_BE_75": {"avail": 1.0, "util": 0.2157632743362832, "br": 0.0}, "Planar_FE_76": {"avail": 1.0, "util": 0.9233038348082595, "br": 0.0}, "Planar_FE_77": {"avail": 1.0, "util": 0.7191648230088495, "br": 0.0}, "Planar_FE_78": {"avail": 1.0, "util": 0.0, "br": 0.0}, "Planar_FE_79": {"avail": 1.0, "util": 0.0, "br": 0.0}, "Planar_FE_80": {"avail": 1.0, "util": 0.6378595132743363, "br": 0.0}, "TF_BE_2": {"avail": 1.0, "util": 0.0, "br": 0.0}, "TF_BE_23": {"avail": 1.0, "util": 0.0, "br": 0.0}, "TF_BE_24": {"avail": 1.0, "util": 0.0, "br": 0.0}, "TF_BE_26": {"avail": 1.0, "util": 0.13121312684365782, "br": 0.0}, "TF_BE_40": {"avail": 1.0, "util": 0.0, "br": 0.0}, "TF_FE_103": {"avail": 1.0, "util": 0.0, "br": 0.0}, "TF_FE_104": {"avail": 1.0, "util": 0.0, "br": 0.0}, "TF_FE_113": {"avail": 1.0, "util": 0.0, "br": 0.0}, "TF_FE_131": {"avail": 1.0, "util": 0.0, "br": 0.0}, "TF_FE_3": {"avail": 1.0, "util": 0.0, "br": 0.0}, "TF_FE_5": {"avail": 1.0, "util": 0.0, "br": 0.0}, "TF_Met_FE_45": {"avail": 1.0, "util": 0.14131637168141592, "br": 0.0}, "TF_Met_FE_61": {"avail": 1.0, "util": 0.9439988938053098, "br": 0.0}, "WE_BE_14": {"avail": 1.0, "util": 0.021515486725663717, "br": 0.0}, "WE_BE_16": {"avail": 1.0, "util": 0.025073746312684365, "br": 0.0}, "WE_BE_17": {"avail": 1.0, "util": 0.0420353982300885, "br": 0.0}, "WE_BE_7": {"avail": 1.0, "util": 0.011061946902654867, "br": 0.0}, "WE_BE_81": {"avail": 1.0, "util": 0.02221607669616519, "br": 0.0}, "WE_BE_82": {"avail": 1.0, "util": 0.14897676991150444, "br": 0.0}, "WE_BE_9": {"avail": 1.0, "util": 0.08118678887484197, "br": 0.0}, "WE_FE_108": {"avail": 1.0, "util": 0.040146965865992416, "br": 0.0}, "WE_FE_41": {"avail": 1.0, "util": 0.037223451327433627, "br": 0.0}, "WE_FE_47": {"avail": 1.0, "util": 0.03844026548672566, "br": 0.0}, "WE_FE_8": {"avail": 1.0, "util": 0.08642146017699115, "br": 0.0}, "WE_FE_83": {"avail": 1.0, "util": 0.06099873577749684, "br": 0.0}, "WE_FE_84": {"avail": 1.0, "util": 0.05415744837758112, "br": 0.0}, "WE_FE_85": {"avail": 1.0, "util": 0.038025442477876106, "br": 0.0}}, "plugins": {"cost": 448800}}