{"lots": {}, "machines": {"DE_BE_11": {"avail": 1.0, "util": 0.7284459257887644, "br": 0.0}, "DE_BE_12": {"avail": 1.0, "util": 0.9482521459653207, "br": 0.0}, "DE_BE_13": {"avail": 1.0, "util": 0.8599417432858781, "br": 0.0}, "DE_BE_48": {"avail": 1.0, "util": 0.8174874380318321, "br": 0.0}, "DE_BE_50": {"avail": 1.0, "util": 0.8514119063049718, "br": 0.0}, "DE_BE_65": {"avail": 1.0, "util": 0.8841100571495906, "br": 0.0}, "DE_BE_66": {"avail": 1.0, "util": 0.7112495030416573, "br": 0.0}, "DE_BE_67": {"avail": 1.0, "util": 0.8220787637508312, "br": 0.0}, "DE_BE_69": {"avail": 1.0, "util": 0.24468413418510634, "br": 0.0}, "DE_FE_1": {"avail": 1.0, "util": 0.7624849550967503, "br": 0.0}, "DE_FE_51": {"avail": 1.0, "util": 0.5293306175354134, "br": 0.0}, "DE_FE_53": {"avail": 1.0, "util": 0.1827145634663457, "br": 0.0}, "DE_FE_54": {"avail": 1.0, "util": 0.8191834089436163, "br": 0.0}, "DE_FE_56": {"avail": 1.0, "util": 0.8981112859920378, "br": 0.0}, "DE_FE_58": {"avail": 1.0, "util": 0.9803258957503935, "br": 0.0}, "DE_FE_59": {"avail": 1.0, "util": 0.8943211276733636, "br": 0.0}, "DE_FE_62": {"avail": 1.0, "util": 0.8459075140101407, "br": 0.0}, "DE_FE_70": {"avail": 1.0, "util": 0.9077105655200276, "br": 0.0}, "DE_FE_71": {"avail": 1.0, "util": 0.9275941528047815, "br": 0.0}, "DE_FE_72": {"avail": 1.0, "util": 0.3474678270530506, "br": 0.0}, "DE_FE_86": {"avail": 1.0, "util": 0.7609970985109665, "br": 0.0}, "DefMEt_FE_118": {"avail": 1.0, "util": 0.20731876678085362, "br": 0.0}, "DefMet_BE_33": {"avail": 1.0, "util": 0.9518100175909638, "br": 0.0}, "DefMet_BE_42": {"avail": 1.0, "util": 0.9752337746504953, "br": 0.0}, "DefMet_FE_10": {"avail": 1.0, "util": 0.32402092398851956, "br": 0.0}, "DefMet_FE_106": {"avail": 1.0, "util": 0.08638089065827238, "br": 0.0}, "DefMet_FE_34": {"avail": 1.0, "util": 0.5174983797796501, "br": 0.0}, "DefMet_FE_43": {"avail": 1.0, "util": 0.8958985279140821, "br": 0.0}, "Delay_32": {"avail": 1.0, "util": 0.2829851402647903, "br": 0.0}, "Dielectric_BE_20": {"avail": 1.0, "util": 0.7052680307378947, "br": 0.0}, "Dielectric_BE_21": {"avail": 1.0, "util": 0.9583294756658334, "br": 0.0}, "Dielectric_BE_27": {"avail": 1.0, "util": 0.9577739715458444, "br": 0.0}, "Dielectric_BE_28": {"avail": 1.0, "util": 0.9700799308705984, "br": 0.0}, "Dielectric_BE_60": {"avail": 1.0, "util": 0.957604234175848, "br": 0.0}, "Dielectric_FE_112": {"avail": 1.0, "util": 0.5839788496949871, "br": 0.0}, "Dielectric_FE_130": {"avail": 1.0, "util": 0.2874849550967503, "br": 0.0}, "Dielectric_FE_29": {"avail": 1.0, "util": 0.9023392895719532, "br": 0.0}, "Dielectric_FE_30": {"avail": 1.0, "util": 0.9292889547264143, "br": 0.0}, "Dielectric_FE_31": {"avail": 1.0, "util": 0.3121933154337561, "br": 0.0}, "Diffusion_BE_123": {"avail": 1.0, "util": 0.0, "br": 0.0}, "Diffusion_FE_100": {"avail": 1.0, "util": 0.0, "br": 0.0}, "Diffusion_FE_101": {"avail": 1.0, "util": 0.0, "br": 0.0}, "Diffusion_FE_120": {"avail": 1.0, "util": 0.0, "br": 0.0}, "Diffusion_FE_122": {"avail": 1.0, "util": 0.0, "br": 0.0}, "Diffusion_FE_125": {"avail": 1.0, "util": 0.0, "br": 0.0}, "Diffusion_FE_126": {"avail": 1.0, "util": 0.0, "br": 0.0}, "Diffusion_FE_127": {"avail": 1.0, "util": 0.8884651884084807, "br": 0.0}, "Diffusion_FE_44": {"avail": 1.0, "util": 0.972991918737683, "br": 0.0}, "Diffusion_FE_94": {"avail": 1.0, "util": 0.0, "br": 0.0}, "EPI_36": {"avail": 1.0, "util": 0.009559300064808814, "br": 0.0}, "EPI_38": {"avail": 1.0, "util": 0.22349782427553005, "br": 0.0}, "Implant_119": {"avail": 1.0, "util": 0.07156744745856865, "br": 0.0}, "Implant_128": {"avail": 1.0, "util": 0.029879388272129687, "br": 0.0}, "Implant_132": {"avail": 1.0, "util": 0.03355509410504318, "br": 0.0}, "Implant_74": {"avail": 1.0, "util": 0.01134154244977317, "br": 0.0}, "Implant_88": {"avail": 1.0, "util": 0.009420424034811591, "br": 0.0}, "Implant_90": {"avail": 1.0, "util": 0.04534302379409314, "br": 0.0}, "Implant_91": {"avail": 1.0, "util": 0.041953787347732356, "br": 0.0}, "LithoMet_BE_18": {"avail": 1.0, "util": 0.9719049582951073, "br": 0.0}, "LithoMet_FE_19": {"avail": 1.0, "util": 0.9624009681643234, "br": 0.0}, "LithoTrack_BE_117": {"avail": 1.0, "util": 0.060586982686788256, "br": 0.0}, "LithoTrack_FE_115": {"avail": 1.0, "util": 0.04123263202819974, "br": 0.0}, "LithoTrack_FE_95": {"avail": 1.0, "util": 0.0573696879918526, "br": 0.0}, "LithoTrack_FE_96": {"avail": 1.0, "util": 0.010114804184797705, "br": 0.0}, "Litho_BE_110": {"avail": 1.0, "util": 0.05689288028886214, "br": 0.0}, "Litho_BE_93": {"avail": 1.0, "util": 0.05537681696139246, "br": 0.0}, "Litho_BE_99": {"avail": 1.0, "util": 0.08482239298830355, "br": 0.0}, "Litho_FE_111": {"avail": 1.0, "util": 0.08431858161281364, "br": 0.0}, "Litho_FE_35": {"avail": 1.0, "util": 0.04446347560411073, "br": 0.0}, "Litho_FE_92": {"avail": 1.0, "util": 0.06192802660722298, "br": 0.0}, "Litho_FE_98": {"avail": 1.0, "util": 0.025530043514489398, "br": 0.0}, "Litho_REG_BE_63": {"avail": 1.0, "util": 0.9617165077307657, "br": 0.0}, "Litho_REG_FE_64": {"avail": 1.0, "util": 0.9775638058204487, "br": 0.0}, "Planar_BE_75": {"avail": 1.0, "util": 0.8283624532120042, "br": 0.0}, "Planar_FE_76": {"avail": 1.0, "util": 0.9340338857513193, "br": 0.0}, "Planar_FE_77": {"avail": 1.0, "util": 0.9587075270808258, "br": 0.0}, "Planar_FE_78": {"avail": 1.0, "util": 0.35216646606795665, "br": 0.0}, "Planar_FE_79": {"avail": 1.0, "util": 0.21364919914822703, "br": 0.0}, "Planar_FE_80": {"avail": 1.0, "util": 0.21625312471067493, "br": 0.0}, "TF_BE_2": {"avail": 1.0, "util": 0.3987709471345246, "br": 0.0}, "TF_BE_23": {"avail": 1.0, "util": 0.5944886055523959, "br": 0.0}, "TF_BE_24": {"avail": 1.0, "util": 0.8469933339505601, "br": 0.0}, "TF_BE_26": {"avail": 1.0, "util": 0.6918732595984702, "br": 0.0}, "TF_BE_40": {"avail": 1.0, "util": 0.7349564582800068, "br": 0.0}, "TF_FE_103": {"avail": 1.0, "util": 0.5245149258666526, "br": 0.0}, "TF_FE_104": {"avail": 1.0, "util": 0.6526062401629479, "br": 0.0}, "TF_FE_113": {"avail": 1.0, "util": 0.21937783538561245, "br": 0.0}, "TF_FE_131": {"avail": 1.0, "util": 0.9404067524611919, "br": 0.0}, "TF_FE_3": {"avail": 1.0, "util": 0.2970403974940592, "br": 0.0}, "TF_FE_5": {"avail": 1.0, "util": 0.2982594204240348, "br": 0.0}, "TF_Met_FE_45": {"avail": 1.0, "util": 0.05814276455883714, "br": 0.0}, "TF_Met_FE_61": {"avail": 1.0, "util": 0.9983103416350337, "br": 0.0}, "WE_BE_14": {"avail": 1.0, "util": 0.043718174243125636, "br": 0.0}, "WE_BE_16": {"avail": 1.0, "util": 0.039319275992963615, "br": 0.0}, "WE_BE_17": {"avail": 1.0, "util": 0.045319877789093604, "br": 0.0}, "WE_BE_7": {"avail": 1.0, "util": 0.02259050087954819, "br": 0.0}, "WE_BE_81": {"avail": 1.0, "util": 0.044579205629108415, "br": 0.0}, "WE_BE_82": {"avail": 1.0, "util": 0.04508841773909823, "br": 0.0}, "WE_BE_9": {"avail": 1.0, "util": 0.0486899361170262, "br": 0.0}, "WE_FE_108": {"avail": 1.0, "util": 0.04661286151665395, "br": 0.0}, "WE_FE_41": {"avail": 1.0, "util": 0.02889547264142209, "br": 0.0}, "WE_FE_47": {"avail": 1.0, "util": 0.03583927414128322, "br": 0.0}, "WE_FE_8": {"avail": 1.0, "util": 0.02886306823442274, "br": 0.0}, "WE_FE_83": {"avail": 1.0, "util": 0.03636237385427275, "br": 0.0}, "WE_FE_84": {"avail": 1.0, "util": 0.04085678341330051, "br": 0.0}, "WE_FE_85": {"avail": 1.0, "util": 0.02497453939450051, "br": 0.0}}, "plugins": {"cost": 428825.12944444444}}