{"lots": {}, "machines": {"DE_BE_11": {"avail": 1.0, "util": 0.7862027675937242, "br": 0.0}, "DE_BE_12": {"avail": 1.0, "util": 0.5682463853222658, "br": 0.0}, "DE_BE_13": {"avail": 1.0, "util": 0.7397126814969276, "br": 0.0}, "DE_BE_48": {"avail": 1.0, "util": 0.7242781105129733, "br": 0.0}, "DE_BE_50": {"avail": 1.0, "util": 0.7549550049994446, "br": 0.0}, "DE_BE_65": {"avail": 1.0, "util": 0.7444879861833534, "br": 0.0}, "DE_BE_66": {"avail": 1.0, "util": 0.7459040498768111, "br": 0.0}, "DE_BE_67": {"avail": 1.0, "util": 0.7766712789488037, "br": 0.0}, "DE_BE_69": {"avail": 1.0, "util": 0.296355960448839, "br": 0.0}, "DE_FE_1": {"avail": 1.0, "util": 0.8960782135318298, "br": 0.0}, "DE_FE_51": {"avail": 1.0, "util": 0.3831602044217309, "br": 0.0}, "DE_FE_53": {"avail": 1.0, "util": 0.11150983224086213, "br": 0.0}, "DE_FE_54": {"avail": 1.0, "util": 0.9780394770951376, "br": 0.0}, "DE_FE_56": {"avail": 1.0, "util": 0.9577824686145984, "br": 0.0}, "DE_FE_58": {"avail": 1.0, "util": 0.8891512054216199, "br": 0.0}, "DE_FE_59": {"avail": 1.0, "util": 0.8630291078769026, "br": 0.0}, "DE_FE_62": {"avail": 1.0, "util": 0.6380271473104295, "br": 0.0}, "DE_FE_70": {"avail": 1.0, "util": 0.8677924675036107, "br": 0.0}, "DE_FE_71": {"avail": 1.0, "util": 0.7422014837857522, "br": 0.0}, "DE_FE_72": {"avail": 1.0, "util": 0.5139984446172647, "br": 0.0}, "DE_FE_86": {"avail": 1.0, "util": 0.7346806098757388, "br": 0.0}, "DefMEt_FE_118": {"avail": 1.0, "util": 0.2504999444506166, "br": 0.0}, "DefMet_BE_33": {"avail": 1.0, "util": 0.9415620486612598, "br": 0.0}, "DefMet_BE_42": {"avail": 1.0, "util": 0.987890234418398, "br": 0.0}, "DefMet_FE_10": {"avail": 1.0, "util": 0.5048883457393623, "br": 0.0}, "DefMet_FE_106": {"avail": 1.0, "util": 0.10337740251083213, "br": 0.0}, "DefMet_FE_34": {"avail": 1.0, "util": 0.43247972447505834, "br": 0.0}, "DefMet_FE_43": {"avail": 1.0, "util": 0.8706143761804244, "br": 0.0}, "Delay_32": {"avail": 1.0, "util": 0.3067257804688368, "br": 0.0}, "Dielectric_BE_20": {"avail": 1.0, "util": 0.6282190867681369, "br": 0.0}, "Dielectric_BE_21": {"avail": 1.0, "util": 0.9190645483835129, "br": 0.0}, "Dielectric_BE_27": {"avail": 1.0, "util": 0.910310891382439, "br": 0.0}, "Dielectric_BE_28": {"avail": 1.0, "util": 0.9565603821797578, "br": 0.0}, "Dielectric_BE_60": {"avail": 1.0, "util": 0.8179831870532904, "br": 0.0}, "Dielectric_FE_112": {"avail": 1.0, "util": 0.6397499043316175, "br": 0.0}, "Dielectric_FE_130": {"avail": 1.0, "util": 0.34986390401066547, "br": 0.0}, "Dielectric_FE_29": {"avail": 1.0, "util": 0.36179313409621155, "br": 0.0}, "Dielectric_FE_30": {"avail": 1.0, "util": 0.8939006777024775, "br": 0.0}, "Dielectric_FE_31": {"avail": 1.0, "util": 0.3699033440728808, "br": 0.0}, "Diffusion_BE_123": {"avail": 1.0, "util": 0.0, "br": 0.0}, "Diffusion_FE_100": {"avail": 1.0, "util": 0.0, "br": 0.0}, "Diffusion_FE_101": {"avail": 1.0, "util": 0.0, "br": 0.0}, "Diffusion_FE_120": {"avail": 1.0, "util": 0.0, "br": 0.0}, "Diffusion_FE_122": {"avail": 1.0, "util": 0.0, "br": 0.0}, "Diffusion_FE_125": {"avail": 1.0, "util": 0.0, "br": 0.0}, "Diffusion_FE_126": {"avail": 1.0, "util": 0.0, "br": 0.0}, "Diffusion_FE_127": {"avail": 1.0, "util": 0.0, "br": 0.0}, "Diffusion_FE_44": {"avail": 1.0, "util": 0.0, "br": 0.0}, "Diffusion_FE_94": {"avail": 1.0, "util": 0.0, "br": 0.0}, "EPI_36": {"avail": 1.0, "util": 0.007138095767136985, "br": 0.0}, "EPI_38": {"avail": 1.0, "util": 0.2647483612931896, "br": 0.0}, "Implant_119": {"avail": 1.0, "util": 0.011165426063770693, "br": 0.0}, "Implant_128": {"avail": 1.0, "util": 0.03641514579188171, "br": 0.0}, "Implant_132": {"avail": 1.0, "util": 0.019585125462250226, "br": 0.0}, "Implant_74": {"avail": 1.0, "util": 0.013609598933451839, "br": 0.0}, "Implant_88": {"avail": 1.0, "util": 0.0057493611820908785, "br": 0.0}, "Implant_90": {"avail": 1.0, "util": 0.022080879902233085, "br": 0.0}, "Implant_91": {"avail": 1.0, "util": 0.047447109051375246, "br": 0.0}, "LithoMet_BE_18": {"avail": 1.0, "util": 0.9708618234337598, "br": 0.0}, "LithoMet_FE_19": {"avail": 1.0, "util": 0.9505927912771597, "br": 0.0}, "LithoTrack_BE_117": {"avail": 1.0, "util": 0.06710365514942784, "br": 0.0}, "LithoTrack_FE_115": {"avail": 1.0, "util": 0.04467660774819058, "br": 0.0}, "LithoTrack_FE_95": {"avail": 1.0, "util": 0.0646025441617598, "br": 0.0}, "LithoTrack_FE_96": {"avail": 1.0, "util": 0.012109765581602044, "br": 0.0}, "Litho_BE_110": {"avail": 1.0, "util": 0.06106567869270564, "br": 0.0}, "Litho_BE_93": {"avail": 1.0, "util": 0.06468725697144762, "br": 0.0}, "Litho_BE_99": {"avail": 1.0, "util": 0.09910009998889012, "br": 0.0}, "Litho_FE_111": {"avail": 1.0, "util": 0.08682646372625263, "br": 0.0}, "Litho_FE_35": {"avail": 1.0, "util": 0.023747361404288413, "br": 0.0}, "Litho_FE_92": {"avail": 1.0, "util": 0.06996872142411527, "br": 0.0}, "Litho_FE_98": {"avail": 1.0, "util": 0.03091323186312632, "br": 0.0}, "Litho_REG_BE_63": {"avail": 1.0, "util": 0.9571783690701033, "br": 0.0}, "Litho_REG_FE_64": {"avail": 1.0, "util": 0.9648372403066326, "br": 0.0}, "Planar_BE_75": {"avail": 1.0, "util": 0.8886552287841034, "br": 0.0}, "Planar_FE_76": {"avail": 1.0, "util": 0.9338684590601044, "br": 0.0}, "Planar_FE_77": {"avail": 1.0, "util": 0.8639040106654816, "br": 0.0}, "Planar_FE_78": {"avail": 1.0, "util": 0.4206754805021664, "br": 0.0}, "Planar_FE_79": {"avail": 1.0, "util": 0.25493000777691366, "br": 0.0}, "Planar_FE_80": {"avail": 1.0, "util": 0.25744361737584714, "br": 0.0}, "TF_BE_2": {"avail": 1.0, "util": 0.4743917342517498, "br": 0.0}, "TF_BE_23": {"avail": 1.0, "util": 0.429638770295364, "br": 0.0}, "TF_BE_24": {"avail": 1.0, "util": 0.8685007221419843, "br": 0.0}, "TF_BE_26": {"avail": 1.0, "util": 0.7422764991923975, "br": 0.0}, "TF_BE_40": {"avail": 1.0, "util": 0.6814831031846135, "br": 0.0}, "TF_FE_103": {"avail": 1.0, "util": 0.6236053136953037, "br": 0.0}, "TF_FE_104": {"avail": 1.0, "util": 0.6879791134318409, "br": 0.0}, "TF_FE_113": {"avail": 1.0, "util": 0.08708291671295783, "br": 0.0}, "TF_FE_131": {"avail": 1.0, "util": 0.8564696515202014, "br": 0.0}, "TF_FE_3": {"avail": 1.0, "util": 0.35996000444395065, "br": 0.0}, "TF_FE_5": {"avail": 1.0, "util": 0.2861904232863015, "br": 0.0}, "TF_Met_FE_45": {"avail": 1.0, "util": 0.07146428174647261, "br": 0.0}, "TF_Met_FE_61": {"avail": 1.0, "util": 0.9806688145761582, "br": 0.0}, "WE_BE_14": {"avail": 1.0, "util": 0.03747361404288412, "br": 0.0}, "WE_BE_16": {"avail": 1.0, "util": 0.03314215087212532, "br": 0.0}, "WE_BE_17": {"avail": 1.0, "util": 0.03205199422286412, "br": 0.0}, "WE_BE_7": {"avail": 1.0, "util": 0.024997222530829907, "br": 0.0}, "WE_BE_81": {"avail": 1.0, "util": 0.040236270044069176, "br": 0.0}, "WE_BE_82": {"avail": 1.0, "util": 0.04572331469342912, "br": 0.0}, "WE_BE_9": {"avail": 1.0, "util": 0.04491723141873125, "br": 0.0}, "WE_FE_108": {"avail": 1.0, "util": 0.03772569331376974, "br": 0.0}, "WE_FE_41": {"avail": 1.0, "util": 0.029307854682813023, "br": 0.0}, "WE_FE_47": {"avail": 1.0, "util": 0.03484057326963671, "br": 0.0}, "WE_FE_8": {"avail": 1.0, "util": 0.028857904677258083, "br": 0.0}, "WE_FE_83": {"avail": 1.0, "util": 0.04062511572788209, "br": 0.0}, "WE_FE_84": {"avail": 1.0, "util": 0.03393740564773849, "br": 0.0}, "WE_FE_85": {"avail": 1.0, "util": 0.030052216420397734, "br": 0.0}}, "plugins": {"cost": 429025.129375}}