{"lots": {}, "machines": {"DE_BE_11": {"avail": 1.0, "util": 0.0, "br": 0.0}, "DE_BE_12": {"avail": 1.0, "util": 0.0, "br": 0.0}, "DE_BE_13": {"avail": 1.0, "util": 0.0, "br": 0.0}, "DE_BE_48": {"avail": 1.0, "util": 0.0, "br": 0.0}, "DE_BE_50": {"avail": 1.0, "util": 0.0, "br": 0.0}, "DE_BE_65": {"avail": 1.0, "util": 0.0, "br": 0.0}, "DE_BE_66": {"avail": 1.0, "util": 0.0, "br": 0.0}, "DE_BE_67": {"avail": 1.0, "util": 0.0, "br": 0.0}, "DE_BE_69": {"avail": 1.0, "util": 0.0, "br": 0.0}, "DE_FE_1": {"avail": 1.0, "util": 0.0, "br": 0.0}, "DE_FE_51": {"avail": 1.0, "util": 0.0, "br": 0.0}, "DE_FE_53": {"avail": 1.0, "util": 0.0, "br": 0.0}, "DE_FE_54": {"avail": 1.0, "util": 0.0, "br": 0.0}, "DE_FE_56": {"avail": 1.0, "util": 0.0, "br": 0.0}, "DE_FE_58": {"avail": 1.0, "util": 0.0, "br": 0.0}, "DE_FE_59": {"avail": 1.0, "util": 0.0, "br": 0.0}, "DE_FE_62": {"avail": 1.0, "util": 0.0, "br": 0.0}, "DE_FE_70": {"avail": 1.0, "util": 0.0, "br": 0.0}, "DE_FE_71": {"avail": 1.0, "util": 0.0, "br": 0.0}, "DE_FE_72": {"avail": 1.0, "util": 0.0, "br": 0.0}, "DE_FE_86": {"avail": 1.0, "util": 0.0, "br": 0.0}, "DefMEt_FE_118": {"avail": 1.0, "util": 0.7459061892867055, "br": 0.0}, "DefMet_BE_33": {"avail": 1.0, "util": 0.665556480710519, "br": 0.0}, "DefMet_BE_42": {"avail": 1.0, "util": 0.7873993893977241, "br": 0.0}, "DefMet_FE_10": {"avail": 1.0, "util": 0.6297529836247572, "br": 0.0}, "DefMet_FE_106": {"avail": 1.0, "util": 0.7826810990840966, "br": 0.0}, "DefMet_FE_34": {"avail": 1.0, "util": 0.7472939217318901, "br": 0.0}, "DefMet_FE_43": {"avail": 1.0, "util": 0.7644555463040059, "br": 0.0}, "Delay_32": {"avail": 1.0, "util": 0.0, "br": 0.0}, "Dielectric_BE_20": {"avail": 1.0, "util": 0.8804329725228975, "br": 0.0}, "Dielectric_BE_21": {"avail": 1.0, "util": 0.6432833749653067, "br": 0.0}, "Dielectric_BE_27": {"avail": 1.0, "util": 0.7381441391433065, "br": 0.0}, "Dielectric_BE_28": {"avail": 1.0, "util": 0.7640854843186233, "br": 0.0}, "Dielectric_BE_60": {"avail": 1.0, "util": 0.8781570913127948, "br": 0.0}, "Dielectric_FE_112": {"avail": 1.0, "util": 0.608909242298085, "br": 0.0}, "Dielectric_FE_130": {"avail": 1.0, "util": 0.8925201221204552, "br": 0.0}, "Dielectric_FE_29": {"avail": 1.0, "util": 0.7648256082893884, "br": 0.0}, "Dielectric_FE_30": {"avail": 1.0, "util": 0.556203164029975, "br": 0.0}, "Dielectric_FE_31": {"avail": 1.0, "util": 0.6128226477935054, "br": 0.0}, "Diffusion_BE_123": {"avail": 1.0, "util": 0.0, "br": 0.0}, "Diffusion_FE_100": {"avail": 1.0, "util": 0.0, "br": 0.0}, "Diffusion_FE_101": {"avail": 1.0, "util": 0.0, "br": 0.0}, "Diffusion_FE_120": {"avail": 1.0, "util": 0.0, "br": 0.0}, "Diffusion_FE_122": {"avail": 1.0, "util": 0.0, "br": 0.0}, "Diffusion_FE_125": {"avail": 1.0, "util": 0.0, "br": 0.0}, "Diffusion_FE_126": {"avail": 1.0, "util": 0.0, "br": 0.0}, "Diffusion_FE_127": {"avail": 1.0, "util": 0.0, "br": 0.0}, "Diffusion_FE_44": {"avail": 1.0, "util": 0.0, "br": 0.0}, "Diffusion_FE_94": {"avail": 1.0, "util": 0.0, "br": 0.0}, "EPI_36": {"avail": 1.0, "util": 0.014293644185401055, "br": 0.0}, "EPI_38": {"avail": 1.0, "util": 0.035525950596724955, "br": 0.0}, "Implant_119": {"avail": 1.0, "util": 0.04621149042464613, "br": 0.0}, "Implant_128": {"avail": 1.0, "util": 0.11815154038301415, "br": 0.0}, "Implant_132": {"avail": 1.0, "util": 0.055266444629475435, "br": 0.0}, "Implant_74": {"avail": 1.0, "util": 0.0, "br": 0.0}, "Implant_88": {"avail": 1.0, "util": 0.006938662225922842, "br": 0.0}, "Implant_90": {"avail": 1.0, "util": 0.0761865112406328, "br": 0.0}, "Implant_91": {"avail": 1.0, "util": 0.06827643630308076, "br": 0.0}, "LithoMet_BE_18": {"avail": 1.0, "util": 0.832127073592519, "br": 0.0}, "LithoMet_FE_19": {"avail": 1.0, "util": 0.7993338884263114, "br": 0.0}, "LithoTrack_BE_117": {"avail": 1.0, "util": 0.26350263669164586, "br": 0.0}, "LithoTrack_FE_115": {"avail": 1.0, "util": 0.12915707498653084, "br": 0.0}, "LithoTrack_FE_95": {"avail": 1.0, "util": 0.1518972285000595, "br": 0.0}, "LithoTrack_FE_96": {"avail": 1.0, "util": 0.0, "br": 0.0}, "Litho_BE_110": {"avail": 1.0, "util": 0.20513659252210462, "br": 0.0}, "Litho_BE_93": {"avail": 1.0, "util": 0.20612452585808122, "br": 0.0}, "Litho_BE_99": {"avail": 1.0, "util": 0.6096771209177537, "br": 0.0}, "Litho_FE_111": {"avail": 1.0, "util": 0.3113945449499155, "br": 0.0}, "Litho_FE_35": {"avail": 1.0, "util": 0.1511240632805995, "br": 0.0}, "Litho_FE_92": {"avail": 1.0, "util": 0.33342584882967896, "br": 0.0}, "Litho_FE_98": {"avail": 1.0, "util": 0.3758534554537885, "br": 0.0}, "Litho_REG_BE_63": {"avail": 1.0, "util": 0.7995420482930891, "br": 0.0}, "Litho_REG_FE_64": {"avail": 1.0, "util": 0.8369612624400301, "br": 0.0}, "Planar_BE_75": {"avail": 1.0, "util": 0.2166111573688593, "br": 0.0}, "Planar_FE_76": {"avail": 1.0, "util": 0.9319085946896105, "br": 0.0}, "Planar_FE_77": {"avail": 1.0, "util": 0.7017762975298363, "br": 0.0}, "Planar_FE_78": {"avail": 1.0, "util": 0.0, "br": 0.0}, "Planar_FE_79": {"avail": 1.0, "util": 0.0, "br": 0.0}, "Planar_FE_80": {"avail": 1.0, "util": 0.6429364418540106, "br": 0.0}, "TF_BE_2": {"avail": 1.0, "util": 0.0, "br": 0.0}, "TF_BE_23": {"avail": 1.0, "util": 0.0, "br": 0.0}, "TF_BE_24": {"avail": 1.0, "util": 0.0, "br": 0.0}, "TF_BE_26": {"avail": 1.0, "util": 0.06659265426959016, "br": 0.0}, "TF_BE_40": {"avail": 1.0, "util": 0.0, "br": 0.0}, "TF_FE_103": {"avail": 1.0, "util": 0.0, "br": 0.0}, "TF_FE_104": {"avail": 1.0, "util": 0.0, "br": 0.0}, "TF_FE_113": {"avail": 1.0, "util": 0.0, "br": 0.0}, "TF_FE_131": {"avail": 1.0, "util": 0.0, "br": 0.0}, "TF_FE_3": {"avail": 1.0, "util": 0.0, "br": 0.0}, "TF_FE_5": {"avail": 1.0, "util": 0.0, "br": 0.0}, "TF_Met_FE_45": {"avail": 1.0, "util": 0.2128781570913128, "br": 0.0}, "TF_Met_FE_61": {"avail": 1.0, "util": 0.9360255342769914, "br": 0.0}, "WE_BE_14": {"avail": 1.0, "util": 0.02148209825145712, "br": 0.0}, "WE_BE_16": {"avail": 1.0, "util": 0.02534924599870478, "br": 0.0}, "WE_BE_17": {"avail": 1.0, "util": 0.04218706633361088, "br": 0.0}, "WE_BE_7": {"avail": 1.0, "util": 0.011379406050513461, "br": 0.0}, "WE_BE_81": {"avail": 1.0, "util": 0.02238875011564437, "br": 0.0}, "WE_BE_82": {"avail": 1.0, "util": 0.14854288093255621, "br": 0.0}, "WE_BE_9": {"avail": 1.0, "util": 0.08167796677372031, "br": 0.0}, "WE_FE_108": {"avail": 1.0, "util": 0.040220451211292176, "br": 0.0}, "WE_FE_41": {"avail": 1.0, "util": 0.037690813211212884, "br": 0.0}, "WE_FE_47": {"avail": 1.0, "util": 0.03844018873161255, "br": 0.0}, "WE_FE_8": {"avail": 1.0, "util": 0.08603941160144324, "br": 0.0}, "WE_FE_83": {"avail": 1.0, "util": 0.061694619563062526, "br": 0.0}, "WE_FE_84": {"avail": 1.0, "util": 0.054229500107934744, "br": 0.0}, "WE_FE_85": {"avail": 1.0, "util": 0.038023868998057174, "br": 0.0}}, "plugins": {"cost": 448800}}