{"lots": {}, "machines": {"DE_BE_11": {"avail": 1.0, "util": 0.8995695042355228, "br": 0.0}, "DE_BE_12": {"avail": 1.0, "util": 0.0, "br": 0.0}, "DE_BE_13": {"avail": 1.0, "util": 0.7478723193207293, "br": 0.0}, "DE_BE_48": {"avail": 1.0, "util": 0.9727398972364949, "br": 0.0}, "DE_BE_50": {"avail": 1.0, "util": 0.0, "br": 0.0}, "DE_BE_65": {"avail": 1.0, "util": 0.4292949508646675, "br": 0.0}, "DE_BE_66": {"avail": 1.0, "util": 0.7768950218902346, "br": 0.0}, "DE_BE_67": {"avail": 1.0, "util": 0.42191362310790165, "br": 0.0}, "DE_BE_69": {"avail": 1.0, "util": 0.552423274545202, "br": 0.0}, "DE_FE_1": {"avail": 1.0, "util": 0.0, "br": 0.0}, "DE_FE_51": {"avail": 1.0, "util": 0.1899663058493338, "br": 0.0}, "DE_FE_53": {"avail": 1.0, "util": 0.0, "br": 0.0}, "DE_FE_54": {"avail": 1.0, "util": 0.8171642827385085, "br": 0.0}, "DE_FE_56": {"avail": 1.0, "util": 0.3074572975975559, "br": 0.0}, "DE_FE_58": {"avail": 1.0, "util": 0.746516687497107, "br": 0.0}, "DE_FE_59": {"avail": 1.0, "util": 0.5718650187473961, "br": 0.0}, "DE_FE_62": {"avail": 1.0, "util": 0.263653857599143, "br": 0.0}, "DE_FE_70": {"avail": 1.0, "util": 0.2671317017935543, "br": 0.0}, "DE_FE_71": {"avail": 1.0, "util": 0.2372884718392287, "br": 0.0}, "DE_FE_72": {"avail": 1.0, "util": 0.11853291981052014, "br": 0.0}, "DE_FE_86": {"avail": 1.0, "util": 0.1644648119859896, "br": 0.0}, "DefMEt_FE_118": {"avail": 1.0, "util": 0.7432995417303152, "br": 0.0}, "DefMet_BE_33": {"avail": 1.0, "util": 0.8624496597694764, "br": 0.0}, "DefMet_BE_42": {"avail": 1.0, "util": 0.9845854742396889, "br": 0.0}, "DefMet_FE_10": {"avail": 1.0, "util": 0.9713928621024858, "br": 0.0}, "DefMet_FE_106": {"avail": 1.0, "util": 0.7782252464935425, "br": 0.0}, "DefMet_FE_34": {"avail": 1.0, "util": 0.8285654770170809, "br": 0.0}, "DefMet_FE_43": {"avail": 1.0, "util": 0.9272323288432163, "br": 0.0}, "Delay_32": {"avail": 1.0, "util": 0.10869150118039161, "br": 0.0}, "Dielectric_BE_20": {"avail": 1.0, "util": 0.882099708373837, "br": 0.0}, "Dielectric_BE_21": {"avail": 1.0, "util": 0.8979829190390224, "br": 0.0}, "Dielectric_BE_27": {"avail": 1.0, "util": 0.7785122436698606, "br": 0.0}, "Dielectric_BE_28": {"avail": 1.0, "util": 0.8137064296625469, "br": 0.0}, "Dielectric_BE_60": {"avail": 1.0, "util": 0.8602624635467296, "br": 0.0}, "Dielectric_FE_112": {"avail": 1.0, "util": 0.7338286349118178, "br": 0.0}, "Dielectric_FE_130": {"avail": 1.0, "util": 0.882099708373837, "br": 0.0}, "Dielectric_FE_29": {"avail": 1.0, "util": 0.7822987548025737, "br": 0.0}, "Dielectric_FE_30": {"avail": 1.0, "util": 0.8316206082488543, "br": 0.0}, "Dielectric_FE_31": {"avail": 1.0, "util": 0.9186918483543952, "br": 0.0}, "Diffusion_BE_123": {"avail": 1.0, "util": 0.0, "br": 0.0}, "Diffusion_FE_100": {"avail": 1.0, "util": 0.0, "br": 0.0}, "Diffusion_FE_101": {"avail": 1.0, "util": 0.0, "br": 0.0}, "Diffusion_FE_120": {"avail": 1.0, "util": 0.0, "br": 0.0}, "Diffusion_FE_122": {"avail": 1.0, "util": 0.0, "br": 0.0}, "Diffusion_FE_125": {"avail": 1.0, "util": 0.0, "br": 0.0}, "Diffusion_FE_126": {"avail": 1.0, "util": 0.0, "br": 0.0}, "Diffusion_FE_127": {"avail": 1.0, "util": 0.0, "br": 0.0}, "Diffusion_FE_44": {"avail": 1.0, "util": 0.0, "br": 0.0}, "Diffusion_FE_94": {"avail": 1.0, "util": 0.0, "br": 0.0}, "EPI_36": {"avail": 1.0, "util": 0.007360088876544924, "br": 0.0}, "EPI_38": {"avail": 1.0, "util": 0.01763643938341897, "br": 0.0}, "Implant_119": {"avail": 1.0, "util": 0.036800444382724624, "br": 0.0}, "Implant_128": {"avail": 1.0, "util": 0.0772809332037217, "br": 0.0}, "Implant_132": {"avail": 1.0, "util": 0.035932509373698095, "br": 0.0}, "Implant_74": {"avail": 1.0, "util": 0.0, "br": 0.0}, "Implant_88": {"avail": 1.0, "util": 0.0035411748368282185, "br": 0.0}, "Implant_90": {"avail": 1.0, "util": 0.03069018191917789, "br": 0.0}, "Implant_91": {"avail": 1.0, "util": 0.04723880942461695, "br": 0.0}, "LithoMet_BE_18": {"avail": 1.0, "util": 0.8941493168683836, "br": 0.0}, "LithoMet_FE_19": {"avail": 1.0, "util": 0.9189927324908578, "br": 0.0}, "LithoTrack_BE_117": {"avail": 1.0, "util": 0.1546174142480211, "br": 0.0}, "LithoTrack_FE_115": {"avail": 1.0, "util": 0.08213728485422776, "br": 0.0}, "LithoTrack_FE_95": {"avail": 1.0, "util": 0.09619695677187691, "br": 0.0}, "LithoTrack_FE_96": {"avail": 1.0, "util": 0.0, "br": 0.0}, "Litho_BE_110": {"avail": 1.0, "util": 0.12167952863689566, "br": 0.0}, "Litho_BE_93": {"avail": 1.0, "util": 0.10966069527380456, "br": 0.0}, "Litho_BE_99": {"avail": 1.0, "util": 0.32291811322501507, "br": 0.0}, "Litho_FE_111": {"avail": 1.0, "util": 0.16730630846725833, "br": 0.0}, "Litho_FE_35": {"avail": 1.0, "util": 0.07561449798639078, "br": 0.0}, "Litho_FE_92": {"avail": 1.0, "util": 0.18292913862973575, "br": 0.0}, "Litho_FE_98": {"avail": 1.0, "util": 0.19386196361616442, "br": 0.0}, "Litho_REG_BE_63": {"avail": 1.0, "util": 0.9001527565615887, "br": 0.0}, "Litho_REG_FE_64": {"avail": 1.0, "util": 0.8765945206022974, "br": 0.0}, "Planar_BE_75": {"avail": 1.0, "util": 0.7307873906401888, "br": 0.0}, "Planar_FE_76": {"avail": 1.0, "util": 0.9331574318381707, "br": 0.0}, "Planar_FE_77": {"avail": 1.0, "util": 0.7132342730176364, "br": 0.0}, "Planar_FE_78": {"avail": 1.0, "util": 0.8446049159838911, "br": 0.0}, "Planar_FE_79": {"avail": 1.0, "util": 0.6444104985418692, "br": 0.0}, "Planar_FE_80": {"avail": 1.0, "util": 0.7987085127065685, "br": 0.0}, "TF_BE_2": {"avail": 1.0, "util": 0.5330509651437301, "br": 0.0}, "TF_BE_23": {"avail": 1.0, "util": 0.6058734532484523, "br": 0.0}, "TF_BE_24": {"avail": 1.0, "util": 0.5795861685876962, "br": 0.0}, "TF_BE_26": {"avail": 1.0, "util": 0.5589594037865111, "br": 0.0}, "TF_BE_40": {"avail": 1.0, "util": 0.6347382308012776, "br": 0.0}, "TF_FE_103": {"avail": 1.0, "util": 0.7438203027357312, "br": 0.0}, "TF_FE_104": {"avail": 1.0, "util": 0.5849187612831551, "br": 0.0}, "TF_FE_113": {"avail": 1.0, "util": 0.6713650881821969, "br": 0.0}, "TF_FE_131": {"avail": 1.0, "util": 0.22837105957505902, "br": 0.0}, "TF_FE_3": {"avail": 1.0, "util": 0.6720594361894181, "br": 0.0}, "TF_FE_5": {"avail": 1.0, "util": 0.40480488820997085, "br": 0.0}, "TF_Met_FE_45": {"avail": 1.0, "util": 0.21385918622413555, "br": 0.0}, "TF_Met_FE_61": {"avail": 1.0, "util": 0.9805582557978059, "br": 0.0}, "WE_BE_14": {"avail": 1.0, "util": 0.032578808498819604, "br": 0.0}, "WE_BE_16": {"avail": 1.0, "util": 0.05127374284435804, "br": 0.0}, "WE_BE_17": {"avail": 1.0, "util": 0.030829051520622135, "br": 0.0}, "WE_BE_7": {"avail": 1.0, "util": 0.011248437716983752, "br": 0.0}, "WE_BE_81": {"avail": 1.0, "util": 0.025737166134333196, "br": 0.0}, "WE_BE_82": {"avail": 1.0, "util": 0.0954450770726288, "br": 0.0}, "WE_BE_9": {"avail": 1.0, "util": 0.07207332314956257, "br": 0.0}, "WE_FE_108": {"avail": 1.0, "util": 0.034491241295851766, "br": 0.0}, "WE_FE_41": {"avail": 1.0, "util": 0.029245938064157755, "br": 0.0}, "WE_FE_47": {"avail": 1.0, "util": 0.03994815534879415, "br": 0.0}, "WE_FE_8": {"avail": 1.0, "util": 0.059297319816692125, "br": 0.0}, "WE_FE_83": {"avail": 1.0, "util": 0.054317852679191383, "br": 0.0}, "WE_FE_84": {"avail": 1.0, "util": 0.03917665756299279, "br": 0.0}, "WE_FE_85": {"avail": 1.0, "util": 0.03853631440077767, "br": 0.0}}, "plugins": {"cost": 448800}}