{"lots": {}, "machines": {"DE_BE_11": {"avail": 1.0, "util": 0.7269698021520306, "br": 0.0}, "DE_BE_12": {"avail": 1.0, "util": 0.7105788885032204, "br": 0.0}, "DE_BE_13": {"avail": 1.0, "util": 0.852564420422803, "br": 0.0}, "DE_BE_48": {"avail": 1.0, "util": 0.8782644914960083, "br": 0.0}, "DE_BE_50": {"avail": 1.0, "util": 0.7061976937020324, "br": 0.0}, "DE_BE_65": {"avail": 1.0, "util": 0.7542805806807277, "br": 0.0}, "DE_BE_66": {"avail": 1.0, "util": 0.7082226566068069, "br": 0.0}, "DE_BE_67": {"avail": 1.0, "util": 0.821853523082263, "br": 0.0}, "DE_BE_69": {"avail": 1.0, "util": 0.8406456091634849, "br": 0.0}, "DE_FE_1": {"avail": 1.0, "util": 0.5654385877919373, "br": 0.0}, "DE_FE_51": {"avail": 1.0, "util": 0.615181132282285, "br": 0.0}, "DE_FE_53": {"avail": 1.0, "util": 0.6795140576188823, "br": 0.0}, "DE_FE_54": {"avail": 1.0, "util": 0.8182575494619924, "br": 0.0}, "DE_FE_56": {"avail": 1.0, "util": 0.7547726483859771, "br": 0.0}, "DE_FE_58": {"avail": 1.0, "util": 0.492167071618651, "br": 0.0}, "DE_FE_59": {"avail": 1.0, "util": 0.7407104014809672, "br": 0.0}, "DE_FE_62": {"avail": 1.0, "util": 0.8053404075965686, "br": 0.0}, "DE_FE_70": {"avail": 1.0, "util": 0.8596694523803167, "br": 0.0}, "DE_FE_71": {"avail": 1.0, "util": 0.6467248475231815, "br": 0.0}, "DE_FE_72": {"avail": 1.0, "util": 0.9313047167264453, "br": 0.0}, "DE_FE_86": {"avail": 1.0, "util": 0.6528149947934745, "br": 0.0}, "DefMEt_FE_118": {"avail": 1.0, "util": 0.37001041305102395, "br": 0.0}, "DefMet_BE_33": {"avail": 1.0, "util": 0.9164873307879209, "br": 0.0}, "DefMet_BE_42": {"avail": 1.0, "util": 0.9792433182922596, "br": 0.0}, "DefMet_FE_10": {"avail": 1.0, "util": 0.9308920513710517, "br": 0.0}, "DefMet_FE_106": {"avail": 1.0, "util": 0.38750433877126, "br": 0.0}, "DefMet_FE_34": {"avail": 1.0, "util": 0.5933703575147519, "br": 0.0}, "DefMet_FE_43": {"avail": 1.0, "util": 0.9553742913340275, "br": 0.0}, "Delay_32": {"avail": 1.0, "util": 0.3863854564387365, "br": 0.0}, "Dielectric_BE_20": {"avail": 1.0, "util": 0.8492190211732038, "br": 0.0}, "Dielectric_BE_21": {"avail": 1.0, "util": 0.939179104477612, "br": 0.0}, "Dielectric_BE_27": {"avail": 1.0, "util": 0.8275228508619693, "br": 0.0}, "Dielectric_BE_28": {"avail": 1.0, "util": 0.8238979520999653, "br": 0.0}, "Dielectric_BE_60": {"avail": 1.0, "util": 0.9111072544255466, "br": 0.0}, "Dielectric_FE_112": {"avail": 1.0, "util": 0.9032349878514405, "br": 0.0}, "Dielectric_FE_130": {"avail": 1.0, "util": 0.8863415480735856, "br": 0.0}, "Dielectric_FE_29": {"avail": 1.0, "util": 0.9727872266574106, "br": 0.0}, "Dielectric_FE_30": {"avail": 1.0, "util": 0.969593891010066, "br": 0.0}, "Dielectric_FE_31": {"avail": 1.0, "util": 0.923325234293648, "br": 0.0}, "Diffusion_BE_123": {"avail": 1.0, "util": 0.0, "br": 0.0}, "Diffusion_FE_100": {"avail": 1.0, "util": 0.0, "br": 0.0}, "Diffusion_FE_101": {"avail": 1.0, "util": 0.0, "br": 0.0}, "Diffusion_FE_120": {"avail": 1.0, "util": 0.0, "br": 0.0}, "Diffusion_FE_122": {"avail": 1.0, "util": 0.0, "br": 0.0}, "Diffusion_FE_125": {"avail": 1.0, "util": 0.0, "br": 0.0}, "Diffusion_FE_126": {"avail": 1.0, "util": 0.0, "br": 0.0}, "Diffusion_FE_127": {"avail": 1.0, "util": 0.0, "br": 0.0}, "Diffusion_FE_44": {"avail": 1.0, "util": 0.0, "br": 0.0}, "Diffusion_FE_94": {"avail": 1.0, "util": 0.0, "br": 0.0}, "EPI_36": {"avail": 1.0, "util": 0.008885803540437349, "br": 0.0}, "EPI_38": {"avail": 1.0, "util": 0.017841027421034363, "br": 0.0}, "Implant_119": {"avail": 1.0, "util": 0.015897257896563693, "br": 0.0}, "Implant_128": {"avail": 1.0, "util": 0.0598125650815689, "br": 0.0}, "Implant_132": {"avail": 1.0, "util": 0.03522214508851093, "br": 0.0}, "Implant_74": {"avail": 1.0, "util": 0.008573412009718848, "br": 0.0}, "Implant_88": {"avail": 1.0, "util": 0.0196459562651857, "br": 0.0}, "Implant_90": {"avail": 1.0, "util": 0.06331135022561611, "br": 0.0}, "Implant_91": {"avail": 1.0, "util": 0.04665046858729608, "br": 0.0}, "LithoMet_BE_18": {"avail": 1.0, "util": 0.9471123808506662, "br": 0.0}, "LithoMet_FE_19": {"avail": 1.0, "util": 0.9506807050021211, "br": 0.0}, "LithoTrack_BE_117": {"avail": 1.0, "util": 0.0854564387365498, "br": 0.0}, "LithoTrack_FE_115": {"avail": 1.0, "util": 0.04916457384758833, "br": 0.0}, "LithoTrack_FE_95": {"avail": 1.0, "util": 0.058813195531596876, "br": 0.0}, "LithoTrack_FE_96": {"avail": 1.0, "util": 0.0, "br": 0.0}, "Litho_BE_110": {"avail": 1.0, "util": 0.07096742202608222, "br": 0.0}, "Litho_BE_93": {"avail": 1.0, "util": 0.06585676269813721, "br": 0.0}, "Litho_BE_99": {"avail": 1.0, "util": 0.1661691542288557, "br": 0.0}, "Litho_FE_111": {"avail": 1.0, "util": 0.1089047363604809, "br": 0.0}, "Litho_FE_35": {"avail": 1.0, "util": 0.06706004859423811, "br": 0.0}, "Litho_FE_92": {"avail": 1.0, "util": 0.1031396926572213, "br": 0.0}, "Litho_FE_98": {"avail": 1.0, "util": 0.11278028462339465, "br": 0.0}, "Litho_REG_BE_63": {"avail": 1.0, "util": 0.9673030197847969, "br": 0.0}, "Litho_REG_FE_64": {"avail": 1.0, "util": 0.9488719194724055, "br": 0.0}, "Planar_BE_75": {"avail": 1.0, "util": 0.8163137799375217, "br": 0.0}, "Planar_FE_76": {"avail": 1.0, "util": 0.92986231632535, "br": 0.0}, "Planar_FE_77": {"avail": 1.0, "util": 0.9001388406803194, "br": 0.0}, "Planar_FE_78": {"avail": 1.0, "util": 0.0, "br": 0.0}, "Planar_FE_79": {"avail": 1.0, "util": 0.9562235334953141, "br": 0.0}, "Planar_FE_80": {"avail": 1.0, "util": 0.4063172509545297, "br": 0.0}, "TF_BE_2": {"avail": 1.0, "util": 0.399166955918084, "br": 0.0}, "TF_BE_23": {"avail": 1.0, "util": 0.8145636566250753, "br": 0.0}, "TF_BE_24": {"avail": 1.0, "util": 0.2907740367927803, "br": 0.0}, "TF_BE_26": {"avail": 1.0, "util": 0.7767025338424158, "br": 0.0}, "TF_BE_40": {"avail": 1.0, "util": 0.7901943769524471, "br": 0.0}, "TF_FE_103": {"avail": 1.0, "util": 0.7320374869836862, "br": 0.0}, "TF_FE_104": {"avail": 1.0, "util": 0.8723637625824366, "br": 0.0}, "TF_FE_113": {"avail": 1.0, "util": 0.32929538354737936, "br": 0.0}, "TF_FE_131": {"avail": 1.0, "util": 0.4569362489876201, "br": 0.0}, "TF_FE_3": {"avail": 1.0, "util": 0.6701839639014231, "br": 0.0}, "TF_FE_5": {"avail": 1.0, "util": 0.4035230822631031, "br": 0.0}, "TF_Met_FE_45": {"avail": 1.0, "util": 0.10715029503644567, "br": 0.0}, "TF_Met_FE_61": {"avail": 1.0, "util": 0.966261714682402, "br": 0.0}, "WE_BE_14": {"avail": 1.0, "util": 0.03515446025685526, "br": 0.0}, "WE_BE_16": {"avail": 1.0, "util": 0.044583285124763776, "br": 0.0}, "WE_BE_17": {"avail": 1.0, "util": 0.03675807011454356, "br": 0.0}, "WE_BE_7": {"avail": 1.0, "util": 0.005692467893092676, "br": 0.0}, "WE_BE_81": {"avail": 1.0, "util": 0.03366886497743839, "br": 0.0}, "WE_BE_82": {"avail": 1.0, "util": 0.06118014578271433, "br": 0.0}, "WE_BE_9": {"avail": 1.0, "util": 0.05714285714285714, "br": 0.0}, "WE_FE_108": {"avail": 1.0, "util": 0.04299300838002677, "br": 0.0}, "WE_FE_41": {"avail": 1.0, "util": 0.03734814300590073, "br": 0.0}, "WE_FE_47": {"avail": 1.0, "util": 0.028693740599328936, "br": 0.0}, "WE_FE_8": {"avail": 1.0, "util": 0.04849010760152725, "br": 0.0}, "WE_FE_83": {"avail": 1.0, "util": 0.04003570188922497, "br": 0.0}, "WE_FE_84": {"avail": 1.0, "util": 0.03998997261753249, "br": 0.0}, "WE_FE_85": {"avail": 1.0, "util": 0.023811176674765705, "br": 0.0}}, "plugins": {"cost": 448200.0}}