{"lots": {}, "machines": {"DE_BE_11": {"avail": 1.0, "util": 0.8940890800610517, "br": 0.0}, "DE_BE_12": {"avail": 1.0, "util": 0.0, "br": 0.0}, "DE_BE_13": {"avail": 1.0, "util": 0.7574844562495457, "br": 0.0}, "DE_BE_48": {"avail": 1.0, "util": 0.8844456778132371, "br": 0.0}, "DE_BE_50": {"avail": 1.0, "util": 0.4432110756517583, "br": 0.0}, "DE_BE_65": {"avail": 1.0, "util": 0.5044197226552617, "br": 0.0}, "DE_BE_66": {"avail": 1.0, "util": 0.7756713137081638, "br": 0.0}, "DE_BE_67": {"avail": 1.0, "util": 0.4219925072845845, "br": 0.0}, "DE_BE_69": {"avail": 1.0, "util": 0.5426668516719856, "br": 0.0}, "DE_FE_1": {"avail": 1.0, "util": 0.0, "br": 0.0}, "DE_FE_51": {"avail": 1.0, "util": 0.15774868001139242, "br": 0.0}, "DE_FE_53": {"avail": 1.0, "util": 0.0, "br": 0.0}, "DE_FE_54": {"avail": 1.0, "util": 0.8198140696545025, "br": 0.0}, "DE_FE_56": {"avail": 1.0, "util": 0.2976966837796587, "br": 0.0}, "DE_FE_58": {"avail": 1.0, "util": 0.7396050136441422, "br": 0.0}, "DE_FE_59": {"avail": 1.0, "util": 0.5529808982008233, "br": 0.0}, "DE_FE_62": {"avail": 1.0, "util": 0.14821899343891853, "br": 0.0}, "DE_FE_70": {"avail": 1.0, "util": 0.2674643242147058, "br": 0.0}, "DE_FE_71": {"avail": 1.0, "util": 0.331681500128843, "br": 0.0}, "DE_FE_72": {"avail": 1.0, "util": 0.11852674097713642, "br": 0.0}, "DE_FE_86": {"avail": 1.0, "util": 0.17051734681816547, "br": 0.0}, "DefMEt_FE_118": {"avail": 1.0, "util": 0.7415013181628972, "br": 0.0}, "DefMet_BE_33": {"avail": 1.0, "util": 0.8106701817677259, "br": 0.0}, "DefMet_BE_42": {"avail": 1.0, "util": 0.9342306091300124, "br": 0.0}, "DefMet_FE_10": {"avail": 1.0, "util": 0.9137643957263771, "br": 0.0}, "DefMet_FE_106": {"avail": 1.0, "util": 0.7806299431108644, "br": 0.0}, "DefMet_FE_34": {"avail": 1.0, "util": 0.7272790342722353, "br": 0.0}, "DefMet_FE_43": {"avail": 1.0, "util": 0.9437583830535128, "br": 0.0}, "Delay_32": {"avail": 1.0, "util": 0.09114367975579298, "br": 0.0}, "Dielectric_BE_20": {"avail": 1.0, "util": 0.8177605106146802, "br": 0.0}, "Dielectric_BE_21": {"avail": 1.0, "util": 0.8458616622727904, "br": 0.0}, "Dielectric_BE_27": {"avail": 1.0, "util": 0.7741825077470977, "br": 0.0}, "Dielectric_BE_28": {"avail": 1.0, "util": 0.7847578742888858, "br": 0.0}, "Dielectric_BE_60": {"avail": 1.0, "util": 0.8134799500485639, "br": 0.0}, "Dielectric_FE_112": {"avail": 1.0, "util": 0.8324268072707091, "br": 0.0}, "Dielectric_FE_130": {"avail": 1.0, "util": 0.8601012904120994, "br": 0.0}, "Dielectric_FE_29": {"avail": 1.0, "util": 0.7794736598677212, "br": 0.0}, "Dielectric_FE_30": {"avail": 1.0, "util": 0.8381434716248092, "br": 0.0}, "Dielectric_FE_31": {"avail": 1.0, "util": 0.8862217288747052, "br": 0.0}, "Diffusion_BE_123": {"avail": 1.0, "util": 0.0, "br": 0.0}, "Diffusion_FE_100": {"avail": 1.0, "util": 0.0, "br": 0.0}, "Diffusion_FE_101": {"avail": 1.0, "util": 0.0, "br": 0.0}, "Diffusion_FE_120": {"avail": 1.0, "util": 0.0, "br": 0.0}, "Diffusion_FE_122": {"avail": 1.0, "util": 0.0, "br": 0.0}, "Diffusion_FE_125": {"avail": 1.0, "util": 0.0, "br": 0.0}, "Diffusion_FE_126": {"avail": 1.0, "util": 0.0, "br": 0.0}, "Diffusion_FE_127": {"avail": 1.0, "util": 0.0, "br": 0.0}, "Diffusion_FE_44": {"avail": 1.0, "util": 0.0, "br": 0.0}, "Diffusion_FE_94": {"avail": 1.0, "util": 0.0, "br": 0.0}, "EPI_36": {"avail": 1.0, "util": 0.01443041487442764, "br": 0.0}, "EPI_38": {"avail": 1.0, "util": 0.01762175662550298, "br": 0.0}, "Implant_119": {"avail": 1.0, "util": 0.036769807131955046, "br": 0.0}, "Implant_128": {"avail": 1.0, "util": 0.07609268766477036, "br": 0.0}, "Implant_132": {"avail": 1.0, "util": 0.04008255862356043, "br": 0.0}, "Implant_74": {"avail": 1.0, "util": 0.0, "br": 0.0}, "Implant_88": {"avail": 1.0, "util": 0.003468849729429721, "br": 0.0}, "Implant_90": {"avail": 1.0, "util": 0.05286526987650895, "br": 0.0}, "Implant_91": {"avail": 1.0, "util": 0.04680634568243837, "br": 0.0}, "LithoMet_BE_18": {"avail": 1.0, "util": 0.924464462968695, "br": 0.0}, "LithoMet_FE_19": {"avail": 1.0, "util": 0.9014538334643787, "br": 0.0}, "LithoTrack_BE_117": {"avail": 1.0, "util": 0.17510753434161233, "br": 0.0}, "LithoTrack_FE_115": {"avail": 1.0, "util": 0.07858645053692352, "br": 0.0}, "LithoTrack_FE_95": {"avail": 1.0, "util": 0.09724106098662583, "br": 0.0}, "LithoTrack_FE_96": {"avail": 1.0, "util": 0.0, "br": 0.0}, "Litho_BE_110": {"avail": 1.0, "util": 0.11950682867846738, "br": 0.0}, "Litho_BE_93": {"avail": 1.0, "util": 0.10943064613107627, "br": 0.0}, "Litho_BE_99": {"avail": 1.0, "util": 0.34619120299708617, "br": 0.0}, "Litho_FE_111": {"avail": 1.0, "util": 0.1669588909772065, "br": 0.0}, "Litho_FE_35": {"avail": 1.0, "util": 0.07513528513944775, "br": 0.0}, "Litho_FE_92": {"avail": 1.0, "util": 0.1827221850810029, "br": 0.0}, "Litho_FE_98": {"avail": 1.0, "util": 0.19311780213681143, "br": 0.0}, "Litho_REG_BE_63": {"avail": 1.0, "util": 0.9311259886221729, "br": 0.0}, "Litho_REG_FE_64": {"avail": 1.0, "util": 0.8765585046284367, "br": 0.0}, "Planar_BE_75": {"avail": 1.0, "util": 0.757451089218815, "br": 0.0}, "Planar_FE_76": {"avail": 1.0, "util": 0.7750797835437769, "br": 0.0}, "Planar_FE_77": {"avail": 1.0, "util": 0.7198556958512558, "br": 0.0}, "Planar_FE_78": {"avail": 1.0, "util": 0.42111835715276813, "br": 0.0}, "Planar_FE_79": {"avail": 1.0, "util": 0.6369918135146385, "br": 0.0}, "Planar_FE_80": {"avail": 1.0, "util": 0.967670320521715, "br": 0.0}, "TF_BE_2": {"avail": 1.0, "util": 0.5305605661162759, "br": 0.0}, "TF_BE_23": {"avail": 1.0, "util": 0.6057195854907145, "br": 0.0}, "TF_BE_24": {"avail": 1.0, "util": 0.5759400582766755, "br": 0.0}, "TF_BE_26": {"avail": 1.0, "util": 0.6098330326996901, "br": 0.0}, "TF_BE_40": {"avail": 1.0, "util": 0.6359615651449979, "br": 0.0}, "TF_FE_103": {"avail": 1.0, "util": 0.7476064936866935, "br": 0.0}, "TF_FE_104": {"avail": 1.0, "util": 0.5800471763563202, "br": 0.0}, "TF_FE_113": {"avail": 1.0, "util": 0.6600527265158873, "br": 0.0}, "TF_FE_131": {"avail": 1.0, "util": 0.2259146200453263, "br": 0.0}, "TF_FE_3": {"avail": 1.0, "util": 0.663174691272374, "br": 0.0}, "TF_FE_5": {"avail": 1.0, "util": 0.4015193561814902, "br": 0.0}, "TF_Met_FE_45": {"avail": 1.0, "util": 0.21354238934369363, "br": 0.0}, "TF_Met_FE_61": {"avail": 1.0, "util": 0.9743998889968086, "br": 0.0}, "WE_BE_14": {"avail": 1.0, "util": 0.04037741085056196, "br": 0.0}, "WE_BE_16": {"avail": 1.0, "util": 0.04968934523534218, "br": 0.0}, "WE_BE_17": {"avail": 1.0, "util": 0.030664631608158733, "br": 0.0}, "WE_BE_7": {"avail": 1.0, "util": 0.011239073123352296, "br": 0.0}, "WE_BE_81": {"avail": 1.0, "util": 0.04939642014707923, "br": 0.0}, "WE_BE_82": {"avail": 1.0, "util": 0.10277507978354378, "br": 0.0}, "WE_BE_9": {"avail": 1.0, "util": 0.07459018018196595, "br": 0.0}, "WE_FE_108": {"avail": 1.0, "util": 0.03516422525719043, "br": 0.0}, "WE_FE_41": {"avail": 1.0, "util": 0.032579436658803945, "br": 0.0}, "WE_FE_47": {"avail": 1.0, "util": 0.04243559502335692, "br": 0.0}, "WE_FE_8": {"avail": 1.0, "util": 0.05924795337865964, "br": 0.0}, "WE_FE_83": {"avail": 1.0, "util": 0.05219132192907689, "br": 0.0}, "WE_FE_84": {"avail": 1.0, "util": 0.03808026147418405, "br": 0.0}, "WE_FE_85": {"avail": 1.0, "util": 0.0385736089912585, "br": 0.0}}, "plugins": {"cost": 448800}}