{"lots": {}, "machines": {"DE_BE_11": {"avail": 1.0, "util": 0.9176440971419472, "br": 0.0}, "DE_BE_12": {"avail": 1.0, "util": 0.9440448117102299, "br": 0.0}, "DE_BE_13": {"avail": 1.0, "util": 0.8721256548971905, "br": 0.0}, "DE_BE_48": {"avail": 1.0, "util": 0.795213895089051, "br": 0.0}, "DE_BE_50": {"avail": 1.0, "util": 0.8917602996254681, "br": 0.0}, "DE_BE_65": {"avail": 1.0, "util": 0.8670517072514575, "br": 0.0}, "DE_BE_66": {"avail": 1.0, "util": 0.5303664536975838, "br": 0.0}, "DE_BE_67": {"avail": 1.0, "util": 0.8594433725519869, "br": 0.0}, "DE_BE_69": {"avail": 1.0, "util": 0.1855396803378493, "br": 0.0}, "DE_FE_1": {"avail": 1.0, "util": 0.7538539788227678, "br": 0.0}, "DE_FE_51": {"avail": 1.0, "util": 0.40022425671614187, "br": 0.0}, "DE_FE_53": {"avail": 1.0, "util": 0.18359458084801406, "br": 0.0}, "DE_FE_54": {"avail": 1.0, "util": 0.8122871102479924, "br": 0.0}, "DE_FE_56": {"avail": 1.0, "util": 0.9955379849262496, "br": 0.0}, "DE_FE_58": {"avail": 1.0, "util": 0.9813658852360475, "br": 0.0}, "DE_FE_59": {"avail": 1.0, "util": 0.8839240301475008, "br": 0.0}, "DE_FE_62": {"avail": 1.0, "util": 0.8532580461786601, "br": 0.0}, "DE_FE_70": {"avail": 1.0, "util": 0.8928527892323148, "br": 0.0}, "DE_FE_71": {"avail": 1.0, "util": 0.8189249035413553, "br": 0.0}, "DE_FE_72": {"avail": 1.0, "util": 0.5244412497845706, "br": 0.0}, "DE_FE_86": {"avail": 1.0, "util": 0.7688643276256218, "br": 0.0}, "DefMEt_FE_118": {"avail": 1.0, "util": 0.20927544273362, "br": 0.0}, "DefMet_BE_33": {"avail": 1.0, "util": 0.9454385721551763, "br": 0.0}, "DefMet_BE_42": {"avail": 1.0, "util": 0.9811809312433533, "br": 0.0}, "DefMet_FE_10": {"avail": 1.0, "util": 0.47144772737781476, "br": 0.0}, "DefMet_FE_106": {"avail": 1.0, "util": 0.12854302492255051, "br": 0.0}, "DefMet_FE_34": {"avail": 1.0, "util": 0.6587598834789846, "br": 0.0}, "DefMet_FE_43": {"avail": 1.0, "util": 0.8874092569473343, "br": 0.0}, "Delay_32": {"avail": 1.0, "util": 0.2721393397142461, "br": 0.0}, "Dielectric_BE_20": {"avail": 1.0, "util": 0.8209830304711704, "br": 0.0}, "Dielectric_BE_21": {"avail": 1.0, "util": 0.9749464404062823, "br": 0.0}, "Dielectric_BE_27": {"avail": 1.0, "util": 0.9221960204065904, "br": 0.0}, "Dielectric_BE_28": {"avail": 1.0, "util": 0.9805798307670966, "br": 0.0}, "Dielectric_BE_60": {"avail": 1.0, "util": 0.9461167367950556, "br": 0.0}, "Dielectric_FE_112": {"avail": 1.0, "util": 0.5362484137626321, "br": 0.0}, "Dielectric_FE_130": {"avail": 1.0, "util": 0.28963795255930086, "br": 0.0}, "Dielectric_FE_29": {"avail": 1.0, "util": 0.6879055501610641, "br": 0.0}, "Dielectric_FE_30": {"avail": 1.0, "util": 0.9272206038747861, "br": 0.0}, "Dielectric_FE_31": {"avail": 1.0, "util": 0.34556341610024505, "br": 0.0}, "Diffusion_BE_123": {"avail": 1.0, "util": 0.0, "br": 0.0}, "Diffusion_FE_100": {"avail": 1.0, "util": 0.0, "br": 0.0}, "Diffusion_FE_101": {"avail": 1.0, "util": 0.0, "br": 0.0}, "Diffusion_FE_120": {"avail": 1.0, "util": 0.0, "br": 0.0}, "Diffusion_FE_122": {"avail": 1.0, "util": 0.0, "br": 0.0}, "Diffusion_FE_125": {"avail": 1.0, "util": 0.0, "br": 0.0}, "Diffusion_FE_126": {"avail": 1.0, "util": 0.0, "br": 0.0}, "Diffusion_FE_127": {"avail": 1.0, "util": 0.11064872612937532, "br": 0.0}, "Diffusion_FE_44": {"avail": 1.0, "util": 0.4126521742002391, "br": 0.0}, "Diffusion_FE_94": {"avail": 1.0, "util": 0.0, "br": 0.0}, "EPI_36": {"avail": 1.0, "util": 0.009478892125583761, "br": 0.0}, "EPI_38": {"avail": 1.0, "util": 0.22018772830258473, "br": 0.0}, "Implant_119": {"avail": 1.0, "util": 0.023442918574004715, "br": 0.0}, "Implant_128": {"avail": 1.0, "util": 0.03012227981016995, "br": 0.0}, "Implant_132": {"avail": 1.0, "util": 0.026118145968333235, "br": 0.0}, "Implant_74": {"avail": 1.0, "util": 0.011328432052526934, "br": 0.0}, "Implant_88": {"avail": 1.0, "util": 0.009386415129236603, "br": 0.0}, "Implant_90": {"avail": 1.0, "util": 0.02984695057104545, "br": 0.0}, "Implant_91": {"avail": 1.0, "util": 0.04142969436352707, "br": 0.0}, "LithoMet_BE_18": {"avail": 1.0, "util": 0.9655355048613475, "br": 0.0}, "LithoMet_FE_19": {"avail": 1.0, "util": 0.9684257112471845, "br": 0.0}, "LithoTrack_BE_117": {"avail": 1.0, "util": 0.06251444953067925, "br": 0.0}, "LithoTrack_FE_115": {"avail": 1.0, "util": 0.04055567397122161, "br": 0.0}, "LithoTrack_FE_95": {"avail": 1.0, "util": 0.05695080223794331, "br": 0.0}, "LithoTrack_FE_96": {"avail": 1.0, "util": 0.010126231100013872, "br": 0.0}, "Litho_BE_110": {"avail": 1.0, "util": 0.05286869673777343, "br": 0.0}, "Litho_BE_93": {"avail": 1.0, "util": 0.05693115087621954, "br": 0.0}, "Litho_BE_99": {"avail": 1.0, "util": 0.09130562106009464, "br": 0.0}, "Litho_FE_111": {"avail": 1.0, "util": 0.08008739076154807, "br": 0.0}, "Litho_FE_35": {"avail": 1.0, "util": 0.042053914088870395, "br": 0.0}, "Litho_FE_92": {"avail": 1.0, "util": 0.060979687072071596, "br": 0.0}, "Litho_FE_98": {"avail": 1.0, "util": 0.0212465899107597, "br": 0.0}, "Litho_REG_BE_63": {"avail": 1.0, "util": 0.968789013732834, "br": 0.0}, "Litho_REG_FE_64": {"avail": 1.0, "util": 0.9593293876481559, "br": 0.0}, "Planar_BE_75": {"avail": 1.0, "util": 0.7693227381117519, "br": 0.0}, "Planar_FE_76": {"avail": 1.0, "util": 0.9308965644795857, "br": 0.0}, "Planar_FE_77": {"avail": 1.0, "util": 0.9563739769732279, "br": 0.0}, "Planar_FE_78": {"avail": 1.0, "util": 0.4225736348083414, "br": 0.0}, "Planar_FE_79": {"avail": 1.0, "util": 0.21256993572848754, "br": 0.0}, "Planar_FE_80": {"avail": 1.0, "util": 0.21551763998705323, "br": 0.0}, "TF_BE_2": {"avail": 1.0, "util": 0.6187057844361216, "br": 0.0}, "TF_BE_23": {"avail": 1.0, "util": 0.6530659427038953, "br": 0.0}, "TF_BE_24": {"avail": 1.0, "util": 0.845621214222962, "br": 0.0}, "TF_BE_26": {"avail": 1.0, "util": 0.6853541335438963, "br": 0.0}, "TF_BE_40": {"avail": 1.0, "util": 0.6681000601100476, "br": 0.0}, "TF_FE_103": {"avail": 1.0, "util": 0.5281030986399275, "br": 0.0}, "TF_FE_104": {"avail": 1.0, "util": 0.6520830443427198, "br": 0.0}, "TF_FE_113": {"avail": 1.0, "util": 0.2969282224380019, "br": 0.0}, "TF_FE_131": {"avail": 1.0, "util": 0.9399516037052449, "br": 0.0}, "TF_FE_3": {"avail": 1.0, "util": 0.30088932044820516, "br": 0.0}, "TF_FE_5": {"avail": 1.0, "util": 0.42007675590696814, "br": 0.0}, "TF_Met_FE_45": {"avail": 1.0, "util": 0.058144911453276, "br": 0.0}, "TF_Met_FE_61": {"avail": 1.0, "util": 0.9903130346326351, "br": 0.0}, "WE_BE_14": {"avail": 1.0, "util": 0.045175012715587, "br": 0.0}, "WE_BE_16": {"avail": 1.0, "util": 0.04053960327368567, "br": 0.0}, "WE_BE_17": {"avail": 1.0, "util": 0.04288620705599482, "br": 0.0}, "WE_BE_7": {"avail": 1.0, "util": 0.022749341101401026, "br": 0.0}, "WE_BE_81": {"avail": 1.0, "util": 0.04035079607281022, "br": 0.0}, "WE_BE_82": {"avail": 1.0, "util": 0.041470795250792475, "br": 0.0}, "WE_BE_9": {"avail": 1.0, "util": 0.04367688537476303, "br": 0.0}, "WE_FE_108": {"avail": 1.0, "util": 0.03849115808304753, "br": 0.0}, "WE_FE_41": {"avail": 1.0, "util": 0.03623248716881676, "br": 0.0}, "WE_FE_47": {"avail": 1.0, "util": 0.03451241503675961, "br": 0.0}, "WE_FE_8": {"avail": 1.0, "util": 0.028274841633143755, "br": 0.0}, "WE_FE_83": {"avail": 1.0, "util": 0.03608914782447866, "br": 0.0}, "WE_FE_84": {"avail": 1.0, "util": 0.03389009924957637, "br": 0.0}, "WE_FE_85": {"avail": 1.0, "util": 0.024922550515559253, "br": 0.0}}, "plugins": {"cost": 429025.1292939815}}