{"lots": {}, "machines": {"DE_BE_11": {"avail": 1.0, "util": 0.8592975053667925, "br": 0.0}, "DE_BE_12": {"avail": 1.0, "util": 0.5698740522191555, "br": 0.0}, "DE_BE_13": {"avail": 1.0, "util": 0.7430003929004595, "br": 0.0}, "DE_BE_48": {"avail": 1.0, "util": 0.7272878686935982, "br": 0.0}, "DE_BE_50": {"avail": 1.0, "util": 0.7526426826560071, "br": 0.0}, "DE_BE_65": {"avail": 1.0, "util": 0.7684472977610886, "br": 0.0}, "DE_BE_66": {"avail": 1.0, "util": 0.8124844874658724, "br": 0.0}, "DE_BE_67": {"avail": 1.0, "util": 0.7962368521995438, "br": 0.0}, "DE_BE_69": {"avail": 1.0, "util": 0.29271226589680954, "br": 0.0}, "DE_FE_1": {"avail": 1.0, "util": 0.9018876304685765, "br": 0.0}, "DE_FE_51": {"avail": 1.0, "util": 0.33128192316233623, "br": 0.0}, "DE_FE_53": {"avail": 1.0, "util": 0.10820564068398845, "br": 0.0}, "DE_FE_54": {"avail": 1.0, "util": 0.968669035457843, "br": 0.0}, "DE_FE_56": {"avail": 1.0, "util": 0.9599988896291362, "br": 0.0}, "DE_FE_58": {"avail": 1.0, "util": 0.8772762602709305, "br": 0.0}, "DE_FE_59": {"avail": 1.0, "util": 0.8564776260270931, "br": 0.0}, "DE_FE_62": {"avail": 1.0, "util": 0.6372157124008831, "br": 0.0}, "DE_FE_70": {"avail": 1.0, "util": 0.8696777905638665, "br": 0.0}, "DE_FE_71": {"avail": 1.0, "util": 0.7395409233350606, "br": 0.0}, "DE_FE_72": {"avail": 1.0, "util": 0.5611713403185755, "br": 0.0}, "DE_FE_86": {"avail": 1.0, "util": 0.7449732193603511, "br": 0.0}, "DefMEt_FE_118": {"avail": 1.0, "util": 0.24911170330890517, "br": 0.0}, "DefMet_BE_33": {"avail": 1.0, "util": 0.9352653786364645, "br": 0.0}, "DefMet_BE_42": {"avail": 1.0, "util": 0.9927825893848545, "br": 0.0}, "DefMet_FE_10": {"avail": 1.0, "util": 0.46902065289806794, "br": 0.0}, "DefMet_FE_106": {"avail": 1.0, "util": 0.10282034199422607, "br": 0.0}, "DefMet_FE_34": {"avail": 1.0, "util": 0.4340717299578059, "br": 0.0}, "DefMet_FE_43": {"avail": 1.0, "util": 0.8662447257383966, "br": 0.0}, "Delay_32": {"avail": 1.0, "util": 0.3044654952254053, "br": 0.0}, "Dielectric_BE_20": {"avail": 1.0, "util": 0.6251832111925383, "br": 0.0}, "Dielectric_BE_21": {"avail": 1.0, "util": 0.9167591975719891, "br": 0.0}, "Dielectric_BE_27": {"avail": 1.0, "util": 0.9084406691835073, "br": 0.0}, "Dielectric_BE_28": {"avail": 1.0, "util": 0.9094492560515212, "br": 0.0}, "Dielectric_BE_60": {"avail": 1.0, "util": 0.8182970612184469, "br": 0.0}, "Dielectric_FE_112": {"avail": 1.0, "util": 0.6387963579835665, "br": 0.0}, "Dielectric_FE_130": {"avail": 1.0, "util": 0.3467271818787475, "br": 0.0}, "Dielectric_FE_29": {"avail": 1.0, "util": 0.36114812347324005, "br": 0.0}, "Dielectric_FE_30": {"avail": 1.0, "util": 0.8893793026870975, "br": 0.0}, "Dielectric_FE_31": {"avail": 1.0, "util": 0.37504163890739506, "br": 0.0}, "Diffusion_BE_123": {"avail": 1.0, "util": 0.0, "br": 0.0}, "Diffusion_FE_100": {"avail": 1.0, "util": 0.0, "br": 0.0}, "Diffusion_FE_101": {"avail": 1.0, "util": 0.0, "br": 0.0}, "Diffusion_FE_120": {"avail": 1.0, "util": 0.0, "br": 0.0}, "Diffusion_FE_122": {"avail": 1.0, "util": 0.0, "br": 0.0}, "Diffusion_FE_125": {"avail": 1.0, "util": 0.0, "br": 0.0}, "Diffusion_FE_126": {"avail": 1.0, "util": 0.0, "br": 0.0}, "Diffusion_FE_127": {"avail": 1.0, "util": 0.0, "br": 0.0}, "Diffusion_FE_44": {"avail": 1.0, "util": 0.0, "br": 0.0}, "Diffusion_FE_94": {"avail": 1.0, "util": 0.0, "br": 0.0}, "EPI_36": {"avail": 1.0, "util": 0.008660892738174551, "br": 0.0}, "EPI_38": {"avail": 1.0, "util": 0.26487896957583834, "br": 0.0}, "Implant_119": {"avail": 1.0, "util": 0.011075949367088608, "br": 0.0}, "Implant_128": {"avail": 1.0, "util": 0.03601639311166293, "br": 0.0}, "Implant_132": {"avail": 1.0, "util": 0.01951080232226135, "br": 0.0}, "Implant_74": {"avail": 1.0, "util": 0.013602043082389518, "br": 0.0}, "Implant_88": {"avail": 1.0, "util": 0.005690650677326227, "br": 0.0}, "Implant_90": {"avail": 1.0, "util": 0.02201310237619365, "br": 0.0}, "Implant_91": {"avail": 1.0, "util": 0.047460423209923545, "br": 0.0}, "LithoMet_BE_18": {"avail": 1.0, "util": 0.9734924191952841, "br": 0.0}, "LithoMet_FE_19": {"avail": 1.0, "util": 0.9518852511024396, "br": 0.0}, "LithoTrack_BE_117": {"avail": 1.0, "util": 0.0670108816344659, "br": 0.0}, "LithoTrack_FE_115": {"avail": 1.0, "util": 0.04454753741408167, "br": 0.0}, "LithoTrack_FE_95": {"avail": 1.0, "util": 0.06461525649566954, "br": 0.0}, "LithoTrack_FE_96": {"avail": 1.0, "util": 0.011964246058183433, "br": 0.0}, "Litho_BE_110": {"avail": 1.0, "util": 0.061019706668983965, "br": 0.0}, "Litho_BE_93": {"avail": 1.0, "util": 0.06447090828336664, "br": 0.0}, "Litho_BE_99": {"avail": 1.0, "util": 0.09880450070323489, "br": 0.0}, "Litho_FE_111": {"avail": 1.0, "util": 0.08659227181878748, "br": 0.0}, "Litho_FE_35": {"avail": 1.0, "util": 0.023650899400399734, "br": 0.0}, "Litho_FE_92": {"avail": 1.0, "util": 0.06957541126428535, "br": 0.0}, "Litho_FE_98": {"avail": 1.0, "util": 0.031020986009327116, "br": 0.0}, "Litho_REG_BE_63": {"avail": 1.0, "util": 0.9688332778147901, "br": 0.0}, "Litho_REG_FE_64": {"avail": 1.0, "util": 0.9619096528240433, "br": 0.0}, "Planar_BE_75": {"avail": 1.0, "util": 0.8995233336505822, "br": 0.0}, "Planar_FE_76": {"avail": 1.0, "util": 0.9283810792804796, "br": 0.0}, "Planar_FE_77": {"avail": 1.0, "util": 0.8640906062624917, "br": 0.0}, "Planar_FE_78": {"avail": 1.0, "util": 0.42393959582500557, "br": 0.0}, "Planar_FE_79": {"avail": 1.0, "util": 0.25899400399733513, "br": 0.0}, "Planar_FE_80": {"avail": 1.0, "util": 0.25977126360204306, "br": 0.0}, "TF_BE_2": {"avail": 1.0, "util": 0.47616866533422164, "br": 0.0}, "TF_BE_23": {"avail": 1.0, "util": 0.42891247105104535, "br": 0.0}, "TF_BE_24": {"avail": 1.0, "util": 0.8666860981567843, "br": 0.0}, "TF_BE_26": {"avail": 1.0, "util": 0.7613001588684466, "br": 0.0}, "TF_BE_40": {"avail": 1.0, "util": 0.6791420099018954, "br": 0.0}, "TF_FE_103": {"avail": 1.0, "util": 0.6274150566289141, "br": 0.0}, "TF_FE_104": {"avail": 1.0, "util": 0.6883633133466578, "br": 0.0}, "TF_FE_113": {"avail": 1.0, "util": 0.0863868532089718, "br": 0.0}, "TF_FE_131": {"avail": 1.0, "util": 0.8564660596639277, "br": 0.0}, "TF_FE_3": {"avail": 1.0, "util": 0.35668813383670145, "br": 0.0}, "TF_FE_5": {"avail": 1.0, "util": 0.2848841513065364, "br": 0.0}, "TF_Met_FE_45": {"avail": 1.0, "util": 0.07078614257161892, "br": 0.0}, "TF_Met_FE_61": {"avail": 1.0, "util": 0.9797079724628026, "br": 0.0}, "WE_BE_14": {"avail": 1.0, "util": 0.037519431490117695, "br": 0.0}, "WE_BE_16": {"avail": 1.0, "util": 0.03351932045303131, "br": 0.0}, "WE_BE_17": {"avail": 1.0, "util": 0.03314457028647568, "br": 0.0}, "WE_BE_7": {"avail": 1.0, "util": 0.024983344437041973, "br": 0.0}, "WE_BE_81": {"avail": 1.0, "util": 0.03995484491820268, "br": 0.0}, "WE_BE_82": {"avail": 1.0, "util": 0.04558689268882473, "br": 0.0}, "WE_BE_9": {"avail": 1.0, "util": 0.044881190317566065, "br": 0.0}, "WE_FE_108": {"avail": 1.0, "util": 0.03757648157933025, "br": 0.0}, "WE_FE_41": {"avail": 1.0, "util": 0.03009105041083722, "br": 0.0}, "WE_FE_47": {"avail": 1.0, "util": 0.035454141683322234, "br": 0.0}, "WE_FE_8": {"avail": 1.0, "util": 0.028703086831001555, "br": 0.0}, "WE_FE_83": {"avail": 1.0, "util": 0.04050077725960471, "br": 0.0}, "WE_FE_84": {"avail": 1.0, "util": 0.033827121788088985, "br": 0.0}, "WE_FE_85": {"avail": 1.0, "util": 0.029785698423273374, "br": 0.0}}, "plugins": {"cost": 428825.1273958333}}