{"lots": {}, "machines": {"DE_BE_11": {"avail": 1.0, "util": 0.8619778004094272, "br": 0.0}, "DE_BE_12": {"avail": 1.0, "util": 0.949290409618157, "br": 0.0}, "DE_BE_13": {"avail": 1.0, "util": 0.8894653628937491, "br": 0.0}, "DE_BE_48": {"avail": 1.0, "util": 0.7997786400249134, "br": 0.0}, "DE_BE_50": {"avail": 1.0, "util": 0.8814507915933709, "br": 0.0}, "DE_BE_65": {"avail": 1.0, "util": 0.7948843120586477, "br": 0.0}, "DE_BE_66": {"avail": 1.0, "util": 0.741241279402234, "br": 0.0}, "DE_BE_67": {"avail": 1.0, "util": 0.8192970347863413, "br": 0.0}, "DE_BE_69": {"avail": 1.0, "util": 0.24670555195506588, "br": 0.0}, "DE_FE_1": {"avail": 1.0, "util": 0.7486066104990279, "br": 0.0}, "DE_FE_51": {"avail": 1.0, "util": 0.4877071567447459, "br": 0.0}, "DE_FE_53": {"avail": 1.0, "util": 0.18564021849828719, "br": 0.0}, "DE_FE_54": {"avail": 1.0, "util": 0.8121470234237571, "br": 0.0}, "DE_FE_56": {"avail": 1.0, "util": 0.8979955559670401, "br": 0.0}, "DE_FE_58": {"avail": 1.0, "util": 0.97750208314045, "br": 0.0}, "DE_FE_59": {"avail": 1.0, "util": 0.7862350708267754, "br": 0.0}, "DE_FE_62": {"avail": 1.0, "util": 0.9018800002178446, "br": 0.0}, "DE_FE_70": {"avail": 1.0, "util": 0.7879405105587866, "br": 0.0}, "DE_FE_71": {"avail": 1.0, "util": 0.843100947443138, "br": 0.0}, "DE_FE_72": {"avail": 1.0, "util": 0.17581705397648367, "br": 0.0}, "DE_FE_86": {"avail": 1.0, "util": 0.7840105043632181, "br": 0.0}, "DefMEt_FE_118": {"avail": 1.0, "util": 0.20838348301083234, "br": 0.0}, "DefMet_BE_33": {"avail": 1.0, "util": 0.9220905471715581, "br": 0.0}, "DefMet_BE_42": {"avail": 1.0, "util": 0.9829182483103416, "br": 0.0}, "DefMet_FE_10": {"avail": 1.0, "util": 0.6011248958429775, "br": 0.0}, "DefMet_FE_106": {"avail": 1.0, "util": 0.08800111100823997, "br": 0.0}, "DefMet_FE_34": {"avail": 1.0, "util": 0.7663873715396723, "br": 0.0}, "DefMet_FE_43": {"avail": 1.0, "util": 0.8847328951023054, "br": 0.0}, "Delay_32": {"avail": 1.0, "util": 0.29641017035459677, "br": 0.0}, "Dielectric_BE_20": {"avail": 1.0, "util": 0.9062401629478751, "br": 0.0}, "Dielectric_BE_21": {"avail": 1.0, "util": 0.9624263185507514, "br": 0.0}, "Dielectric_BE_27": {"avail": 1.0, "util": 0.9077631700768447, "br": 0.0}, "Dielectric_BE_28": {"avail": 1.0, "util": 0.9608832515507824, "br": 0.0}, "Dielectric_BE_60": {"avail": 1.0, "util": 0.9237724902015245, "br": 0.0}, "Dielectric_FE_112": {"avail": 1.0, "util": 0.3864251252456048, "br": 0.0}, "Dielectric_FE_130": {"avail": 1.0, "util": 0.28769326914174614, "br": 0.0}, "Dielectric_FE_29": {"avail": 1.0, "util": 0.9017837854519642, "br": 0.0}, "Dielectric_FE_30": {"avail": 1.0, "util": 0.9318118692713637, "br": 0.0}, "Dielectric_FE_31": {"avail": 1.0, "util": 0.19147532635867048, "br": 0.0}, "Diffusion_BE_123": {"avail": 1.0, "util": 0.0, "br": 0.0}, "Diffusion_FE_100": {"avail": 1.0, "util": 0.0, "br": 0.0}, "Diffusion_FE_101": {"avail": 1.0, "util": 0.0, "br": 0.0}, "Diffusion_FE_120": {"avail": 1.0, "util": 0.0, "br": 0.0}, "Diffusion_FE_122": {"avail": 1.0, "util": 0.0, "br": 0.0}, "Diffusion_FE_125": {"avail": 1.0, "util": 0.0, "br": 0.0}, "Diffusion_FE_126": {"avail": 1.0, "util": 0.0, "br": 0.0}, "Diffusion_FE_127": {"avail": 1.0, "util": 0.0, "br": 0.0}, "Diffusion_FE_44": {"avail": 1.0, "util": 0.6986853069160263, "br": 0.0}, "Diffusion_FE_94": {"avail": 1.0, "util": 0.0, "br": 0.0}, "EPI_36": {"avail": 1.0, "util": 0.009582446069808351, "br": 0.0}, "EPI_38": {"avail": 1.0, "util": 0.224099620405518, "br": 0.0}, "Implant_119": {"avail": 1.0, "util": 0.036686417924266274, "br": 0.0}, "Implant_128": {"avail": 1.0, "util": 0.030868353940291728, "br": 0.0}, "Implant_132": {"avail": 1.0, "util": 0.03603502321213644, "br": 0.0}, "Implant_74": {"avail": 1.0, "util": 0.01134154244977317, "br": 0.0}, "Implant_88": {"avail": 1.0, "util": 0.009536154059809277, "br": 0.0}, "Implant_90": {"avail": 1.0, "util": 0.04900009258402, "br": 0.0}, "Implant_91": {"avail": 1.0, "util": 0.041008107714894125, "br": 0.0}, "LithoMet_BE_18": {"avail": 1.0, "util": 0.9668970044861167, "br": 0.0}, "LithoMet_FE_19": {"avail": 1.0, "util": 0.9749527160183581, "br": 0.0}, "LithoTrack_BE_117": {"avail": 1.0, "util": 0.06815109712063698, "br": 0.0}, "LithoTrack_FE_115": {"avail": 1.0, "util": 0.0381931663960654, "br": 0.0}, "LithoTrack_FE_95": {"avail": 1.0, "util": 0.05916003147856679, "br": 0.0}, "LithoTrack_FE_96": {"avail": 1.0, "util": 0.012568280714748635, "br": 0.0}, "Litho_BE_110": {"avail": 1.0, "util": 0.05516397435020107, "br": 0.0}, "Litho_BE_93": {"avail": 1.0, "util": 0.059531524858809366, "br": 0.0}, "Litho_BE_99": {"avail": 1.0, "util": 0.09753726506804926, "br": 0.0}, "Litho_FE_111": {"avail": 1.0, "util": 0.07636098509397278, "br": 0.0}, "Litho_FE_35": {"avail": 1.0, "util": 0.050296268863994076, "br": 0.0}, "Litho_FE_92": {"avail": 1.0, "util": 0.05985378846687985, "br": 0.0}, "Litho_FE_98": {"avail": 1.0, "util": 0.02227802981205444, "br": 0.0}, "Litho_REG_BE_63": {"avail": 1.0, "util": 0.9610857790945283, "br": 0.0}, "Litho_REG_FE_64": {"avail": 1.0, "util": 0.9583564793383329, "br": 0.0}, "Planar_BE_75": {"avail": 1.0, "util": 0.7943609718676842, "br": 0.0}, "Planar_FE_76": {"avail": 1.0, "util": 0.9304925469863902, "br": 0.0}, "Planar_FE_77": {"avail": 1.0, "util": 0.959448199240811, "br": 0.0}, "Planar_FE_78": {"avail": 1.0, "util": 0.13922322007221555, "br": 0.0}, "Planar_FE_79": {"avail": 1.0, "util": 0.21278122396074436, "br": 0.0}, "Planar_FE_80": {"avail": 1.0, "util": 0.21541986853069162, "br": 0.0}, "TF_BE_2": {"avail": 1.0, "util": 0.40300666604943985, "br": 0.0}, "TF_BE_23": {"avail": 1.0, "util": 0.6713597947280014, "br": 0.0}, "TF_BE_24": {"avail": 1.0, "util": 0.8428733450606425, "br": 0.0}, "TF_BE_26": {"avail": 1.0, "util": 0.6334919131419456, "br": 0.0}, "TF_BE_40": {"avail": 1.0, "util": 0.6896529188473834, "br": 0.0}, "TF_FE_103": {"avail": 1.0, "util": 0.5251101088523549, "br": 0.0}, "TF_FE_104": {"avail": 1.0, "util": 0.6496805851310063, "br": 0.0}, "TF_FE_113": {"avail": 1.0, "util": 0.07252414899854952, "br": 0.0}, "TF_FE_131": {"avail": 1.0, "util": 0.9405379131561893, "br": 0.0}, "TF_FE_3": {"avail": 1.0, "util": 0.3014227077739715, "br": 0.0}, "TF_FE_5": {"avail": 1.0, "util": 0.4212418603215751, "br": 0.0}, "TF_Met_FE_45": {"avail": 1.0, "util": 0.05818905656883622, "br": 0.0}, "TF_Met_FE_61": {"avail": 1.0, "util": 0.9932182205351356, "br": 0.0}, "WE_BE_14": {"avail": 1.0, "util": 0.04427367836311453, "br": 0.0}, "WE_BE_16": {"avail": 1.0, "util": 0.04010045366169799, "br": 0.0}, "WE_BE_17": {"avail": 1.0, "util": 0.04654661605406907, "br": 0.0}, "WE_BE_7": {"avail": 1.0, "util": 0.022821960929543562, "br": 0.0}, "WE_BE_81": {"avail": 1.0, "util": 0.0394099311792118, "br": 0.0}, "WE_BE_82": {"avail": 1.0, "util": 0.04218230822248969, "br": 0.0}, "WE_BE_9": {"avail": 1.0, "util": 0.04556059624108879, "br": 0.0}, "WE_FE_108": {"avail": 1.0, "util": 0.04191502063985136, "br": 0.0}, "WE_FE_41": {"avail": 1.0, "util": 0.02958059438940839, "br": 0.0}, "WE_FE_47": {"avail": 1.0, "util": 0.03441348023331173, "br": 0.0}, "WE_FE_8": {"avail": 1.0, "util": 0.028816776224423666, "br": 0.0}, "WE_FE_83": {"avail": 1.0, "util": 0.03390889732432182, "br": 0.0}, "WE_FE_84": {"avail": 1.0, "util": 0.034174395616963574, "br": 0.0}, "WE_FE_85": {"avail": 1.0, "util": 0.02488195537450236, "br": 0.0}}, "plugins": {"cost": 428450.3719791667}}