{"lots": {}, "machines": {"DE_BE_11": {"avail": 1.0, "util": 0.0, "br": 0.0}, "DE_BE_12": {"avail": 1.0, "util": 0.0, "br": 0.0}, "DE_BE_13": {"avail": 1.0, "util": 0.0, "br": 0.0}, "DE_BE_48": {"avail": 1.0, "util": 0.0, "br": 0.0}, "DE_BE_50": {"avail": 1.0, "util": 0.0, "br": 0.0}, "DE_BE_65": {"avail": 1.0, "util": 0.0, "br": 0.0}, "DE_BE_66": {"avail": 1.0, "util": 0.0, "br": 0.0}, "DE_BE_67": {"avail": 1.0, "util": 0.0, "br": 0.0}, "DE_BE_69": {"avail": 1.0, "util": 0.0, "br": 0.0}, "DE_FE_1": {"avail": 1.0, "util": 0.0, "br": 0.0}, "DE_FE_51": {"avail": 1.0, "util": 0.0, "br": 0.0}, "DE_FE_53": {"avail": 1.0, "util": 0.0, "br": 0.0}, "DE_FE_54": {"avail": 1.0, "util": 0.0, "br": 0.0}, "DE_FE_56": {"avail": 1.0, "util": 0.0, "br": 0.0}, "DE_FE_58": {"avail": 1.0, "util": 0.0, "br": 0.0}, "DE_FE_59": {"avail": 1.0, "util": 0.0, "br": 0.0}, "DE_FE_62": {"avail": 1.0, "util": 0.0, "br": 0.0}, "DE_FE_70": {"avail": 1.0, "util": 0.0, "br": 0.0}, "DE_FE_71": {"avail": 1.0, "util": 0.0, "br": 0.0}, "DE_FE_72": {"avail": 1.0, "util": 0.0, "br": 0.0}, "DE_FE_86": {"avail": 1.0, "util": 0.0, "br": 0.0}, "DefMEt_FE_118": {"avail": 1.0, "util": 0.9943102969747433, "br": 0.0}, "DefMet_BE_33": {"avail": 1.0, "util": 0.5505134610047183, "br": 0.0}, "DefMet_BE_42": {"avail": 1.0, "util": 0.7615875659172912, "br": 0.0}, "DefMet_FE_10": {"avail": 1.0, "util": 0.7367471551484873, "br": 0.0}, "DefMet_FE_106": {"avail": 1.0, "util": 0.7868442964196503, "br": 0.0}, "DefMet_FE_34": {"avail": 1.0, "util": 0.6515403830141548, "br": 0.0}, "DefMet_FE_43": {"avail": 1.0, "util": 0.682440558793598, "br": 0.0}, "Delay_32": {"avail": 1.0, "util": 0.0, "br": 0.0}, "Dielectric_BE_20": {"avail": 1.0, "util": 0.7442686650013877, "br": 0.0}, "Dielectric_BE_21": {"avail": 1.0, "util": 0.6790174854288094, "br": 0.0}, "Dielectric_BE_27": {"avail": 1.0, "util": 0.8044777500231288, "br": 0.0}, "Dielectric_BE_28": {"avail": 1.0, "util": 0.7128087704690536, "br": 0.0}, "Dielectric_BE_60": {"avail": 1.0, "util": 0.8612961421038023, "br": 0.0}, "Dielectric_FE_112": {"avail": 1.0, "util": 0.6440466278101582, "br": 0.0}, "Dielectric_FE_130": {"avail": 1.0, "util": 0.8722592284207604, "br": 0.0}, "Dielectric_FE_29": {"avail": 1.0, "util": 0.7724118789897307, "br": 0.0}, "Dielectric_FE_30": {"avail": 1.0, "util": 0.5616153205661948, "br": 0.0}, "Dielectric_FE_31": {"avail": 1.0, "util": 0.6842214820982515, "br": 0.0}, "Diffusion_BE_123": {"avail": 1.0, "util": 0.0, "br": 0.0}, "Diffusion_FE_100": {"avail": 1.0, "util": 0.0, "br": 0.0}, "Diffusion_FE_101": {"avail": 1.0, "util": 0.0, "br": 0.0}, "Diffusion_FE_120": {"avail": 1.0, "util": 0.0, "br": 0.0}, "Diffusion_FE_122": {"avail": 1.0, "util": 0.0, "br": 0.0}, "Diffusion_FE_125": {"avail": 1.0, "util": 0.0, "br": 0.0}, "Diffusion_FE_126": {"avail": 1.0, "util": 0.0, "br": 0.0}, "Diffusion_FE_127": {"avail": 1.0, "util": 0.0, "br": 0.0}, "Diffusion_FE_44": {"avail": 1.0, "util": 0.0, "br": 0.0}, "Diffusion_FE_94": {"avail": 1.0, "util": 0.0, "br": 0.0}, "EPI_36": {"avail": 1.0, "util": 0.014432417429919511, "br": 0.0}, "EPI_38": {"avail": 1.0, "util": 0.035525950596724955, "br": 0.0}, "Implant_119": {"avail": 1.0, "util": 0.05578684429641965, "br": 0.0}, "Implant_128": {"avail": 1.0, "util": 0.11384956980294199, "br": 0.0}, "Implant_132": {"avail": 1.0, "util": 0.05269913960588399, "br": 0.0}, "Implant_74": {"avail": 1.0, "util": 0.0, "br": 0.0}, "Implant_88": {"avail": 1.0, "util": 0.0072162087149597555, "br": 0.0}, "Implant_90": {"avail": 1.0, "util": 0.07646405772966972, "br": 0.0}, "Implant_91": {"avail": 1.0, "util": 0.07095938569710426, "br": 0.0}, "LithoMet_BE_18": {"avail": 1.0, "util": 0.8229039902645232, "br": 0.0}, "LithoMet_FE_19": {"avail": 1.0, "util": 0.798424152712246, "br": 0.0}, "LithoTrack_BE_117": {"avail": 1.0, "util": 0.2631695809048016, "br": 0.0}, "LithoTrack_FE_115": {"avail": 1.0, "util": 0.1311978579941552, "br": 0.0}, "LithoTrack_FE_95": {"avail": 1.0, "util": 0.14984111879556153, "br": 0.0}, "LithoTrack_FE_96": {"avail": 1.0, "util": 0.0, "br": 0.0}, "Litho_BE_110": {"avail": 1.0, "util": 0.20862574838428294, "br": 0.0}, "Litho_BE_93": {"avail": 1.0, "util": 0.2058469793690443, "br": 0.0}, "Litho_BE_99": {"avail": 1.0, "util": 0.6123600703117773, "br": 0.0}, "Litho_FE_111": {"avail": 1.0, "util": 0.31191179067948427, "br": 0.0}, "Litho_FE_35": {"avail": 1.0, "util": 0.1498751040799334, "br": 0.0}, "Litho_FE_92": {"avail": 1.0, "util": 0.3336277008217058, "br": 0.0}, "Litho_FE_98": {"avail": 1.0, "util": 0.375631418262559, "br": 0.0}, "Litho_REG_BE_63": {"avail": 1.0, "util": 0.7991257285595337, "br": 0.0}, "Litho_REG_FE_64": {"avail": 1.0, "util": 0.8304785694460965, "br": 0.0}, "Planar_BE_75": {"avail": 1.0, "util": 0.2184707188454066, "br": 0.0}, "Planar_FE_76": {"avail": 1.0, "util": 0.9234896845221575, "br": 0.0}, "Planar_FE_77": {"avail": 1.0, "util": 0.7105190119344991, "br": 0.0}, "Planar_FE_78": {"avail": 1.0, "util": 0.0, "br": 0.0}, "Planar_FE_79": {"avail": 1.0, "util": 0.0, "br": 0.0}, "Planar_FE_80": {"avail": 1.0, "util": 0.6394671107410491, "br": 0.0}, "TF_BE_2": {"avail": 1.0, "util": 0.0, "br": 0.0}, "TF_BE_23": {"avail": 1.0, "util": 0.052047270549395966, "br": 0.0}, "TF_BE_24": {"avail": 1.0, "util": 0.0, "br": 0.0}, "TF_BE_26": {"avail": 1.0, "util": 0.13157553890276621, "br": 0.0}, "TF_BE_40": {"avail": 1.0, "util": 0.0, "br": 0.0}, "TF_FE_103": {"avail": 1.0, "util": 0.0, "br": 0.0}, "TF_FE_104": {"avail": 1.0, "util": 0.0, "br": 0.0}, "TF_FE_113": {"avail": 1.0, "util": 0.0, "br": 0.0}, "TF_FE_131": {"avail": 1.0, "util": 0.0, "br": 0.0}, "TF_FE_3": {"avail": 1.0, "util": 0.0, "br": 0.0}, "TF_FE_5": {"avail": 1.0, "util": 0.0, "br": 0.0}, "TF_Met_FE_45": {"avail": 1.0, "util": 0.28365251179572576, "br": 0.0}, "TF_Met_FE_61": {"avail": 1.0, "util": 0.9621149042464613, "br": 0.0}, "WE_BE_14": {"avail": 1.0, "util": 0.0215376075492645, "br": 0.0}, "WE_BE_16": {"avail": 1.0, "util": 0.025318407499922906, "br": 0.0}, "WE_BE_17": {"avail": 1.0, "util": 0.04218706633361088, "br": 0.0}, "WE_BE_7": {"avail": 1.0, "util": 0.011379406050513461, "br": 0.0}, "WE_BE_81": {"avail": 1.0, "util": 0.022203719122953096, "br": 0.0}, "WE_BE_82": {"avail": 1.0, "util": 0.15228975853455454, "br": 0.0}, "WE_BE_9": {"avail": 1.0, "util": 0.08203481225962492, "br": 0.0}, "WE_FE_108": {"avail": 1.0, "util": 0.041219618571825066, "br": 0.0}, "WE_FE_41": {"avail": 1.0, "util": 0.03735775742436858, "br": 0.0}, "WE_FE_47": {"avail": 1.0, "util": 0.038578961976131004, "br": 0.0}, "WE_FE_8": {"avail": 1.0, "util": 0.0864557313349986, "br": 0.0}, "WE_FE_83": {"avail": 1.0, "util": 0.06371674398318862, "br": 0.0}, "WE_FE_84": {"avail": 1.0, "util": 0.055663490301292126, "br": 0.0}, "WE_FE_85": {"avail": 1.0, "util": 0.038301415487094086, "br": 0.0}}, "plugins": {"cost": 448800}}