{"lots": {}, "machines": {"DE_BE_11": {"avail": 1.0, "util": 0.6976891456504832, "br": 0.0}, "DE_BE_12": {"avail": 1.0, "util": 0.5699798787789011, "br": 0.0}, "DE_BE_13": {"avail": 1.0, "util": 0.8293231968934669, "br": 0.0}, "DE_BE_48": {"avail": 1.0, "util": 0.8625874902788578, "br": 0.0}, "DE_BE_50": {"avail": 1.0, "util": 0.8482020516238937, "br": 0.0}, "DE_BE_65": {"avail": 1.0, "util": 0.786755719952685, "br": 0.0}, "DE_BE_66": {"avail": 1.0, "util": 0.7124880861190862, "br": 0.0}, "DE_BE_67": {"avail": 1.0, "util": 0.8384568381290968, "br": 0.0}, "DE_BE_69": {"avail": 1.0, "util": 0.8783190756582602, "br": 0.0}, "DE_FE_1": {"avail": 1.0, "util": 0.6489120256479439, "br": 0.0}, "DE_FE_51": {"avail": 1.0, "util": 0.5390219800139167, "br": 0.0}, "DE_FE_53": {"avail": 1.0, "util": 0.5462504166203755, "br": 0.0}, "DE_FE_54": {"avail": 1.0, "util": 0.9761804243972892, "br": 0.0}, "DE_FE_56": {"avail": 1.0, "util": 0.8396567048105766, "br": 0.0}, "DE_FE_58": {"avail": 1.0, "util": 0.6832574158426842, "br": 0.0}, "DE_FE_59": {"avail": 1.0, "util": 0.7356627041439839, "br": 0.0}, "DE_FE_62": {"avail": 1.0, "util": 0.8541868363832591, "br": 0.0}, "DE_FE_70": {"avail": 1.0, "util": 0.8727021783904353, "br": 0.0}, "DE_FE_71": {"avail": 1.0, "util": 0.6433193930833082, "br": 0.0}, "DE_FE_72": {"avail": 1.0, "util": 0.7901467738152551, "br": 0.0}, "DE_FE_86": {"avail": 1.0, "util": 0.764787451600028, "br": 0.0}, "DefMEt_FE_118": {"avail": 1.0, "util": 0.29677258082435287, "br": 0.0}, "DefMet_BE_33": {"avail": 1.0, "util": 0.9549216753694034, "br": 0.0}, "DefMet_BE_42": {"avail": 1.0, "util": 0.99427841350961, "br": 0.0}, "DefMet_FE_10": {"avail": 1.0, "util": 0.5486890345517165, "br": 0.0}, "DefMet_FE_106": {"avail": 1.0, "util": 0.36312631929785577, "br": 0.0}, "DefMet_FE_34": {"avail": 1.0, "util": 0.581657593600711, "br": 0.0}, "DefMet_FE_43": {"avail": 1.0, "util": 0.9640225160167388, "br": 0.0}, "Delay_32": {"avail": 1.0, "util": 0.4303941228752361, "br": 0.0}, "Dielectric_BE_20": {"avail": 1.0, "util": 0.9807021442061993, "br": 0.0}, "Dielectric_BE_21": {"avail": 1.0, "util": 0.9072186423730697, "br": 0.0}, "Dielectric_BE_27": {"avail": 1.0, "util": 0.8403955116098211, "br": 0.0}, "Dielectric_BE_28": {"avail": 1.0, "util": 0.8113126319297855, "br": 0.0}, "Dielectric_BE_60": {"avail": 1.0, "util": 0.8691395400511054, "br": 0.0}, "Dielectric_FE_112": {"avail": 1.0, "util": 0.9115709365626041, "br": 0.0}, "Dielectric_FE_130": {"avail": 1.0, "util": 0.8742223086323742, "br": 0.0}, "Dielectric_FE_29": {"avail": 1.0, "util": 0.9280265155723437, "br": 0.0}, "Dielectric_FE_30": {"avail": 1.0, "util": 0.9457560271080991, "br": 0.0}, "Dielectric_FE_31": {"avail": 1.0, "util": 0.9330074436173759, "br": 0.0}, "Diffusion_BE_123": {"avail": 1.0, "util": 0.0, "br": 0.0}, "Diffusion_FE_100": {"avail": 1.0, "util": 0.0, "br": 0.0}, "Diffusion_FE_101": {"avail": 1.0, "util": 0.0, "br": 0.0}, "Diffusion_FE_120": {"avail": 1.0, "util": 0.0, "br": 0.0}, "Diffusion_FE_122": {"avail": 1.0, "util": 0.0, "br": 0.0}, "Diffusion_FE_125": {"avail": 1.0, "util": 0.0, "br": 0.0}, "Diffusion_FE_126": {"avail": 1.0, "util": 0.0, "br": 0.0}, "Diffusion_FE_127": {"avail": 1.0, "util": 0.0, "br": 0.0}, "Diffusion_FE_44": {"avail": 1.0, "util": 0.0, "br": 0.0}, "Diffusion_FE_94": {"avail": 1.0, "util": 0.0, "br": 0.0}, "EPI_36": {"avail": 1.0, "util": 0.014442839684479502, "br": 0.0}, "EPI_38": {"avail": 1.0, "util": 0.03544050661037663, "br": 0.0}, "Implant_119": {"avail": 1.0, "util": 0.02027552494167315, "br": 0.0}, "Implant_128": {"avail": 1.0, "util": 0.04473391845350516, "br": 0.0}, "Implant_132": {"avail": 1.0, "util": 0.039134540606599266, "br": 0.0}, "Implant_74": {"avail": 1.0, "util": 0.006749250083324075, "br": 0.0}, "Implant_88": {"avail": 1.0, "util": 0.021414287301410956, "br": 0.0}, "Implant_90": {"avail": 1.0, "util": 0.03838462393067437, "br": 0.0}, "Implant_91": {"avail": 1.0, "util": 0.03908824945376439, "br": 0.0}, "LithoMet_BE_18": {"avail": 1.0, "util": 0.9641706477058105, "br": 0.0}, "LithoMet_FE_19": {"avail": 1.0, "util": 0.964374328778284, "br": 0.0}, "LithoTrack_BE_117": {"avail": 1.0, "util": 0.08552383068547939, "br": 0.0}, "LithoTrack_FE_115": {"avail": 1.0, "util": 0.048787607477164846, "br": 0.0}, "LithoTrack_FE_95": {"avail": 1.0, "util": 0.05176295604343282, "br": 0.0}, "LithoTrack_FE_96": {"avail": 1.0, "util": 0.003027441395400511, "br": 0.0}, "Litho_BE_110": {"avail": 1.0, "util": 0.061641960417096506, "br": 0.0}, "Litho_BE_93": {"avail": 1.0, "util": 0.05666037106988112, "br": 0.0}, "Litho_BE_99": {"avail": 1.0, "util": 0.15918601636855165, "br": 0.0}, "Litho_FE_111": {"avail": 1.0, "util": 0.09278262011291674, "br": 0.0}, "Litho_FE_35": {"avail": 1.0, "util": 0.03049661148761249, "br": 0.0}, "Litho_FE_92": {"avail": 1.0, "util": 0.08779159217999347, "br": 0.0}, "Litho_FE_98": {"avail": 1.0, "util": 0.09027885790467725, "br": 0.0}, "Litho_REG_BE_63": {"avail": 1.0, "util": 0.963281857571381, "br": 0.0}, "Litho_REG_FE_64": {"avail": 1.0, "util": 0.9475256717507577, "br": 0.0}, "Planar_BE_75": {"avail": 1.0, "util": 0.7647205866014887, "br": 0.0}, "Planar_FE_76": {"avail": 1.0, "util": 0.9322112357886162, "br": 0.0}, "Planar_FE_77": {"avail": 1.0, "util": 0.9292578602377514, "br": 0.0}, "Planar_FE_78": {"avail": 1.0, "util": 0.8438506832574159, "br": 0.0}, "Planar_FE_79": {"avail": 1.0, "util": 0.8834129541162093, "br": 0.0}, "Planar_FE_80": {"avail": 1.0, "util": 0.5845739362293079, "br": 0.0}, "TF_BE_2": {"avail": 1.0, "util": 0.26606765914898345, "br": 0.0}, "TF_BE_23": {"avail": 1.0, "util": 0.4156965015583064, "br": 0.0}, "TF_BE_24": {"avail": 1.0, "util": 0.2286412620819909, "br": 0.0}, "TF_BE_26": {"avail": 1.0, "util": 0.5801651668333148, "br": 0.0}, "TF_BE_40": {"avail": 1.0, "util": 0.5997227159945192, "br": 0.0}, "TF_FE_103": {"avail": 1.0, "util": 0.7377374736140428, "br": 0.0}, "TF_FE_104": {"avail": 1.0, "util": 0.8887123652927452, "br": 0.0}, "TF_FE_113": {"avail": 1.0, "util": 0.39367848016887014, "br": 0.0}, "TF_FE_131": {"avail": 1.0, "util": 0.36828315372366033, "br": 0.0}, "TF_FE_3": {"avail": 1.0, "util": 0.7971058771247639, "br": 0.0}, "TF_FE_5": {"avail": 1.0, "util": 0.1618431285412732, "br": 0.0}, "TF_Met_FE_45": {"avail": 1.0, "util": 0.08518497944672813, "br": 0.0}, "TF_Met_FE_61": {"avail": 1.0, "util": 0.9791689812243084, "br": 0.0}, "WE_BE_14": {"avail": 1.0, "util": 0.03776247083657371, "br": 0.0}, "WE_BE_16": {"avail": 1.0, "util": 0.043180387364366926, "br": 0.0}, "WE_BE_17": {"avail": 1.0, "util": 0.04171758693478502, "br": 0.0}, "WE_BE_7": {"avail": 1.0, "util": 0.018220197755804912, "br": 0.0}, "WE_BE_81": {"avail": 1.0, "util": 0.027478428322778952, "br": 0.0}, "WE_BE_82": {"avail": 1.0, "util": 0.05489945561604266, "br": 0.0}, "WE_BE_9": {"avail": 1.0, "util": 0.05055787452187852, "br": 0.0}, "WE_FE_108": {"avail": 1.0, "util": 0.04182075007538845, "br": 0.0}, "WE_FE_41": {"avail": 1.0, "util": 0.037640262193089656, "br": 0.0}, "WE_FE_47": {"avail": 1.0, "util": 0.04431914972410473, "br": 0.0}, "WE_FE_8": {"avail": 1.0, "util": 0.054827241417620264, "br": 0.0}, "WE_FE_83": {"avail": 1.0, "util": 0.04356658783944641, "br": 0.0}, "WE_FE_84": {"avail": 1.0, "util": 0.03847412015948845, "br": 0.0}, "WE_FE_85": {"avail": 1.0, "util": 0.02671925341628708, "br": 0.0}}, "plugins": {"cost": 447600.0}}