{"lots": {}, "machines": {"DE_BE_11": {"avail": 1.0, "util": 0.0, "br": 0.0}, "DE_BE_12": {"avail": 1.0, "util": 0.0, "br": 0.0}, "DE_BE_13": {"avail": 1.0, "util": 0.0, "br": 0.0}, "DE_BE_48": {"avail": 1.0, "util": 0.0, "br": 0.0}, "DE_BE_50": {"avail": 1.0, "util": 0.0, "br": 0.0}, "DE_BE_65": {"avail": 1.0, "util": 0.0, "br": 0.0}, "DE_BE_66": {"avail": 1.0, "util": 0.0, "br": 0.0}, "DE_BE_67": {"avail": 1.0, "util": 0.0, "br": 0.0}, "DE_BE_69": {"avail": 1.0, "util": 0.0, "br": 0.0}, "DE_FE_1": {"avail": 1.0, "util": 0.0, "br": 0.0}, "DE_FE_51": {"avail": 1.0, "util": 0.0, "br": 0.0}, "DE_FE_53": {"avail": 1.0, "util": 0.0, "br": 0.0}, "DE_FE_54": {"avail": 1.0, "util": 0.0, "br": 0.0}, "DE_FE_56": {"avail": 1.0, "util": 0.0, "br": 0.0}, "DE_FE_58": {"avail": 1.0, "util": 0.0, "br": 0.0}, "DE_FE_59": {"avail": 1.0, "util": 0.0, "br": 0.0}, "DE_FE_62": {"avail": 1.0, "util": 0.0, "br": 0.0}, "DE_FE_70": {"avail": 1.0, "util": 0.0, "br": 0.0}, "DE_FE_71": {"avail": 1.0, "util": 0.0, "br": 0.0}, "DE_FE_72": {"avail": 1.0, "util": 0.0, "br": 0.0}, "DE_FE_86": {"avail": 1.0, "util": 0.0, "br": 0.0}, "DefMEt_FE_118": {"avail": 1.0, "util": 0.5015273535129131, "br": 0.0}, "DefMet_BE_33": {"avail": 1.0, "util": 0.6412107747847821, "br": 0.0}, "DefMet_BE_42": {"avail": 1.0, "util": 0.9097472924187726, "br": 0.0}, "DefMet_FE_10": {"avail": 1.0, "util": 0.6702304915301305, "br": 0.0}, "DefMet_FE_106": {"avail": 1.0, "util": 0.25965009719522353, "br": 0.0}, "DefMet_FE_34": {"avail": 1.0, "util": 0.5077756178839211, "br": 0.0}, "DefMet_FE_43": {"avail": 1.0, "util": 0.878644820883088, "br": 0.0}, "Delay_32": {"avail": 1.0, "util": 0.0, "br": 0.0}, "Dielectric_BE_20": {"avail": 1.0, "util": 0.6749236323243544, "br": 0.0}, "Dielectric_BE_21": {"avail": 1.0, "util": 0.6187633064889382, "br": 0.0}, "Dielectric_BE_27": {"avail": 1.0, "util": 0.7776774969915764, "br": 0.0}, "Dielectric_BE_28": {"avail": 1.0, "util": 0.7586781449597334, "br": 0.0}, "Dielectric_BE_60": {"avail": 1.0, "util": 0.7344256225122651, "br": 0.0}, "Dielectric_FE_112": {"avail": 1.0, "util": 0.6471967663303404, "br": 0.0}, "Dielectric_FE_130": {"avail": 1.0, "util": 0.8794084976395445, "br": 0.0}, "Dielectric_FE_29": {"avail": 1.0, "util": 0.7757104508007036, "br": 0.0}, "Dielectric_FE_30": {"avail": 1.0, "util": 0.5523465703971119, "br": 0.0}, "Dielectric_FE_31": {"avail": 1.0, "util": 0.8562899194668148, "br": 0.0}, "Diffusion_BE_123": {"avail": 1.0, "util": 0.0, "br": 0.0}, "Diffusion_FE_100": {"avail": 1.0, "util": 0.0, "br": 0.0}, "Diffusion_FE_101": {"avail": 1.0, "util": 0.0, "br": 0.0}, "Diffusion_FE_120": {"avail": 1.0, "util": 0.0, "br": 0.0}, "Diffusion_FE_122": {"avail": 1.0, "util": 0.0, "br": 0.0}, "Diffusion_FE_125": {"avail": 1.0, "util": 0.0, "br": 0.0}, "Diffusion_FE_126": {"avail": 1.0, "util": 0.0, "br": 0.0}, "Diffusion_FE_127": {"avail": 1.0, "util": 0.0, "br": 0.0}, "Diffusion_FE_44": {"avail": 1.0, "util": 0.0, "br": 0.0}, "Diffusion_FE_94": {"avail": 1.0, "util": 0.0, "br": 0.0}, "EPI_36": {"avail": 1.0, "util": 0.014301582893640655, "br": 0.0}, "EPI_38": {"avail": 1.0, "util": 0.9886142738128297, "br": 0.0}, "Implant_119": {"avail": 1.0, "util": 0.05623437933907248, "br": 0.0}, "Implant_128": {"avail": 1.0, "util": 0.06515866804675469, "br": 0.0}, "Implant_132": {"avail": 1.0, "util": 0.04772483833855675, "br": 0.0}, "Implant_74": {"avail": 1.0, "util": 0.06803665648430991, "br": 0.0}, "Implant_88": {"avail": 1.0, "util": 0.0, "br": 0.0}, "Implant_90": {"avail": 1.0, "util": 0.038461538461538464, "br": 0.0}, "Implant_91": {"avail": 1.0, "util": 0.07045661919308129, "br": 0.0}, "LithoMet_BE_18": {"avail": 1.0, "util": 0.7579460250940395, "br": 0.0}, "LithoMet_FE_19": {"avail": 1.0, "util": 0.7926171301622565, "br": 0.0}, "LithoTrack_BE_117": {"avail": 1.0, "util": 0.19766731463482365, "br": 0.0}, "LithoTrack_FE_115": {"avail": 1.0, "util": 0.11647171178737614, "br": 0.0}, "LithoTrack_FE_95": {"avail": 1.0, "util": 0.20658150513746182, "br": 0.0}, "LithoTrack_FE_96": {"avail": 1.0, "util": 0.060399888919744515, "br": 0.0}, "Litho_BE_110": {"avail": 1.0, "util": 0.1912029267232532, "br": 0.0}, "Litho_BE_93": {"avail": 1.0, "util": 0.25354068314357125, "br": 0.0}, "Litho_BE_99": {"avail": 1.0, "util": 0.37813570304545036, "br": 0.0}, "Litho_FE_111": {"avail": 1.0, "util": 0.32339627881144123, "br": 0.0}, "Litho_FE_35": {"avail": 1.0, "util": 0.1017772840877534, "br": 0.0}, "Litho_FE_92": {"avail": 1.0, "util": 0.21173605622369854, "br": 0.0}, "Litho_FE_98": {"avail": 1.0, "util": 0.03193557345181894, "br": 0.0}, "Litho_REG_BE_63": {"avail": 1.0, "util": 0.8269925020827548, "br": 0.0}, "Litho_REG_FE_64": {"avail": 1.0, "util": 0.8243312042951032, "br": 0.0}, "Planar_BE_75": {"avail": 1.0, "util": 0.2506843337168247, "br": 0.0}, "Planar_FE_76": {"avail": 1.0, "util": 0.9104415440155512, "br": 0.0}, "Planar_FE_77": {"avail": 1.0, "util": 0.708692029991669, "br": 0.0}, "Planar_FE_78": {"avail": 1.0, "util": 0.8492085531796724, "br": 0.0}, "Planar_FE_79": {"avail": 1.0, "util": 0.0, "br": 0.0}, "Planar_FE_80": {"avail": 1.0, "util": 0.639128019994446, "br": 0.0}, "TF_BE_2": {"avail": 1.0, "util": 0.0, "br": 0.0}, "TF_BE_23": {"avail": 1.0, "util": 0.07073431983179276, "br": 0.0}, "TF_BE_24": {"avail": 1.0, "util": 0.0, "br": 0.0}, "TF_BE_26": {"avail": 1.0, "util": 0.15309849828039218, "br": 0.0}, "TF_BE_40": {"avail": 1.0, "util": 0.0, "br": 0.0}, "TF_FE_103": {"avail": 1.0, "util": 0.0, "br": 0.0}, "TF_FE_104": {"avail": 1.0, "util": 0.0, "br": 0.0}, "TF_FE_113": {"avail": 1.0, "util": 0.0, "br": 0.0}, "TF_FE_131": {"avail": 1.0, "util": 0.0, "br": 0.0}, "TF_FE_3": {"avail": 1.0, "util": 0.0, "br": 0.0}, "TF_FE_5": {"avail": 1.0, "util": 0.0, "br": 0.0}, "TF_Met_FE_45": {"avail": 1.0, "util": 0.14287697861705081, "br": 0.0}, "TF_Met_FE_61": {"avail": 1.0, "util": 0.9433490697028604, "br": 0.0}, "WE_BE_14": {"avail": 1.0, "util": 0.029825048597611776, "br": 0.0}, "WE_BE_16": {"avail": 1.0, "util": 0.02360455429047487, "br": 0.0}, "WE_BE_17": {"avail": 1.0, "util": 0.026659261316301027, "br": 0.0}, "WE_BE_7": {"avail": 1.0, "util": 0.0116634268258817, "br": 0.0}, "WE_BE_81": {"avail": 1.0, "util": 0.028788299546422293, "br": 0.0}, "WE_BE_82": {"avail": 1.0, "util": 0.06232836557746305, "br": 0.0}, "WE_BE_9": {"avail": 1.0, "util": 0.07142460427658984, "br": 0.0}, "WE_FE_108": {"avail": 1.0, "util": 0.03261546122245736, "br": 0.0}, "WE_FE_41": {"avail": 1.0, "util": 0.03665648430991391, "br": 0.0}, "WE_FE_47": {"avail": 1.0, "util": 0.03487920022216051, "br": 0.0}, "WE_FE_8": {"avail": 1.0, "util": 0.0197167453485143, "br": 0.0}, "WE_FE_83": {"avail": 1.0, "util": 0.06484309913912802, "br": 0.0}, "WE_FE_84": {"avail": 1.0, "util": 0.03881274809285002, "br": 0.0}, "WE_FE_85": {"avail": 1.0, "util": 0.0860871980005554, "br": 0.0}}, "plugins": {"cost": 429200}}