{"lots": {}, "machines": {"DE_BE_11": {"avail": 1.0, "util": 0.8908952116585704, "br": 0.0}, "DE_BE_12": {"avail": 1.0, "util": 0.0, "br": 0.0}, "DE_BE_13": {"avail": 1.0, "util": 0.7731800006609166, "br": 0.0}, "DE_BE_48": {"avail": 1.0, "util": 0.6842609299097849, "br": 0.0}, "DE_BE_50": {"avail": 1.0, "util": 0.6002158994525407, "br": 0.0}, "DE_BE_65": {"avail": 1.0, "util": 0.46671837367840957, "br": 0.0}, "DE_BE_66": {"avail": 1.0, "util": 0.7635560100807188, "br": 0.0}, "DE_BE_67": {"avail": 1.0, "util": 0.4223872310895212, "br": 0.0}, "DE_BE_69": {"avail": 1.0, "util": 0.5526717557251909, "br": 0.0}, "DE_FE_1": {"avail": 1.0, "util": 0.0, "br": 0.0}, "DE_FE_51": {"avail": 1.0, "util": 0.1570838964169619, "br": 0.0}, "DE_FE_53": {"avail": 1.0, "util": 0.0, "br": 0.0}, "DE_FE_54": {"avail": 1.0, "util": 0.8190145732130465, "br": 0.0}, "DE_FE_56": {"avail": 1.0, "util": 0.3054823039555864, "br": 0.0}, "DE_FE_58": {"avail": 1.0, "util": 0.7283368031459635, "br": 0.0}, "DE_FE_59": {"avail": 1.0, "util": 0.615646541753412, "br": 0.0}, "DE_FE_62": {"avail": 1.0, "util": 0.07575096659066126, "br": 0.0}, "DE_FE_70": {"avail": 1.0, "util": 0.31531521913201305, "br": 0.0}, "DE_FE_71": {"avail": 1.0, "util": 0.3109943491622881, "br": 0.0}, "DE_FE_72": {"avail": 1.0, "util": 0.11658570437196392, "br": 0.0}, "DE_FE_86": {"avail": 1.0, "util": 0.18240727889582853, "br": 0.0}, "DefMEt_FE_118": {"avail": 1.0, "util": 0.7428174878556558, "br": 0.0}, "DefMet_BE_33": {"avail": 1.0, "util": 0.8491325468424705, "br": 0.0}, "DefMet_BE_42": {"avail": 1.0, "util": 0.9083969465648855, "br": 0.0}, "DefMet_FE_10": {"avail": 1.0, "util": 0.8777238029146426, "br": 0.0}, "DefMet_FE_106": {"avail": 1.0, "util": 0.7786259541984732, "br": 0.0}, "DefMet_FE_34": {"avail": 1.0, "util": 0.7253296321998612, "br": 0.0}, "DefMet_FE_43": {"avail": 1.0, "util": 0.9394170714781401, "br": 0.0}, "Delay_32": {"avail": 1.0, "util": 0.12341811242192921, "br": 0.0}, "Dielectric_BE_20": {"avail": 1.0, "util": 0.8300069396252602, "br": 0.0}, "Dielectric_BE_21": {"avail": 1.0, "util": 0.884646079111728, "br": 0.0}, "Dielectric_BE_27": {"avail": 1.0, "util": 0.8036086051353227, "br": 0.0}, "Dielectric_BE_28": {"avail": 1.0, "util": 0.7151977793199167, "br": 0.0}, "Dielectric_BE_60": {"avail": 1.0, "util": 0.8310201249132547, "br": 0.0}, "Dielectric_FE_112": {"avail": 1.0, "util": 0.7782234559333796, "br": 0.0}, "Dielectric_FE_130": {"avail": 1.0, "util": 0.8622484385843164, "br": 0.0}, "Dielectric_FE_29": {"avail": 1.0, "util": 0.7788572750404812, "br": 0.0}, "Dielectric_FE_30": {"avail": 1.0, "util": 0.8362248438584317, "br": 0.0}, "Dielectric_FE_31": {"avail": 1.0, "util": 0.8083969465648855, "br": 0.0}, "Diffusion_BE_123": {"avail": 1.0, "util": 0.0, "br": 0.0}, "Diffusion_FE_100": {"avail": 1.0, "util": 0.0, "br": 0.0}, "Diffusion_FE_101": {"avail": 1.0, "util": 0.0, "br": 0.0}, "Diffusion_FE_120": {"avail": 1.0, "util": 0.0, "br": 0.0}, "Diffusion_FE_122": {"avail": 1.0, "util": 0.0, "br": 0.0}, "Diffusion_FE_125": {"avail": 1.0, "util": 0.0, "br": 0.0}, "Diffusion_FE_126": {"avail": 1.0, "util": 0.0, "br": 0.0}, "Diffusion_FE_127": {"avail": 1.0, "util": 0.0, "br": 0.0}, "Diffusion_FE_44": {"avail": 1.0, "util": 0.0, "br": 0.0}, "Diffusion_FE_94": {"avail": 1.0, "util": 0.0, "br": 0.0}, "EPI_36": {"avail": 1.0, "util": 0.010825815405968078, "br": 0.0}, "EPI_38": {"avail": 1.0, "util": 0.017765440666204026, "br": 0.0}, "Implant_119": {"avail": 1.0, "util": 0.03178348369188064, "br": 0.0}, "Implant_128": {"avail": 1.0, "util": 0.07464260929909784, "br": 0.0}, "Implant_132": {"avail": 1.0, "util": 0.03778625954198473, "br": 0.0}, "Implant_74": {"avail": 1.0, "util": 0.0, "br": 0.0}, "Implant_88": {"avail": 1.0, "util": 0.0036086051353226927, "br": 0.0}, "Implant_90": {"avail": 1.0, "util": 0.047883414295628035, "br": 0.0}, "Implant_91": {"avail": 1.0, "util": 0.04702752718019893, "br": 0.0}, "LithoMet_BE_18": {"avail": 1.0, "util": 0.8984572679229168, "br": 0.0}, "LithoMet_FE_19": {"avail": 1.0, "util": 0.9095843935538592, "br": 0.0}, "LithoTrack_BE_117": {"avail": 1.0, "util": 0.1829562803608605, "br": 0.0}, "LithoTrack_FE_115": {"avail": 1.0, "util": 0.07748703922929338, "br": 0.0}, "LithoTrack_FE_95": {"avail": 1.0, "util": 0.09843504369131413, "br": 0.0}, "LithoTrack_FE_96": {"avail": 1.0, "util": 0.0, "br": 0.0}, "Litho_BE_110": {"avail": 1.0, "util": 0.12333696837513632, "br": 0.0}, "Litho_BE_93": {"avail": 1.0, "util": 0.10959981494332639, "br": 0.0}, "Litho_BE_99": {"avail": 1.0, "util": 0.3653018736988203, "br": 0.0}, "Litho_FE_111": {"avail": 1.0, "util": 0.16707463251529872, "br": 0.0}, "Litho_FE_35": {"avail": 1.0, "util": 0.06703678001387925, "br": 0.0}, "Litho_FE_92": {"avail": 1.0, "util": 0.18131348179925555, "br": 0.0}, "Litho_FE_98": {"avail": 1.0, "util": 0.19314365024288688, "br": 0.0}, "Litho_REG_BE_63": {"avail": 1.0, "util": 0.905412907702984, "br": 0.0}, "Litho_REG_FE_64": {"avail": 1.0, "util": 0.8855457519579657, "br": 0.0}, "Planar_BE_75": {"avail": 1.0, "util": 0.7098403886190146, "br": 0.0}, "Planar_FE_76": {"avail": 1.0, "util": 0.9291232940087901, "br": 0.0}, "Planar_FE_77": {"avail": 1.0, "util": 0.7173490631505899, "br": 0.0}, "Planar_FE_78": {"avail": 1.0, "util": 0.6260235947258848, "br": 0.0}, "Planar_FE_79": {"avail": 1.0, "util": 0.6418598195697433, "br": 0.0}, "Planar_FE_80": {"avail": 1.0, "util": 0.9641221374045802, "br": 0.0}, "TF_BE_2": {"avail": 1.0, "util": 0.5314018043025677, "br": 0.0}, "TF_BE_23": {"avail": 1.0, "util": 0.6340991270681909, "br": 0.0}, "TF_BE_24": {"avail": 1.0, "util": 0.5796807772380292, "br": 0.0}, "TF_BE_26": {"avail": 1.0, "util": 0.5989914411288457, "br": 0.0}, "TF_BE_40": {"avail": 1.0, "util": 0.6342412676382142, "br": 0.0}, "TF_FE_103": {"avail": 1.0, "util": 0.7435114503816794, "br": 0.0}, "TF_FE_104": {"avail": 1.0, "util": 0.572879944482998, "br": 0.0}, "TF_FE_113": {"avail": 1.0, "util": 0.6581540596807772, "br": 0.0}, "TF_FE_131": {"avail": 1.0, "util": 0.22660189683090448, "br": 0.0}, "TF_FE_3": {"avail": 1.0, "util": 0.6587092297015961, "br": 0.0}, "TF_FE_5": {"avail": 1.0, "util": 0.4026370575988897, "br": 0.0}, "TF_Met_FE_45": {"avail": 1.0, "util": 0.21443442054129078, "br": 0.0}, "TF_Met_FE_61": {"avail": 1.0, "util": 0.9564885496183206, "br": 0.0}, "WE_BE_14": {"avail": 1.0, "util": 0.04127689104788341, "br": 0.0}, "WE_BE_16": {"avail": 1.0, "util": 0.04803762819029994, "br": 0.0}, "WE_BE_17": {"avail": 1.0, "util": 0.031020124913254683, "br": 0.0}, "WE_BE_7": {"avail": 1.0, "util": 0.011242192921582234, "br": 0.0}, "WE_BE_81": {"avail": 1.0, "util": 0.05334258616701364, "br": 0.0}, "WE_BE_82": {"avail": 1.0, "util": 0.10706453851492019, "br": 0.0}, "WE_BE_9": {"avail": 1.0, "util": 0.07469019530088232, "br": 0.0}, "WE_FE_108": {"avail": 1.0, "util": 0.03465054029939526, "br": 0.0}, "WE_FE_41": {"avail": 1.0, "util": 0.032560721721027065, "br": 0.0}, "WE_FE_47": {"avail": 1.0, "util": 0.04244737450844321, "br": 0.0}, "WE_FE_8": {"avail": 1.0, "util": 0.059333795975017346, "br": 0.0}, "WE_FE_83": {"avail": 1.0, "util": 0.049231684346188166, "br": 0.0}, "WE_FE_84": {"avail": 1.0, "util": 0.03685712082658647, "br": 0.0}, "WE_FE_85": {"avail": 1.0, "util": 0.038237335183900066, "br": 0.0}}, "plugins": {"cost": 448800}}