{"lots": {}, "machines": {"DE_BE_11": {"avail": 1.0, "util": 0.5607283146171265, "br": 0.0}, "DE_BE_12": {"avail": 1.0, "util": 0.9417358575822461, "br": 0.0}, "DE_BE_13": {"avail": 1.0, "util": 0.8253616156014604, "br": 0.0}, "DE_BE_48": {"avail": 1.0, "util": 0.8339433430380332, "br": 0.0}, "DE_BE_50": {"avail": 1.0, "util": 0.8450174838640109, "br": 0.0}, "DE_BE_65": {"avail": 1.0, "util": 0.7527775285908069, "br": 0.0}, "DE_BE_66": {"avail": 1.0, "util": 0.5815425851471879, "br": 0.0}, "DE_BE_67": {"avail": 1.0, "util": 0.8555894449835943, "br": 0.0}, "DE_BE_69": {"avail": 1.0, "util": 0.9211839733813947, "br": 0.0}, "DE_FE_1": {"avail": 1.0, "util": 0.7507476579984551, "br": 0.0}, "DE_FE_51": {"avail": 1.0, "util": 0.4870908033983475, "br": 0.0}, "DE_FE_53": {"avail": 1.0, "util": 0.8134386986459633, "br": 0.0}, "DE_FE_54": {"avail": 1.0, "util": 0.8162669254586626, "br": 0.0}, "DE_FE_56": {"avail": 1.0, "util": 0.8937566430981099, "br": 0.0}, "DE_FE_58": {"avail": 1.0, "util": 0.7358473127223993, "br": 0.0}, "DE_FE_59": {"avail": 1.0, "util": 0.8251490364619438, "br": 0.0}, "DE_FE_62": {"avail": 1.0, "util": 0.823060875535574, "br": 0.0}, "DE_FE_70": {"avail": 1.0, "util": 0.7550931900023817, "br": 0.0}, "DE_FE_71": {"avail": 1.0, "util": 0.7293676100691212, "br": 0.0}, "DE_FE_72": {"avail": 1.0, "util": 0.8739724057899575, "br": 0.0}, "DE_FE_86": {"avail": 1.0, "util": 0.7294165370139306, "br": 0.0}, "DefMEt_FE_118": {"avail": 1.0, "util": 0.25065853320393733, "br": 0.0}, "DefMet_BE_33": {"avail": 1.0, "util": 0.9546189749988446, "br": 0.0}, "DefMet_BE_42": {"avail": 1.0, "util": 0.9699616433291742, "br": 0.0}, "DefMet_FE_10": {"avail": 1.0, "util": 0.78640417764222, "br": 0.0}, "DefMet_FE_106": {"avail": 1.0, "util": 0.34567216599658024, "br": 0.0}, "DefMet_FE_34": {"avail": 1.0, "util": 0.6736679144137899, "br": 0.0}, "DefMet_FE_43": {"avail": 1.0, "util": 0.9620669470246623, "br": 0.0}, "Delay_32": {"avail": 1.0, "util": 0.39888788761033317, "br": 0.0}, "Dielectric_BE_20": {"avail": 1.0, "util": 0.9149960719072046, "br": 0.0}, "Dielectric_BE_21": {"avail": 1.0, "util": 0.9580329497666251, "br": 0.0}, "Dielectric_BE_27": {"avail": 1.0, "util": 0.7297502965324953, "br": 0.0}, "Dielectric_BE_28": {"avail": 1.0, "util": 0.6774111557835389, "br": 0.0}, "Dielectric_BE_60": {"avail": 1.0, "util": 0.9616433291741763, "br": 0.0}, "Dielectric_FE_112": {"avail": 1.0, "util": 0.9448357132954388, "br": 0.0}, "Dielectric_FE_130": {"avail": 1.0, "util": 0.932910485697121, "br": 0.0}, "Dielectric_FE_29": {"avail": 1.0, "util": 0.9016898501163024, "br": 0.0}, "Dielectric_FE_30": {"avail": 1.0, "util": 0.9307731410878506, "br": 0.0}, "Dielectric_FE_31": {"avail": 1.0, "util": 0.9589976431443228, "br": 0.0}, "Diffusion_BE_123": {"avail": 1.0, "util": 0.0, "br": 0.0}, "Diffusion_FE_100": {"avail": 1.0, "util": 0.0, "br": 0.0}, "Diffusion_FE_101": {"avail": 1.0, "util": 0.0, "br": 0.0}, "Diffusion_FE_120": {"avail": 1.0, "util": 0.0, "br": 0.0}, "Diffusion_FE_122": {"avail": 1.0, "util": 0.0, "br": 0.0}, "Diffusion_FE_125": {"avail": 1.0, "util": 0.0, "br": 0.0}, "Diffusion_FE_126": {"avail": 1.0, "util": 0.0, "br": 0.0}, "Diffusion_FE_127": {"avail": 1.0, "util": 0.4950680612679781, "br": 0.0}, "Diffusion_FE_44": {"avail": 1.0, "util": 0.3526335026404346, "br": 0.0}, "Diffusion_FE_94": {"avail": 1.0, "util": 0.0, "br": 0.0}, "EPI_36": {"avail": 1.0, "util": 0.011922916955497019, "br": 0.0}, "EPI_38": {"avail": 1.0, "util": 0.02939137668099265, "br": 0.0}, "Implant_119": {"avail": 1.0, "util": 0.01675216045103748, "br": 0.0}, "Implant_128": {"avail": 1.0, "util": 0.048241600813346275, "br": 0.0}, "Implant_132": {"avail": 1.0, "util": 0.03398377928739776, "br": 0.0}, "Implant_74": {"avail": 1.0, "util": 0.005730394195665234, "br": 0.0}, "Implant_88": {"avail": 1.0, "util": 0.02721937242940986, "br": 0.0}, "Implant_90": {"avail": 1.0, "util": 0.04256204075973936, "br": 0.0}, "Implant_91": {"avail": 1.0, "util": 0.03715513655899071, "br": 0.0}, "LithoMet_BE_18": {"avail": 1.0, "util": 0.9580778295598757, "br": 0.0}, "LithoMet_FE_19": {"avail": 1.0, "util": 0.9662979907676983, "br": 0.0}, "LithoTrack_BE_117": {"avail": 1.0, "util": 0.07679652479319747, "br": 0.0}, "LithoTrack_FE_115": {"avail": 1.0, "util": 0.042555697818662565, "br": 0.0}, "LithoTrack_FE_95": {"avail": 1.0, "util": 0.04572337738644605, "br": 0.0}, "LithoTrack_FE_96": {"avail": 1.0, "util": 0.004990988492998752, "br": 0.0}, "Litho_BE_110": {"avail": 1.0, "util": 0.05394030619318295, "br": 0.0}, "Litho_BE_93": {"avail": 1.0, "util": 0.0436865535992113, "br": 0.0}, "Litho_BE_99": {"avail": 1.0, "util": 0.1389312506739375, "br": 0.0}, "Litho_FE_111": {"avail": 1.0, "util": 0.08606934449163757, "br": 0.0}, "Litho_FE_35": {"avail": 1.0, "util": 0.05023337492490411, "br": 0.0}, "Litho_FE_92": {"avail": 1.0, "util": 0.07938948615504834, "br": 0.0}, "Litho_FE_98": {"avail": 1.0, "util": 0.08409815610702898, "br": 0.0}, "Litho_REG_BE_63": {"avail": 1.0, "util": 0.96190327649152, "br": 0.0}, "Litho_REG_FE_64": {"avail": 1.0, "util": 0.9671030480679725, "br": 0.0}, "Planar_BE_75": {"avail": 1.0, "util": 0.6403368917232775, "br": 0.0}, "Planar_FE_76": {"avail": 1.0, "util": 0.7673952893695026, "br": 0.0}, "Planar_FE_77": {"avail": 1.0, "util": 0.9580387263736772, "br": 0.0}, "Planar_FE_78": {"avail": 1.0, "util": 0.6357040528675078, "br": 0.0}, "Planar_FE_79": {"avail": 1.0, "util": 0.8681177503581496, "br": 0.0}, "Planar_FE_80": {"avail": 1.0, "util": 0.8619853043116595, "br": 0.0}, "TF_BE_2": {"avail": 1.0, "util": 0.48624012200194094, "br": 0.0}, "TF_BE_23": {"avail": 1.0, "util": 0.5190482097382649, "br": 0.0}, "TF_BE_24": {"avail": 1.0, "util": 0.1913304681362355, "br": 0.0}, "TF_BE_26": {"avail": 1.0, "util": 0.5638030099973813, "br": 0.0}, "TF_BE_40": {"avail": 1.0, "util": 0.5276930542076805, "br": 0.0}, "TF_FE_103": {"avail": 1.0, "util": 0.7411617912103147, "br": 0.0}, "TF_FE_104": {"avail": 1.0, "util": 0.6976570081796756, "br": 0.0}, "TF_FE_113": {"avail": 1.0, "util": 0.5405517815056149, "br": 0.0}, "TF_FE_131": {"avail": 1.0, "util": 0.5315094659334227, "br": 0.0}, "TF_FE_3": {"avail": 1.0, "util": 0.8926244281159018, "br": 0.0}, "TF_FE_5": {"avail": 1.0, "util": 0.315957299320671, "br": 0.0}, "TF_Met_FE_45": {"avail": 1.0, "util": 0.0707749896021073, "br": 0.0}, "TF_Met_FE_61": {"avail": 1.0, "util": 0.9792735338971302, "br": 0.0}, "WE_BE_14": {"avail": 1.0, "util": 0.041868847913489535, "br": 0.0}, "WE_BE_16": {"avail": 1.0, "util": 0.043537645506313186, "br": 0.0}, "WE_BE_17": {"avail": 1.0, "util": 0.05067239706086233, "br": 0.0}, "WE_BE_7": {"avail": 1.0, "util": 0.017144969730579048, "br": 0.0}, "WE_BE_81": {"avail": 1.0, "util": 0.04397923502318345, "br": 0.0}, "WE_BE_82": {"avail": 1.0, "util": 0.05387494801053653, "br": 0.0}, "WE_BE_9": {"avail": 1.0, "util": 0.044351138486727004, "br": 0.0}, "WE_FE_108": {"avail": 1.0, "util": 0.040708245033768395, "br": 0.0}, "WE_FE_41": {"avail": 1.0, "util": 0.038855769675123615, "br": 0.0}, "WE_FE_47": {"avail": 1.0, "util": 0.037948457260809955, "br": 0.0}, "WE_FE_8": {"avail": 1.0, "util": 0.0490549470862794, "br": 0.0}, "WE_FE_83": {"avail": 1.0, "util": 0.03878579020683554, "br": 0.0}, "WE_FE_84": {"avail": 1.0, "util": 0.03801007440269883, "br": 0.0}, "WE_FE_85": {"avail": 1.0, "util": 0.02326817320578585, "br": 0.0}}, "plugins": {"cost": 447400.0}}