{"lots": {}, "machines": {"DE_BE_11": {"avail": 1.0, "util": 0.0, "br": 0.0}, "DE_BE_12": {"avail": 1.0, "util": 0.0, "br": 0.0}, "DE_BE_13": {"avail": 1.0, "util": 0.0, "br": 0.0}, "DE_BE_48": {"avail": 1.0, "util": 0.0, "br": 0.0}, "DE_BE_50": {"avail": 1.0, "util": 0.0, "br": 0.0}, "DE_BE_65": {"avail": 1.0, "util": 0.0, "br": 0.0}, "DE_BE_66": {"avail": 1.0, "util": 0.0, "br": 0.0}, "DE_BE_67": {"avail": 1.0, "util": 0.0, "br": 0.0}, "DE_BE_69": {"avail": 1.0, "util": 0.0, "br": 0.0}, "DE_FE_1": {"avail": 1.0, "util": 0.0, "br": 0.0}, "DE_FE_51": {"avail": 1.0, "util": 0.0, "br": 0.0}, "DE_FE_53": {"avail": 1.0, "util": 0.0, "br": 0.0}, "DE_FE_54": {"avail": 1.0, "util": 0.0, "br": 0.0}, "DE_FE_56": {"avail": 1.0, "util": 0.0, "br": 0.0}, "DE_FE_58": {"avail": 1.0, "util": 0.0, "br": 0.0}, "DE_FE_59": {"avail": 1.0, "util": 0.0, "br": 0.0}, "DE_FE_62": {"avail": 1.0, "util": 0.0, "br": 0.0}, "DE_FE_70": {"avail": 1.0, "util": 0.0, "br": 0.0}, "DE_FE_71": {"avail": 1.0, "util": 0.0, "br": 0.0}, "DE_FE_72": {"avail": 1.0, "util": 0.0, "br": 0.0}, "DE_FE_86": {"avail": 1.0, "util": 0.0, "br": 0.0}, "DefMEt_FE_118": {"avail": 1.0, "util": 0.9832826747720365, "br": 0.0}, "DefMet_BE_33": {"avail": 1.0, "util": 0.5902182923459519, "br": 0.0}, "DefMet_BE_42": {"avail": 1.0, "util": 0.6510085659021829, "br": 0.0}, "DefMet_FE_10": {"avail": 1.0, "util": 0.9632495164410058, "br": 0.0}, "DefMet_FE_106": {"avail": 1.0, "util": 0.26305609284332687, "br": 0.0}, "DefMet_FE_34": {"avail": 1.0, "util": 0.5035921525283228, "br": 0.0}, "DefMet_FE_43": {"avail": 1.0, "util": 0.7909919867366676, "br": 0.0}, "Delay_32": {"avail": 1.0, "util": 0.0, "br": 0.0}, "Dielectric_BE_20": {"avail": 1.0, "util": 0.7489361702127659, "br": 0.0}, "Dielectric_BE_21": {"avail": 1.0, "util": 0.5910472506217187, "br": 0.0}, "Dielectric_BE_27": {"avail": 1.0, "util": 0.8448466427189831, "br": 0.0}, "Dielectric_BE_28": {"avail": 1.0, "util": 0.6976144422952933, "br": 0.0}, "Dielectric_BE_60": {"avail": 1.0, "util": 0.7654048079579995, "br": 0.0}, "Dielectric_FE_112": {"avail": 1.0, "util": 0.640416321267385, "br": 0.0}, "Dielectric_FE_130": {"avail": 1.0, "util": 0.8744819010776458, "br": 0.0}, "Dielectric_FE_29": {"avail": 1.0, "util": 0.0, "br": 0.0}, "Dielectric_FE_30": {"avail": 1.0, "util": 0.5473887814313346, "br": 0.0}, "Dielectric_FE_31": {"avail": 1.0, "util": 0.8437413650179607, "br": 0.0}, "Diffusion_BE_123": {"avail": 1.0, "util": 0.0, "br": 0.0}, "Diffusion_FE_100": {"avail": 1.0, "util": 0.0, "br": 0.0}, "Diffusion_FE_101": {"avail": 1.0, "util": 0.0, "br": 0.0}, "Diffusion_FE_120": {"avail": 1.0, "util": 0.0, "br": 0.0}, "Diffusion_FE_122": {"avail": 1.0, "util": 0.0, "br": 0.0}, "Diffusion_FE_125": {"avail": 1.0, "util": 0.0, "br": 0.0}, "Diffusion_FE_126": {"avail": 1.0, "util": 0.0, "br": 0.0}, "Diffusion_FE_127": {"avail": 1.0, "util": 0.0, "br": 0.0}, "Diffusion_FE_44": {"avail": 1.0, "util": 0.0, "br": 0.0}, "Diffusion_FE_94": {"avail": 1.0, "util": 0.0, "br": 0.0}, "EPI_36": {"avail": 1.0, "util": 0.014230450400663166, "br": 0.0}, "EPI_38": {"avail": 1.0, "util": 0.9839734733351755, "br": 0.0}, "Implant_119": {"avail": 1.0, "util": 0.008980381320806852, "br": 0.0}, "Implant_128": {"avail": 1.0, "util": 0.06988369464191514, "br": 0.0}, "Implant_132": {"avail": 1.0, "util": 0.04271108830379348, "br": 0.0}, "Implant_74": {"avail": 1.0, "util": 0.06783641890024869, "br": 0.0}, "Implant_88": {"avail": 1.0, "util": 0.0, "br": 0.0}, "Implant_90": {"avail": 1.0, "util": 0.037993920972644375, "br": 0.0}, "Implant_91": {"avail": 1.0, "util": 0.0729483282674772, "br": 0.0}, "LithoMet_BE_18": {"avail": 1.0, "util": 0.753874751940516, "br": 0.0}, "LithoMet_FE_19": {"avail": 1.0, "util": 0.8135633363596889, "br": 0.0}, "LithoTrack_BE_117": {"avail": 1.0, "util": 0.19729206963249515, "br": 0.0}, "LithoTrack_FE_115": {"avail": 1.0, "util": 0.11891844533256055, "br": 0.0}, "LithoTrack_FE_95": {"avail": 1.0, "util": 0.20882840563691626, "br": 0.0}, "LithoTrack_FE_96": {"avail": 1.0, "util": 0.059961315280464215, "br": 0.0}, "Litho_BE_110": {"avail": 1.0, "util": 0.19054026454581496, "br": 0.0}, "Litho_BE_93": {"avail": 1.0, "util": 0.2515888366952197, "br": 0.0}, "Litho_BE_99": {"avail": 1.0, "util": 0.3755180989223542, "br": 0.0}, "Litho_FE_111": {"avail": 1.0, "util": 0.3213594915722575, "br": 0.0}, "Litho_FE_35": {"avail": 1.0, "util": 0.08344846642718984, "br": 0.0}, "Litho_FE_92": {"avail": 1.0, "util": 0.21563542840138583, "br": 0.0}, "Litho_FE_98": {"avail": 1.0, "util": 0.031431334622823985, "br": 0.0}, "Litho_REG_BE_63": {"avail": 1.0, "util": 0.8033641890024869, "br": 0.0}, "Litho_REG_FE_64": {"avail": 1.0, "util": 0.8562217923920051, "br": 0.0}, "Planar_BE_75": {"avail": 1.0, "util": 0.24655587573520704, "br": 0.0}, "Planar_FE_76": {"avail": 1.0, "util": 0.9244266371925947, "br": 0.0}, "Planar_FE_77": {"avail": 1.0, "util": 0.7148383531362255, "br": 0.0}, "Planar_FE_78": {"avail": 1.0, "util": 0.8433268858800773, "br": 0.0}, "Planar_FE_79": {"avail": 1.0, "util": 0.0, "br": 0.0}, "Planar_FE_80": {"avail": 1.0, "util": 0.6436861011329097, "br": 0.0}, "TF_BE_2": {"avail": 1.0, "util": 0.0, "br": 0.0}, "TF_BE_23": {"avail": 1.0, "util": 0.07101409229068803, "br": 0.0}, "TF_BE_24": {"avail": 1.0, "util": 0.0, "br": 0.0}, "TF_BE_26": {"avail": 1.0, "util": 0.0763066720513529, "br": 0.0}, "TF_BE_40": {"avail": 1.0, "util": 0.0, "br": 0.0}, "TF_FE_103": {"avail": 1.0, "util": 0.0, "br": 0.0}, "TF_FE_104": {"avail": 1.0, "util": 0.0, "br": 0.0}, "TF_FE_113": {"avail": 1.0, "util": 0.0, "br": 0.0}, "TF_FE_131": {"avail": 1.0, "util": 0.0, "br": 0.0}, "TF_FE_3": {"avail": 1.0, "util": 0.0, "br": 0.0}, "TF_FE_5": {"avail": 1.0, "util": 0.0, "br": 0.0}, "TF_Met_FE_45": {"avail": 1.0, "util": 0.2812931749101962, "br": 0.0}, "TF_Met_FE_61": {"avail": 1.0, "util": 0.8965183752417795, "br": 0.0}, "WE_BE_14": {"avail": 1.0, "util": 0.02934512296214424, "br": 0.0}, "WE_BE_16": {"avail": 1.0, "util": 0.02327991157778392, "br": 0.0}, "WE_BE_17": {"avail": 1.0, "util": 0.027079303675048357, "br": 0.0}, "WE_BE_7": {"avail": 1.0, "util": 0.011329096435479415, "br": 0.0}, "WE_BE_81": {"avail": 1.0, "util": 0.028368794326241138, "br": 0.0}, "WE_BE_82": {"avail": 1.0, "util": 0.06306223327499924, "br": 0.0}, "WE_BE_9": {"avail": 1.0, "util": 0.07018513401492125, "br": 0.0}, "WE_FE_108": {"avail": 1.0, "util": 0.027022134138788578, "br": 0.0}, "WE_FE_41": {"avail": 1.0, "util": 0.042497927604310586, "br": 0.0}, "WE_FE_47": {"avail": 1.0, "util": 0.03492677535230727, "br": 0.0}, "WE_FE_8": {"avail": 1.0, "util": 0.025974025974025976, "br": 0.0}, "WE_FE_83": {"avail": 1.0, "util": 0.0675600994749931, "br": 0.0}, "WE_FE_84": {"avail": 1.0, "util": 0.03466996082765795, "br": 0.0}, "WE_FE_85": {"avail": 1.0, "util": 0.0856590218292346, "br": 0.0}}, "plugins": {"cost": 429200}}