{"lots": {}, "machines": {"DE_BE_11": {"avail": 1.0, "util": 0.7633464807510694, "br": 0.0}, "DE_BE_12": {"avail": 1.0, "util": 0.5675610614225135, "br": 0.0}, "DE_BE_13": {"avail": 1.0, "util": 0.8568121876826948, "br": 0.0}, "DE_BE_48": {"avail": 1.0, "util": 0.7729903894228098, "br": 0.0}, "DE_BE_50": {"avail": 1.0, "util": 0.8168681986803202, "br": 0.0}, "DE_BE_65": {"avail": 1.0, "util": 0.7296653453893084, "br": 0.0}, "DE_BE_66": {"avail": 1.0, "util": 0.6868682734000159, "br": 0.0}, "DE_BE_67": {"avail": 1.0, "util": 0.8318482306538526, "br": 0.0}, "DE_BE_69": {"avail": 1.0, "util": 0.8804788622854286, "br": 0.0}, "DE_FE_1": {"avail": 1.0, "util": 0.8971882514463482, "br": 0.0}, "DE_FE_51": {"avail": 1.0, "util": 0.5333914197749248, "br": 0.0}, "DE_FE_53": {"avail": 1.0, "util": 0.5423365368590634, "br": 0.0}, "DE_FE_54": {"avail": 1.0, "util": 0.9825231931559358, "br": 0.0}, "DE_FE_56": {"avail": 1.0, "util": 0.8430920504416421, "br": 0.0}, "DE_FE_58": {"avail": 1.0, "util": 0.7916597226080032, "br": 0.0}, "DE_FE_59": {"avail": 1.0, "util": 0.7746384460122586, "br": 0.0}, "DE_FE_62": {"avail": 1.0, "util": 0.7076551302705405, "br": 0.0}, "DE_FE_70": {"avail": 1.0, "util": 0.8572344271472098, "br": 0.0}, "DE_FE_71": {"avail": 1.0, "util": 0.7076551302705405, "br": 0.0}, "DE_FE_72": {"avail": 1.0, "util": 0.8165842638371943, "br": 0.0}, "DE_FE_86": {"avail": 1.0, "util": 0.7890360000576099, "br": 0.0}, "DefMEt_FE_118": {"avail": 1.0, "util": 0.29687239597800125, "br": 0.0}, "DefMet_BE_33": {"avail": 1.0, "util": 0.9123659796677962, "br": 0.0}, "DefMet_BE_42": {"avail": 1.0, "util": 0.9431698238986723, "br": 0.0}, "DefMet_FE_10": {"avail": 1.0, "util": 0.8450363868673962, "br": 0.0}, "DefMet_FE_106": {"avail": 1.0, "util": 0.31253819232264873, "br": 0.0}, "DefMet_FE_34": {"avail": 1.0, "util": 0.5626076329092828, "br": 0.0}, "DefMet_FE_43": {"avail": 1.0, "util": 0.9562709479103012, "br": 0.0}, "Delay_32": {"avail": 1.0, "util": 0.44256096883506474, "br": 0.0}, "Dielectric_BE_20": {"avail": 1.0, "util": 0.9584911949336148, "br": 0.0}, "Dielectric_BE_21": {"avail": 1.0, "util": 0.9384548080662185, "br": 0.0}, "Dielectric_BE_27": {"avail": 1.0, "util": 0.8293539247819566, "br": 0.0}, "Dielectric_BE_28": {"avail": 1.0, "util": 0.7757485695239154, "br": 0.0}, "Dielectric_BE_60": {"avail": 1.0, "util": 0.8900616632409311, "br": 0.0}, "Dielectric_FE_112": {"avail": 1.0, "util": 0.9456974612521527, "br": 0.0}, "Dielectric_FE_130": {"avail": 1.0, "util": 0.8592994833620354, "br": 0.0}, "Dielectric_FE_29": {"avail": 1.0, "util": 0.9319852600781439, "br": 0.0}, "Dielectric_FE_30": {"avail": 1.0, "util": 0.8946725181934337, "br": 0.0}, "Dielectric_FE_31": {"avail": 1.0, "util": 0.9398366757402367, "br": 0.0}, "Diffusion_BE_123": {"avail": 1.0, "util": 0.0, "br": 0.0}, "Diffusion_FE_100": {"avail": 1.0, "util": 0.0, "br": 0.0}, "Diffusion_FE_101": {"avail": 1.0, "util": 0.0, "br": 0.0}, "Diffusion_FE_120": {"avail": 1.0, "util": 0.0, "br": 0.0}, "Diffusion_FE_122": {"avail": 1.0, "util": 0.0, "br": 0.0}, "Diffusion_FE_125": {"avail": 1.0, "util": 0.0, "br": 0.0}, "Diffusion_FE_126": {"avail": 1.0, "util": 0.0, "br": 0.0}, "Diffusion_FE_127": {"avail": 1.0, "util": 0.0, "br": 0.0}, "Diffusion_FE_44": {"avail": 1.0, "util": 0.0, "br": 0.0}, "Diffusion_FE_94": {"avail": 1.0, "util": 0.0, "br": 0.0}, "EPI_36": {"avail": 1.0, "util": 0.011471584911949335, "br": 0.0}, "EPI_38": {"avail": 1.0, "util": 0.035164713071496025, "br": 0.0}, "Implant_119": {"avail": 1.0, "util": 0.01661018832287095, "br": 0.0}, "Implant_128": {"avail": 1.0, "util": 0.05070829398366757, "br": 0.0}, "Implant_132": {"avail": 1.0, "util": 0.03608132881506583, "br": 0.0}, "Implant_74": {"avail": 1.0, "util": 0.006721848786178546, "br": 0.0}, "Implant_88": {"avail": 1.0, "util": 0.021498805621909894, "br": 0.0}, "Implant_90": {"avail": 1.0, "util": 0.04963613132603744, "br": 0.0}, "Implant_91": {"avail": 1.0, "util": 0.040386645186378536, "br": 0.0}, "LithoMet_BE_18": {"avail": 1.0, "util": 0.9650532235388632, "br": 0.0}, "LithoMet_FE_19": {"avail": 1.0, "util": 0.9659525088112388, "br": 0.0}, "LithoTrack_BE_117": {"avail": 1.0, "util": 0.0902616521304372, "br": 0.0}, "LithoTrack_FE_115": {"avail": 1.0, "util": 0.04704422739041731, "br": 0.0}, "LithoTrack_FE_95": {"avail": 1.0, "util": 0.05347095229403355, "br": 0.0}, "LithoTrack_FE_96": {"avail": 1.0, "util": 0.009166157435698017, "br": 0.0}, "Litho_BE_110": {"avail": 1.0, "util": 0.0629468997754093, "br": 0.0}, "Litho_BE_93": {"avail": 1.0, "util": 0.048423235746162245, "br": 0.0}, "Litho_BE_99": {"avail": 1.0, "util": 0.16454641408810622, "br": 0.0}, "Litho_FE_111": {"avail": 1.0, "util": 0.09568912838175657, "br": 0.0}, "Litho_FE_35": {"avail": 1.0, "util": 0.04346980723293151, "br": 0.0}, "Litho_FE_92": {"avail": 1.0, "util": 0.08948492760503204, "br": 0.0}, "Litho_FE_98": {"avail": 1.0, "util": 0.10104994166990723, "br": 0.0}, "Litho_REG_BE_63": {"avail": 1.0, "util": 0.9696822398755625, "br": 0.0}, "Litho_REG_FE_64": {"avail": 1.0, "util": 0.9463839310514495, "br": 0.0}, "Planar_BE_75": {"avail": 1.0, "util": 0.7291400477751236, "br": 0.0}, "Planar_FE_76": {"avail": 1.0, "util": 0.7470325722645038, "br": 0.0}, "Planar_FE_77": {"avail": 1.0, "util": 0.866924059774457, "br": 0.0}, "Planar_FE_78": {"avail": 1.0, "util": 0.4236986834064774, "br": 0.0}, "Planar_FE_79": {"avail": 1.0, "util": 0.9259263374256985, "br": 0.0}, "Planar_FE_80": {"avail": 1.0, "util": 0.9018387867340704, "br": 0.0}, "TF_BE_2": {"avail": 1.0, "util": 0.5870646075218043, "br": 0.0}, "TF_BE_23": {"avail": 1.0, "util": 0.570722679149404, "br": 0.0}, "TF_BE_24": {"avail": 1.0, "util": 0.23058718960057775, "br": 0.0}, "TF_BE_26": {"avail": 1.0, "util": 0.6187100716626854, "br": 0.0}, "TF_BE_40": {"avail": 1.0, "util": 0.5945317852711886, "br": 0.0}, "TF_FE_103": {"avail": 1.0, "util": 0.7482084328648408, "br": 0.0}, "TF_FE_104": {"avail": 1.0, "util": 0.6968612854841398, "br": 0.0}, "TF_FE_113": {"avail": 1.0, "util": 0.2642630964946392, "br": 0.0}, "TF_FE_131": {"avail": 1.0, "util": 0.36741477325333777, "br": 0.0}, "TF_FE_3": {"avail": 1.0, "util": 0.8000111104938614, "br": 0.0}, "TF_FE_5": {"avail": 1.0, "util": 0.4868757291261597, "br": 0.0}, "TF_Met_FE_45": {"avail": 1.0, "util": 0.08549525026387422, "br": 0.0}, "TF_Met_FE_61": {"avail": 1.0, "util": 0.9835564690850508, "br": 0.0}, "WE_BE_14": {"avail": 1.0, "util": 0.03959780012221543, "br": 0.0}, "WE_BE_16": {"avail": 1.0, "util": 0.04314575116197248, "br": 0.0}, "WE_BE_17": {"avail": 1.0, "util": 0.04183100938836731, "br": 0.0}, "WE_BE_7": {"avail": 1.0, "util": 0.018221209932781514, "br": 0.0}, "WE_BE_81": {"avail": 1.0, "util": 0.042034701775827264, "br": 0.0}, "WE_BE_82": {"avail": 1.0, "util": 0.05928559524470863, "br": 0.0}, "WE_BE_9": {"avail": 1.0, "util": 0.05239391462379074, "br": 0.0}, "WE_FE_108": {"avail": 1.0, "util": 0.041896085138127245, "br": 0.0}, "WE_FE_41": {"avail": 1.0, "util": 0.038053441475473584, "br": 0.0}, "WE_FE_47": {"avail": 1.0, "util": 0.041136603522026555, "br": 0.0}, "WE_FE_8": {"avail": 1.0, "util": 0.054719182267651795, "br": 0.0}, "WE_FE_83": {"avail": 1.0, "util": 0.04329918179148778, "br": 0.0}, "WE_FE_84": {"avail": 1.0, "util": 0.0401582628125598, "br": 0.0}, "WE_FE_85": {"avail": 1.0, "util": 0.026915171379367813, "br": 0.0}}, "plugins": {"cost": 447400.0}}