{"lots": {}, "machines": {"DE_BE_11": {"avail": 1.0, "util": 0.6388422865396366, "br": 0.0}, "DE_BE_12": {"avail": 1.0, "util": 0.5657710374115019, "br": 0.0}, "DE_BE_13": {"avail": 1.0, "util": 0.8970057219043387, "br": 0.0}, "DE_BE_48": {"avail": 1.0, "util": 0.8578967835120271, "br": 0.0}, "DE_BE_50": {"avail": 1.0, "util": 0.8329722422828362, "br": 0.0}, "DE_BE_65": {"avail": 1.0, "util": 0.7188195427051438, "br": 0.0}, "DE_BE_66": {"avail": 1.0, "util": 0.6880319514412941, "br": 0.0}, "DE_BE_67": {"avail": 1.0, "util": 0.7890728292872619, "br": 0.0}, "DE_BE_69": {"avail": 1.0, "util": 0.8909505027498472, "br": 0.0}, "DE_FE_1": {"avail": 1.0, "util": 0.9003150618616427, "br": 0.0}, "DE_FE_51": {"avail": 1.0, "util": 0.5735617027124223, "br": 0.0}, "DE_FE_53": {"avail": 1.0, "util": 0.5512138214543636, "br": 0.0}, "DE_FE_54": {"avail": 1.0, "util": 0.9750013888117327, "br": 0.0}, "DE_FE_56": {"avail": 1.0, "util": 0.8436197989000611, "br": 0.0}, "DE_FE_58": {"avail": 1.0, "util": 0.6927207747717719, "br": 0.0}, "DE_FE_59": {"avail": 1.0, "util": 0.8130363127974372, "br": 0.0}, "DE_FE_62": {"avail": 1.0, "util": 0.9524470862729848, "br": 0.0}, "DE_FE_70": {"avail": 1.0, "util": 0.8723190591975659, "br": 0.0}, "DE_FE_71": {"avail": 1.0, "util": 0.7118910060552192, "br": 0.0}, "DE_FE_72": {"avail": 1.0, "util": 0.8153991444919727, "br": 0.0}, "DE_FE_86": {"avail": 1.0, "util": 0.8133581056196466, "br": 0.0}, "DefMEt_FE_118": {"avail": 1.0, "util": 0.2985667462918727, "br": 0.0}, "DefMet_BE_33": {"avail": 1.0, "util": 0.9229487250708294, "br": 0.0}, "DefMet_BE_42": {"avail": 1.0, "util": 0.9991667129603911, "br": 0.0}, "DefMet_FE_10": {"avail": 1.0, "util": 0.6602966501861007, "br": 0.0}, "DefMet_FE_106": {"avail": 1.0, "util": 0.360313315926893, "br": 0.0}, "DefMet_FE_34": {"avail": 1.0, "util": 0.6073551469362813, "br": 0.0}, "DefMet_FE_43": {"avail": 1.0, "util": 0.9302538747847342, "br": 0.0}, "Delay_32": {"avail": 1.0, "util": 0.4518762846508528, "br": 0.0}, "Dielectric_BE_20": {"avail": 1.0, "util": 0.9324704183100939, "br": 0.0}, "Dielectric_BE_21": {"avail": 1.0, "util": 0.9411699350036109, "br": 0.0}, "Dielectric_BE_27": {"avail": 1.0, "util": 0.8464307538470085, "br": 0.0}, "Dielectric_BE_28": {"avail": 1.0, "util": 0.7776373534803622, "br": 0.0}, "Dielectric_BE_60": {"avail": 1.0, "util": 0.9429337259041164, "br": 0.0}, "Dielectric_FE_112": {"avail": 1.0, "util": 0.8970557191267151, "br": 0.0}, "Dielectric_FE_130": {"avail": 1.0, "util": 0.8516887950669407, "br": 0.0}, "Dielectric_FE_29": {"avail": 1.0, "util": 0.9332259318926727, "br": 0.0}, "Dielectric_FE_30": {"avail": 1.0, "util": 0.9949447252930392, "br": 0.0}, "Dielectric_FE_31": {"avail": 1.0, "util": 0.9681545469696128, "br": 0.0}, "Diffusion_BE_123": {"avail": 1.0, "util": 0.0, "br": 0.0}, "Diffusion_FE_100": {"avail": 1.0, "util": 0.0, "br": 0.0}, "Diffusion_FE_101": {"avail": 1.0, "util": 0.0, "br": 0.0}, "Diffusion_FE_120": {"avail": 1.0, "util": 0.0, "br": 0.0}, "Diffusion_FE_122": {"avail": 1.0, "util": 0.0, "br": 0.0}, "Diffusion_FE_125": {"avail": 1.0, "util": 0.0, "br": 0.0}, "Diffusion_FE_126": {"avail": 1.0, "util": 0.0, "br": 0.0}, "Diffusion_FE_127": {"avail": 1.0, "util": 0.0, "br": 0.0}, "Diffusion_FE_44": {"avail": 1.0, "util": 0.0, "br": 0.0}, "Diffusion_FE_94": {"avail": 1.0, "util": 0.0, "br": 0.0}, "EPI_36": {"avail": 1.0, "util": 0.008555080273318149, "br": 0.0}, "EPI_38": {"avail": 1.0, "util": 0.03544247541803233, "br": 0.0}, "Implant_119": {"avail": 1.0, "util": 0.018304538636742404, "br": 0.0}, "Implant_128": {"avail": 1.0, "util": 0.05008610632742626, "br": 0.0}, "Implant_132": {"avail": 1.0, "util": 0.04517110160546636, "br": 0.0}, "Implant_74": {"avail": 1.0, "util": 0.006694072551524916, "br": 0.0}, "Implant_88": {"avail": 1.0, "util": 0.021415476917949004, "br": 0.0}, "Implant_90": {"avail": 1.0, "util": 0.04299761124381979, "br": 0.0}, "Implant_91": {"avail": 1.0, "util": 0.041182897246449274, "br": 0.0}, "LithoMet_BE_18": {"avail": 1.0, "util": 0.9796036972304957, "br": 0.0}, "LithoMet_FE_19": {"avail": 1.0, "util": 0.9587245153047053, "br": 0.0}, "LithoTrack_BE_117": {"avail": 1.0, "util": 0.10282762068773957, "br": 0.0}, "LithoTrack_FE_115": {"avail": 1.0, "util": 0.046762107987464746, "br": 0.0}, "LithoTrack_FE_95": {"avail": 1.0, "util": 0.054840490721037034, "br": 0.0}, "LithoTrack_FE_96": {"avail": 1.0, "util": 0.0030276095772457084, "br": 0.0}, "Litho_BE_110": {"avail": 1.0, "util": 0.060072059488758565, "br": 0.0}, "Litho_BE_93": {"avail": 1.0, "util": 0.05275632835212858, "br": 0.0}, "Litho_BE_99": {"avail": 1.0, "util": 0.17976779067829565, "br": 0.0}, "Litho_FE_111": {"avail": 1.0, "util": 0.09820666528627198, "br": 0.0}, "Litho_FE_35": {"avail": 1.0, "util": 0.05030276095772457, "br": 0.0}, "Litho_FE_92": {"avail": 1.0, "util": 0.09061281107278552, "br": 0.0}, "Litho_FE_98": {"avail": 1.0, "util": 0.09545025276373535, "br": 0.0}, "Litho_REG_BE_63": {"avail": 1.0, "util": 0.9636895172490417, "br": 0.0}, "Litho_REG_FE_64": {"avail": 1.0, "util": 0.9782670804002952, "br": 0.0}, "Planar_BE_75": {"avail": 1.0, "util": 0.7665601911004944, "br": 0.0}, "Planar_FE_76": {"avail": 1.0, "util": 0.6191693054089588, "br": 0.0}, "Planar_FE_77": {"avail": 1.0, "util": 0.9298650074995833, "br": 0.0}, "Planar_FE_78": {"avail": 1.0, "util": 0.6744625298594522, "br": 0.0}, "Planar_FE_79": {"avail": 1.0, "util": 0.9655019165601911, "br": 0.0}, "Planar_FE_80": {"avail": 1.0, "util": 0.9044775290261652, "br": 0.0}, "TF_BE_2": {"avail": 1.0, "util": 0.2653741458807844, "br": 0.0}, "TF_BE_23": {"avail": 1.0, "util": 0.7940348343220698, "br": 0.0}, "TF_BE_24": {"avail": 1.0, "util": 0.23375368035109162, "br": 0.0}, "TF_BE_26": {"avail": 1.0, "util": 0.6680369609095791, "br": 0.0}, "TF_BE_40": {"avail": 1.0, "util": 0.6899639834823991, "br": 0.0}, "TF_FE_103": {"avail": 1.0, "util": 0.7432642630964946, "br": 0.0}, "TF_FE_104": {"avail": 1.0, "util": 0.6989611688239542, "br": 0.0}, "TF_FE_113": {"avail": 1.0, "util": 0.3948947280706627, "br": 0.0}, "TF_FE_131": {"avail": 1.0, "util": 0.36506305205266376, "br": 0.0}, "TF_FE_3": {"avail": 1.0, "util": 0.7962335425809677, "br": 0.0}, "TF_FE_5": {"avail": 1.0, "util": 0.6433809232820399, "br": 0.0}, "TF_Met_FE_45": {"avail": 1.0, "util": 0.0851897116826843, "br": 0.0}, "TF_Met_FE_61": {"avail": 1.0, "util": 0.9828342869840564, "br": 0.0}, "WE_BE_14": {"avail": 1.0, "util": 0.0409532803733126, "br": 0.0}, "WE_BE_16": {"avail": 1.0, "util": 0.044114833126554696, "br": 0.0}, "WE_BE_17": {"avail": 1.0, "util": 0.04180323315371368, "br": 0.0}, "WE_BE_7": {"avail": 1.0, "util": 0.01816565746347425, "br": 0.0}, "WE_BE_81": {"avail": 1.0, "util": 0.05558950428679888, "br": 0.0}, "WE_BE_82": {"avail": 1.0, "util": 0.06352424865285262, "br": 0.0}, "WE_BE_9": {"avail": 1.0, "util": 0.05101303895815312, "br": 0.0}, "WE_FE_108": {"avail": 1.0, "util": 0.0440562825874753, "br": 0.0}, "WE_FE_41": {"avail": 1.0, "util": 0.03787567357369035, "br": 0.0}, "WE_FE_47": {"avail": 1.0, "util": 0.04019221154380312, "br": 0.0}, "WE_FE_8": {"avail": 1.0, "util": 0.0549969446141881, "br": 0.0}, "WE_FE_83": {"avail": 1.0, "util": 0.04291031450633695, "br": 0.0}, "WE_FE_84": {"avail": 1.0, "util": 0.040957601120925384, "br": 0.0}, "WE_FE_85": {"avail": 1.0, "util": 0.0267207377367924, "br": 0.0}}, "plugins": {"cost": 447800.0}}