{"lots": {}, "machines": {"DE_BE_11": {"avail": 1.0, "util": 0.8898792169929196, "br": 0.0}, "DE_BE_12": {"avail": 1.0, "util": 0.0, "br": 0.0}, "DE_BE_13": {"avail": 1.0, "util": 0.7992106463576684, "br": 0.0}, "DE_BE_48": {"avail": 1.0, "util": 0.7825072886297375, "br": 0.0}, "DE_BE_50": {"avail": 1.0, "util": 0.490906566708316, "br": 0.0}, "DE_BE_65": {"avail": 1.0, "util": 0.46802394427158617, "br": 0.0}, "DE_BE_66": {"avail": 1.0, "util": 0.7816845320297829, "br": 0.0}, "DE_BE_67": {"avail": 1.0, "util": 0.4260863529085103, "br": 0.0}, "DE_BE_69": {"avail": 1.0, "util": 0.5427599611273081, "br": 0.0}, "DE_FE_1": {"avail": 1.0, "util": 0.0, "br": 0.0}, "DE_FE_51": {"avail": 1.0, "util": 0.19120688017419643, "br": 0.0}, "DE_FE_53": {"avail": 1.0, "util": 0.0, "br": 0.0}, "DE_FE_54": {"avail": 1.0, "util": 0.8142995973899764, "br": 0.0}, "DE_FE_56": {"avail": 1.0, "util": 0.2956407052616965, "br": 0.0}, "DE_FE_58": {"avail": 1.0, "util": 0.7516775417650052, "br": 0.0}, "DE_FE_59": {"avail": 1.0, "util": 0.5888287287704197, "br": 0.0}, "DE_FE_62": {"avail": 1.0, "util": 0.03731580095595089, "br": 0.0}, "DE_FE_70": {"avail": 1.0, "util": 0.3132135114642403, "br": 0.0}, "DE_FE_71": {"avail": 1.0, "util": 0.3050861744114555, "br": 0.0}, "DE_FE_72": {"avail": 1.0, "util": 0.11735850802906198, "br": 0.0}, "DE_FE_86": {"avail": 1.0, "util": 0.17495385153305462, "br": 0.0}, "DefMEt_FE_118": {"avail": 1.0, "util": 0.7380258225739276, "br": 0.0}, "DefMet_BE_33": {"avail": 1.0, "util": 0.8045953075107594, "br": 0.0}, "DefMet_BE_42": {"avail": 1.0, "util": 0.9175343606830487, "br": 0.0}, "DefMet_FE_10": {"avail": 1.0, "util": 0.9741080105511593, "br": 0.0}, "DefMet_FE_106": {"avail": 1.0, "util": 0.7760655282521172, "br": 0.0}, "DefMet_FE_34": {"avail": 1.0, "util": 0.6171039844509232, "br": 0.0}, "DefMet_FE_43": {"avail": 1.0, "util": 0.9381970475264936, "br": 0.0}, "Delay_32": {"avail": 1.0, "util": 0.08629737609329446, "br": 0.0}, "Dielectric_BE_20": {"avail": 1.0, "util": 0.8289046230737194, "br": 0.0}, "Dielectric_BE_21": {"avail": 1.0, "util": 0.8717721782590587, "br": 0.0}, "Dielectric_BE_27": {"avail": 1.0, "util": 0.8023138507103521, "br": 0.0}, "Dielectric_BE_28": {"avail": 1.0, "util": 0.7911981118978203, "br": 0.0}, "Dielectric_BE_60": {"avail": 1.0, "util": 0.8364917395529641, "br": 0.0}, "Dielectric_FE_112": {"avail": 1.0, "util": 0.7829931972789115, "br": 0.0}, "Dielectric_FE_130": {"avail": 1.0, "util": 0.8650562265722616, "br": 0.0}, "Dielectric_FE_29": {"avail": 1.0, "util": 0.7787958720903327, "br": 0.0}, "Dielectric_FE_30": {"avail": 1.0, "util": 0.8256282104678606, "br": 0.0}, "Dielectric_FE_31": {"avail": 1.0, "util": 0.8951825628210468, "br": 0.0}, "Diffusion_BE_123": {"avail": 1.0, "util": 0.0, "br": 0.0}, "Diffusion_FE_100": {"avail": 1.0, "util": 0.0, "br": 0.0}, "Diffusion_FE_101": {"avail": 1.0, "util": 0.0, "br": 0.0}, "Diffusion_FE_120": {"avail": 1.0, "util": 0.0, "br": 0.0}, "Diffusion_FE_122": {"avail": 1.0, "util": 0.0, "br": 0.0}, "Diffusion_FE_125": {"avail": 1.0, "util": 0.0, "br": 0.0}, "Diffusion_FE_126": {"avail": 1.0, "util": 0.0, "br": 0.0}, "Diffusion_FE_127": {"avail": 1.0, "util": 0.0, "br": 0.0}, "Diffusion_FE_44": {"avail": 1.0, "util": 0.0, "br": 0.0}, "Diffusion_FE_94": {"avail": 1.0, "util": 0.0, "br": 0.0}, "EPI_36": {"avail": 1.0, "util": 0.01804803554074691, "br": 0.0}, "EPI_38": {"avail": 1.0, "util": 0.01763154241288352, "br": 0.0}, "Implant_119": {"avail": 1.0, "util": 0.031861724281549354, "br": 0.0}, "Implant_128": {"avail": 1.0, "util": 0.07078994863251423, "br": 0.0}, "Implant_132": {"avail": 1.0, "util": 0.031184922948771347, "br": 0.0}, "Implant_74": {"avail": 1.0, "util": 0.0, "br": 0.0}, "Implant_88": {"avail": 1.0, "util": 0.003470776065528252, "br": 0.0}, "Implant_90": {"avail": 1.0, "util": 0.05928085519922255, "br": 0.0}, "Implant_91": {"avail": 1.0, "util": 0.047318247026701836, "br": 0.0}, "LithoMet_BE_18": {"avail": 1.0, "util": 0.899251380300943, "br": 0.0}, "LithoMet_FE_19": {"avail": 1.0, "util": 0.9241134095361501, "br": 0.0}, "LithoTrack_BE_117": {"avail": 1.0, "util": 0.1670137442732195, "br": 0.0}, "LithoTrack_FE_115": {"avail": 1.0, "util": 0.07693417503055644, "br": 0.0}, "LithoTrack_FE_95": {"avail": 1.0, "util": 0.09709956452385203, "br": 0.0}, "LithoTrack_FE_96": {"avail": 1.0, "util": 0.0, "br": 0.0}, "Litho_BE_110": {"avail": 1.0, "util": 0.11874516570476587, "br": 0.0}, "Litho_BE_93": {"avail": 1.0, "util": 0.10930630755703642, "br": 0.0}, "Litho_BE_99": {"avail": 1.0, "util": 0.33870146698135034, "br": 0.0}, "Litho_FE_111": {"avail": 1.0, "util": 0.1682190501432484, "br": 0.0}, "Litho_FE_35": {"avail": 1.0, "util": 0.08406219630709427, "br": 0.0}, "Litho_FE_92": {"avail": 1.0, "util": 0.18369450439421287, "br": 0.0}, "Litho_FE_98": {"avail": 1.0, "util": 0.193613772039428, "br": 0.0}, "Litho_REG_BE_63": {"avail": 1.0, "util": 0.8861064834096904, "br": 0.0}, "Litho_REG_FE_64": {"avail": 1.0, "util": 0.871561452569366, "br": 0.0}, "Planar_BE_75": {"avail": 1.0, "util": 0.7031098153547133, "br": 0.0}, "Planar_FE_76": {"avail": 1.0, "util": 0.9311398028599195, "br": 0.0}, "Planar_FE_77": {"avail": 1.0, "util": 0.7111620158267389, "br": 0.0}, "Planar_FE_78": {"avail": 1.0, "util": 0.20637234485630987, "br": 0.0}, "Planar_FE_79": {"avail": 1.0, "util": 0.6452033874774399, "br": 0.0}, "Planar_FE_80": {"avail": 1.0, "util": 0.9660558100791337, "br": 0.0}, "TF_BE_2": {"avail": 1.0, "util": 0.530334582812717, "br": 0.0}, "TF_BE_23": {"avail": 1.0, "util": 0.6029212974126277, "br": 0.0}, "TF_BE_24": {"avail": 1.0, "util": 0.5790087463556852, "br": 0.0}, "TF_BE_26": {"avail": 1.0, "util": 0.5653292609560832, "br": 0.0}, "TF_BE_40": {"avail": 1.0, "util": 0.6329422925632838, "br": 0.0}, "TF_FE_103": {"avail": 1.0, "util": 0.7460086075246425, "br": 0.0}, "TF_FE_104": {"avail": 1.0, "util": 0.5816743023740109, "br": 0.0}, "TF_FE_113": {"avail": 1.0, "util": 0.6724281549354436, "br": 0.0}, "TF_FE_131": {"avail": 1.0, "util": 0.22837706511175898, "br": 0.0}, "TF_FE_3": {"avail": 1.0, "util": 0.6633347216437595, "br": 0.0}, "TF_FE_5": {"avail": 1.0, "util": 0.40361654866028046, "br": 0.0}, "TF_Met_FE_45": {"avail": 1.0, "util": 0.21255032625295017, "br": 0.0}, "TF_Met_FE_61": {"avail": 1.0, "util": 0.9598084131611828, "br": 0.0}, "WE_BE_14": {"avail": 1.0, "util": 0.040122171317506596, "br": 0.0}, "WE_BE_16": {"avail": 1.0, "util": 0.04707914911996544, "br": 0.0}, "WE_BE_17": {"avail": 1.0, "util": 0.031167569068443705, "br": 0.0}, "WE_BE_7": {"avail": 1.0, "util": 0.011522976537553797, "br": 0.0}, "WE_BE_81": {"avail": 1.0, "util": 0.05062705354250544, "br": 0.0}, "WE_BE_82": {"avail": 1.0, "util": 0.10237401082882132, "br": 0.0}, "WE_BE_9": {"avail": 1.0, "util": 0.07185498105947918, "br": 0.0}, "WE_FE_108": {"avail": 1.0, "util": 0.03333531663394221, "br": 0.0}, "WE_FE_41": {"avail": 1.0, "util": 0.034013605442176874, "br": 0.0}, "WE_FE_47": {"avail": 1.0, "util": 0.04026100236012772, "br": 0.0}, "WE_FE_8": {"avail": 1.0, "util": 0.059558517284464804, "br": 0.0}, "WE_FE_83": {"avail": 1.0, "util": 0.04902719105134765, "br": 0.0}, "WE_FE_84": {"avail": 1.0, "util": 0.036836503308806515, "br": 0.0}, "WE_FE_85": {"avail": 1.0, "util": 0.038386783284742466, "br": 0.0}}, "plugins": {"cost": 448800}}