{"lots": {}, "machines": {"DE_BE_11": {"avail": 1.0, "util": 0.7760241633106513, "br": 0.0}, "DE_BE_12": {"avail": 1.0, "util": 0.7124550602539771, "br": 0.0}, "DE_BE_13": {"avail": 1.0, "util": 0.7838726102856085, "br": 0.0}, "DE_BE_48": {"avail": 1.0, "util": 0.8294472989862519, "br": 0.0}, "DE_BE_50": {"avail": 1.0, "util": 0.8824931722445957, "br": 0.0}, "DE_BE_65": {"avail": 1.0, "util": 0.7550381074523964, "br": 0.0}, "DE_BE_66": {"avail": 1.0, "util": 0.7155365848310541, "br": 0.0}, "DE_BE_67": {"avail": 1.0, "util": 0.8067768365504792, "br": 0.0}, "DE_BE_69": {"avail": 1.0, "util": 0.8377655881127621, "br": 0.0}, "DE_FE_1": {"avail": 1.0, "util": 0.5662209613744122, "br": 0.0}, "DE_FE_51": {"avail": 1.0, "util": 0.5330546196069259, "br": 0.0}, "DE_FE_53": {"avail": 1.0, "util": 0.6850298569643105, "br": 0.0}, "DE_FE_54": {"avail": 1.0, "util": 0.814622969032079, "br": 0.0}, "DE_FE_56": {"avail": 1.0, "util": 0.7528121094292459, "br": 0.0}, "DE_FE_58": {"avail": 1.0, "util": 0.4882886636115354, "br": 0.0}, "DE_FE_59": {"avail": 1.0, "util": 0.8266444475304356, "br": 0.0}, "DE_FE_62": {"avail": 1.0, "util": 0.6363054734461484, "br": 0.0}, "DE_FE_70": {"avail": 1.0, "util": 0.8119598773674597, "br": 0.0}, "DE_FE_71": {"avail": 1.0, "util": 0.7027917749518916, "br": 0.0}, "DE_FE_72": {"avail": 1.0, "util": 0.8668626271042602, "br": 0.0}, "DE_FE_86": {"avail": 1.0, "util": 0.6576586585196501, "br": 0.0}, "DefMEt_FE_118": {"avail": 1.0, "util": 0.36803916122760727, "br": 0.0}, "DefMet_BE_33": {"avail": 1.0, "util": 0.9059158450215248, "br": 0.0}, "DefMet_BE_42": {"avail": 1.0, "util": 0.9809748646021386, "br": 0.0}, "DefMet_FE_10": {"avail": 1.0, "util": 0.6744896542146924, "br": 0.0}, "DefMet_FE_106": {"avail": 1.0, "util": 0.45361755311762253, "br": 0.0}, "DefMet_FE_34": {"avail": 1.0, "util": 0.645813081516456, "br": 0.0}, "DefMet_FE_43": {"avail": 1.0, "util": 0.9700504559551913, "br": 0.0}, "Delay_32": {"avail": 1.0, "util": 0.416197403138453, "br": 0.0}, "Dielectric_BE_20": {"avail": 1.0, "util": 0.9066240799888905, "br": 0.0}, "Dielectric_BE_21": {"avail": 1.0, "util": 0.9758453686987918, "br": 0.0}, "Dielectric_BE_27": {"avail": 1.0, "util": 0.8164514187844281, "br": 0.0}, "Dielectric_BE_28": {"avail": 1.0, "util": 0.8737328148868213, "br": 0.0}, "Dielectric_BE_60": {"avail": 1.0, "util": 0.9300965143730038, "br": 0.0}, "Dielectric_FE_112": {"avail": 1.0, "util": 0.9042632967643384, "br": 0.0}, "Dielectric_FE_130": {"avail": 1.0, "util": 0.8257186501874739, "br": 0.0}, "Dielectric_FE_29": {"avail": 1.0, "util": 0.9721566449104291, "br": 0.0}, "Dielectric_FE_30": {"avail": 1.0, "util": 0.9705943618941814, "br": 0.0}, "Dielectric_FE_31": {"avail": 1.0, "util": 0.9053430079155673, "br": 0.0}, "Diffusion_BE_123": {"avail": 1.0, "util": 0.0, "br": 0.0}, "Diffusion_FE_100": {"avail": 1.0, "util": 0.0, "br": 0.0}, "Diffusion_FE_101": {"avail": 1.0, "util": 0.0, "br": 0.0}, "Diffusion_FE_120": {"avail": 1.0, "util": 0.0, "br": 0.0}, "Diffusion_FE_122": {"avail": 1.0, "util": 0.0, "br": 0.0}, "Diffusion_FE_125": {"avail": 1.0, "util": 0.0, "br": 0.0}, "Diffusion_FE_126": {"avail": 1.0, "util": 0.0, "br": 0.0}, "Diffusion_FE_127": {"avail": 1.0, "util": 0.0, "br": 0.0}, "Diffusion_FE_44": {"avail": 1.0, "util": 0.0, "br": 0.0}, "Diffusion_FE_94": {"avail": 1.0, "util": 0.0, "br": 0.0}, "EPI_36": {"avail": 1.0, "util": 0.008957089293153728, "br": 0.0}, "EPI_38": {"avail": 1.0, "util": 0.02624635467296209, "br": 0.0}, "Implant_119": {"avail": 1.0, "util": 0.022878766837939175, "br": 0.0}, "Implant_128": {"avail": 1.0, "util": 0.056235245104846544, "br": 0.0}, "Implant_132": {"avail": 1.0, "util": 0.037746493542563535, "br": 0.0}, "Implant_74": {"avail": 1.0, "util": 0.008505763088459937, "br": 0.0}, "Implant_88": {"avail": 1.0, "util": 0.017775308984863212, "br": 0.0}, "Implant_90": {"avail": 1.0, "util": 0.03443966115817248, "br": 0.0}, "Implant_91": {"avail": 1.0, "util": 0.04660232375133083, "br": 0.0}, "LithoMet_BE_18": {"avail": 1.0, "util": 0.9534733423776611, "br": 0.0}, "LithoMet_FE_19": {"avail": 1.0, "util": 0.9530042123779104, "br": 0.0}, "LithoTrack_BE_117": {"avail": 1.0, "util": 0.12302457991945563, "br": 0.0}, "LithoTrack_FE_115": {"avail": 1.0, "util": 0.05143348826824161, "br": 0.0}, "LithoTrack_FE_95": {"avail": 1.0, "util": 0.0621158059113105, "br": 0.0}, "LithoTrack_FE_96": {"avail": 1.0, "util": 0.0037147618386335233, "br": 0.0}, "Litho_BE_110": {"avail": 1.0, "util": 0.07096732596663162, "br": 0.0}, "Litho_BE_93": {"avail": 1.0, "util": 0.06256075545063186, "br": 0.0}, "Litho_BE_99": {"avail": 1.0, "util": 0.2217516085728834, "br": 0.0}, "Litho_FE_111": {"avail": 1.0, "util": 0.10680019189254018, "br": 0.0}, "Litho_FE_35": {"avail": 1.0, "util": 0.05058325232606582, "br": 0.0}, "Litho_FE_92": {"avail": 1.0, "util": 0.10264146814625914, "br": 0.0}, "Litho_FE_98": {"avail": 1.0, "util": 0.115608943202333, "br": 0.0}, "Litho_REG_BE_63": {"avail": 1.0, "util": 0.9468997361477572, "br": 0.0}, "Litho_REG_FE_64": {"avail": 1.0, "util": 0.9509145555180829, "br": 0.0}, "Planar_BE_75": {"avail": 1.0, "util": 0.8379426468546035, "br": 0.0}, "Planar_FE_76": {"avail": 1.0, "util": 0.15361292413090777, "br": 0.0}, "Planar_FE_77": {"avail": 1.0, "util": 0.8926537980835995, "br": 0.0}, "Planar_FE_78": {"avail": 1.0, "util": 0.746042216358839, "br": 0.0}, "Planar_FE_79": {"avail": 1.0, "util": 0.952617691987224, "br": 0.0}, "Planar_FE_80": {"avail": 1.0, "util": 0.9666018608526593, "br": 0.0}, "TF_BE_2": {"avail": 1.0, "util": 0.33413761977503126, "br": 0.0}, "TF_BE_23": {"avail": 1.0, "util": 0.519664666457144, "br": 0.0}, "TF_BE_24": {"avail": 1.0, "util": 0.28579363977225386, "br": 0.0}, "TF_BE_26": {"avail": 1.0, "util": 0.6119242697773457, "br": 0.0}, "TF_BE_40": {"avail": 1.0, "util": 0.7270431190112484, "br": 0.0}, "TF_FE_103": {"avail": 1.0, "util": 0.7449659769476462, "br": 0.0}, "TF_FE_104": {"avail": 1.0, "util": 0.4677267046243577, "br": 0.0}, "TF_FE_113": {"avail": 1.0, "util": 0.49194556311623383, "br": 0.0}, "TF_FE_131": {"avail": 1.0, "util": 0.40208535851502103, "br": 0.0}, "TF_FE_3": {"avail": 1.0, "util": 0.6726496319955562, "br": 0.0}, "TF_FE_5": {"avail": 1.0, "util": 0.20229829190390222, "br": 0.0}, "TF_Met_FE_45": {"avail": 1.0, "util": 0.1060963755034023, "br": 0.0}, "TF_Met_FE_61": {"avail": 1.0, "util": 0.9918414109151507, "br": 0.0}, "WE_BE_14": {"avail": 1.0, "util": 0.042091376197750316, "br": 0.0}, "WE_BE_16": {"avail": 1.0, "util": 0.04553379931799596, "br": 0.0}, "WE_BE_17": {"avail": 1.0, "util": 0.037251770587418416, "br": 0.0}, "WE_BE_7": {"avail": 1.0, "util": 0.005693653659213998, "br": 0.0}, "WE_BE_81": {"avail": 1.0, "util": 0.058927000879507474, "br": 0.0}, "WE_BE_82": {"avail": 1.0, "util": 0.07144146646299125, "br": 0.0}, "WE_BE_9": {"avail": 1.0, "util": 0.053177138095899384, "br": 0.0}, "WE_FE_108": {"avail": 1.0, "util": 0.043866923244787435, "br": 0.0}, "WE_FE_41": {"avail": 1.0, "util": 0.03784196639355645, "br": 0.0}, "WE_FE_47": {"avail": 1.0, "util": 0.03849002453362959, "br": 0.0}, "WE_FE_8": {"avail": 1.0, "util": 0.050999861130398554, "br": 0.0}, "WE_FE_83": {"avail": 1.0, "util": 0.0462435772809332, "br": 0.0}, "WE_FE_84": {"avail": 1.0, "util": 0.042096776682250925, "br": 0.0}, "WE_FE_85": {"avail": 1.0, "util": 0.023989723649493127, "br": 0.0}}, "plugins": {"cost": 448000.0}}