{"lots": {}, "machines": {"DE_BE_11": {"avail": 1.0, "util": 0.6243692421647146, "br": 0.0}, "DE_BE_12": {"avail": 1.0, "util": 0.9424872305294508, "br": 0.0}, "DE_BE_13": {"avail": 1.0, "util": 0.8344719490499779, "br": 0.0}, "DE_BE_48": {"avail": 1.0, "util": 0.8117263089671773, "br": 0.0}, "DE_BE_50": {"avail": 1.0, "util": 0.7170912869260168, "br": 0.0}, "DE_BE_65": {"avail": 1.0, "util": 0.7449872963397663, "br": 0.0}, "DE_BE_66": {"avail": 1.0, "util": 0.7315109680594709, "br": 0.0}, "DE_BE_67": {"avail": 1.0, "util": 0.8683347993148466, "br": 0.0}, "DE_BE_69": {"avail": 1.0, "util": 0.9253043840562937, "br": 0.0}, "DE_FE_1": {"avail": 1.0, "util": 0.7529016513785737, "br": 0.0}, "DE_FE_51": {"avail": 1.0, "util": 0.5292713056656734, "br": 0.0}, "DE_FE_53": {"avail": 1.0, "util": 0.8274616915883524, "br": 0.0}, "DE_FE_54": {"avail": 1.0, "util": 0.8175547428359798, "br": 0.0}, "DE_FE_56": {"avail": 1.0, "util": 0.8988009814360446, "br": 0.0}, "DE_FE_58": {"avail": 1.0, "util": 0.7349505424131598, "br": 0.0}, "DE_FE_59": {"avail": 1.0, "util": 0.8380507075289725, "br": 0.0}, "DE_FE_62": {"avail": 1.0, "util": 0.7474191009675478, "br": 0.0}, "DE_FE_70": {"avail": 1.0, "util": 0.7611435368020711, "br": 0.0}, "DE_FE_71": {"avail": 1.0, "util": 0.7338962481895679, "br": 0.0}, "DE_FE_72": {"avail": 1.0, "util": 0.8492816690585312, "br": 0.0}, "DE_FE_86": {"avail": 1.0, "util": 0.7326831576727415, "br": 0.0}, "DefMEt_FE_118": {"avail": 1.0, "util": 0.24725707143187817, "br": 0.0}, "DefMet_BE_33": {"avail": 1.0, "util": 0.9337299199111152, "br": 0.0}, "DefMet_BE_42": {"avail": 1.0, "util": 0.9417619554650247, "br": 0.0}, "DefMet_FE_10": {"avail": 1.0, "util": 0.5374519698162122, "br": 0.0}, "DefMet_FE_106": {"avail": 1.0, "util": 0.30632841072172584, "br": 0.0}, "DefMet_FE_34": {"avail": 1.0, "util": 0.6099023193370677, "br": 0.0}, "DefMet_FE_43": {"avail": 1.0, "util": 0.9701248398993875, "br": 0.0}, "Delay_32": {"avail": 1.0, "util": 0.4039758575991852, "br": 0.0}, "Dielectric_BE_20": {"avail": 1.0, "util": 0.8938752835516873, "br": 0.0}, "Dielectric_BE_21": {"avail": 1.0, "util": 0.9607541317531596, "br": 0.0}, "Dielectric_BE_27": {"avail": 1.0, "util": 0.8026264216162832, "br": 0.0}, "Dielectric_BE_28": {"avail": 1.0, "util": 0.7371533725290496, "br": 0.0}, "Dielectric_BE_60": {"avail": 1.0, "util": 0.9332322577658442, "br": 0.0}, "Dielectric_FE_112": {"avail": 1.0, "util": 0.9369566223785936, "br": 0.0}, "Dielectric_FE_130": {"avail": 1.0, "util": 0.9716795518725985, "br": 0.0}, "Dielectric_FE_29": {"avail": 1.0, "util": 0.9079826551239911, "br": 0.0}, "Dielectric_FE_30": {"avail": 1.0, "util": 0.9272487384843294, "br": 0.0}, "Dielectric_FE_31": {"avail": 1.0, "util": 0.960499513911393, "br": 0.0}, "Diffusion_BE_123": {"avail": 1.0, "util": 0.0, "br": 0.0}, "Diffusion_FE_100": {"avail": 1.0, "util": 0.0, "br": 0.0}, "Diffusion_FE_101": {"avail": 1.0, "util": 0.0, "br": 0.0}, "Diffusion_FE_120": {"avail": 1.0, "util": 0.0, "br": 0.0}, "Diffusion_FE_122": {"avail": 1.0, "util": 0.0, "br": 0.0}, "Diffusion_FE_125": {"avail": 1.0, "util": 0.0, "br": 0.0}, "Diffusion_FE_126": {"avail": 1.0, "util": 0.0, "br": 0.0}, "Diffusion_FE_127": {"avail": 1.0, "util": 0.8843160553266566, "br": 0.0}, "Diffusion_FE_44": {"avail": 1.0, "util": 0.0, "br": 0.0}, "Diffusion_FE_94": {"avail": 1.0, "util": 0.0, "br": 0.0}, "EPI_36": {"avail": 1.0, "util": 0.01326327484838665, "br": 0.0}, "EPI_38": {"avail": 1.0, "util": 0.029257904726633026, "br": 0.0}, "Implant_119": {"avail": 1.0, "util": 0.016943660015740013, "br": 0.0}, "Implant_128": {"avail": 1.0, "util": 0.04448868107957965, "br": 0.0}, "Implant_132": {"avail": 1.0, "util": 0.03411879079672237, "br": 0.0}, "Implant_74": {"avail": 1.0, "util": 0.005647886671913337, "br": 0.0}, "Implant_88": {"avail": 1.0, "util": 0.024906254340076848, "br": 0.0}, "Implant_90": {"avail": 1.0, "util": 0.04083144298875052, "br": 0.0}, "Implant_91": {"avail": 1.0, "util": 0.03663410644568924, "br": 0.0}, "LithoMet_BE_18": {"avail": 1.0, "util": 0.9698197733010936, "br": 0.0}, "LithoMet_FE_19": {"avail": 1.0, "util": 0.9699679541585009, "br": 0.0}, "LithoTrack_BE_117": {"avail": 1.0, "util": 0.08212582750798574, "br": 0.0}, "LithoTrack_FE_115": {"avail": 1.0, "util": 0.04132161637396962, "br": 0.0}, "LithoTrack_FE_95": {"avail": 1.0, "util": 0.046373514453695926, "br": 0.0}, "LithoTrack_FE_96": {"avail": 1.0, "util": 0.002476737188093144, "br": 0.0}, "Litho_BE_110": {"avail": 1.0, "util": 0.05262653184045712, "br": 0.0}, "Litho_BE_93": {"avail": 1.0, "util": 0.05112417634986034, "br": 0.0}, "Litho_BE_99": {"avail": 1.0, "util": 0.14733885776893044, "br": 0.0}, "Litho_FE_111": {"avail": 1.0, "util": 0.08474986427396039, "br": 0.0}, "Litho_FE_35": {"avail": 1.0, "util": 0.042011943891486506, "br": 0.0}, "Litho_FE_92": {"avail": 1.0, "util": 0.07784572263068629, "br": 0.0}, "Litho_FE_98": {"avail": 1.0, "util": 0.08398685246053424, "br": 0.0}, "Litho_REG_BE_63": {"avail": 1.0, "util": 0.9713612795703903, "br": 0.0}, "Litho_REG_FE_64": {"avail": 1.0, "util": 0.9635334342986767, "br": 0.0}, "Planar_BE_75": {"avail": 1.0, "util": 0.664719225961761, "br": 0.0}, "Planar_FE_76": {"avail": 1.0, "util": 0.25947872783667425, "br": 0.0}, "Planar_FE_77": {"avail": 1.0, "util": 0.9607657052914217, "br": 0.0}, "Planar_FE_78": {"avail": 1.0, "util": 0.7057312161474005, "br": 0.0}, "Planar_FE_79": {"avail": 1.0, "util": 0.8705800657376974, "br": 0.0}, "Planar_FE_80": {"avail": 1.0, "util": 0.9660663858154716, "br": 0.0}, "TF_BE_2": {"avail": 1.0, "util": 0.22044118327855192, "br": 0.0}, "TF_BE_23": {"avail": 1.0, "util": 0.35750537864962395, "br": 0.0}, "TF_BE_24": {"avail": 1.0, "util": 0.1930929123651683, "br": 0.0}, "TF_BE_26": {"avail": 1.0, "util": 0.6014258599138929, "br": 0.0}, "TF_BE_40": {"avail": 1.0, "util": 0.5161412280295665, "br": 0.0}, "TF_FE_103": {"avail": 1.0, "util": 0.7448382019350956, "br": 0.0}, "TF_FE_104": {"avail": 1.0, "util": 0.31155039118559325, "br": 0.0}, "TF_FE_113": {"avail": 1.0, "util": 0.33185963612795705, "br": 0.0}, "TF_FE_131": {"avail": 1.0, "util": 0.5376371464284061, "br": 0.0}, "TF_FE_3": {"avail": 1.0, "util": 0.894796537197352, "br": 0.0}, "TF_FE_5": {"avail": 1.0, "util": 0.31265913615110413, "br": 0.0}, "TF_Met_FE_45": {"avail": 1.0, "util": 0.0711772603120226, "br": 0.0}, "TF_Met_FE_61": {"avail": 1.0, "util": 0.9771306883940558, "br": 0.0}, "WE_BE_14": {"avail": 1.0, "util": 0.041581408268135736, "br": 0.0}, "WE_BE_16": {"avail": 1.0, "util": 0.04552258383099548, "br": 0.0}, "WE_BE_17": {"avail": 1.0, "util": 0.05094671542984121, "br": 0.0}, "WE_BE_7": {"avail": 1.0, "util": 0.014906717281607333, "br": 0.0}, "WE_BE_81": {"avail": 1.0, "util": 0.04516766199095721, "br": 0.0}, "WE_BE_82": {"avail": 1.0, "util": 0.05399287070043053, "br": 0.0}, "WE_BE_9": {"avail": 1.0, "util": 0.04809301156692481, "br": 0.0}, "WE_FE_108": {"avail": 1.0, "util": 0.04279696045817985, "br": 0.0}, "WE_FE_41": {"avail": 1.0, "util": 0.04188694967825563, "br": 0.0}, "WE_FE_47": {"avail": 1.0, "util": 0.037845470117124205, "br": 0.0}, "WE_FE_8": {"avail": 1.0, "util": 0.051571686495995556, "br": 0.0}, "WE_FE_83": {"avail": 1.0, "util": 0.0387019119485209, "br": 0.0}, "WE_FE_84": {"avail": 1.0, "util": 0.03636662911696475, "br": 0.0}, "WE_FE_85": {"avail": 1.0, "util": 0.02240637007545947, "br": 0.0}}, "plugins": {"cost": 447200.0}}