{"lots": {}, "machines": {"DE_BE_11": {"avail": 1.0, "util": 0.7722237650035484, "br": 0.0}, "DE_BE_12": {"avail": 1.0, "util": 0.0, "br": 0.0}, "DE_BE_13": {"avail": 1.0, "util": 0.8386772904962296, "br": 0.0}, "DE_BE_48": {"avail": 1.0, "util": 0.35348766756709, "br": 0.0}, "DE_BE_50": {"avail": 1.0, "util": 0.45401277422938074, "br": 0.0}, "DE_BE_65": {"avail": 1.0, "util": 0.6565979147206584, "br": 0.0}, "DE_BE_66": {"avail": 1.0, "util": 0.6743388274498914, "br": 0.0}, "DE_BE_67": {"avail": 1.0, "util": 0.4162858801847971, "br": 0.0}, "DE_BE_69": {"avail": 1.0, "util": 0.181477367397945, "br": 0.0}, "DE_FE_1": {"avail": 1.0, "util": 0.0, "br": 0.0}, "DE_FE_51": {"avail": 1.0, "util": 0.02945709525131908, "br": 0.0}, "DE_FE_53": {"avail": 1.0, "util": 0.0, "br": 0.0}, "DE_FE_54": {"avail": 1.0, "util": 0.8132926039063223, "br": 0.0}, "DE_FE_56": {"avail": 1.0, "util": 0.5995556789780616, "br": 0.0}, "DE_FE_58": {"avail": 1.0, "util": 0.7320883088031103, "br": 0.0}, "DE_FE_59": {"avail": 1.0, "util": 0.5992432657595113, "br": 0.0}, "DE_FE_62": {"avail": 1.0, "util": 0.0937239655651208, "br": 0.0}, "DE_FE_70": {"avail": 1.0, "util": 0.21531897705182904, "br": 0.0}, "DE_FE_71": {"avail": 1.0, "util": 0.363016446048937, "br": 0.0}, "DE_FE_72": {"avail": 1.0, "util": 0.09502410946454268, "br": 0.0}, "DE_FE_86": {"avail": 1.0, "util": 0.21857746671122427, "br": 0.0}, "DefMEt_FE_118": {"avail": 1.0, "util": 0.6199666759233546, "br": 0.0}, "DefMet_BE_33": {"avail": 1.0, "util": 0.7654123854484866, "br": 0.0}, "DefMet_BE_42": {"avail": 1.0, "util": 0.9086364898639266, "br": 0.0}, "DefMet_FE_10": {"avail": 1.0, "util": 0.3574701471813385, "br": 0.0}, "DefMet_FE_106": {"avail": 1.0, "util": 0.26339905581782835, "br": 0.0}, "DefMet_FE_34": {"avail": 1.0, "util": 0.5152735351291308, "br": 0.0}, "DefMet_FE_43": {"avail": 1.0, "util": 0.6272979727853374, "br": 0.0}, "Delay_32": {"avail": 1.0, "util": 0.09876353790613718, "br": 0.0}, "Dielectric_BE_20": {"avail": 1.0, "util": 0.7073590669258539, "br": 0.0}, "Dielectric_BE_21": {"avail": 1.0, "util": 0.8917893177820976, "br": 0.0}, "Dielectric_BE_27": {"avail": 1.0, "util": 0.8424743126909192, "br": 0.0}, "Dielectric_BE_28": {"avail": 1.0, "util": 0.7061464408034805, "br": 0.0}, "Dielectric_BE_60": {"avail": 1.0, "util": 0.7422243821160789, "br": 0.0}, "Dielectric_FE_112": {"avail": 1.0, "util": 0.6654941528587738, "br": 0.0}, "Dielectric_FE_130": {"avail": 1.0, "util": 0.8643779505692863, "br": 0.0}, "Dielectric_FE_29": {"avail": 1.0, "util": 0.7758955845598445, "br": 0.0}, "Dielectric_FE_30": {"avail": 1.0, "util": 0.8294223826714802, "br": 0.0}, "Dielectric_FE_31": {"avail": 1.0, "util": 0.4229033601777284, "br": 0.0}, "Diffusion_BE_123": {"avail": 1.0, "util": 0.0, "br": 0.0}, "Diffusion_FE_100": {"avail": 1.0, "util": 0.0, "br": 0.0}, "Diffusion_FE_101": {"avail": 1.0, "util": 0.0, "br": 0.0}, "Diffusion_FE_120": {"avail": 1.0, "util": 0.0, "br": 0.0}, "Diffusion_FE_122": {"avail": 1.0, "util": 0.0, "br": 0.0}, "Diffusion_FE_125": {"avail": 1.0, "util": 0.0, "br": 0.0}, "Diffusion_FE_126": {"avail": 1.0, "util": 0.0, "br": 0.0}, "Diffusion_FE_127": {"avail": 1.0, "util": 0.0, "br": 0.0}, "Diffusion_FE_44": {"avail": 1.0, "util": 0.0, "br": 0.0}, "Diffusion_FE_94": {"avail": 1.0, "util": 0.0, "br": 0.0}, "EPI_36": {"avail": 1.0, "util": 0.018050541516245487, "br": 0.0}, "EPI_38": {"avail": 1.0, "util": 0.60774784782005, "br": 0.0}, "Implant_119": {"avail": 1.0, "util": 0.0663704526520411, "br": 0.0}, "Implant_128": {"avail": 1.0, "util": 0.03976168236096034, "br": 0.0}, "Implant_132": {"avail": 1.0, "util": 0.036378783671202446, "br": 0.0}, "Implant_74": {"avail": 1.0, "util": 0.03367120244376562, "br": 0.0}, "Implant_88": {"avail": 1.0, "util": 0.0, "br": 0.0}, "Implant_90": {"avail": 1.0, "util": 0.05609552901971675, "br": 0.0}, "Implant_91": {"avail": 1.0, "util": 0.05552029198238584, "br": 0.0}, "LithoMet_BE_18": {"avail": 1.0, "util": 0.9027037944005453, "br": 0.0}, "LithoMet_FE_19": {"avail": 1.0, "util": 0.8981830443924306, "br": 0.0}, "LithoTrack_BE_117": {"avail": 1.0, "util": 0.1241044154401555, "br": 0.0}, "LithoTrack_FE_115": {"avail": 1.0, "util": 0.07273386119031977, "br": 0.0}, "LithoTrack_FE_95": {"avail": 1.0, "util": 0.13156067758955844, "br": 0.0}, "LithoTrack_FE_96": {"avail": 1.0, "util": 0.030547070258261595, "br": 0.0}, "Litho_BE_110": {"avail": 1.0, "util": 0.11108629245499439, "br": 0.0}, "Litho_BE_93": {"avail": 1.0, "util": 0.13034573729519577, "br": 0.0}, "Litho_BE_99": {"avail": 1.0, "util": 0.22771452374340462, "br": 0.0}, "Litho_FE_111": {"avail": 1.0, "util": 0.16546792557622883, "br": 0.0}, "Litho_FE_35": {"avail": 1.0, "util": 0.0672035545681755, "br": 0.0}, "Litho_FE_92": {"avail": 1.0, "util": 0.1276675282506996, "br": 0.0}, "Litho_FE_98": {"avail": 1.0, "util": 0.02284087753401833, "br": 0.0}, "Litho_REG_BE_63": {"avail": 1.0, "util": 0.907716606498195, "br": 0.0}, "Litho_REG_FE_64": {"avail": 1.0, "util": 0.8734726464870869, "br": 0.0}, "Planar_BE_75": {"avail": 1.0, "util": 0.7101697941048121, "br": 0.0}, "Planar_FE_76": {"avail": 1.0, "util": 0.9249514023882255, "br": 0.0}, "Planar_FE_77": {"avail": 1.0, "util": 0.7240349902804777, "br": 0.0}, "Planar_FE_78": {"avail": 1.0, "util": 0.4273812829769508, "br": 0.0}, "Planar_FE_79": {"avail": 1.0, "util": 0.3184184948625382, "br": 0.0}, "Planar_FE_80": {"avail": 1.0, "util": 0.4847264648708692, "br": 0.0}, "TF_BE_2": {"avail": 1.0, "util": 0.5305470702582616, "br": 0.0}, "TF_BE_23": {"avail": 1.0, "util": 0.610336414488039, "br": 0.0}, "TF_BE_24": {"avail": 1.0, "util": 0.7245903915579006, "br": 0.0}, "TF_BE_26": {"avail": 1.0, "util": 0.5803622925255805, "br": 0.0}, "TF_BE_40": {"avail": 1.0, "util": 0.590350719571361, "br": 0.0}, "TF_FE_103": {"avail": 1.0, "util": 0.7231522989645733, "br": 0.0}, "TF_FE_104": {"avail": 1.0, "util": 0.5615384615384615, "br": 0.0}, "TF_FE_113": {"avail": 1.0, "util": 0.21605109691752292, "br": 0.0}, "TF_FE_131": {"avail": 1.0, "util": 0.7120475793760993, "br": 0.0}, "TF_FE_3": {"avail": 1.0, "util": 0.674858835508655, "br": 0.0}, "TF_FE_5": {"avail": 1.0, "util": 0.5404980098120892, "br": 0.0}, "TF_Met_FE_45": {"avail": 1.0, "util": 0.177311857817273, "br": 0.0}, "TF_Met_FE_61": {"avail": 1.0, "util": 0.9564009997222994, "br": 0.0}, "WE_BE_14": {"avail": 1.0, "util": 0.04140516523188003, "br": 0.0}, "WE_BE_16": {"avail": 1.0, "util": 0.03764579283532352, "br": 0.0}, "WE_BE_17": {"avail": 1.0, "util": 0.03256039988891975, "br": 0.0}, "WE_BE_7": {"avail": 1.0, "util": 0.03429602888086643, "br": 0.0}, "WE_BE_81": {"avail": 1.0, "util": 0.05308710543367583, "br": 0.0}, "WE_BE_82": {"avail": 1.0, "util": 0.055169860224011845, "br": 0.0}, "WE_BE_9": {"avail": 1.0, "util": 0.07186892529852819, "br": 0.0}, "WE_FE_108": {"avail": 1.0, "util": 0.032811766846374095, "br": 0.0}, "WE_FE_41": {"avail": 1.0, "util": 0.027048042210497086, "br": 0.0}, "WE_FE_47": {"avail": 1.0, "util": 0.0376562066092752, "br": 0.0}, "WE_FE_8": {"avail": 1.0, "util": 0.02638156067758956, "br": 0.0}, "WE_FE_83": {"avail": 1.0, "util": 0.054683884106266775, "br": 0.0}, "WE_FE_84": {"avail": 1.0, "util": 0.03599490337651306, "br": 0.0}, "WE_FE_85": {"avail": 1.0, "util": 0.047486809219661204, "br": 0.0}}, "plugins": {"cost": 429200}}