{"lots": {}, "machines": {"DE_BE_11": {"avail": 1.0, "util": 0.6582865486252494, "br": 0.0}, "DE_BE_12": {"avail": 1.0, "util": 0.930461912694006, "br": 0.0}, "DE_BE_13": {"avail": 1.0, "util": 0.6376300915445835, "br": 0.0}, "DE_BE_48": {"avail": 1.0, "util": 0.764827621018626, "br": 0.0}, "DE_BE_50": {"avail": 1.0, "util": 0.7752267258930224, "br": 0.0}, "DE_BE_65": {"avail": 1.0, "util": 0.6440782057106321, "br": 0.0}, "DE_BE_66": {"avail": 1.0, "util": 0.7315434780241914, "br": 0.0}, "DE_BE_67": {"avail": 1.0, "util": 0.6001295576531557, "br": 0.0}, "DE_BE_69": {"avail": 1.0, "util": 0.37105928804984883, "br": 0.0}, "DE_FE_1": {"avail": 1.0, "util": 0.7593929298537849, "br": 0.0}, "DE_FE_51": {"avail": 1.0, "util": 0.4901582454192115, "br": 0.0}, "DE_FE_53": {"avail": 1.0, "util": 0.18204701091985934, "br": 0.0}, "DE_FE_54": {"avail": 1.0, "util": 0.543771978530446, "br": 0.0}, "DE_FE_56": {"avail": 1.0, "util": 0.7971960022209883, "br": 0.0}, "DE_FE_58": {"avail": 1.0, "util": 0.9876920229502129, "br": 0.0}, "DE_FE_59": {"avail": 1.0, "util": 0.6910049972237646, "br": 0.0}, "DE_FE_62": {"avail": 1.0, "util": 0.8644271700906904, "br": 0.0}, "DE_FE_70": {"avail": 1.0, "util": 0.6992748136557131, "br": 0.0}, "DE_FE_71": {"avail": 1.0, "util": 0.7391469759598577, "br": 0.0}, "DE_FE_72": {"avail": 1.0, "util": 0.3108458263927448, "br": 0.0}, "DE_FE_86": {"avail": 1.0, "util": 0.7776164842507458, "br": 0.0}, "DefMEt_FE_118": {"avail": 1.0, "util": 0.41180825467332965, "br": 0.0}, "DefMet_BE_33": {"avail": 1.0, "util": 0.8752082176568573, "br": 0.0}, "DefMet_BE_42": {"avail": 1.0, "util": 0.9315195261891541, "br": 0.0}, "DefMet_FE_10": {"avail": 1.0, "util": 0.2013696094762169, "br": 0.0}, "DefMet_FE_106": {"avail": 1.0, "util": 0.17305200814362393, "br": 0.0}, "DefMet_FE_34": {"avail": 1.0, "util": 0.7059503979270776, "br": 0.0}, "DefMet_FE_43": {"avail": 1.0, "util": 0.7741810105496946, "br": 0.0}, "Delay_32": {"avail": 1.0, "util": 0.18892582824356838, "br": 0.0}, "Dielectric_BE_20": {"avail": 1.0, "util": 0.779011660188784, "br": 0.0}, "Dielectric_BE_21": {"avail": 1.0, "util": 0.8428188043679438, "br": 0.0}, "Dielectric_BE_27": {"avail": 1.0, "util": 0.847121969276328, "br": 0.0}, "Dielectric_BE_28": {"avail": 1.0, "util": 0.9540070331297428, "br": 0.0}, "Dielectric_BE_60": {"avail": 1.0, "util": 0.8579492874329077, "br": 0.0}, "Dielectric_FE_112": {"avail": 1.0, "util": 0.6106484052069838, "br": 0.0}, "Dielectric_FE_130": {"avail": 1.0, "util": 0.5840505274847307, "br": 0.0}, "Dielectric_FE_29": {"avail": 1.0, "util": 0.7792275896107101, "br": 0.0}, "Dielectric_FE_30": {"avail": 1.0, "util": 0.9359152322783638, "br": 0.0}, "Dielectric_FE_31": {"avail": 1.0, "util": 0.3871923005737553, "br": 0.0}, "Diffusion_BE_123": {"avail": 1.0, "util": 0.0, "br": 0.0}, "Diffusion_FE_100": {"avail": 1.0, "util": 0.0, "br": 0.0}, "Diffusion_FE_101": {"avail": 1.0, "util": 0.0, "br": 0.0}, "Diffusion_FE_120": {"avail": 1.0, "util": 0.0, "br": 0.0}, "Diffusion_FE_122": {"avail": 1.0, "util": 0.0, "br": 0.0}, "Diffusion_FE_125": {"avail": 1.0, "util": 0.0, "br": 0.0}, "Diffusion_FE_126": {"avail": 1.0, "util": 0.0, "br": 0.0}, "Diffusion_FE_127": {"avail": 1.0, "util": 0.0, "br": 0.0}, "Diffusion_FE_44": {"avail": 1.0, "util": 0.0, "br": 0.0}, "Diffusion_FE_94": {"avail": 1.0, "util": 0.0, "br": 0.0}, "EPI_36": {"avail": 1.0, "util": 0.011891541736072552, "br": 0.0}, "EPI_38": {"avail": 1.0, "util": 0.4069035720895799, "br": 0.0}, "Implant_119": {"avail": 1.0, "util": 0.057005367388487875, "br": 0.0}, "Implant_128": {"avail": 1.0, "util": 0.03759695791900123, "br": 0.0}, "Implant_132": {"avail": 1.0, "util": 0.04021575315301023, "br": 0.0}, "Implant_74": {"avail": 1.0, "util": 0.02258004812141403, "br": 0.0}, "Implant_88": {"avail": 1.0, "util": 0.0, "br": 0.0}, "Implant_90": {"avail": 1.0, "util": 0.05640384971312234, "br": 0.0}, "Implant_91": {"avail": 1.0, "util": 0.04987969646492689, "br": 0.0}, "LithoMet_BE_18": {"avail": 1.0, "util": 0.9269345313209834, "br": 0.0}, "LithoMet_FE_19": {"avail": 1.0, "util": 0.9349766003014198, "br": 0.0}, "LithoTrack_BE_117": {"avail": 1.0, "util": 0.09594669627984452, "br": 0.0}, "LithoTrack_FE_115": {"avail": 1.0, "util": 0.05711145118114146, "br": 0.0}, "LithoTrack_FE_95": {"avail": 1.0, "util": 0.09816537109013512, "br": 0.0}, "LithoTrack_FE_96": {"avail": 1.0, "util": 0.020173977419951878, "br": 0.0}, "Litho_BE_110": {"avail": 1.0, "util": 0.08648576877580089, "br": 0.0}, "Litho_BE_93": {"avail": 1.0, "util": 0.09272626318711827, "br": 0.0}, "Litho_BE_99": {"avail": 1.0, "util": 0.16515516071318403, "br": 0.0}, "Litho_FE_111": {"avail": 1.0, "util": 0.12246437164538218, "br": 0.0}, "Litho_FE_35": {"avail": 1.0, "util": 0.07787340366463076, "br": 0.0}, "Litho_FE_92": {"avail": 1.0, "util": 0.09202152650237047, "br": 0.0}, "Litho_FE_98": {"avail": 1.0, "util": 0.0424069961132704, "br": 0.0}, "Litho_REG_BE_63": {"avail": 1.0, "util": 0.9093906163242643, "br": 0.0}, "Litho_REG_FE_64": {"avail": 1.0, "util": 0.9369871676229256, "br": 0.0}, "Planar_BE_75": {"avail": 1.0, "util": 0.7568480473810846, "br": 0.0}, "Planar_FE_76": {"avail": 1.0, "util": 0.9323061262261706, "br": 0.0}, "Planar_FE_77": {"avail": 1.0, "util": 0.9551637978900611, "br": 0.0}, "Planar_FE_78": {"avail": 1.0, "util": 0.28285211919304093, "br": 0.0}, "Planar_FE_79": {"avail": 1.0, "util": 0.3199611327040533, "br": 0.0}, "Planar_FE_80": {"avail": 1.0, "util": 0.42952989080140663, "br": 0.0}, "TF_BE_2": {"avail": 1.0, "util": 0.6256246529705719, "br": 0.0}, "TF_BE_23": {"avail": 1.0, "util": 0.6659395573887522, "br": 0.0}, "TF_BE_24": {"avail": 1.0, "util": 0.9584490098093652, "br": 0.0}, "TF_BE_26": {"avail": 1.0, "util": 0.7843292188100628, "br": 0.0}, "TF_BE_40": {"avail": 1.0, "util": 0.8222610532275098, "br": 0.0}, "TF_FE_103": {"avail": 1.0, "util": 0.9751857433700855, "br": 0.0}, "TF_FE_104": {"avail": 1.0, "util": 0.6826577827133075, "br": 0.0}, "TF_FE_113": {"avail": 1.0, "util": 0.14991671293725709, "br": 0.0}, "TF_FE_131": {"avail": 1.0, "util": 0.9517089271392436, "br": 0.0}, "TF_FE_3": {"avail": 1.0, "util": 0.5960885927571102, "br": 0.0}, "TF_FE_5": {"avail": 1.0, "util": 0.48118329323215503, "br": 0.0}, "TF_Met_FE_45": {"avail": 1.0, "util": 0.11720340551545438, "br": 0.0}, "TF_Met_FE_61": {"avail": 1.0, "util": 0.9725152692948362, "br": 0.0}, "WE_BE_14": {"avail": 1.0, "util": 0.04528965389598371, "br": 0.0}, "WE_BE_16": {"avail": 1.0, "util": 0.03782620766240977, "br": 0.0}, "WE_BE_17": {"avail": 1.0, "util": 0.041597260781047564, "br": 0.0}, "WE_BE_7": {"avail": 1.0, "util": 0.02258004812141403, "br": 0.0}, "WE_BE_81": {"avail": 1.0, "util": 0.05281016719106669, "br": 0.0}, "WE_BE_82": {"avail": 1.0, "util": 0.05294383778559236, "br": 0.0}, "WE_BE_9": {"avail": 1.0, "util": 0.05409957431056821, "br": 0.0}, "WE_FE_108": {"avail": 1.0, "util": 0.0391130087371639, "br": 0.0}, "WE_FE_41": {"avail": 1.0, "util": 0.03581343697945586, "br": 0.0}, "WE_FE_47": {"avail": 1.0, "util": 0.0391079030168425, "br": 0.0}, "WE_FE_8": {"avail": 1.0, "util": 0.021654636313159357, "br": 0.0}, "WE_FE_83": {"avail": 1.0, "util": 0.0416435313714603, "br": 0.0}, "WE_FE_84": {"avail": 1.0, "util": 0.04309697227030734, "br": 0.0}, "WE_FE_85": {"avail": 1.0, "util": 0.03410142513418471, "br": 0.0}}, "plugins": {"cost": 429200}}