{"lots": {}, "machines": {"DE_BE_11": {"avail": 1.0, "util": 0.6789244724176231, "br": 0.0}, "DE_BE_12": {"avail": 1.0, "util": 0.9497202682134188, "br": 0.0}, "DE_BE_13": {"avail": 1.0, "util": 0.7889141587771724, "br": 0.0}, "DE_BE_48": {"avail": 1.0, "util": 0.6817475009255831, "br": 0.0}, "DE_BE_50": {"avail": 1.0, "util": 0.8869657328561438, "br": 0.0}, "DE_BE_65": {"avail": 1.0, "util": 0.7371343946686413, "br": 0.0}, "DE_BE_66": {"avail": 1.0, "util": 0.6700296186597556, "br": 0.0}, "DE_BE_67": {"avail": 1.0, "util": 0.7196316179192891, "br": 0.0}, "DE_BE_69": {"avail": 1.0, "util": 0.741068122917438, "br": 0.0}, "DE_FE_1": {"avail": 1.0, "util": 0.7596657322684719, "br": 0.0}, "DE_FE_51": {"avail": 1.0, "util": 0.673751437089577, "br": 0.0}, "DE_FE_53": {"avail": 1.0, "util": 0.7319326175490559, "br": 0.0}, "DE_FE_54": {"avail": 1.0, "util": 0.5469270640503517, "br": 0.0}, "DE_FE_56": {"avail": 1.0, "util": 0.594687152906331, "br": 0.0}, "DE_FE_58": {"avail": 1.0, "util": 0.6510243119832161, "br": 0.0}, "DE_FE_59": {"avail": 1.0, "util": 0.7354806861656177, "br": 0.0}, "DE_FE_62": {"avail": 1.0, "util": 0.8137065637065637, "br": 0.0}, "DE_FE_70": {"avail": 1.0, "util": 0.7425597357104207, "br": 0.0}, "DE_FE_71": {"avail": 1.0, "util": 0.7798996403448458, "br": 0.0}, "DE_FE_72": {"avail": 1.0, "util": 0.8694413591673866, "br": 0.0}, "DE_FE_86": {"avail": 1.0, "util": 0.7645350830282337, "br": 0.0}, "DefMEt_FE_118": {"avail": 1.0, "util": 0.4940762680488708, "br": 0.0}, "DefMet_BE_33": {"avail": 1.0, "util": 0.9045723805997778, "br": 0.0}, "DefMet_BE_42": {"avail": 1.0, "util": 0.8781007034431692, "br": 0.0}, "DefMet_FE_10": {"avail": 1.0, "util": 0.8182154757497223, "br": 0.0}, "DefMet_FE_106": {"avail": 1.0, "util": 0.5208256201406887, "br": 0.0}, "DefMet_FE_34": {"avail": 1.0, "util": 0.7038134024435394, "br": 0.0}, "DefMet_FE_43": {"avail": 1.0, "util": 0.9366592620017277, "br": 0.0}, "Delay_32": {"avail": 1.0, "util": 0.21622593483894853, "br": 0.0}, "Dielectric_BE_20": {"avail": 1.0, "util": 0.9308589411329138, "br": 0.0}, "Dielectric_BE_21": {"avail": 1.0, "util": 0.8664499259533506, "br": 0.0}, "Dielectric_BE_27": {"avail": 1.0, "util": 0.7927064050351721, "br": 0.0}, "Dielectric_BE_28": {"avail": 1.0, "util": 0.8465845982969271, "br": 0.0}, "Dielectric_BE_60": {"avail": 1.0, "util": 0.8821038504257682, "br": 0.0}, "Dielectric_FE_112": {"avail": 1.0, "util": 0.8076915957052943, "br": 0.0}, "Dielectric_FE_130": {"avail": 1.0, "util": 0.857830433172899, "br": 0.0}, "Dielectric_FE_29": {"avail": 1.0, "util": 0.7728619029988893, "br": 0.0}, "Dielectric_FE_30": {"avail": 1.0, "util": 0.9237782302850795, "br": 0.0}, "Dielectric_FE_31": {"avail": 1.0, "util": 0.8786097741577193, "br": 0.0}, "Diffusion_BE_123": {"avail": 1.0, "util": 0.0, "br": 0.0}, "Diffusion_FE_100": {"avail": 1.0, "util": 0.0, "br": 0.0}, "Diffusion_FE_101": {"avail": 1.0, "util": 0.0, "br": 0.0}, "Diffusion_FE_120": {"avail": 1.0, "util": 0.0, "br": 0.0}, "Diffusion_FE_122": {"avail": 1.0, "util": 0.0, "br": 0.0}, "Diffusion_FE_125": {"avail": 1.0, "util": 0.0, "br": 0.0}, "Diffusion_FE_126": {"avail": 1.0, "util": 0.0, "br": 0.0}, "Diffusion_FE_127": {"avail": 1.0, "util": 0.0, "br": 0.0}, "Diffusion_FE_44": {"avail": 1.0, "util": 0.0, "br": 0.0}, "Diffusion_FE_94": {"avail": 1.0, "util": 0.0, "br": 0.0}, "EPI_36": {"avail": 1.0, "util": 0.012032580525731211, "br": 0.0}, "EPI_38": {"avail": 1.0, "util": 0.011847463902258423, "br": 0.0}, "Implant_119": {"avail": 1.0, "util": 0.02758237689744539, "br": 0.0}, "Implant_128": {"avail": 1.0, "util": 0.06199555720103665, "br": 0.0}, "Implant_132": {"avail": 1.0, "util": 0.04144298407997038, "br": 0.0}, "Implant_74": {"avail": 1.0, "util": 0.011338393187708256, "br": 0.0}, "Implant_88": {"avail": 1.0, "util": 0.002360236949278045, "br": 0.0}, "Implant_90": {"avail": 1.0, "util": 0.04211403184005924, "br": 0.0}, "Implant_91": {"avail": 1.0, "util": 0.04964210786128595, "br": 0.0}, "LithoMet_BE_18": {"avail": 1.0, "util": 0.9603636829664227, "br": 0.0}, "LithoMet_FE_19": {"avail": 1.0, "util": 0.9744384795754659, "br": 0.0}, "LithoTrack_BE_117": {"avail": 1.0, "util": 0.13924472417623104, "br": 0.0}, "LithoTrack_FE_115": {"avail": 1.0, "util": 0.06032442595698035, "br": 0.0}, "LithoTrack_FE_95": {"avail": 1.0, "util": 0.07747130692336172, "br": 0.0}, "LithoTrack_FE_96": {"avail": 1.0, "util": 0.0, "br": 0.0}, "Litho_BE_110": {"avail": 1.0, "util": 0.09086251123922356, "br": 0.0}, "Litho_BE_93": {"avail": 1.0, "util": 0.0806182895223991, "br": 0.0}, "Litho_BE_99": {"avail": 1.0, "util": 0.2608910280143157, "br": 0.0}, "Litho_FE_111": {"avail": 1.0, "util": 0.13326714011645518, "br": 0.0}, "Litho_FE_35": {"avail": 1.0, "util": 0.061458718992965566, "br": 0.0}, "Litho_FE_92": {"avail": 1.0, "util": 0.1302071062345035, "br": 0.0}, "Litho_FE_98": {"avail": 1.0, "util": 0.15014809329877823, "br": 0.0}, "Litho_REG_BE_63": {"avail": 1.0, "util": 0.9369793594964828, "br": 0.0}, "Litho_REG_FE_64": {"avail": 1.0, "util": 0.9573835087533719, "br": 0.0}, "Planar_BE_75": {"avail": 1.0, "util": 0.7385968159940763, "br": 0.0}, "Planar_FE_76": {"avail": 1.0, "util": 0.7264593360483772, "br": 0.0}, "Planar_FE_77": {"avail": 1.0, "util": 0.9559422436134765, "br": 0.0}, "Planar_FE_78": {"avail": 1.0, "util": 0.7113106256941873, "br": 0.0}, "Planar_FE_79": {"avail": 1.0, "util": 0.8376712328767124, "br": 0.0}, "Planar_FE_80": {"avail": 1.0, "util": 0.8574601999259533, "br": 0.0}, "TF_BE_2": {"avail": 1.0, "util": 0.356210662717512, "br": 0.0}, "TF_BE_23": {"avail": 1.0, "util": 0.6476938365907364, "br": 0.0}, "TF_BE_24": {"avail": 1.0, "util": 0.3809700111069974, "br": 0.0}, "TF_BE_26": {"avail": 1.0, "util": 0.6274466247068987, "br": 0.0}, "TF_BE_40": {"avail": 1.0, "util": 0.8458942675552265, "br": 0.0}, "TF_FE_103": {"avail": 1.0, "util": 0.8650037023324695, "br": 0.0}, "TF_FE_104": {"avail": 1.0, "util": 0.7007960014809329, "br": 0.0}, "TF_FE_113": {"avail": 1.0, "util": 0.6589689004072565, "br": 0.0}, "TF_FE_131": {"avail": 1.0, "util": 0.15336912254720475, "br": 0.0}, "TF_FE_3": {"avail": 1.0, "util": 0.8959644576082932, "br": 0.0}, "TF_FE_5": {"avail": 1.0, "util": 0.6297667530544243, "br": 0.0}, "TF_Met_FE_45": {"avail": 1.0, "util": 0.14129026286560534, "br": 0.0}, "TF_Met_FE_61": {"avail": 1.0, "util": 0.9681136616068123, "br": 0.0}, "WE_BE_14": {"avail": 1.0, "util": 0.042910033320992226, "br": 0.0}, "WE_BE_16": {"avail": 1.0, "util": 0.0472561602698589, "br": 0.0}, "WE_BE_17": {"avail": 1.0, "util": 0.04590892262125139, "br": 0.0}, "WE_BE_7": {"avail": 1.0, "util": 0.007682339874120696, "br": 0.0}, "WE_BE_81": {"avail": 1.0, "util": 0.055905220288781934, "br": 0.0}, "WE_BE_82": {"avail": 1.0, "util": 0.08476490188818955, "br": 0.0}, "WE_BE_9": {"avail": 1.0, "util": 0.06126037975353044, "br": 0.0}, "WE_FE_108": {"avail": 1.0, "util": 0.043441582482678376, "br": 0.0}, "WE_FE_41": {"avail": 1.0, "util": 0.039559422436134764, "br": 0.0}, "WE_FE_47": {"avail": 1.0, "util": 0.03534184869801308, "br": 0.0}, "WE_FE_8": {"avail": 1.0, "util": 0.04600148093298778, "br": 0.0}, "WE_FE_83": {"avail": 1.0, "util": 0.046662611731104885, "br": 0.0}, "WE_FE_84": {"avail": 1.0, "util": 0.04849541322144062, "br": 0.0}, "WE_FE_85": {"avail": 1.0, "util": 0.03193261754905591, "br": 0.0}}, "plugins": {"cost": 448600.0}}