{"lots": {}, "machines": {"DE_BE_11": {"avail": 1.0, "util": 0.7013458514475996, "br": 0.0}, "DE_BE_12": {"avail": 1.0, "util": 0.9465359356211266, "br": 0.0}, "DE_BE_13": {"avail": 1.0, "util": 0.876776739740388, "br": 0.0}, "DE_BE_48": {"avail": 1.0, "util": 0.8161132180186846, "br": 0.0}, "DE_BE_50": {"avail": 1.0, "util": 0.8874757191749144, "br": 0.0}, "DE_BE_65": {"avail": 1.0, "util": 0.7275759438915701, "br": 0.0}, "DE_BE_66": {"avail": 1.0, "util": 0.6388838853214805, "br": 0.0}, "DE_BE_67": {"avail": 1.0, "util": 0.8517389695680325, "br": 0.0}, "DE_BE_69": {"avail": 1.0, "util": 0.9173758209231339, "br": 0.0}, "DE_FE_1": {"avail": 1.0, "util": 0.7461514066360981, "br": 0.0}, "DE_FE_51": {"avail": 1.0, "util": 0.6357048620070201, "br": 0.0}, "DE_FE_53": {"avail": 1.0, "util": 0.8197946535935621, "br": 0.0}, "DE_FE_54": {"avail": 1.0, "util": 0.8129220238645823, "br": 0.0}, "DE_FE_56": {"avail": 1.0, "util": 0.7984460271945241, "br": 0.0}, "DE_FE_58": {"avail": 1.0, "util": 0.6534085653501064, "br": 0.0}, "DE_FE_59": {"avail": 1.0, "util": 0.8104584836432029, "br": 0.0}, "DE_FE_62": {"avail": 1.0, "util": 0.8533702445921482, "br": 0.0}, "DE_FE_70": {"avail": 1.0, "util": 0.756871562439965, "br": 0.0}, "DE_FE_71": {"avail": 1.0, "util": 0.7426447269315645, "br": 0.0}, "DE_FE_72": {"avail": 1.0, "util": 0.7945508175829145, "br": 0.0}, "DE_FE_86": {"avail": 1.0, "util": 0.7536103488559321, "br": 0.0}, "DefMEt_FE_118": {"avail": 1.0, "util": 0.24854315049486633, "br": 0.0}, "DefMet_BE_33": {"avail": 1.0, "util": 0.9338405327906761, "br": 0.0}, "DefMet_BE_42": {"avail": 1.0, "util": 0.9987975210433817, "br": 0.0}, "DefMet_FE_10": {"avail": 1.0, "util": 0.7032651928591249, "br": 0.0}, "DefMet_FE_106": {"avail": 1.0, "util": 0.3489038941818518, "br": 0.0}, "DefMet_FE_34": {"avail": 1.0, "util": 0.7160299694755342, "br": 0.0}, "DefMet_FE_43": {"avail": 1.0, "util": 0.9592544630468967, "br": 0.0}, "Delay_32": {"avail": 1.0, "util": 0.3963668948293405, "br": 0.0}, "Dielectric_BE_20": {"avail": 1.0, "util": 0.937341596522061, "br": 0.0}, "Dielectric_BE_21": {"avail": 1.0, "util": 0.9596071131255203, "br": 0.0}, "Dielectric_BE_27": {"avail": 1.0, "util": 0.721848117657941, "br": 0.0}, "Dielectric_BE_28": {"avail": 1.0, "util": 0.6770534640643788, "br": 0.0}, "Dielectric_BE_60": {"avail": 1.0, "util": 0.9305221533623161, "br": 0.0}, "Dielectric_FE_112": {"avail": 1.0, "util": 0.9522153362316159, "br": 0.0}, "Dielectric_FE_130": {"avail": 1.0, "util": 0.9292156137267598, "br": 0.0}, "Dielectric_FE_29": {"avail": 1.0, "util": 0.904156260598773, "br": 0.0}, "Dielectric_FE_30": {"avail": 1.0, "util": 0.93196744056979, "br": 0.0}, "Dielectric_FE_31": {"avail": 1.0, "util": 0.9318865044861715, "br": 0.0}, "Diffusion_BE_123": {"avail": 1.0, "util": 0.0, "br": 0.0}, "Diffusion_FE_100": {"avail": 1.0, "util": 0.0, "br": 0.0}, "Diffusion_FE_101": {"avail": 1.0, "util": 0.0, "br": 0.0}, "Diffusion_FE_120": {"avail": 1.0, "util": 0.0, "br": 0.0}, "Diffusion_FE_122": {"avail": 1.0, "util": 0.0, "br": 0.0}, "Diffusion_FE_125": {"avail": 1.0, "util": 0.0, "br": 0.0}, "Diffusion_FE_126": {"avail": 1.0, "util": 0.0, "br": 0.0}, "Diffusion_FE_127": {"avail": 1.0, "util": 0.5884747016927204, "br": 0.0}, "Diffusion_FE_44": {"avail": 1.0, "util": 0.35439072998040716, "br": 0.0}, "Diffusion_FE_94": {"avail": 1.0, "util": 0.0, "br": 0.0}, "EPI_36": {"avail": 1.0, "util": 0.0118860419942651, "br": 0.0}, "EPI_38": {"avail": 1.0, "util": 0.029321986865229858, "br": 0.0}, "Implant_119": {"avail": 1.0, "util": 0.016811580797336047, "br": 0.0}, "Implant_128": {"avail": 1.0, "util": 0.044991212653778555, "br": 0.0}, "Implant_132": {"avail": 1.0, "util": 0.03340347793913607, "br": 0.0}, "Implant_74": {"avail": 1.0, "util": 0.0056886504486171495, "br": 0.0}, "Implant_88": {"avail": 1.0, "util": 0.024951438349828877, "br": 0.0}, "Implant_90": {"avail": 1.0, "util": 0.04837665340856535, "br": 0.0}, "Implant_91": {"avail": 1.0, "util": 0.03585853914223168, "br": 0.0}, "LithoMet_BE_18": {"avail": 1.0, "util": 0.9785652789537721, "br": 0.0}, "LithoMet_FE_19": {"avail": 1.0, "util": 0.9647067287433582, "br": 0.0}, "LithoTrack_BE_117": {"avail": 1.0, "util": 0.08306354638793821, "br": 0.0}, "LithoTrack_FE_115": {"avail": 1.0, "util": 0.041786597165922146, "br": 0.0}, "LithoTrack_FE_95": {"avail": 1.0, "util": 0.04611799395551394, "br": 0.0}, "LithoTrack_FE_96": {"avail": 1.0, "util": 0.005041161779668856, "br": 0.0}, "Litho_BE_110": {"avail": 1.0, "util": 0.053340182618232757, "br": 0.0}, "Litho_BE_93": {"avail": 1.0, "util": 0.04740542040514291, "br": 0.0}, "Litho_BE_99": {"avail": 1.0, "util": 0.1477815804890081, "br": 0.0}, "Litho_FE_111": {"avail": 1.0, "util": 0.0835806964287216, "br": 0.0}, "Litho_FE_35": {"avail": 1.0, "util": 0.04476921653871057, "br": 0.0}, "Litho_FE_92": {"avail": 1.0, "util": 0.07775329840818695, "br": 0.0}, "Litho_FE_98": {"avail": 1.0, "util": 0.08754046804180926, "br": 0.0}, "Litho_REG_BE_63": {"avail": 1.0, "util": 0.9776674220701138, "br": 0.0}, "Litho_REG_FE_64": {"avail": 1.0, "util": 0.9591289295294475, "br": 0.0}, "Planar_BE_75": {"avail": 1.0, "util": 0.6410924058828971, "br": 0.0}, "Planar_FE_76": {"avail": 1.0, "util": 0.8782721302377209, "br": 0.0}, "Planar_FE_77": {"avail": 1.0, "util": 0.9597632041439275, "br": 0.0}, "Planar_FE_78": {"avail": 1.0, "util": 0.41892516880954583, "br": 0.0}, "Planar_FE_79": {"avail": 1.0, "util": 0.8644991212653779, "br": 0.0}, "Planar_FE_80": {"avail": 1.0, "util": 0.8080889834427898, "br": 0.0}, "TF_BE_2": {"avail": 1.0, "util": 0.39522245860697436, "br": 0.0}, "TF_BE_23": {"avail": 1.0, "util": 0.5608809740566382, "br": 0.0}, "TF_BE_24": {"avail": 1.0, "util": 0.19334936638608827, "br": 0.0}, "TF_BE_26": {"avail": 1.0, "util": 0.57433478247464, "br": 0.0}, "TF_BE_40": {"avail": 1.0, "util": 0.5131424783399624, "br": 0.0}, "TF_FE_103": {"avail": 1.0, "util": 0.7392008139857552, "br": 0.0}, "TF_FE_104": {"avail": 1.0, "util": 0.7745629451484598, "br": 0.0}, "TF_FE_113": {"avail": 1.0, "util": 0.4389048191656646, "br": 0.0}, "TF_FE_131": {"avail": 1.0, "util": 0.534679184780933, "br": 0.0}, "TF_FE_3": {"avail": 1.0, "util": 0.8977199149014892, "br": 0.0}, "TF_FE_5": {"avail": 1.0, "util": 0.3565696975302932, "br": 0.0}, "TF_Met_FE_45": {"avail": 1.0, "util": 0.07103875682175562, "br": 0.0}, "TF_Met_FE_61": {"avail": 1.0, "util": 0.9818240680788086, "br": 0.0}, "WE_BE_14": {"avail": 1.0, "util": 0.04330774211451299, "br": 0.0}, "WE_BE_16": {"avail": 1.0, "util": 0.04650099178819926, "br": 0.0}, "WE_BE_17": {"avail": 1.0, "util": 0.05059661455924521, "br": 0.0}, "WE_BE_7": {"avail": 1.0, "util": 0.01516973452964573, "br": 0.0}, "WE_BE_81": {"avail": 1.0, "util": 0.04325840964449789, "br": 0.0}, "WE_BE_82": {"avail": 1.0, "util": 0.054402922948848395, "br": 0.0}, "WE_BE_9": {"avail": 1.0, "util": 0.04239068673441072, "br": 0.0}, "WE_FE_108": {"avail": 1.0, "util": 0.04075478679123116, "br": 0.0}, "WE_FE_41": {"avail": 1.0, "util": 0.040421792618629174, "br": 0.0}, "WE_FE_47": {"avail": 1.0, "util": 0.034756266765331605, "br": 0.0}, "WE_FE_8": {"avail": 1.0, "util": 0.047428545000462494, "br": 0.0}, "WE_FE_83": {"avail": 1.0, "util": 0.03773933956155767, "br": 0.0}, "WE_FE_84": {"avail": 1.0, "util": 0.03682720274617417, "br": 0.0}, "WE_FE_85": {"avail": 1.0, "util": 0.022222736102118213, "br": 0.0}}, "plugins": {"cost": 447000.0}}