{"lots": {}, "machines": {"DE_BE_11": {"avail": 1.0, "util": 0.7244432105620334, "br": 0.0}, "DE_BE_12": {"avail": 1.0, "util": 0.9469011924592158, "br": 0.0}, "DE_BE_13": {"avail": 1.0, "util": 0.858903173450647, "br": 0.0}, "DE_BE_48": {"avail": 1.0, "util": 0.8205416182928676, "br": 0.0}, "DE_BE_50": {"avail": 1.0, "util": 0.8542013696094762, "br": 0.0}, "DE_BE_65": {"avail": 1.0, "util": 0.8838566116467282, "br": 0.0}, "DE_BE_66": {"avail": 1.0, "util": 0.7195838913022178, "br": 0.0}, "DE_BE_67": {"avail": 1.0, "util": 0.8233220601349419, "br": 0.0}, "DE_BE_69": {"avail": 1.0, "util": 0.2469152939724844, "br": 0.0}, "DE_FE_1": {"avail": 1.0, "util": 0.748815472885434, "br": 0.0}, "DE_FE_51": {"avail": 1.0, "util": 0.5344831575050898, "br": 0.0}, "DE_FE_53": {"avail": 1.0, "util": 0.1815657967795669, "br": 0.0}, "DE_FE_54": {"avail": 1.0, "util": 0.8154728854340182, "br": 0.0}, "DE_FE_56": {"avail": 1.0, "util": 0.8949657597630946, "br": 0.0}, "DE_FE_58": {"avail": 1.0, "util": 0.9891958171386267, "br": 0.0}, "DE_FE_59": {"avail": 1.0, "util": 0.8919639552100684, "br": 0.0}, "DE_FE_62": {"avail": 1.0, "util": 0.8437333289784542, "br": 0.0}, "DE_FE_70": {"avail": 1.0, "util": 0.9404623693907426, "br": 0.0}, "DE_FE_71": {"avail": 1.0, "util": 0.9133711723939375, "br": 0.0}, "DE_FE_72": {"avail": 1.0, "util": 0.3337203237258762, "br": 0.0}, "DE_FE_86": {"avail": 1.0, "util": 0.7657304322457391, "br": 0.0}, "DefMEt_FE_118": {"avail": 1.0, "util": 0.20796316861003147, "br": 0.0}, "DefMet_BE_33": {"avail": 1.0, "util": 0.9514852859522488, "br": 0.0}, "DefMet_BE_42": {"avail": 1.0, "util": 0.9843142698500833, "br": 0.0}, "DefMet_FE_10": {"avail": 1.0, "util": 0.3255367388487877, "br": 0.0}, "DefMet_FE_106": {"avail": 1.0, "util": 0.08703498056635203, "br": 0.0}, "DefMet_FE_34": {"avail": 1.0, "util": 0.5189940773644272, "br": 0.0}, "DefMet_FE_43": {"avail": 1.0, "util": 0.8851841569498426, "br": 0.0}, "Delay_32": {"avail": 1.0, "util": 0.27495662132148807, "br": 0.0}, "Dielectric_BE_20": {"avail": 1.0, "util": 0.7071534332778087, "br": 0.0}, "Dielectric_BE_21": {"avail": 1.0, "util": 0.9554491331976063, "br": 0.0}, "Dielectric_BE_27": {"avail": 1.0, "util": 0.9693573014991671, "br": 0.0}, "Dielectric_BE_28": {"avail": 1.0, "util": 0.9418532913813313, "br": 0.0}, "Dielectric_BE_60": {"avail": 1.0, "util": 0.9527037448331174, "br": 0.0}, "Dielectric_FE_112": {"avail": 1.0, "util": 0.5823153803442532, "br": 0.0}, "Dielectric_FE_130": {"avail": 1.0, "util": 0.28798815472885436, "br": 0.0}, "Dielectric_FE_29": {"avail": 1.0, "util": 0.9076130544759083, "br": 0.0}, "Dielectric_FE_30": {"avail": 1.0, "util": 0.9318202850268369, "br": 0.0}, "Dielectric_FE_31": {"avail": 1.0, "util": 0.31024430871737924, "br": 0.0}, "Diffusion_BE_123": {"avail": 1.0, "util": 0.0, "br": 0.0}, "Diffusion_FE_100": {"avail": 1.0, "util": 0.0, "br": 0.0}, "Diffusion_FE_101": {"avail": 1.0, "util": 0.0, "br": 0.0}, "Diffusion_FE_120": {"avail": 1.0, "util": 0.0, "br": 0.0}, "Diffusion_FE_122": {"avail": 1.0, "util": 0.0, "br": 0.0}, "Diffusion_FE_125": {"avail": 1.0, "util": 0.0, "br": 0.0}, "Diffusion_FE_126": {"avail": 1.0, "util": 0.0, "br": 0.0}, "Diffusion_FE_127": {"avail": 1.0, "util": 0.8831436239126411, "br": 0.0}, "Diffusion_FE_44": {"avail": 1.0, "util": 0.9697919145448297, "br": 0.0}, "Diffusion_FE_94": {"avail": 1.0, "util": 0.0, "br": 0.0}, "EPI_36": {"avail": 1.0, "util": 0.009624282805848603, "br": 0.0}, "EPI_38": {"avail": 1.0, "util": 0.22436609291134554, "br": 0.0}, "Implant_119": {"avail": 1.0, "util": 0.07160373866370535, "br": 0.0}, "Implant_128": {"avail": 1.0, "util": 0.03047969983006074, "br": 0.0}, "Implant_132": {"avail": 1.0, "util": 0.03394939319425715, "br": 0.0}, "Implant_74": {"avail": 1.0, "util": 0.011243753470294281, "br": 0.0}, "Implant_88": {"avail": 1.0, "util": 0.009531741625023136, "br": 0.0}, "Implant_90": {"avail": 1.0, "util": 0.045113825652415326, "br": 0.0}, "Implant_91": {"avail": 1.0, "util": 0.04198725575738346, "br": 0.0}, "LithoMet_BE_18": {"avail": 1.0, "util": 0.9712491376844514, "br": 0.0}, "LithoMet_FE_19": {"avail": 1.0, "util": 0.96498638322625, "br": 0.0}, "LithoTrack_BE_117": {"avail": 1.0, "util": 0.06054969461410327, "br": 0.0}, "LithoTrack_FE_115": {"avail": 1.0, "util": 0.04155211874162051, "br": 0.0}, "LithoTrack_FE_95": {"avail": 1.0, "util": 0.057381315935591336, "br": 0.0}, "LithoTrack_FE_96": {"avail": 1.0, "util": 0.010133259300388673, "br": 0.0}, "Litho_BE_110": {"avail": 1.0, "util": 0.056337461474704066, "br": 0.0}, "Litho_BE_93": {"avail": 1.0, "util": 0.05518924671478808, "br": 0.0}, "Litho_BE_99": {"avail": 1.0, "util": 0.08438213338268863, "br": 0.0}, "Litho_FE_111": {"avail": 1.0, "util": 0.0837034980566352, "br": 0.0}, "Litho_FE_35": {"avail": 1.0, "util": 0.04478993151952619, "br": 0.0}, "Litho_FE_92": {"avail": 1.0, "util": 0.06198301513404234, "br": 0.0}, "Litho_FE_98": {"avail": 1.0, "util": 0.025749583564686287, "br": 0.0}, "Litho_REG_BE_63": {"avail": 1.0, "util": 0.9701786044789932, "br": 0.0}, "Litho_REG_FE_64": {"avail": 1.0, "util": 0.9709536368684064, "br": 0.0}, "Planar_BE_75": {"avail": 1.0, "util": 0.8657624071283149, "br": 0.0}, "Planar_FE_76": {"avail": 1.0, "util": 0.9295530260966129, "br": 0.0}, "Planar_FE_77": {"avail": 1.0, "util": 0.9574773274106978, "br": 0.0}, "Planar_FE_78": {"avail": 1.0, "util": 0.3552655931889691, "br": 0.0}, "Planar_FE_79": {"avail": 1.0, "util": 0.21523921895243384, "br": 0.0}, "Planar_FE_80": {"avail": 1.0, "util": 0.21675458078845086, "br": 0.0}, "TF_BE_2": {"avail": 1.0, "util": 0.39908384230982785, "br": 0.0}, "TF_BE_23": {"avail": 1.0, "util": 0.5880760688506386, "br": 0.0}, "TF_BE_24": {"avail": 1.0, "util": 0.8451670368313899, "br": 0.0}, "TF_BE_26": {"avail": 1.0, "util": 0.6910121157761357, "br": 0.0}, "TF_BE_40": {"avail": 1.0, "util": 0.7330704075078116, "br": 0.0}, "TF_FE_103": {"avail": 1.0, "util": 0.5245630734248169, "br": 0.0}, "TF_FE_104": {"avail": 1.0, "util": 0.6516749953729409, "br": 0.0}, "TF_FE_113": {"avail": 1.0, "util": 0.21944598679745822, "br": 0.0}, "TF_FE_131": {"avail": 1.0, "util": 0.9408816089826639, "br": 0.0}, "TF_FE_3": {"avail": 1.0, "util": 0.2984607316922697, "br": 0.0}, "TF_FE_5": {"avail": 1.0, "util": 0.29650194336479735, "br": 0.0}, "TF_Met_FE_45": {"avail": 1.0, "util": 0.05904127336664816, "br": 0.0}, "TF_Met_FE_61": {"avail": 1.0, "util": 0.9892652230242458, "br": 0.0}, "WE_BE_14": {"avail": 1.0, "util": 0.043781232648528595, "br": 0.0}, "WE_BE_16": {"avail": 1.0, "util": 0.0394109753840459, "br": 0.0}, "WE_BE_17": {"avail": 1.0, "util": 0.04532204330927263, "br": 0.0}, "WE_BE_7": {"avail": 1.0, "util": 0.022811401073477698, "br": 0.0}, "WE_BE_81": {"avail": 1.0, "util": 0.044466037386637056, "br": 0.0}, "WE_BE_82": {"avail": 1.0, "util": 0.044717955045550824, "br": 0.0}, "WE_BE_9": {"avail": 1.0, "util": 0.04866740699611327, "br": 0.0}, "WE_FE_108": {"avail": 1.0, "util": 0.046726914166459244, "br": 0.0}, "WE_FE_41": {"avail": 1.0, "util": 0.029113455487692026, "br": 0.0}, "WE_FE_47": {"avail": 1.0, "util": 0.036507495835646865, "br": 0.0}, "WE_FE_8": {"avail": 1.0, "util": 0.029844530816213216, "br": 0.0}, "WE_FE_83": {"avail": 1.0, "util": 0.03678511937812327, "br": 0.0}, "WE_FE_84": {"avail": 1.0, "util": 0.04105290089383894, "br": 0.0}, "WE_FE_85": {"avail": 1.0, "util": 0.026004071811956322, "br": 0.0}}, "plugins": {"cost": 428825.12871527777}}