{"lots": {}, "machines": {"DE_BE_11": {"avail": 1.0, "util": 0.892616238723109, "br": 0.0}, "DE_BE_12": {"avail": 1.0, "util": 0.0, "br": 0.0}, "DE_BE_13": {"avail": 1.0, "util": 0.7879845345494201, "br": 0.0}, "DE_BE_48": {"avail": 1.0, "util": 0.9728521859819569, "br": 0.0}, "DE_BE_50": {"avail": 1.0, "util": 0.6892281594571671, "br": 0.0}, "DE_BE_65": {"avail": 1.0, "util": 0.47409886924929584, "br": 0.0}, "DE_BE_66": {"avail": 1.0, "util": 0.7701523065122904, "br": 0.0}, "DE_BE_67": {"avail": 1.0, "util": 0.42441360166551007, "br": 0.0}, "DE_BE_69": {"avail": 1.0, "util": 0.5545454545454546, "br": 0.0}, "DE_FE_1": {"avail": 1.0, "util": 0.0, "br": 0.0}, "DE_FE_51": {"avail": 1.0, "util": 0.1903648781913145, "br": 0.0}, "DE_FE_53": {"avail": 1.0, "util": 0.0, "br": 0.0}, "DE_FE_54": {"avail": 1.0, "util": 0.8169326856349757, "br": 0.0}, "DE_FE_56": {"avail": 1.0, "util": 0.30229007633587784, "br": 0.0}, "DE_FE_58": {"avail": 1.0, "util": 0.7461022438121675, "br": 0.0}, "DE_FE_59": {"avail": 1.0, "util": 0.6899190377052973, "br": 0.0}, "DE_FE_62": {"avail": 1.0, "util": 0.41164865668682465, "br": 0.0}, "DE_FE_70": {"avail": 1.0, "util": 0.31211231516575033, "br": 0.0}, "DE_FE_71": {"avail": 1.0, "util": 0.3855705363338951, "br": 0.0}, "DE_FE_72": {"avail": 1.0, "util": 0.11414912483614774, "br": 0.0}, "DE_FE_86": {"avail": 1.0, "util": 0.18079522965019149, "br": 0.0}, "DefMEt_FE_118": {"avail": 1.0, "util": 0.7467730742539903, "br": 0.0}, "DefMet_BE_33": {"avail": 1.0, "util": 0.8035392088827203, "br": 0.0}, "DefMet_BE_42": {"avail": 1.0, "util": 0.9422623178348369, "br": 0.0}, "DefMet_FE_10": {"avail": 1.0, "util": 0.8684247050659264, "br": 0.0}, "DefMet_FE_106": {"avail": 1.0, "util": 0.7850104094378904, "br": 0.0}, "DefMet_FE_34": {"avail": 1.0, "util": 0.8277585010409438, "br": 0.0}, "DefMet_FE_43": {"avail": 1.0, "util": 0.9094378903539209, "br": 0.0}, "Delay_32": {"avail": 1.0, "util": 0.08884489937543373, "br": 0.0}, "Dielectric_BE_20": {"avail": 1.0, "util": 0.8499930603747398, "br": 0.0}, "Dielectric_BE_21": {"avail": 1.0, "util": 0.8844205412907703, "br": 0.0}, "Dielectric_BE_27": {"avail": 1.0, "util": 0.7745639602128153, "br": 0.0}, "Dielectric_BE_28": {"avail": 1.0, "util": 0.7884455239417072, "br": 0.0}, "Dielectric_BE_60": {"avail": 1.0, "util": 0.8617279666897988, "br": 0.0}, "Dielectric_FE_112": {"avail": 1.0, "util": 0.8498265093684941, "br": 0.0}, "Dielectric_FE_130": {"avail": 1.0, "util": 0.8421235253296322, "br": 0.0}, "Dielectric_FE_29": {"avail": 1.0, "util": 0.7828359935230164, "br": 0.0}, "Dielectric_FE_30": {"avail": 1.0, "util": 0.8292158223455933, "br": 0.0}, "Dielectric_FE_31": {"avail": 1.0, "util": 0.8453504510756419, "br": 0.0}, "Diffusion_BE_123": {"avail": 1.0, "util": 0.0, "br": 0.0}, "Diffusion_FE_100": {"avail": 1.0, "util": 0.0, "br": 0.0}, "Diffusion_FE_101": {"avail": 1.0, "util": 0.0, "br": 0.0}, "Diffusion_FE_120": {"avail": 1.0, "util": 0.0, "br": 0.0}, "Diffusion_FE_122": {"avail": 1.0, "util": 0.0, "br": 0.0}, "Diffusion_FE_125": {"avail": 1.0, "util": 0.0, "br": 0.0}, "Diffusion_FE_126": {"avail": 1.0, "util": 0.0, "br": 0.0}, "Diffusion_FE_127": {"avail": 1.0, "util": 0.0, "br": 0.0}, "Diffusion_FE_44": {"avail": 1.0, "util": 0.0, "br": 0.0}, "Diffusion_FE_94": {"avail": 1.0, "util": 0.0, "br": 0.0}, "EPI_36": {"avail": 1.0, "util": 0.014018043025676613, "br": 0.0}, "EPI_38": {"avail": 1.0, "util": 0.017626648160999306, "br": 0.0}, "Implant_119": {"avail": 1.0, "util": 0.03678001387925052, "br": 0.0}, "Implant_128": {"avail": 1.0, "util": 0.0807911172796669, "br": 0.0}, "Implant_132": {"avail": 1.0, "util": 0.03957321304649549, "br": 0.0}, "Implant_74": {"avail": 1.0, "util": 0.0, "br": 0.0}, "Implant_88": {"avail": 1.0, "util": 0.0036086051353226927, "br": 0.0}, "Implant_90": {"avail": 1.0, "util": 0.05357390700902151, "br": 0.0}, "Implant_91": {"avail": 1.0, "util": 0.045176960444136015, "br": 0.0}, "LithoMet_BE_18": {"avail": 1.0, "util": 0.9392622644531041, "br": 0.0}, "LithoMet_FE_19": {"avail": 1.0, "util": 0.9500501195157685, "br": 0.0}, "LithoTrack_BE_117": {"avail": 1.0, "util": 0.19322692574600972, "br": 0.0}, "LithoTrack_FE_115": {"avail": 1.0, "util": 0.0798056904927134, "br": 0.0}, "LithoTrack_FE_95": {"avail": 1.0, "util": 0.09940092622753473, "br": 0.0}, "LithoTrack_FE_96": {"avail": 1.0, "util": 0.0, "br": 0.0}, "Litho_BE_110": {"avail": 1.0, "util": 0.12504213343908, "br": 0.0}, "Litho_BE_93": {"avail": 1.0, "util": 0.10890585241730279, "br": 0.0}, "Litho_BE_99": {"avail": 1.0, "util": 0.37825584085126074, "br": 0.0}, "Litho_FE_111": {"avail": 1.0, "util": 0.1669042962589111, "br": 0.0}, "Litho_FE_35": {"avail": 1.0, "util": 0.0755031228313671, "br": 0.0}, "Litho_FE_92": {"avail": 1.0, "util": 0.18387483439530627, "br": 0.0}, "Litho_FE_98": {"avail": 1.0, "util": 0.19380985426786954, "br": 0.0}, "Litho_REG_BE_63": {"avail": 1.0, "util": 0.9108431644691186, "br": 0.0}, "Litho_REG_FE_64": {"avail": 1.0, "util": 0.9255675622087836, "br": 0.0}, "Planar_BE_75": {"avail": 1.0, "util": 0.7324288688410825, "br": 0.0}, "Planar_FE_76": {"avail": 1.0, "util": 0.6176266481609993, "br": 0.0}, "Planar_FE_77": {"avail": 1.0, "util": 0.7092990978487161, "br": 0.0}, "Planar_FE_78": {"avail": 1.0, "util": 0.4227619708535739, "br": 0.0}, "Planar_FE_79": {"avail": 1.0, "util": 0.6340041637751561, "br": 0.0}, "Planar_FE_80": {"avail": 1.0, "util": 0.9678695350451075, "br": 0.0}, "TF_BE_2": {"avail": 1.0, "util": 0.5300485773768217, "br": 0.0}, "TF_BE_23": {"avail": 1.0, "util": 0.6047116403082654, "br": 0.0}, "TF_BE_24": {"avail": 1.0, "util": 0.5840111034004164, "br": 0.0}, "TF_BE_26": {"avail": 1.0, "util": 0.5688734674994217, "br": 0.0}, "TF_BE_40": {"avail": 1.0, "util": 0.6359356928059219, "br": 0.0}, "TF_FE_103": {"avail": 1.0, "util": 0.7452810548230395, "br": 0.0}, "TF_FE_104": {"avail": 1.0, "util": 0.5804302567661346, "br": 0.0}, "TF_FE_113": {"avail": 1.0, "util": 0.657737682165163, "br": 0.0}, "TF_FE_131": {"avail": 1.0, "util": 0.23141337034466805, "br": 0.0}, "TF_FE_3": {"avail": 1.0, "util": 0.6623872310895211, "br": 0.0}, "TF_FE_5": {"avail": 1.0, "util": 0.4024982650936849, "br": 0.0}, "TF_Met_FE_45": {"avail": 1.0, "util": 0.2128383067314365, "br": 0.0}, "TF_Met_FE_61": {"avail": 1.0, "util": 0.9762664816099931, "br": 0.0}, "WE_BE_14": {"avail": 1.0, "util": 0.046828591256072166, "br": 0.0}, "WE_BE_16": {"avail": 1.0, "util": 0.050489629115583315, "br": 0.0}, "WE_BE_17": {"avail": 1.0, "util": 0.031089521165857045, "br": 0.0}, "WE_BE_7": {"avail": 1.0, "util": 0.011380985426786953, "br": 0.0}, "WE_BE_81": {"avail": 1.0, "util": 0.056534813786722184, "br": 0.0}, "WE_BE_82": {"avail": 1.0, "util": 0.10974323386537127, "br": 0.0}, "WE_BE_9": {"avail": 1.0, "util": 0.07229106771091505, "br": 0.0}, "WE_FE_108": {"avail": 1.0, "util": 0.0367046693764251, "br": 0.0}, "WE_FE_41": {"avail": 1.0, "util": 0.03120055517002082, "br": 0.0}, "WE_FE_47": {"avail": 1.0, "util": 0.04420541290770298, "br": 0.0}, "WE_FE_8": {"avail": 1.0, "util": 0.05614156835530881, "br": 0.0}, "WE_FE_83": {"avail": 1.0, "util": 0.04992564687221176, "br": 0.0}, "WE_FE_84": {"avail": 1.0, "util": 0.03772071863674917, "br": 0.0}, "WE_FE_85": {"avail": 1.0, "util": 0.038723108952116586, "br": 0.0}}, "plugins": {"cost": 448800}}