{"lots": {}, "machines": {"DE_BE_11": {"avail": 1.0, "util": 0.8845482261640798, "br": 0.0}, "DE_BE_12": {"avail": 1.0, "util": 0.0, "br": 0.0}, "DE_BE_13": {"avail": 1.0, "util": 0.7892711962833914, "br": 0.0}, "DE_BE_48": {"avail": 1.0, "util": 0.9710504434589801, "br": 0.0}, "DE_BE_50": {"avail": 1.0, "util": 0.0, "br": 0.0}, "DE_BE_65": {"avail": 1.0, "util": 0.42740804747619665, "br": 0.0}, "DE_BE_66": {"avail": 1.0, "util": 0.7736171081806512, "br": 0.0}, "DE_BE_67": {"avail": 1.0, "util": 0.4218957871396896, "br": 0.0}, "DE_BE_69": {"avail": 1.0, "util": 0.5575803769401331, "br": 0.0}, "DE_FE_1": {"avail": 1.0, "util": 0.0, "br": 0.0}, "DE_FE_51": {"avail": 1.0, "util": 0.1896297701015288, "br": 0.0}, "DE_FE_53": {"avail": 1.0, "util": 0.0, "br": 0.0}, "DE_FE_54": {"avail": 1.0, "util": 0.8158536585365853, "br": 0.0}, "DE_FE_56": {"avail": 1.0, "util": 0.3049473392461197, "br": 0.0}, "DE_FE_58": {"avail": 1.0, "util": 0.7357261640798226, "br": 0.0}, "DE_FE_59": {"avail": 1.0, "util": 0.5699648928307465, "br": 0.0}, "DE_FE_62": {"avail": 1.0, "util": 0.26425403864428254, "br": 0.0}, "DE_FE_70": {"avail": 1.0, "util": 0.26880436636534194, "br": 0.0}, "DE_FE_71": {"avail": 1.0, "util": 0.2366269401330377, "br": 0.0}, "DE_FE_72": {"avail": 1.0, "util": 0.11751662971175167, "br": 0.0}, "DE_FE_86": {"avail": 1.0, "util": 0.16429333990309603, "br": 0.0}, "DefMEt_FE_118": {"avail": 1.0, "util": 0.7378048780487805, "br": 0.0}, "DefMet_BE_33": {"avail": 1.0, "util": 0.8582317073170732, "br": 0.0}, "DefMet_BE_42": {"avail": 1.0, "util": 0.9603658536585366, "br": 0.0}, "DefMet_FE_10": {"avail": 1.0, "util": 0.9759562084257206, "br": 0.0}, "DefMet_FE_106": {"avail": 1.0, "util": 0.7694013303769401, "br": 0.0}, "DefMet_FE_34": {"avail": 1.0, "util": 0.825180155210643, "br": 0.0}, "DefMet_FE_43": {"avail": 1.0, "util": 0.9243117147080562, "br": 0.0}, "Delay_32": {"avail": 1.0, "util": 0.12592953159645232, "br": 0.0}, "Dielectric_BE_20": {"avail": 1.0, "util": 0.8871119733924612, "br": 0.0}, "Dielectric_BE_21": {"avail": 1.0, "util": 0.894609201773836, "br": 0.0}, "Dielectric_BE_27": {"avail": 1.0, "util": 0.772579453067258, "br": 0.0}, "Dielectric_BE_28": {"avail": 1.0, "util": 0.8169345898004434, "br": 0.0}, "Dielectric_BE_60": {"avail": 1.0, "util": 0.850505820399113, "br": 0.0}, "Dielectric_FE_112": {"avail": 1.0, "util": 0.7334950110864744, "br": 0.0}, "Dielectric_FE_130": {"avail": 1.0, "util": 0.8928076496674058, "br": 0.0}, "Dielectric_FE_29": {"avail": 1.0, "util": 0.7822431633407244, "br": 0.0}, "Dielectric_FE_30": {"avail": 1.0, "util": 0.8283675166297118, "br": 0.0}, "Dielectric_FE_31": {"avail": 1.0, "util": 0.9309520509977827, "br": 0.0}, "Diffusion_BE_123": {"avail": 1.0, "util": 0.0, "br": 0.0}, "Diffusion_FE_100": {"avail": 1.0, "util": 0.0, "br": 0.0}, "Diffusion_FE_101": {"avail": 1.0, "util": 0.0, "br": 0.0}, "Diffusion_FE_120": {"avail": 1.0, "util": 0.0, "br": 0.0}, "Diffusion_FE_122": {"avail": 1.0, "util": 0.0, "br": 0.0}, "Diffusion_FE_125": {"avail": 1.0, "util": 0.0, "br": 0.0}, "Diffusion_FE_126": {"avail": 1.0, "util": 0.0, "br": 0.0}, "Diffusion_FE_127": {"avail": 1.0, "util": 0.0, "br": 0.0}, "Diffusion_FE_44": {"avail": 1.0, "util": 0.0, "br": 0.0}, "Diffusion_FE_94": {"avail": 1.0, "util": 0.0, "br": 0.0}, "EPI_36": {"avail": 1.0, "util": 0.014343126385809313, "br": 0.0}, "EPI_38": {"avail": 1.0, "util": 0.017738359201773836, "br": 0.0}, "Implant_119": {"avail": 1.0, "util": 0.036516075388026606, "br": 0.0}, "Implant_128": {"avail": 1.0, "util": 0.07778547671840354, "br": 0.0}, "Implant_132": {"avail": 1.0, "util": 0.03606568736141907, "br": 0.0}, "Implant_74": {"avail": 1.0, "util": 0.0, "br": 0.0}, "Implant_88": {"avail": 1.0, "util": 0.0035338137472283814, "br": 0.0}, "Implant_90": {"avail": 1.0, "util": 0.03069567627494457, "br": 0.0}, "Implant_91": {"avail": 1.0, "util": 0.046978935698447896, "br": 0.0}, "LithoMet_BE_18": {"avail": 1.0, "util": 0.8944333105918472, "br": 0.0}, "LithoMet_FE_19": {"avail": 1.0, "util": 0.9182295516136979, "br": 0.0}, "LithoTrack_BE_117": {"avail": 1.0, "util": 0.15490576496674058, "br": 0.0}, "LithoTrack_FE_115": {"avail": 1.0, "util": 0.08192035128907439, "br": 0.0}, "LithoTrack_FE_95": {"avail": 1.0, "util": 0.09595456808000362, "br": 0.0}, "LithoTrack_FE_96": {"avail": 1.0, "util": 0.0, "br": 0.0}, "Litho_BE_110": {"avail": 1.0, "util": 0.12267876940133038, "br": 0.0}, "Litho_BE_93": {"avail": 1.0, "util": 0.10938654841093866, "br": 0.0}, "Litho_BE_99": {"avail": 1.0, "util": 0.3240022172949002, "br": 0.0}, "Litho_FE_111": {"avail": 1.0, "util": 0.16710340657125577, "br": 0.0}, "Litho_FE_35": {"avail": 1.0, "util": 0.07504157427937916, "br": 0.0}, "Litho_FE_92": {"avail": 1.0, "util": 0.18340556339447692, "br": 0.0}, "Litho_FE_98": {"avail": 1.0, "util": 0.19359756097560976, "br": 0.0}, "Litho_REG_BE_63": {"avail": 1.0, "util": 0.9145821784922394, "br": 0.0}, "Litho_REG_FE_64": {"avail": 1.0, "util": 0.8854430630345265, "br": 0.0}, "Planar_BE_75": {"avail": 1.0, "util": 0.7316380266075388, "br": 0.0}, "Planar_FE_76": {"avail": 1.0, "util": 0.9225332594235033, "br": 0.0}, "Planar_FE_77": {"avail": 1.0, "util": 0.7119595343680709, "br": 0.0}, "Planar_FE_78": {"avail": 1.0, "util": 0.8458287139689579, "br": 0.0}, "Planar_FE_79": {"avail": 1.0, "util": 0.6381651884700665, "br": 0.0}, "Planar_FE_80": {"avail": 1.0, "util": 0.813539356984479, "br": 0.0}, "TF_BE_2": {"avail": 1.0, "util": 0.5326011640798226, "br": 0.0}, "TF_BE_23": {"avail": 1.0, "util": 0.605372563893103, "br": 0.0}, "TF_BE_24": {"avail": 1.0, "util": 0.5804600886917961, "br": 0.0}, "TF_BE_26": {"avail": 1.0, "util": 0.557760532150776, "br": 0.0}, "TF_BE_40": {"avail": 1.0, "util": 0.6349027623798965, "br": 0.0}, "TF_FE_103": {"avail": 1.0, "util": 0.7261294345898004, "br": 0.0}, "TF_FE_104": {"avail": 1.0, "util": 0.5746119733924612, "br": 0.0}, "TF_FE_113": {"avail": 1.0, "util": 0.6573586474501109, "br": 0.0}, "TF_FE_131": {"avail": 1.0, "util": 0.22821969696969696, "br": 0.0}, "TF_FE_3": {"avail": 1.0, "util": 0.6734340354767184, "br": 0.0}, "TF_FE_5": {"avail": 1.0, "util": 0.40465631929046564, "br": 0.0}, "TF_Met_FE_45": {"avail": 1.0, "util": 0.21313747228381374, "br": 0.0}, "TF_Met_FE_61": {"avail": 1.0, "util": 0.98240022172949, "br": 0.0}, "WE_BE_14": {"avail": 1.0, "util": 0.03259423503325942, "br": 0.0}, "WE_BE_16": {"avail": 1.0, "util": 0.05115176151761517, "br": 0.0}, "WE_BE_17": {"avail": 1.0, "util": 0.030834257206208426, "br": 0.0}, "WE_BE_7": {"avail": 1.0, "util": 0.011363636363636364, "br": 0.0}, "WE_BE_81": {"avail": 1.0, "util": 0.025683665927568367, "br": 0.0}, "WE_BE_82": {"avail": 1.0, "util": 0.09538525498891352, "br": 0.0}, "WE_BE_9": {"avail": 1.0, "util": 0.07198289515362687, "br": 0.0}, "WE_FE_108": {"avail": 1.0, "util": 0.034340354767184035, "br": 0.0}, "WE_FE_41": {"avail": 1.0, "util": 0.029240576496674057, "br": 0.0}, "WE_FE_47": {"avail": 1.0, "util": 0.04090447154471545, "br": 0.0}, "WE_FE_8": {"avail": 1.0, "util": 0.05952050997782705, "br": 0.0}, "WE_FE_83": {"avail": 1.0, "util": 0.054363319607222044, "br": 0.0}, "WE_FE_84": {"avail": 1.0, "util": 0.03918760778516876, "br": 0.0}, "WE_FE_85": {"avail": 1.0, "util": 0.0381790465631929, "br": 0.0}}, "plugins": {"cost": 448800}}