{"lots": {}, "machines": {"DE_BE_11": {"avail": 0.9772317829124827, "util": 0.00032866165451323913, "br": 0.022768217087517355, "waiting_time": 0.0}, "DE_BE_12": {"avail": 1.0, "util": 0.00018389806562537053, "br": 0.0, "waiting_time": 4.4515669515669514e-07}, "DE_BE_13": {"avail": 0.9786605568973188, "util": 0.00029763037029767713, "br": 0.021339443102681165, "waiting_time": 6.022460492659168e-07}, "DE_BE_48": {"avail": 0.9904394343211794, "util": 0.0002097587867961866, "br": 0.009560565678820578, "waiting_time": 4.5135664912823693e-07}, "DE_BE_50": {"avail": 0.9870845081904209, "util": 0.0002775021748156497, "br": 0.012915491809579143, "waiting_time": 1.4671361502347418e-06}, "DE_BE_65": {"avail": 0.9549021266165906, "util": 0.0002784177306756898, "br": 0.04509787338340943, "waiting_time": 0.0}, "DE_BE_66": {"avail": 0.9488229760876713, "util": 0.0002548797579803181, "br": 0.05117702391232876, "waiting_time": 0.0}, "DE_BE_67": {"avail": 0.9567017536913358, "util": 0.00034418293500104074, "br": 0.04329824630866411, "waiting_time": 0.0}, "DE_BE_69": {"avail": 0.99980509978347, "util": 0.0003328174849450879, "br": 0.00019490021652992403, "waiting_time": 2.012882447665056e-06}, "DE_FE_1": {"avail": 1.0, "util": 0.00013062090375588257, "br": 0.0, "waiting_time": 0.0}, "DE_FE_51": {"avail": 0.9812654539954079, "util": 0.00017723505938373196, "br": 0.018734546004592102, "waiting_time": 0.0}, "DE_FE_53": {"avail": 0.9176021363744906, "util": 8.829319996135181e-05, "br": 0.08239786362550937, "waiting_time": 0.0}, "DE_FE_54": {"avail": 0.9932108200638472, "util": 0.00020626021079047022, "br": 0.006789179936152752, "waiting_time": 1.3078049801213644e-07}, "DE_FE_56": {"avail": 1.0, "util": 0.0002777760991264338, "br": 0.0, "waiting_time": 0.0}, "DE_FE_58": {"avail": 1.0, "util": 0.00016589405920050909, "br": 0.0, "waiting_time": 0.0}, "DE_FE_59": {"avail": 0.9649328203240621, "util": 0.00022270014259971165, "br": 0.0350671796759378, "waiting_time": 8.311722853913158e-08}, "DE_FE_62": {"avail": 0.9995603438404421, "util": 0.0002220704995899278, "br": 0.00043965615955783333, "waiting_time": 2.5001724256845297e-06}, "DE_FE_70": {"avail": 0.9784860897288375, "util": 0.0002593166990510759, "br": 0.021513910271162402, "waiting_time": 2.0305393112410657e-08}, "DE_FE_71": {"avail": 0.9786033631437788, "util": 0.00018944421377615323, "br": 0.021396636856221174, "waiting_time": 1.290309261323754e-07}, "DE_FE_72": {"avail": 0.9034306159792208, "util": 0.00037365915488734837, "br": 0.09656938402077919, "waiting_time": 0.0}, "DE_FE_86": {"avail": 0.9797550996400286, "util": 0.00019802357001269695, "br": 0.020244900359971396, "waiting_time": 0.0}, "DefMEt_FE_118": {"avail": 1.0, "util": 0.0005844872085785378, "br": 0.0, "waiting_time": 5.72973964063073e-08}, "DefMet_BE_33": {"avail": 1.0, "util": 0.00037326163320114544, "br": 0.0, "waiting_time": 0.0}, "DefMet_BE_42": {"avail": 1.0, "util": 0.0005324041899923314, "br": 0.0, "waiting_time": 0.0}, "DefMet_FE_10": {"avail": 1.0, "util": 0.001374412990469334, "br": 0.0, "waiting_time": 0.0}, "DefMet_FE_106": {"avail": 1.0, "util": 8.680503097701057e-05, "br": 0.0, "waiting_time": 0.0}, "DefMet_FE_34": {"avail": 1.0, "util": 0.0011516134109616734, "br": 0.0, "waiting_time": 0.0}, "DefMet_FE_43": {"avail": 1.0, "util": 0.0011892289243850447, "br": 0.0, "waiting_time": 9.38692139016551e-09}, "Delay_32": {"avail": 1.0, "util": 5.6307530093754185e-05, "br": 0.0, "waiting_time": 0.0}, "Dielectric_BE_20": {"avail": 1.0, "util": 0.0006423572292298781, "br": 0.0, "waiting_time": 1.3555221888555221e-06}, "Dielectric_BE_21": {"avail": 0.9533380272260911, "util": 0.0006904911648435512, "br": 0.04666197277390897, "waiting_time": 7.631257631257631e-07}, "Dielectric_BE_27": {"avail": 0.9761795733166926, "util": 0.0006034922532019869, "br": 0.023820426683307493, "waiting_time": 7.57961628950496e-09}, "Dielectric_BE_28": {"avail": 0.9753604947711884, "util": 0.0005414038617253618, "br": 0.02463950522881169, "waiting_time": 1.902587519025875e-07}, "Dielectric_BE_60": {"avail": 0.9700547297242, "util": 0.0005950730802181042, "br": 0.0299452702757999, "waiting_time": 1.1603081778520374e-07}, "Dielectric_FE_112": {"avail": 0.9684604588438417, "util": 0.000527036057573439, "br": 0.031539541156158306, "waiting_time": 6.561266481901403e-08}, "Dielectric_FE_130": {"avail": 1.0, "util": 0.0005208301858620634, "br": 0.0, "waiting_time": 1.0866769547325102e-05}, "Dielectric_FE_29": {"avail": 1.0, "util": 0.0003722971328569564, "br": 0.0, "waiting_time": 3.4182498560736903e-06}, "Dielectric_FE_30": {"avail": 0.8820918050874194, "util": 0.0008955142507105718, "br": 0.1179081949125806, "waiting_time": 1.0598968932302266e-06}, "Dielectric_FE_31": {"avail": 0.9710524219771894, "util": 0.0005527450726586936, "br": 0.02894757802281048, "waiting_time": 4.773135669362084e-06}, "Diffusion_BE_123": {"avail": 0.9991069298970449, "util": 0.00026837076959537645, "br": 0.0008930701029550572, "waiting_time": 8.743005595523581e-07}, "Diffusion_FE_100": {"avail": 1.0, "util": 0.0004050901445593826, "br": 0.0, "waiting_time": 9.92063492063492e-07}, "Diffusion_FE_101": {"avail": 1.0, "util": 0.00031415154067870486, "br": 0.0, "waiting_time": 2.5889376218323584e-06}, "Diffusion_FE_120": {"avail": 0.9828486171889632, "util": 0.0002157145142341649, "br": 0.01715138281103674, "waiting_time": 1.637027846705266e-06}, "Diffusion_FE_122": {"avail": 0.9469243242786753, "util": 0.0003275692711003788, "br": 0.05307567572132462, "waiting_time": 1.986594803758983e-06}, "Diffusion_FE_125": {"avail": 0.9803094369371103, "util": 0.00010478251334299755, "br": 0.01969056306288973, "waiting_time": 3.260302556077204e-07}, "Diffusion_FE_126": {"avail": 0.964938112724211, "util": 0.0002778738782817446, "br": 0.03506188727578901, "waiting_time": 2.9143351985078604e-06}, "Diffusion_FE_127": {"avail": 0.9698656269710778, "util": 0.0002751361506222167, "br": 0.030134373028922124, "waiting_time": 3.3467202141900936e-06}, "Diffusion_FE_44": {"avail": 0.9676350390698678, "util": 0.00024629044757746573, "br": 0.032364960930132185, "waiting_time": 1.53298994358597e-06}, "Diffusion_FE_94": {"avail": 0.9840238435543909, "util": 0.0002897707980856442, "br": 0.015976156445609107, "waiting_time": 2.455753724203909e-06}, "EPI_36": {"avail": 0.8719365604426372, "util": 0.0002654781243349298, "br": 0.12806343955736288, "waiting_time": 0.0}, "EPI_38": {"avail": 0.7407665365069772, "util": 0.0005859135550745343, "br": 0.2592334634930228, "waiting_time": 0.0}, "Implant_119": {"avail": 1.0, "util": 0.0005700197034157027, "br": 0.0, "waiting_time": 2.3500658018424514e-07}, "Implant_128": {"avail": 0.9882614461621391, "util": 0.001129572242952001, "br": 0.011738553837860809, "waiting_time": 2.7000172801105926e-07}, "Implant_132": {"avail": 0.8876870038614099, "util": 0.0010536644162961253, "br": 0.11231299613859015, "waiting_time": 4.475666695310933e-08}, "Implant_74": {"avail": 1.0, "util": 0.000312498111517238, "br": 0.0, "waiting_time": 0.0}, "Implant_88": {"avail": 0.987447763707858, "util": 0.000741361506041183, "br": 0.012552236292141972, "waiting_time": 0.0}, "Implant_90": {"avail": 1.0, "util": 0.00076677777363026, "br": 0.0, "waiting_time": 8.735150244584207e-08}, "Implant_91": {"avail": 0.7985558614405331, "util": 0.001123259327754083, "br": 0.20144413855946694, "waiting_time": 9.956192751891676e-08}, "LithoMet_BE_18": {"avail": 0.9966049692547319, "util": 0.0013636849295591905, "br": 0.003395030745268123, "waiting_time": 0.0}, "LithoMet_FE_19": {"avail": 0.9977605853092967, "util": 0.0011152093131985695, "br": 0.0022394146907032514, "waiting_time": 0.0}, "LithoTrack_BE_117": {"avail": 1.0, "util": 0.00044444175860229406, "br": 0.0, "waiting_time": 1.5070408950617284e-07}, "LithoTrack_FE_115": {"avail": 0.9185255332637677, "util": 0.00044312229819187755, "br": 0.08147446673623225, "waiting_time": 5.808010407954651e-08}, "LithoTrack_FE_95": {"avail": 0.9381734710271169, "util": 0.0004411014716132421,