{"lots": {}, "machines": {"DE_BE_11": {"avail": 1.0, "util": 0.6362365790447981, "br": 0.0}, "DE_BE_12": {"avail": 1.0, "util": 0.9415751367806162, "br": 0.0}, "DE_BE_13": {"avail": 1.0, "util": 0.6676363251705717, "br": 0.0}, "DE_BE_48": {"avail": 1.0, "util": 0.7755923731951129, "br": 0.0}, "DE_BE_50": {"avail": 1.0, "util": 0.9090254638199844, "br": 0.0}, "DE_BE_65": {"avail": 1.0, "util": 0.7350382211381405, "br": 0.0}, "DE_BE_66": {"avail": 1.0, "util": 0.6705995830004482, "br": 0.0}, "DE_BE_67": {"avail": 1.0, "util": 0.5963346908552388, "br": 0.0}, "DE_BE_69": {"avail": 1.0, "util": 0.7437523139577934, "br": 0.0}, "DE_FE_1": {"avail": 1.0, "util": 0.7518776114666526, "br": 0.0}, "DE_FE_51": {"avail": 1.0, "util": 0.6744090882519145, "br": 0.0}, "DE_FE_53": {"avail": 1.0, "util": 0.5543872639763051, "br": 0.0}, "DE_FE_54": {"avail": 1.0, "util": 0.5428359866716032, "br": 0.0}, "DE_FE_56": {"avail": 1.0, "util": 0.5995927434283599, "br": 0.0}, "DE_FE_58": {"avail": 1.0, "util": 0.6544798222880415, "br": 0.0}, "DE_FE_59": {"avail": 1.0, "util": 0.7947858817721831, "br": 0.0}, "DE_FE_62": {"avail": 1.0, "util": 0.675186438885069, "br": 0.0}, "DE_FE_70": {"avail": 1.0, "util": 0.7438982712955315, "br": 0.0}, "DE_FE_71": {"avail": 1.0, "util": 0.7619135769820702, "br": 0.0}, "DE_FE_72": {"avail": 1.0, "util": 0.8681558270599365, "br": 0.0}, "DE_FE_86": {"avail": 1.0, "util": 0.7633921592825703, "br": 0.0}, "DefMEt_FE_118": {"avail": 1.0, "util": 0.49435394298408, "br": 0.0}, "DefMet_BE_33": {"avail": 1.0, "util": 0.8984635320251758, "br": 0.0}, "DefMet_BE_42": {"avail": 1.0, "util": 0.977693446871529, "br": 0.0}, "DefMet_FE_10": {"avail": 1.0, "util": 0.7545816364309516, "br": 0.0}, "DefMet_FE_106": {"avail": 1.0, "util": 0.6124583487597186, "br": 0.0}, "DefMet_FE_34": {"avail": 1.0, "util": 0.702054794520548, "br": 0.0}, "DefMet_FE_43": {"avail": 1.0, "util": 0.9425058620264101, "br": 0.0}, "Delay_32": {"avail": 1.0, "util": 0.21074023509811182, "br": 0.0}, "Dielectric_BE_20": {"avail": 1.0, "util": 0.8909477971121806, "br": 0.0}, "Dielectric_BE_21": {"avail": 1.0, "util": 0.854104961125509, "br": 0.0}, "Dielectric_BE_27": {"avail": 1.0, "util": 0.7913488831297051, "br": 0.0}, "Dielectric_BE_28": {"avail": 1.0, "util": 0.8423731951129212, "br": 0.0}, "Dielectric_BE_60": {"avail": 1.0, "util": 0.8230053683820807, "br": 0.0}, "Dielectric_FE_112": {"avail": 1.0, "util": 0.8507682339874122, "br": 0.0}, "Dielectric_FE_130": {"avail": 1.0, "util": 0.8309653831914106, "br": 0.0}, "Dielectric_FE_29": {"avail": 1.0, "util": 0.7750524497099839, "br": 0.0}, "Dielectric_FE_30": {"avail": 1.0, "util": 0.9261384672343577, "br": 0.0}, "Dielectric_FE_31": {"avail": 1.0, "util": 0.8967049241021844, "br": 0.0}, "Diffusion_BE_123": {"avail": 1.0, "util": 0.0, "br": 0.0}, "Diffusion_FE_100": {"avail": 1.0, "util": 0.0, "br": 0.0}, "Diffusion_FE_101": {"avail": 1.0, "util": 0.0, "br": 0.0}, "Diffusion_FE_120": {"avail": 1.0, "util": 0.0, "br": 0.0}, "Diffusion_FE_122": {"avail": 1.0, "util": 0.0, "br": 0.0}, "Diffusion_FE_125": {"avail": 1.0, "util": 0.0, "br": 0.0}, "Diffusion_FE_126": {"avail": 1.0, "util": 0.0, "br": 0.0}, "Diffusion_FE_127": {"avail": 1.0, "util": 0.0, "br": 0.0}, "Diffusion_FE_44": {"avail": 1.0, "util": 0.0, "br": 0.0}, "Diffusion_FE_94": {"avail": 1.0, "util": 0.0, "br": 0.0}, "EPI_36": {"avail": 1.0, "util": 0.012125138837467605, "br": 0.0}, "EPI_38": {"avail": 1.0, "util": 0.011662347278785635, "br": 0.0}, "Implant_119": {"avail": 1.0, "util": 0.030729359496482783, "br": 0.0}, "Implant_128": {"avail": 1.0, "util": 0.06499444650129582, "br": 0.0}, "Implant_132": {"avail": 1.0, "util": 0.03889763050721955, "br": 0.0}, "Implant_74": {"avail": 1.0, "util": 0.011292114031840059, "br": 0.0}, "Implant_88": {"avail": 1.0, "util": 0.002406516105146242, "br": 0.0}, "Implant_90": {"avail": 1.0, "util": 0.03447797112180674, "br": 0.0}, "Implant_91": {"avail": 1.0, "util": 0.04988893002591633, "br": 0.0}, "LithoMet_BE_18": {"avail": 1.0, "util": 0.9413251502292599, "br": 0.0}, "LithoMet_FE_19": {"avail": 1.0, "util": 0.9327718129087992, "br": 0.0}, "LithoTrack_BE_117": {"avail": 1.0, "util": 0.15451684561273604, "br": 0.0}, "LithoTrack_FE_115": {"avail": 1.0, "util": 0.06159846389499895, "br": 0.0}, "LithoTrack_FE_95": {"avail": 1.0, "util": 0.07732774709291343, "br": 0.0}, "LithoTrack_FE_96": {"avail": 1.0, "util": 0.0, "br": 0.0}, "Litho_BE_110": {"avail": 1.0, "util": 0.08982453588617972, "br": 0.0}, "Litho_BE_93": {"avail": 1.0, "util": 0.0761754905590522, "br": 0.0}, "Litho_BE_99": {"avail": 1.0, "util": 0.2685425151178576, "br": 0.0}, "Litho_FE_111": {"avail": 1.0, "util": 0.1328001413617852, "br": 0.0}, "Litho_FE_35": {"avail": 1.0, "util": 0.06724361347649019, "br": 0.0}, "Litho_FE_92": {"avail": 1.0, "util": 0.12950310210584184, "br": 0.0}, "Litho_FE_98": {"avail": 1.0, "util": 0.15011106997408366, "br": 0.0}, "Litho_REG_BE_63": {"avail": 1.0, "util": 0.9330919104035542, "br": 0.0}, "Litho_REG_FE_64": {"avail": 1.0, "util": 0.9350703443169197, "br": 0.0}, "Planar_BE_75": {"avail": 1.0, "util": 0.7389855609033691, "br": 0.0}, "Planar_FE_76": {"avail": 1.0, "util": 0.20572627421942488, "br": 0.0}, "Planar_FE_77": {"avail": 1.0, "util": 0.9546001480932987, "br": 0.0}, "Planar_FE_78": {"avail": 1.0, "util": 0.7050629396519807, "br": 0.0}, "Planar_FE_79": {"avail": 1.0, "util": 0.8618289522399112, "br": 0.0}, "Planar_FE_80": {"avail": 1.0, "util": 0.8602832284339134, "br": 0.0}, "TF_BE_2": {"avail": 1.0, "util": 0.4407395409107738, "br": 0.0}, "TF_BE_23": {"avail": 1.0, "util": 0.6910111264833687, "br": 0.0}, "TF_BE_24": {"avail": 1.0, "util": 0.3860607182524991, "br": 0.0}, "TF_BE_26": {"avail": 1.0, "util": 0.6532642231272369, "br": 0.0}, "TF_BE_40": {"avail": 1.0, "util": 0.843561026780205, "br": 0.0}, "TF_FE_103": {"avail": 1.0, "util": 0.8645409107737875, "br": 0.0}, "TF_FE_104": {"avail": 1.0, "util": 0.6228989263235839, "br": 0.0}, "TF_FE_113": {"avail": 1.0, "util": 0.6635042576823399, "br": 0.0}, "TF_FE_131": {"avail": 1.0, "util": 0.15528199432309023, "br": 0.0}, "TF_FE_3": {"avail": 1.0, "util": 0.8948074787115883, "br": 0.0}, "TF_FE_5": {"avail": 1.0, "util": 0.26601258793039617, "br": 0.0}, "TF_Met_FE_45": {"avail": 1.0, "util": 0.14230840429470568, "br": 0.0}, "TF_Met_FE_61": {"avail": 1.0, "util": 0.9756571640133284, "br": 0.0}, "WE_BE_14": {"avail": 1.0, "util": 0.04474268789337282, "br": 0.0}, "WE_BE_16": {"avail": 1.0, "util": 0.04458225348636308, "br": 0.0}, "WE_BE_17": {"avail": 1.0, "util": 0.04600148093298778, "br": 0.0}, "WE_BE_7": {"avail": 1.0, "util": 0.0074046649389115145, "br": 0.0}, "WE_BE_81": {"avail": 1.0, "util": 0.05988522769344687, "br": 0.0}, "WE_BE_82": {"avail": 1.0, "util": 0.08584783413550537, "br": 0.0}, "WE_BE_9": {"avail": 1.0, "util": 0.061352938065266836, "br": 0.0}, "WE_FE_108": {"avail": 1.0, "util": 0.043782725974506796, "br": 0.0}, "WE_FE_41": {"avail": 1.0, "util": 0.04211403184005924, "br": 0.0}, "WE_FE_47": {"avail": 1.0, "util": 0.04172837220782426, "br": 0.0}, "WE_FE_8": {"avail": 1.0, "util": 0.046232876712328765, "br": 0.0}, "WE_FE_83": {"avail": 1.0, "util": 0.048527000581795106, "br": 0.0}, "WE_FE_84": {"avail": 1.0, "util": 0.04841828129499362, "br": 0.0}, "WE_FE_85": {"avail": 1.0, "util": 0.03184005923731951, "br": 0.0}}, "plugins": {"cost": 448600.0}}