{"lots": {}, "machines": {"DE_BE_11": {"avail": 1.0, "util": 0.6377650217572447, "br": 0.0}, "DE_BE_12": {"avail": 1.0, "util": 0.9500766389943318, "br": 0.0}, "DE_BE_13": {"avail": 1.0, "util": 0.6681656460380653, "br": 0.0}, "DE_BE_48": {"avail": 1.0, "util": 0.7801314693083974, "br": 0.0}, "DE_BE_50": {"avail": 1.0, "util": 0.9092985217418141, "br": 0.0}, "DE_BE_65": {"avail": 1.0, "util": 0.708855933818764, "br": 0.0}, "DE_BE_66": {"avail": 1.0, "util": 0.6743430189212499, "br": 0.0}, "DE_BE_67": {"avail": 1.0, "util": 0.6337376168873252, "br": 0.0}, "DE_BE_69": {"avail": 1.0, "util": 0.7310434219053791, "br": 0.0}, "DE_FE_1": {"avail": 1.0, "util": 0.7529593820677979, "br": 0.0}, "DE_FE_51": {"avail": 1.0, "util": 0.6726716337181254, "br": 0.0}, "DE_FE_53": {"avail": 1.0, "util": 0.9126377187297472, "br": 0.0}, "DE_FE_54": {"avail": 1.0, "util": 0.5493195074530136, "br": 0.0}, "DE_FE_56": {"avail": 1.0, "util": 0.5909637996481807, "br": 0.0}, "DE_FE_58": {"avail": 1.0, "util": 0.6555565842668889, "br": 0.0}, "DE_FE_59": {"avail": 1.0, "util": 0.7694225843286115, "br": 0.0}, "DE_FE_62": {"avail": 1.0, "util": 0.6761344849021916, "br": 0.0}, "DE_FE_70": {"avail": 1.0, "util": 0.7418899959405468, "br": 0.0}, "DE_FE_71": {"avail": 1.0, "util": 0.7853274167735792, "br": 0.0}, "DE_FE_72": {"avail": 1.0, "util": 0.8665864271826683, "br": 0.0}, "DE_FE_86": {"avail": 1.0, "util": 0.7632715763629568, "br": 0.0}, "DefMEt_FE_118": {"avail": 1.0, "util": 0.5025923525599482, "br": 0.0}, "DefMet_BE_33": {"avail": 1.0, "util": 0.861448014072771, "br": 0.0}, "DefMet_BE_42": {"avail": 1.0, "util": 0.9983334876400334, "br": 0.0}, "DefMet_FE_10": {"avail": 1.0, "util": 0.7552078511248959, "br": 0.0}, "DefMet_FE_106": {"avail": 1.0, "util": 0.607351171187853, "br": 0.0}, "DefMet_FE_34": {"avail": 1.0, "util": 0.7108601055457828, "br": 0.0}, "DefMet_FE_43": {"avail": 1.0, "util": 0.942597907601148, "br": 0.0}, "Delay_32": {"avail": 1.0, "util": 0.21721622997870568, "br": 0.0}, "Dielectric_BE_20": {"avail": 1.0, "util": 0.8567540042588648, "br": 0.0}, "Dielectric_BE_21": {"avail": 1.0, "util": 0.856853532080363, "br": 0.0}, "Dielectric_BE_27": {"avail": 1.0, "util": 0.7704842144245904, "br": 0.0}, "Dielectric_BE_28": {"avail": 1.0, "util": 0.903295991111934, "br": 0.0}, "Dielectric_BE_60": {"avail": 1.0, "util": 0.8265438385334691, "br": 0.0}, "Dielectric_FE_112": {"avail": 1.0, "util": 0.823451532265531, "br": 0.0}, "Dielectric_FE_130": {"avail": 1.0, "util": 0.8266595685584668, "br": 0.0}, "Dielectric_FE_29": {"avail": 1.0, "util": 0.7789710829244205, "br": 0.0}, "Dielectric_FE_30": {"avail": 1.0, "util": 0.9273678363114527, "br": 0.0}, "Dielectric_FE_31": {"avail": 1.0, "util": 0.9036200351819276, "br": 0.0}, "Diffusion_BE_123": {"avail": 1.0, "util": 0.0, "br": 0.0}, "Diffusion_FE_100": {"avail": 1.0, "util": 0.0, "br": 0.0}, "Diffusion_FE_101": {"avail": 1.0, "util": 0.0, "br": 0.0}, "Diffusion_FE_120": {"avail": 1.0, "util": 0.0, "br": 0.0}, "Diffusion_FE_122": {"avail": 1.0, "util": 0.0, "br": 0.0}, "Diffusion_FE_125": {"avail": 1.0, "util": 0.0, "br": 0.0}, "Diffusion_FE_126": {"avail": 1.0, "util": 0.0, "br": 0.0}, "Diffusion_FE_127": {"avail": 1.0, "util": 0.0, "br": 0.0}, "Diffusion_FE_44": {"avail": 1.0, "util": 0.0, "br": 0.0}, "Diffusion_FE_94": {"avail": 1.0, "util": 0.0, "br": 0.0}, "EPI_36": {"avail": 1.0, "util": 0.011850754559762986, "br": 0.0}, "EPI_38": {"avail": 1.0, "util": 0.012035922599759281, "br": 0.0}, "Implant_119": {"avail": 1.0, "util": 0.03073789463938524, "br": 0.0}, "Implant_128": {"avail": 1.0, "util": 0.06512359966669752, "br": 0.0}, "Implant_132": {"avail": 1.0, "util": 0.03883899638922322, "br": 0.0}, "Implant_74": {"avail": 1.0, "util": 0.011434126469771317, "br": 0.0}, "Implant_88": {"avail": 1.0, "util": 0.0024071845199518565, "br": 0.0}, "Implant_90": {"avail": 1.0, "util": 0.034348671419313026, "br": 0.0}, "Implant_91": {"avail": 1.0, "util": 0.04982563342900349, "br": 0.0}, "LithoMet_BE_18": {"avail": 1.0, "util": 0.9408601767642597, "br": 0.0}, "LithoMet_FE_19": {"avail": 1.0, "util": 0.9357106852246191, "br": 0.0}, "LithoTrack_BE_117": {"avail": 1.0, "util": 0.1546893806129062, "br": 0.0}, "LithoTrack_FE_115": {"avail": 1.0, "util": 0.061729941490530106, "br": 0.0}, "LithoTrack_FE_95": {"avail": 1.0, "util": 0.07732088298702501, "br": 0.0}, "LithoTrack_FE_96": {"avail": 1.0, "util": 0.0, "br": 0.0}, "Litho_BE_110": {"avail": 1.0, "util": 0.08984287169177457, "br": 0.0}, "Litho_BE_93": {"avail": 1.0, "util": 0.07687559793846249, "br": 0.0}, "Litho_BE_99": {"avail": 1.0, "util": 0.26972811159460547, "br": 0.0}, "Litho_FE_111": {"avail": 1.0, "util": 0.13261819191825674, "br": 0.0}, "Litho_FE_35": {"avail": 1.0, "util": 0.06693824645866124, "br": 0.0}, "Litho_FE_92": {"avail": 1.0, "util": 0.12971582317013294, "br": 0.0}, "Litho_FE_98": {"avail": 1.0, "util": 0.15004166280899917, "br": 0.0}, "Litho_REG_BE_63": {"avail": 1.0, "util": 0.929798166836404, "br": 0.0}, "Litho_REG_FE_64": {"avail": 1.0, "util": 0.9470221011282024, "br": 0.0}, "Planar_BE_75": {"avail": 1.0, "util": 0.7711971113785762, "br": 0.0}, "Planar_FE_76": {"avail": 1.0, "util": 0.2056291084158874, "br": 0.0}, "Planar_FE_77": {"avail": 1.0, "util": 0.9562077585408758, "br": 0.0}, "Planar_FE_78": {"avail": 1.0, "util": 0.6933154337561337, "br": 0.0}, "Planar_FE_79": {"avail": 1.0, "util": 0.8538653828349227, "br": 0.0}, "Planar_FE_80": {"avail": 1.0, "util": 0.8631608184427367, "br": 0.0}, "TF_BE_2": {"avail": 1.0, "util": 0.4427599296361448, "br": 0.0}, "TF_BE_23": {"avail": 1.0, "util": 0.693332488707186, "br": 0.0}, "TF_BE_24": {"avail": 1.0, "util": 0.38807517822423854, "br": 0.0}, "TF_BE_26": {"avail": 1.0, "util": 0.6306329660833873, "br": 0.0}, "TF_BE_40": {"avail": 1.0, "util": 0.8473675276980526, "br": 0.0}, "TF_FE_103": {"avail": 1.0, "util": 0.7393065456902139, "br": 0.0}, "TF_FE_104": {"avail": 1.0, "util": 0.6141838718637164, "br": 0.0}, "TF_FE_113": {"avail": 1.0, "util": 0.6547078974169058, "br": 0.0}, "TF_FE_131": {"avail": 1.0, "util": 0.15267104897694658, "br": 0.0}, "TF_FE_3": {"avail": 1.0, "util": 0.9046384594019072, "br": 0.0}, "TF_FE_5": {"avail": 1.0, "util": 0.2692574761596149, "br": 0.0}, "TF_Met_FE_45": {"avail": 1.0, "util": 0.14197759466716045, "br": 0.0}, "TF_Met_FE_61": {"avail": 1.0, "util": 0.9685214332006296, "br": 0.0}, "WE_BE_14": {"avail": 1.0, "util": 0.04444032959911119, "br": 0.0}, "WE_BE_16": {"avail": 1.0, "util": 0.04451233939244308, "br": 0.0}, "WE_BE_17": {"avail": 1.0, "util": 0.045829089899083415, "br": 0.0}, "WE_BE_7": {"avail": 1.0, "util": 0.007591889639848162, "br": 0.0}, "WE_BE_81": {"avail": 1.0, "util": 0.06011789031879765, "br": 0.0}, "WE_BE_82": {"avail": 1.0, "util": 0.08570502731228591, "br": 0.0}, "WE_BE_9": {"avail": 1.0, "util": 0.061052548044493234, "br": 0.0}, "WE_FE_108": {"avail": 1.0, "util": 0.043242027854563735, "br": 0.0}, "WE_FE_41": {"avail": 1.0, "util": 0.04192204425516156, "br": 0.0}, "WE_FE_47": {"avail": 1.0, "util": 0.040598092769188035, "br": 0.0}, "WE_FE_8": {"avail": 1.0, "util": 0.04629200999907416, "br": 0.0}, "WE_FE_83": {"avail": 1.0, "util": 0.04852725276760088, "br": 0.0}, "WE_FE_84": {"avail": 1.0, "util": 0.04845744735569752, "br": 0.0}, "WE_FE_85": {"avail": 1.0, "util": 0.032034070919359316, "br": 0.0}}, "plugins": {"cost": 448600.0}}