{"lots": {}, "machines": {"DE_BE_11": {"avail": 1.0, "util": 0.6596314985417342, "br": 0.0}, "DE_BE_12": {"avail": 1.0, "util": 0.9510773678173335, "br": 0.0}, "DE_BE_13": {"avail": 1.0, "util": 0.8648761851854302, "br": 0.0}, "DE_BE_48": {"avail": 1.0, "util": 0.8120364797926022, "br": 0.0}, "DE_BE_50": {"avail": 1.0, "util": 0.9297820574150374, "br": 0.0}, "DE_BE_65": {"avail": 1.0, "util": 0.7939528943376803, "br": 0.0}, "DE_BE_66": {"avail": 1.0, "util": 0.6875022842509728, "br": 0.0}, "DE_BE_67": {"avail": 1.0, "util": 0.8691403175778899, "br": 0.0}, "DE_BE_69": {"avail": 1.0, "util": 0.9225267348733855, "br": 0.0}, "DE_FE_1": {"avail": 1.0, "util": 0.5355572162664427, "br": 0.0}, "DE_FE_51": {"avail": 1.0, "util": 0.49704326554082534, "br": 0.0}, "DE_FE_53": {"avail": 1.0, "util": 0.817702884125735, "br": 0.0}, "DE_FE_54": {"avail": 1.0, "util": 0.8159900004629416, "br": 0.0}, "DE_FE_56": {"avail": 1.0, "util": 0.8041988796814963, "br": 0.0}, "DE_FE_58": {"avail": 1.0, "util": 0.7380985448204558, "br": 0.0}, "DE_FE_59": {"avail": 1.0, "util": 0.7940743484097958, "br": 0.0}, "DE_FE_62": {"avail": 1.0, "util": 0.7466188734648529, "br": 0.0}, "DE_FE_70": {"avail": 1.0, "util": 0.7277013528575956, "br": 0.0}, "DE_FE_71": {"avail": 1.0, "util": 0.6988234671675253, "br": 0.0}, "DE_FE_72": {"avail": 1.0, "util": 0.8699854430607636, "br": 0.0}, "DE_FE_86": {"avail": 1.0, "util": 0.7240388390798095, "br": 0.0}, "DefMEt_FE_118": {"avail": 1.0, "util": 0.25107633905837695, "br": 0.0}, "DefMet_BE_33": {"avail": 1.0, "util": 0.966413591963335, "br": 0.0}, "DefMet_BE_42": {"avail": 1.0, "util": 0.9541224943289662, "br": 0.0}, "DefMet_FE_10": {"avail": 1.0, "util": 0.47937595481690665, "br": 0.0}, "DefMet_FE_106": {"avail": 1.0, "util": 0.3056339984259988, "br": 0.0}, "DefMet_FE_34": {"avail": 1.0, "util": 0.6135827045044211, "br": 0.0}, "DefMet_FE_43": {"avail": 1.0, "util": 0.971313056494298, "br": 0.0}, "Delay_32": {"avail": 1.0, "util": 0.3801306652469793, "br": 0.0}, "Dielectric_BE_20": {"avail": 1.0, "util": 0.9257071431878154, "br": 0.0}, "Dielectric_BE_21": {"avail": 1.0, "util": 0.945720105550669, "br": 0.0}, "Dielectric_BE_27": {"avail": 1.0, "util": 0.725293582087249, "br": 0.0}, "Dielectric_BE_28": {"avail": 1.0, "util": 0.6791815193741031, "br": 0.0}, "Dielectric_BE_60": {"avail": 1.0, "util": 0.9209874542845239, "br": 0.0}, "Dielectric_FE_112": {"avail": 1.0, "util": 0.9129068098699135, "br": 0.0}, "Dielectric_FE_130": {"avail": 1.0, "util": 0.9642493403083191, "br": 0.0}, "Dielectric_FE_29": {"avail": 1.0, "util": 0.9019335524589912, "br": 0.0}, "Dielectric_FE_30": {"avail": 1.0, "util": 0.9287532984584047, "br": 0.0}, "Dielectric_FE_31": {"avail": 1.0, "util": 0.9630919864821074, "br": 0.0}, "Diffusion_BE_123": {"avail": 1.0, "util": 0.0, "br": 0.0}, "Diffusion_FE_100": {"avail": 1.0, "util": 0.0, "br": 0.0}, "Diffusion_FE_101": {"avail": 1.0, "util": 0.0, "br": 0.0}, "Diffusion_FE_120": {"avail": 1.0, "util": 0.0, "br": 0.0}, "Diffusion_FE_122": {"avail": 1.0, "util": 0.0, "br": 0.0}, "Diffusion_FE_125": {"avail": 1.0, "util": 0.0, "br": 0.0}, "Diffusion_FE_126": {"avail": 1.0, "util": 0.0, "br": 0.0}, "Diffusion_FE_127": {"avail": 1.0, "util": 0.7831890498896656, "br": 0.0}, "Diffusion_FE_44": {"avail": 1.0, "util": 0.0, "br": 0.0}, "Diffusion_FE_94": {"avail": 1.0, "util": 0.0, "br": 0.0}, "EPI_36": {"avail": 1.0, "util": 0.011990185639553725, "br": 0.0}, "EPI_38": {"avail": 1.0, "util": 0.029581963797972316, "br": 0.0}, "Implant_119": {"avail": 1.0, "util": 0.01698995416878848, "br": 0.0}, "Implant_128": {"avail": 1.0, "util": 0.03959075968705153, "br": 0.0}, "Implant_132": {"avail": 1.0, "util": 0.0351256886255266, "br": 0.0}, "Implant_74": {"avail": 1.0, "util": 0.005671033748437572, "br": 0.0}, "Implant_88": {"avail": 1.0, "util": 0.027290403222073052, "br": 0.0}, "Implant_90": {"avail": 1.0, "util": 0.0409471783713717, "br": 0.0}, "Implant_91": {"avail": 1.0, "util": 0.036541518139592305, "br": 0.0}, "LithoMet_BE_18": {"avail": 1.0, "util": 0.9741322517119934, "br": 0.0}, "LithoMet_FE_19": {"avail": 1.0, "util": 0.9550740963638514, "br": 0.0}, "LithoTrack_BE_117": {"avail": 1.0, "util": 0.08683857228831998, "br": 0.0}, "LithoTrack_FE_115": {"avail": 1.0, "util": 0.042839338411166515, "br": 0.0}, "LithoTrack_FE_95": {"avail": 1.0, "util": 0.04635745321692401, "br": 0.0}, "LithoTrack_FE_96": {"avail": 1.0, "util": 0.0025461784176658486, "br": 0.0}, "Litho_BE_110": {"avail": 1.0, "util": 0.05307624647007083, "br": 0.0}, "Litho_BE_93": {"avail": 1.0, "util": 0.04720460472508989, "br": 0.0}, "Litho_BE_99": {"avail": 1.0, "util": 0.15165964538678764, "br": 0.0}, "Litho_FE_111": {"avail": 1.0, "util": 0.08280761412560866, "br": 0.0}, "Litho_FE_35": {"avail": 1.0, "util": 0.025160872181843433, "br": 0.0}, "Litho_FE_92": {"avail": 1.0, "util": 0.07636571258625793, "br": 0.0}, "Litho_FE_98": {"avail": 1.0, "util": 0.07512615156705708, "br": 0.0}, "Litho_REG_BE_63": {"avail": 1.0, "util": 0.9547243183185964, "br": 0.0}, "Litho_REG_FE_64": {"avail": 1.0, "util": 0.979280059785592, "br": 0.0}, "Planar_BE_75": {"avail": 1.0, "util": 0.6563955372436461, "br": 0.0}, "Planar_FE_76": {"avail": 1.0, "util": 0.8269215931361202, "br": 0.0}, "Planar_FE_77": {"avail": 1.0, "util": 0.9631961483264664, "br": 0.0}, "Planar_FE_78": {"avail": 1.0, "util": 0.6989954168788483, "br": 0.0}, "Planar_FE_79": {"avail": 1.0, "util": 0.8617193648442202, "br": 0.0}, "Planar_FE_80": {"avail": 1.0, "util": 0.6418684320170363, "br": 0.0}, "TF_BE_2": {"avail": 1.0, "util": 0.22415628906069163, "br": 0.0}, "TF_BE_23": {"avail": 1.0, "util": 0.3473401572539283, "br": 0.0}, "TF_BE_24": {"avail": 1.0, "util": 0.19334290079163, "br": 0.0}, "TF_BE_26": {"avail": 1.0, "util": 0.5620727435458235, "br": 0.0}, "TF_BE_40": {"avail": 1.0, "util": 0.5101596376710955, "br": 0.0}, "TF_FE_103": {"avail": 1.0, "util": 0.7388894032683672, "br": 0.0}, "TF_FE_104": {"avail": 1.0, "util": 0.8504606268228322, "br": 0.0}, "TF_FE_113": {"avail": 1.0, "util": 0.3340354613212351, "br": 0.0}, "TF_FE_131": {"avail": 1.0, "util": 0.5379997839606191, "br": 0.0}, "TF_FE_3": {"avail": 1.0, "util": 0.8935465950650433, "br": 0.0}, "TF_FE_5": {"avail": 1.0, "util": 0.31400166658950973, "br": 0.0}, "TF_Met_FE_45": {"avail": 1.0, "util": 0.07168649599555577, "br": 0.0}, "TF_Met_FE_61": {"avail": 1.0, "util": 0.9895606684875701, "br": 0.0}, "WE_BE_14": {"avail": 1.0, "util": 0.04203509096801074, "br": 0.0}, "WE_BE_16": {"avail": 1.0, "util": 0.04512651163269191, "br": 0.0}, "WE_BE_17": {"avail": 1.0, "util": 0.0508772742002685, "br": 0.0}, "WE_BE_7": {"avail": 1.0, "util": 0.015091893893801212, "br": 0.0}, "WE_BE_81": {"avail": 1.0, "util": 0.03791491134669691, "br": 0.0}, "WE_BE_82": {"avail": 1.0, "util": 0.053608629230128234, "br": 0.0}, "WE_BE_9": {"avail": 1.0, "util": 0.04643964895805088, "br": 0.0}, "WE_FE_108": {"avail": 1.0, "util": 0.04168722347510367, "br": 0.0}, "WE_FE_41": {"avail": 1.0, "util": 0.03750752279987038, "br": 0.0}, "WE_FE_47": {"avail": 1.0, "util": 0.0369350184405043, "br": 0.0}, "WE_FE_8": {"avail": 1.0, "util": 0.05175686310818944, "br": 0.0}, "WE_FE_83": {"avail": 1.0, "util": 0.03910533242508614, "br": 0.0}, "WE_FE_84": {"avail": 1.0, "util": 0.03636920101435633, "br": 0.0}, "WE_FE_85": {"avail": 1.0, "util": 0.022383222998935234, "br": 0.0}}, "plugins": {"cost": 447200.0}}