{"lots": {}, "machines": {"DE_BE_11": {"avail": 1.0, "util": 0.0, "br": 0.0}, "DE_BE_12": {"avail": 1.0, "util": 0.0, "br": 0.0}, "DE_BE_13": {"avail": 1.0, "util": 0.0, "br": 0.0}, "DE_BE_48": {"avail": 1.0, "util": 0.0, "br": 0.0}, "DE_BE_50": {"avail": 1.0, "util": 0.0, "br": 0.0}, "DE_BE_65": {"avail": 1.0, "util": 0.0, "br": 0.0}, "DE_BE_66": {"avail": 1.0, "util": 0.0, "br": 0.0}, "DE_BE_67": {"avail": 1.0, "util": 0.0, "br": 0.0}, "DE_BE_69": {"avail": 1.0, "util": 0.0, "br": 0.0}, "DE_FE_1": {"avail": 1.0, "util": 0.0, "br": 0.0}, "DE_FE_51": {"avail": 1.0, "util": 0.0, "br": 0.0}, "DE_FE_53": {"avail": 1.0, "util": 0.0, "br": 0.0}, "DE_FE_54": {"avail": 1.0, "util": 0.0, "br": 0.0}, "DE_FE_56": {"avail": 1.0, "util": 0.0, "br": 0.0}, "DE_FE_58": {"avail": 1.0, "util": 0.0, "br": 0.0}, "DE_FE_59": {"avail": 1.0, "util": 0.0, "br": 0.0}, "DE_FE_62": {"avail": 1.0, "util": 0.0, "br": 0.0}, "DE_FE_70": {"avail": 1.0, "util": 0.0, "br": 0.0}, "DE_FE_71": {"avail": 1.0, "util": 0.0, "br": 0.0}, "DE_FE_72": {"avail": 1.0, "util": 0.0, "br": 0.0}, "DE_FE_86": {"avail": 1.0, "util": 0.0, "br": 0.0}, "DefMEt_FE_118": {"avail": 1.0, "util": 0.5042960088691796, "br": 0.0}, "DefMet_BE_33": {"avail": 1.0, "util": 0.5537694013303769, "br": 0.0}, "DefMet_BE_42": {"avail": 1.0, "util": 0.760809312638581, "br": 0.0}, "DefMet_FE_10": {"avail": 1.0, "util": 0.9108924611973392, "br": 0.0}, "DefMet_FE_106": {"avail": 1.0, "util": 0.7752217294900222, "br": 0.0}, "DefMet_FE_34": {"avail": 1.0, "util": 0.7455654101995566, "br": 0.0}, "DefMet_FE_43": {"avail": 1.0, "util": 0.9447985957132299, "br": 0.0}, "Delay_32": {"avail": 1.0, "util": 0.0, "br": 0.0}, "Dielectric_BE_20": {"avail": 1.0, "util": 0.7526607538802661, "br": 0.0}, "Dielectric_BE_21": {"avail": 1.0, "util": 0.6469997228381374, "br": 0.0}, "Dielectric_BE_27": {"avail": 1.0, "util": 0.8056910569105691, "br": 0.0}, "Dielectric_BE_28": {"avail": 1.0, "util": 0.6702466740576497, "br": 0.0}, "Dielectric_BE_60": {"avail": 1.0, "util": 0.8410476718403548, "br": 0.0}, "Dielectric_FE_112": {"avail": 1.0, "util": 0.642710643015521, "br": 0.0}, "Dielectric_FE_130": {"avail": 1.0, "util": 0.8228242793791575, "br": 0.0}, "Dielectric_FE_29": {"avail": 1.0, "util": 0.77669992609017, "br": 0.0}, "Dielectric_FE_30": {"avail": 1.0, "util": 0.5548780487804879, "br": 0.0}, "Dielectric_FE_31": {"avail": 1.0, "util": 0.8453436807095344, "br": 0.0}, "Diffusion_BE_123": {"avail": 1.0, "util": 0.0, "br": 0.0}, "Diffusion_FE_100": {"avail": 1.0, "util": 0.0, "br": 0.0}, "Diffusion_FE_101": {"avail": 1.0, "util": 0.0, "br": 0.0}, "Diffusion_FE_120": {"avail": 1.0, "util": 0.0, "br": 0.0}, "Diffusion_FE_122": {"avail": 1.0, "util": 0.0, "br": 0.0}, "Diffusion_FE_125": {"avail": 1.0, "util": 0.0, "br": 0.0}, "Diffusion_FE_126": {"avail": 1.0, "util": 0.0, "br": 0.0}, "Diffusion_FE_127": {"avail": 1.0, "util": 0.0, "br": 0.0}, "Diffusion_FE_44": {"avail": 1.0, "util": 0.0, "br": 0.0}, "Diffusion_FE_94": {"avail": 1.0, "util": 0.0, "br": 0.0}, "EPI_36": {"avail": 1.0, "util": 0.014135254988913526, "br": 0.0}, "EPI_38": {"avail": 1.0, "util": 0.03547671840354767, "br": 0.0}, "Implant_119": {"avail": 1.0, "util": 0.056402439024390245, "br": 0.0}, "Implant_128": {"avail": 1.0, "util": 0.11862527716186252, "br": 0.0}, "Implant_132": {"avail": 1.0, "util": 0.053665465631929046, "br": 0.0}, "Implant_74": {"avail": 1.0, "util": 0.0, "br": 0.0}, "Implant_88": {"avail": 1.0, "util": 0.007067627494456763, "br": 0.0}, "Implant_90": {"avail": 1.0, "util": 0.06499445676274944, "br": 0.0}, "Implant_91": {"avail": 1.0, "util": 0.0713229859571323, "br": 0.0}, "LithoMet_BE_18": {"avail": 1.0, "util": 0.9152524304963329, "br": 0.0}, "LithoMet_FE_19": {"avail": 1.0, "util": 0.8634361911800936, "br": 0.0}, "LithoTrack_BE_117": {"avail": 1.0, "util": 0.2633037694013304, "br": 0.0}, "LithoTrack_FE_115": {"avail": 1.0, "util": 0.1318094865440633, "br": 0.0}, "LithoTrack_FE_95": {"avail": 1.0, "util": 0.1516923842707815, "br": 0.0}, "LithoTrack_FE_96": {"avail": 1.0, "util": 0.0, "br": 0.0}, "Litho_BE_110": {"avail": 1.0, "util": 0.20868308520747544, "br": 0.0}, "Litho_BE_93": {"avail": 1.0, "util": 0.20556171470805615, "br": 0.0}, "Litho_BE_99": {"avail": 1.0, "util": 0.6096637102734663, "br": 0.0}, "Litho_FE_111": {"avail": 1.0, "util": 0.3110260028220117, "br": 0.0}, "Litho_FE_35": {"avail": 1.0, "util": 0.13276053215077604, "br": 0.0}, "Litho_FE_92": {"avail": 1.0, "util": 0.32869717126923337, "br": 0.0}, "Litho_FE_98": {"avail": 1.0, "util": 0.37644124168514415, "br": 0.0}, "Litho_REG_BE_63": {"avail": 1.0, "util": 0.8442003880266076, "br": 0.0}, "Litho_REG_FE_64": {"avail": 1.0, "util": 0.8174493189737092, "br": 0.0}, "Planar_BE_75": {"avail": 1.0, "util": 0.217960088691796, "br": 0.0}, "Planar_FE_76": {"avail": 1.0, "util": 0.6153917220990393, "br": 0.0}, "Planar_FE_77": {"avail": 1.0, "util": 0.7207594235033259, "br": 0.0}, "Planar_FE_78": {"avail": 1.0, "util": 0.4246119733924612, "br": 0.0}, "Planar_FE_79": {"avail": 1.0, "util": 0.0, "br": 0.0}, "Planar_FE_80": {"avail": 1.0, "util": 0.6392738359201774, "br": 0.0}, "TF_BE_2": {"avail": 1.0, "util": 0.0, "br": 0.0}, "TF_BE_23": {"avail": 1.0, "util": 0.0, "br": 0.0}, "TF_BE_24": {"avail": 1.0, "util": 0.0, "br": 0.0}, "TF_BE_26": {"avail": 1.0, "util": 0.19711751662971178, "br": 0.0}, "TF_BE_40": {"avail": 1.0, "util": 0.0, "br": 0.0}, "TF_FE_103": {"avail": 1.0, "util": 0.0, "br": 0.0}, "TF_FE_104": {"avail": 1.0, "util": 0.0, "br": 0.0}, "TF_FE_113": {"avail": 1.0, "util": 0.0, "br": 0.0}, "TF_FE_131": {"avail": 1.0, "util": 0.0, "br": 0.0}, "TF_FE_3": {"avail": 1.0, "util": 0.0, "br": 0.0}, "TF_FE_5": {"avail": 1.0, "util": 0.0, "br": 0.0}, "TF_Met_FE_45": {"avail": 1.0, "util": 0.14426274944567627, "br": 0.0}, "TF_Met_FE_61": {"avail": 1.0, "util": 0.9423503325942351, "br": 0.0}, "WE_BE_14": {"avail": 1.0, "util": 0.021507760532150776, "br": 0.0}, "WE_BE_16": {"avail": 1.0, "util": 0.02534491254003449, "br": 0.0}, "WE_BE_17": {"avail": 1.0, "util": 0.04212860310421286, "br": 0.0}, "WE_BE_7": {"avail": 1.0, "util": 0.011086474501108648, "br": 0.0}, "WE_BE_81": {"avail": 1.0, "util": 0.02226533628972653, "br": 0.0}, "WE_BE_82": {"avail": 1.0, "util": 0.15559866962305985, "br": 0.0}, "WE_BE_9": {"avail": 1.0, "util": 0.08160437123851759, "br": 0.0}, "WE_FE_108": {"avail": 1.0, "util": 0.043641114982578395, "br": 0.0}, "WE_FE_41": {"avail": 1.0, "util": 0.03786031042128603, "br": 0.0}, "WE_FE_47": {"avail": 1.0, "util": 0.038802660753880266, "br": 0.0}, "WE_FE_8": {"avail": 1.0, "util": 0.08536585365853659, "br": 0.0}, "WE_FE_83": {"avail": 1.0, "util": 0.06738992714602471, "br": 0.0}, "WE_FE_84": {"avail": 1.0, "util": 0.05771125893077113, "br": 0.0}, "WE_FE_85": {"avail": 1.0, "util": 0.03797117516629712, "br": 0.0}}, "plugins": {"cost": 448800}}