{"lots": {}, "machines": {"DE_BE_11": {"avail": 1.0, "util": 0.6207760973127977, "br": 0.0}, "DE_BE_12": {"avail": 1.0, "util": 0.9424941800410096, "br": 0.0}, "DE_BE_13": {"avail": 1.0, "util": 0.8224829916241045, "br": 0.0}, "DE_BE_48": {"avail": 1.0, "util": 0.8124092317654132, "br": 0.0}, "DE_BE_50": {"avail": 1.0, "util": 0.7138481620235471, "br": 0.0}, "DE_BE_65": {"avail": 1.0, "util": 0.749195362896095, "br": 0.0}, "DE_BE_66": {"avail": 1.0, "util": 0.7232174372381627, "br": 0.0}, "DE_BE_67": {"avail": 1.0, "util": 0.8663891586883123, "br": 0.0}, "DE_BE_69": {"avail": 1.0, "util": 0.9229915360066602, "br": 0.0}, "DE_FE_1": {"avail": 1.0, "util": 0.7481416876449484, "br": 0.0}, "DE_FE_51": {"avail": 1.0, "util": 0.5273844386183998, "br": 0.0}, "DE_FE_53": {"avail": 1.0, "util": 0.8144396651403728, "br": 0.0}, "DE_FE_54": {"avail": 1.0, "util": 0.8187872901345914, "br": 0.0}, "DE_FE_56": {"avail": 1.0, "util": 0.8960038851116969, "br": 0.0}, "DE_FE_58": {"avail": 1.0, "util": 0.7419946656799716, "br": 0.0}, "DE_FE_59": {"avail": 1.0, "util": 0.8337727209657277, "br": 0.0}, "DE_FE_62": {"avail": 1.0, "util": 0.745644115839759, "br": 0.0}, "DE_FE_70": {"avail": 1.0, "util": 0.7610229371017493, "br": 0.0}, "DE_FE_71": {"avail": 1.0, "util": 0.7213473012349105, "br": 0.0}, "DE_FE_72": {"avail": 1.0, "util": 0.8497654029775578, "br": 0.0}, "DE_FE_86": {"avail": 1.0, "util": 0.7288219443716414, "br": 0.0}, "DefMEt_FE_118": {"avail": 1.0, "util": 0.24619582813005875, "br": 0.0}, "DefMet_BE_33": {"avail": 1.0, "util": 0.9356181490217844, "br": 0.0}, "DefMet_BE_42": {"avail": 1.0, "util": 0.9598538457980667, "br": 0.0}, "DefMet_FE_10": {"avail": 1.0, "util": 0.5412561861153509, "br": 0.0}, "DefMet_FE_106": {"avail": 1.0, "util": 0.30100365385504835, "br": 0.0}, "DefMet_FE_34": {"avail": 1.0, "util": 0.6117432126173628, "br": 0.0}, "DefMet_FE_43": {"avail": 1.0, "util": 0.9604319874196383, "br": 0.0}, "Delay_32": {"avail": 1.0, "util": 0.4072414550668332, "br": 0.0}, "Dielectric_BE_20": {"avail": 1.0, "util": 0.8935294389713704, "br": 0.0}, "Dielectric_BE_21": {"avail": 1.0, "util": 0.9581425465982147, "br": 0.0}, "Dielectric_BE_27": {"avail": 1.0, "util": 0.7908638206681775, "br": 0.0}, "Dielectric_BE_28": {"avail": 1.0, "util": 0.7034364737986217, "br": 0.0}, "Dielectric_BE_60": {"avail": 1.0, "util": 0.9299061098006568, "br": 0.0}, "Dielectric_FE_112": {"avail": 1.0, "util": 0.9396605152398132, "br": 0.0}, "Dielectric_FE_130": {"avail": 1.0, "util": 0.9671037417325749, "br": 0.0}, "Dielectric_FE_29": {"avail": 1.0, "util": 0.9053697793811573, "br": 0.0}, "Dielectric_FE_30": {"avail": 1.0, "util": 0.9250959715091809, "br": 0.0}, "Dielectric_FE_31": {"avail": 1.0, "util": 0.9644905416030711, "br": 0.0}, "Diffusion_BE_123": {"avail": 1.0, "util": 0.0, "br": 0.0}, "Diffusion_FE_100": {"avail": 1.0, "util": 0.0, "br": 0.0}, "Diffusion_FE_101": {"avail": 1.0, "util": 0.0, "br": 0.0}, "Diffusion_FE_120": {"avail": 1.0, "util": 0.0, "br": 0.0}, "Diffusion_FE_122": {"avail": 1.0, "util": 0.0, "br": 0.0}, "Diffusion_FE_125": {"avail": 1.0, "util": 0.0, "br": 0.0}, "Diffusion_FE_126": {"avail": 1.0, "util": 0.0, "br": 0.0}, "Diffusion_FE_127": {"avail": 1.0, "util": 0.8852350338405564, "br": 0.0}, "Diffusion_FE_44": {"avail": 1.0, "util": 0.0, "br": 0.0}, "Diffusion_FE_94": {"avail": 1.0, "util": 0.0, "br": 0.0}, "EPI_36": {"avail": 1.0, "util": 0.01318162897183294, "br": 0.0}, "EPI_38": {"avail": 1.0, "util": 0.029369594375838304, "br": 0.0}, "Implant_119": {"avail": 1.0, "util": 0.016997363674205634, "br": 0.0}, "Implant_128": {"avail": 1.0, "util": 0.044415151935618145, "br": 0.0}, "Implant_132": {"avail": 1.0, "util": 0.03354955829980112, "br": 0.0}, "Implant_74": {"avail": 1.0, "util": 0.005688913556264743, "br": 0.0}, "Implant_88": {"avail": 1.0, "util": 0.024790712732991074, "br": 0.0}, "Implant_90": {"avail": 1.0, "util": 0.040585541834327735, "br": 0.0}, "Implant_91": {"avail": 1.0, "util": 0.03656938470314355, "br": 0.0}, "LithoMet_BE_18": {"avail": 1.0, "util": 0.9704667470728245, "br": 0.0}, "LithoMet_FE_19": {"avail": 1.0, "util": 0.9717943974222593, "br": 0.0}, "LithoTrack_BE_117": {"avail": 1.0, "util": 0.08201285786966375, "br": 0.0}, "LithoTrack_FE_115": {"avail": 1.0, "util": 0.04128429966871352, "br": 0.0}, "LithoTrack_FE_95": {"avail": 1.0, "util": 0.0464759790415403, "br": 0.0}, "LithoTrack_FE_96": {"avail": 1.0, "util": 0.0025669487997779937, "br": 0.0}, "Litho_BE_110": {"avail": 1.0, "util": 0.05240606024566064, "br": 0.0}, "Litho_BE_93": {"avail": 1.0, "util": 0.05314277785486333, "br": 0.0}, "Litho_BE_99": {"avail": 1.0, "util": 0.14741840494580888, "br": 0.0}, "Litho_FE_111": {"avail": 1.0, "util": 0.08462311473273039, "br": 0.0}, "Litho_FE_35": {"avail": 1.0, "util": 0.04190370473151103, "br": 0.0}, "Litho_FE_92": {"avail": 1.0, "util": 0.07770363549467199, "br": 0.0}, "Litho_FE_98": {"avail": 1.0, "util": 0.08241986957125018, "br": 0.0}, "Litho_REG_BE_63": {"avail": 1.0, "util": 0.9754405439156376, "br": 0.0}, "Litho_REG_FE_64": {"avail": 1.0, "util": 0.9689620540876265, "br": 0.0}, "Planar_BE_75": {"avail": 1.0, "util": 0.6639008371490681, "br": 0.0}, "Planar_FE_76": {"avail": 1.0, "util": 0.25914620045326303, "br": 0.0}, "Planar_FE_77": {"avail": 1.0, "util": 0.9506035798529208, "br": 0.0}, "Planar_FE_78": {"avail": 1.0, "util": 0.7051940243281994, "br": 0.0}, "Planar_FE_79": {"avail": 1.0, "util": 0.8646038573608991, "br": 0.0}, "Planar_FE_80": {"avail": 1.0, "util": 0.9685953471162296, "br": 0.0}, "TF_BE_2": {"avail": 1.0, "util": 0.22000601267286435, "br": 0.0}, "TF_BE_23": {"avail": 1.0, "util": 0.3582652343360135, "br": 0.0}, "TF_BE_24": {"avail": 1.0, "util": 0.192266777669858, "br": 0.0}, "TF_BE_26": {"avail": 1.0, "util": 0.5712193392226693, "br": 0.0}, "TF_BE_40": {"avail": 1.0, "util": 0.5075678738263725, "br": 0.0}, "TF_FE_103": {"avail": 1.0, "util": 0.7450164192220526, "br": 0.0}, "TF_FE_104": {"avail": 1.0, "util": 0.30876462698302576, "br": 0.0}, "TF_FE_113": {"avail": 1.0, "util": 0.3302576199065723, "br": 0.0}, "TF_FE_131": {"avail": 1.0, "util": 0.5315202812080847, "br": 0.0}, "TF_FE_3": {"avail": 1.0, "util": 0.888811803339346, "br": 0.0}, "TF_FE_5": {"avail": 1.0, "util": 0.3141968456593127, "br": 0.0}, "TF_Met_FE_45": {"avail": 1.0, "util": 0.07125017344248648, "br": 0.0}, "TF_Met_FE_61": {"avail": 1.0, "util": 0.977082466120901, "br": 0.0}, "WE_BE_14": {"avail": 1.0, "util": 0.04135793904074742, "br": 0.0}, "WE_BE_16": {"avail": 1.0, "util": 0.04526977372821691, "br": 0.0}, "WE_BE_17": {"avail": 1.0, "util": 0.050760834373988255, "br": 0.0}, "WE_BE_7": {"avail": 1.0, "util": 0.015124184820313583, "br": 0.0}, "WE_BE_81": {"avail": 1.0, "util": 0.044894624053774874, "br": 0.0}, "WE_BE_82": {"avail": 1.0, "util": 0.05410943064613108, "br": 0.0}, "WE_BE_9": {"avail": 1.0, "util": 0.0476388696175015, "br": 0.0}, "WE_FE_108": {"avail": 1.0, "util": 0.04271640666812028, "br": 0.0}, "WE_FE_41": {"avail": 1.0, "util": 0.041228435317515376, "br": 0.0}, "WE_FE_47": {"avail": 1.0, "util": 0.037918381820143995, "br": 0.0}, "WE_FE_8": {"avail": 1.0, "util": 0.05131585033069701, "br": 0.0}, "WE_FE_83": {"avail": 1.0, "util": 0.03877182897579734, "br": 0.0}, "WE_FE_84": {"avail": 1.0, "util": 0.036181387437111044, "br": 0.0}, "WE_FE_85": {"avail": 1.0, "util": 0.02217751260348735, "br": 0.0}}, "plugins": {"cost": 447200.0}}