{"lots": {}, "machines": {"DE_BE_11": {"avail": 1.0, "util": 0.7674497471944752, "br": 0.0}, "DE_BE_12": {"avail": 1.0, "util": 0.0, "br": 0.0}, "DE_BE_13": {"avail": 1.0, "util": 0.8387475454623068, "br": 0.0}, "DE_BE_48": {"avail": 1.0, "util": 0.5304333568761982, "br": 0.0}, "DE_BE_50": {"avail": 1.0, "util": 0.4535932297447281, "br": 0.0}, "DE_BE_65": {"avail": 1.0, "util": 0.6584098476440319, "br": 0.0}, "DE_BE_66": {"avail": 1.0, "util": 0.6728879676176797, "br": 0.0}, "DE_BE_67": {"avail": 1.0, "util": 0.41134850166481685, "br": 0.0}, "DE_BE_69": {"avail": 1.0, "util": 0.1885405105438402, "br": 0.0}, "DE_FE_1": {"avail": 1.0, "util": 0.0, "br": 0.0}, "DE_FE_51": {"avail": 1.0, "util": 0.030029134295227522, "br": 0.0}, "DE_FE_53": {"avail": 1.0, "util": 0.0, "br": 0.0}, "DE_FE_54": {"avail": 1.0, "util": 0.8134017758046614, "br": 0.0}, "DE_FE_56": {"avail": 1.0, "util": 0.607103218645949, "br": 0.0}, "DE_FE_58": {"avail": 1.0, "util": 0.7296753607103219, "br": 0.0}, "DE_FE_59": {"avail": 1.0, "util": 0.596177857935627, "br": 0.0}, "DE_FE_62": {"avail": 1.0, "util": 0.09261767970229158, "br": 0.0}, "DE_FE_70": {"avail": 1.0, "util": 0.21075068106144687, "br": 0.0}, "DE_FE_71": {"avail": 1.0, "util": 0.36238284622024913, "br": 0.0}, "DE_FE_72": {"avail": 1.0, "util": 0.09616839874886489, "br": 0.0}, "DE_FE_86": {"avail": 1.0, "util": 0.21800400684738236, "br": 0.0}, "DefMEt_FE_118": {"avail": 1.0, "util": 0.6244450610432852, "br": 0.0}, "DefMet_BE_33": {"avail": 1.0, "util": 0.763457269700333, "br": 0.0}, "DefMet_BE_42": {"avail": 1.0, "util": 0.8879023307436182, "br": 0.0}, "DefMet_FE_10": {"avail": 1.0, "util": 0.36299944506104326, "br": 0.0}, "DefMet_FE_106": {"avail": 1.0, "util": 0.25679800221975585, "br": 0.0}, "DefMet_FE_34": {"avail": 1.0, "util": 0.5158851276359601, "br": 0.0}, "DefMet_FE_43": {"avail": 1.0, "util": 0.6654827968923419, "br": 0.0}, "Delay_32": {"avail": 1.0, "util": 0.12803100721420643, "br": 0.0}, "Dielectric_BE_20": {"avail": 1.0, "util": 0.7033296337402887, "br": 0.0}, "Dielectric_BE_21": {"avail": 1.0, "util": 0.8894746577876433, "br": 0.0}, "Dielectric_BE_27": {"avail": 1.0, "util": 0.8411602848686645, "br": 0.0}, "Dielectric_BE_28": {"avail": 1.0, "util": 0.6969108398076211, "br": 0.0}, "Dielectric_BE_60": {"avail": 1.0, "util": 0.747988346281909, "br": 0.0}, "Dielectric_FE_112": {"avail": 1.0, "util": 0.6633216179553583, "br": 0.0}, "Dielectric_FE_130": {"avail": 1.0, "util": 0.8694159267480577, "br": 0.0}, "Dielectric_FE_29": {"avail": 1.0, "util": 0.774463559008509, "br": 0.0}, "Dielectric_FE_30": {"avail": 1.0, "util": 0.8276220865704772, "br": 0.0}, "Dielectric_FE_31": {"avail": 1.0, "util": 0.4277885682574917, "br": 0.0}, "Diffusion_BE_123": {"avail": 1.0, "util": 0.0, "br": 0.0}, "Diffusion_FE_100": {"avail": 1.0, "util": 0.0, "br": 0.0}, "Diffusion_FE_101": {"avail": 1.0, "util": 0.0, "br": 0.0}, "Diffusion_FE_120": {"avail": 1.0, "util": 0.0, "br": 0.0}, "Diffusion_FE_122": {"avail": 1.0, "util": 0.0, "br": 0.0}, "Diffusion_FE_125": {"avail": 1.0, "util": 0.0, "br": 0.0}, "Diffusion_FE_126": {"avail": 1.0, "util": 0.0, "br": 0.0}, "Diffusion_FE_127": {"avail": 1.0, "util": 0.0, "br": 0.0}, "Diffusion_FE_44": {"avail": 1.0, "util": 0.0, "br": 0.0}, "Diffusion_FE_94": {"avail": 1.0, "util": 0.0, "br": 0.0}, "EPI_36": {"avail": 1.0, "util": 0.017896781354051053, "br": 0.0}, "EPI_38": {"avail": 1.0, "util": 0.6094617092119867, "br": 0.0}, "Implant_119": {"avail": 1.0, "util": 0.06582963374028857, "br": 0.0}, "Implant_128": {"avail": 1.0, "util": 0.0411663807890223, "br": 0.0}, "Implant_132": {"avail": 1.0, "util": 0.036348501664816874, "br": 0.0}, "Implant_74": {"avail": 1.0, "util": 0.03399001109877913, "br": 0.0}, "Implant_88": {"avail": 1.0, "util": 0.0, "br": 0.0}, "Implant_90": {"avail": 1.0, "util": 0.05660377358490566, "br": 0.0}, "Implant_91": {"avail": 1.0, "util": 0.05537498018075155, "br": 0.0}, "LithoMet_BE_18": {"avail": 1.0, "util": 0.9043613157098174, "br": 0.0}, "LithoMet_FE_19": {"avail": 1.0, "util": 0.8996353258284445, "br": 0.0}, "LithoTrack_BE_117": {"avail": 1.0, "util": 0.12380688124306326, "br": 0.0}, "LithoTrack_FE_115": {"avail": 1.0, "util": 0.07266316558837065, "br": 0.0}, "LithoTrack_FE_95": {"avail": 1.0, "util": 0.1314719755826859, "br": 0.0}, "LithoTrack_FE_96": {"avail": 1.0, "util": 0.03017480577136515, "br": 0.0}, "Litho_BE_110": {"avail": 1.0, "util": 0.11175384838102591, "br": 0.0}, "Litho_BE_93": {"avail": 1.0, "util": 0.13034128745837958, "br": 0.0}, "Litho_BE_99": {"avail": 1.0, "util": 0.22794117647058823, "br": 0.0}, "Litho_FE_111": {"avail": 1.0, "util": 0.16542036625971143, "br": 0.0}, "Litho_FE_35": {"avail": 1.0, "util": 0.06742508324084351, "br": 0.0}, "Litho_FE_92": {"avail": 1.0, "util": 0.12853773584905662, "br": 0.0}, "Litho_FE_98": {"avail": 1.0, "util": 0.022856548279689234, "br": 0.0}, "Litho_REG_BE_63": {"avail": 1.0, "util": 0.8777920366259712, "br": 0.0}, "Litho_REG_FE_64": {"avail": 1.0, "util": 0.8702252127266, "br": 0.0}, "Planar_BE_75": {"avail": 1.0, "util": 0.6789281750436023, "br": 0.0}, "Planar_FE_76": {"avail": 1.0, "util": 0.9254994450610433, "br": 0.0}, "Planar_FE_77": {"avail": 1.0, "util": 0.7115704772475028, "br": 0.0}, "Planar_FE_78": {"avail": 1.0, "util": 0.4242508324084351, "br": 0.0}, "Planar_FE_79": {"avail": 1.0, "util": 0.3212749722530522, "br": 0.0}, "Planar_FE_80": {"avail": 1.0, "util": 0.48397613762486125, "br": 0.0}, "TF_BE_2": {"avail": 1.0, "util": 0.5277122641509434, "br": 0.0}, "TF_BE_23": {"avail": 1.0, "util": 0.6104625812589186, "br": 0.0}, "TF_BE_24": {"avail": 1.0, "util": 0.7271434517203108, "br": 0.0}, "TF_BE_26": {"avail": 1.0, "util": 0.579228207974046, "br": 0.0}, "TF_BE_40": {"avail": 1.0, "util": 0.5877293203629953, "br": 0.0}, "TF_FE_103": {"avail": 1.0, "util": 0.7140478833042652, "br": 0.0}, "TF_FE_104": {"avail": 1.0, "util": 0.5672031076581576, "br": 0.0}, "TF_FE_113": {"avail": 1.0, "util": 0.2182297447280799, "br": 0.0}, "TF_FE_131": {"avail": 1.0, "util": 0.7000554938956715, "br": 0.0}, "TF_FE_3": {"avail": 1.0, "util": 0.6681927487976322, "br": 0.0}, "TF_FE_5": {"avail": 1.0, "util": 0.5332963374028857, "br": 0.0}, "TF_Met_FE_45": {"avail": 1.0, "util": 0.1784128745837958, "br": 0.0}, "TF_Met_FE_61": {"avail": 1.0, "util": 0.96080743618202, "br": 0.0}, "WE_BE_14": {"avail": 1.0, "util": 0.043867924528301884, "br": 0.0}, "WE_BE_16": {"avail": 1.0, "util": 0.037666481687014426, "br": 0.0}, "WE_BE_17": {"avail": 1.0, "util": 0.0330188679245283, "br": 0.0}, "WE_BE_7": {"avail": 1.0, "util": 0.03440621531631521, "br": 0.0}, "WE_BE_81": {"avail": 1.0, "util": 0.05281169071402146, "br": 0.0}, "WE_BE_82": {"avail": 1.0, "util": 0.055031446540880505, "br": 0.0}, "WE_BE_9": {"avail": 1.0, "util": 0.07189234184239734, "br": 0.0}, "WE_FE_108": {"avail": 1.0, "util": 0.03281315779402197, "br": 0.0}, "WE_FE_41": {"avail": 1.0, "util": 0.027081021087680353, "br": 0.0}, "WE_FE_47": {"avail": 1.0, "util": 0.037458379578246395, "br": 0.0}, "WE_FE_8": {"avail": 1.0, "util": 0.02615149833518313, "br": 0.0}, "WE_FE_83": {"avail": 1.0, "util": 0.05436089530151683, "br": 0.0}, "WE_FE_84": {"avail": 1.0, "util": 0.035793562708102106, "br": 0.0}, "WE_FE_85": {"avail": 1.0, "util": 0.04779411764705882, "br": 0.0}}, "plugins": {"cost": 429200}}