{"lots": {}, "machines": {"DE_BE_11": {"avail": 1.0, "util": 0.7777315585135884, "br": 0.0}, "DE_BE_12": {"avail": 1.0, "util": 0.0, "br": 0.0}, "DE_BE_13": {"avail": 1.0, "util": 0.8375997269508084, "br": 0.0}, "DE_BE_48": {"avail": 1.0, "util": 0.5316896082287097, "br": 0.0}, "DE_BE_50": {"avail": 1.0, "util": 0.4555324459234609, "br": 0.0}, "DE_BE_65": {"avail": 1.0, "util": 0.6586497252054656, "br": 0.0}, "DE_BE_66": {"avail": 1.0, "util": 0.6737055887246746, "br": 0.0}, "DE_BE_67": {"avail": 1.0, "util": 0.41328845862955677, "br": 0.0}, "DE_BE_69": {"avail": 1.0, "util": 0.18122573488630062, "br": 0.0}, "DE_FE_1": {"avail": 1.0, "util": 0.0, "br": 0.0}, "DE_FE_51": {"avail": 1.0, "util": 0.030414586799778147, "br": 0.0}, "DE_FE_53": {"avail": 1.0, "util": 0.0, "br": 0.0}, "DE_FE_54": {"avail": 1.0, "util": 0.8040303198373082, "br": 0.0}, "DE_FE_56": {"avail": 1.0, "util": 0.6071131447587355, "br": 0.0}, "DE_FE_58": {"avail": 1.0, "util": 0.7206045479755963, "br": 0.0}, "DE_FE_59": {"avail": 1.0, "util": 0.5903182196339434, "br": 0.0}, "DE_FE_62": {"avail": 1.0, "util": 0.09361032266483965, "br": 0.0}, "DE_FE_70": {"avail": 1.0, "util": 0.21527252558866536, "br": 0.0}, "DE_FE_71": {"avail": 1.0, "util": 0.36247457940469585, "br": 0.0}, "DE_FE_72": {"avail": 1.0, "util": 0.095484798063833, "br": 0.0}, "DE_FE_86": {"avail": 1.0, "util": 0.2184635776530641, "br": 0.0}, "DefMEt_FE_118": {"avail": 1.0, "util": 0.6241680532445923, "br": 0.0}, "DefMet_BE_33": {"avail": 1.0, "util": 0.7637271214642263, "br": 0.0}, "DefMet_BE_42": {"avail": 1.0, "util": 0.8790904048807543, "br": 0.0}, "DefMet_FE_10": {"avail": 1.0, "util": 0.23516361619523019, "br": 0.0}, "DefMet_FE_106": {"avail": 1.0, "util": 0.26358846367165834, "br": 0.0}, "DefMet_FE_34": {"avail": 1.0, "util": 0.5137964503605102, "br": 0.0}, "DefMet_FE_43": {"avail": 1.0, "util": 0.6652800887409872, "br": 0.0}, "Delay_32": {"avail": 1.0, "util": 0.1082768302828619, "br": 0.0}, "Dielectric_BE_20": {"avail": 1.0, "util": 0.7072379367720466, "br": 0.0}, "Dielectric_BE_21": {"avail": 1.0, "util": 0.8946200776483638, "br": 0.0}, "Dielectric_BE_27": {"avail": 1.0, "util": 0.8423114254021076, "br": 0.0}, "Dielectric_BE_28": {"avail": 1.0, "util": 0.6991588093917545, "br": 0.0}, "Dielectric_BE_60": {"avail": 1.0, "util": 0.742789794786467, "br": 0.0}, "Dielectric_FE_112": {"avail": 1.0, "util": 0.6090004313797991, "br": 0.0}, "Dielectric_FE_130": {"avail": 1.0, "util": 0.8617235163616195, "br": 0.0}, "Dielectric_FE_29": {"avail": 1.0, "util": 0.7689961175818081, "br": 0.0}, "Dielectric_FE_30": {"avail": 1.0, "util": 0.8362451469772602, "br": 0.0}, "Dielectric_FE_31": {"avail": 1.0, "util": 0.41964780920687744, "br": 0.0}, "Diffusion_BE_123": {"avail": 1.0, "util": 0.0, "br": 0.0}, "Diffusion_FE_100": {"avail": 1.0, "util": 0.0, "br": 0.0}, "Diffusion_FE_101": {"avail": 1.0, "util": 0.0, "br": 0.0}, "Diffusion_FE_120": {"avail": 1.0, "util": 0.0, "br": 0.0}, "Diffusion_FE_122": {"avail": 1.0, "util": 0.0, "br": 0.0}, "Diffusion_FE_125": {"avail": 1.0, "util": 0.0, "br": 0.0}, "Diffusion_FE_126": {"avail": 1.0, "util": 0.0, "br": 0.0}, "Diffusion_FE_127": {"avail": 1.0, "util": 0.0, "br": 0.0}, "Diffusion_FE_44": {"avail": 1.0, "util": 0.0, "br": 0.0}, "Diffusion_FE_94": {"avail": 1.0, "util": 0.0, "br": 0.0}, "EPI_36": {"avail": 1.0, "util": 0.010815307820299502, "br": 0.0}, "EPI_38": {"avail": 1.0, "util": 0.6094009983361065, "br": 0.0}, "Implant_119": {"avail": 1.0, "util": 0.06648641153632834, "br": 0.0}, "Implant_128": {"avail": 1.0, "util": 0.040437654414359904, "br": 0.0}, "Implant_132": {"avail": 1.0, "util": 0.03486253070279693, "br": 0.0}, "Implant_74": {"avail": 1.0, "util": 0.033971159179145866, "br": 0.0}, "Implant_88": {"avail": 1.0, "util": 0.0, "br": 0.0}, "Implant_90": {"avail": 1.0, "util": 0.055948419301164724, "br": 0.0}, "Implant_91": {"avail": 1.0, "util": 0.055324459234608984, "br": 0.0}, "LithoMet_BE_18": {"avail": 1.0, "util": 0.9030277819795292, "br": 0.0}, "LithoMet_FE_19": {"avail": 1.0, "util": 0.89507566753823, "br": 0.0}, "LithoTrack_BE_117": {"avail": 1.0, "util": 0.12382140876317249, "br": 0.0}, "LithoTrack_FE_115": {"avail": 1.0, "util": 0.07275137643223353, "br": 0.0}, "LithoTrack_FE_95": {"avail": 1.0, "util": 0.13142332224070993, "br": 0.0}, "LithoTrack_FE_96": {"avail": 1.0, "util": 0.030227398779811426, "br": 0.0}, "Litho_BE_110": {"avail": 1.0, "util": 0.10983505751284092, "br": 0.0}, "Litho_BE_93": {"avail": 1.0, "util": 0.1305463117027177, "br": 0.0}, "Litho_BE_99": {"avail": 1.0, "util": 0.2273987798114254, "br": 0.0}, "Litho_FE_111": {"avail": 1.0, "util": 0.1651691625069329, "br": 0.0}, "Litho_FE_35": {"avail": 1.0, "util": 0.0670410427066001, "br": 0.0}, "Litho_FE_92": {"avail": 1.0, "util": 0.12762916506676905, "br": 0.0}, "Litho_FE_98": {"avail": 1.0, "util": 0.02291320022185247, "br": 0.0}, "Litho_REG_BE_63": {"avail": 1.0, "util": 0.875190654464781, "br": 0.0}, "Litho_REG_FE_64": {"avail": 1.0, "util": 0.8572055832871142, "br": 0.0}, "Planar_BE_75": {"avail": 1.0, "util": 0.7102943506853656, "br": 0.0}, "Planar_FE_76": {"avail": 1.0, "util": 0.9290072102052135, "br": 0.0}, "Planar_FE_77": {"avail": 1.0, "util": 0.7127010537992235, "br": 0.0}, "Planar_FE_78": {"avail": 1.0, "util": 0.41701331114808654, "br": 0.0}, "Planar_FE_79": {"avail": 1.0, "util": 0.3147185246810871, "br": 0.0}, "Planar_FE_80": {"avail": 1.0, "util": 0.4860648918469218, "br": 0.0}, "TF_BE_2": {"avail": 1.0, "util": 0.5374722684414864, "br": 0.0}, "TF_BE_23": {"avail": 1.0, "util": 0.6095297520006339, "br": 0.0}, "TF_BE_24": {"avail": 1.0, "util": 0.7214364947310039, "br": 0.0}, "TF_BE_26": {"avail": 1.0, "util": 0.5737872776142326, "br": 0.0}, "TF_BE_40": {"avail": 1.0, "util": 0.5887328309027438, "br": 0.0}, "TF_FE_103": {"avail": 1.0, "util": 0.724546390935742, "br": 0.0}, "TF_FE_104": {"avail": 1.0, "util": 0.565363283416528, "br": 0.0}, "TF_FE_113": {"avail": 1.0, "util": 0.21723054168977632, "br": 0.0}, "TF_FE_131": {"avail": 1.0, "util": 0.714018302828619, "br": 0.0}, "TF_FE_3": {"avail": 1.0, "util": 0.6786836753558884, "br": 0.0}, "TF_FE_5": {"avail": 1.0, "util": 0.5417359955629506, "br": 0.0}, "TF_Met_FE_45": {"avail": 1.0, "util": 0.1742928452579035, "br": 0.0}, "TF_Met_FE_61": {"avail": 1.0, "util": 0.9561841375485303, "br": 0.0}, "WE_BE_14": {"avail": 1.0, "util": 0.043732667775929004, "br": 0.0}, "WE_BE_16": {"avail": 1.0, "util": 0.03887617859123683, "br": 0.0}, "WE_BE_17": {"avail": 1.0, "util": 0.032723239046034386, "br": 0.0}, "WE_BE_7": {"avail": 1.0, "util": 0.03410981697171381, "br": 0.0}, "WE_BE_81": {"avail": 1.0, "util": 0.05292105749676465, "br": 0.0}, "WE_BE_82": {"avail": 1.0, "util": 0.05498551796388735, "br": 0.0}, "WE_BE_9": {"avail": 1.0, "util": 0.071630615640599, "br": 0.0}, "WE_FE_108": {"avail": 1.0, "util": 0.03279495859391436, "br": 0.0}, "WE_FE_41": {"avail": 1.0, "util": 0.027010537992235167, "br": 0.0}, "WE_FE_47": {"avail": 1.0, "util": 0.03488630061009429, "br": 0.0}, "WE_FE_8": {"avail": 1.0, "util": 0.026136993899057128, "br": 0.0}, "WE_FE_83": {"avail": 1.0, "util": 0.054654279903863935, "br": 0.0}, "WE_FE_84": {"avail": 1.0, "util": 0.03581449218622557, "br": 0.0}, "WE_FE_85": {"avail": 1.0, "util": 0.04742096505823627, "br": 0.0}}, "plugins": {"cost": 429200}}