{"lots": {}, "machines": {"DE_BE_11": {"avail": 1.0, "util": 0.8855734518189391, "br": 0.0}, "DE_BE_12": {"avail": 1.0, "util": 0.0, "br": 0.0}, "DE_BE_13": {"avail": 1.0, "util": 0.7707118393038971, "br": 0.0}, "DE_BE_48": {"avail": 1.0, "util": 0.4928769786170508, "br": 0.0}, "DE_BE_50": {"avail": 1.0, "util": 0.6868308185997717, "br": 0.0}, "DE_BE_65": {"avail": 1.0, "util": 0.4267850433703056, "br": 0.0}, "DE_BE_66": {"avail": 1.0, "util": 0.7789941390549409, "br": 0.0}, "DE_BE_67": {"avail": 1.0, "util": 0.42410441544015554, "br": 0.0}, "DE_BE_69": {"avail": 1.0, "util": 0.5614412663149125, "br": 0.0}, "DE_FE_1": {"avail": 1.0, "util": 0.0, "br": 0.0}, "DE_FE_51": {"avail": 1.0, "util": 0.18843449918882182, "br": 0.0}, "DE_FE_53": {"avail": 1.0, "util": 0.0, "br": 0.0}, "DE_FE_54": {"avail": 1.0, "util": 0.8284643154679256, "br": 0.0}, "DE_FE_56": {"avail": 1.0, "util": 0.2960983060261039, "br": 0.0}, "DE_FE_58": {"avail": 1.0, "util": 0.7380820142552995, "br": 0.0}, "DE_FE_59": {"avail": 1.0, "util": 0.5099879663056558, "br": 0.0}, "DE_FE_62": {"avail": 1.0, "util": 0.2621196493037648, "br": 0.0}, "DE_FE_70": {"avail": 1.0, "util": 0.26615470061734986, "br": 0.0}, "DE_FE_71": {"avail": 1.0, "util": 0.2404242869044313, "br": 0.0}, "DE_FE_72": {"avail": 1.0, "util": 0.11657255700577, "br": 0.0}, "DE_FE_86": {"avail": 1.0, "util": 0.17416046982833985, "br": 0.0}, "DefMEt_FE_118": {"avail": 1.0, "util": 0.7391002499305749, "br": 0.0}, "DefMet_BE_33": {"avail": 1.0, "util": 0.8065815051374619, "br": 0.0}, "DefMet_BE_42": {"avail": 1.0, "util": 0.9720910858094973, "br": 0.0}, "DefMet_FE_10": {"avail": 1.0, "util": 0.9193973896139961, "br": 0.0}, "DefMet_FE_106": {"avail": 1.0, "util": 0.776173285198556, "br": 0.0}, "DefMet_FE_34": {"avail": 1.0, "util": 0.8321993890585948, "br": 0.0}, "DefMet_FE_43": {"avail": 1.0, "util": 0.8542303063963714, "br": 0.0}, "Delay_32": {"avail": 1.0, "util": 0.0816117050819217, "br": 0.0}, "Dielectric_BE_20": {"avail": 1.0, "util": 0.8481532907525687, "br": 0.0}, "Dielectric_BE_21": {"avail": 1.0, "util": 0.8760066648153291, "br": 0.0}, "Dielectric_BE_27": {"avail": 1.0, "util": 0.7760529482551143, "br": 0.0}, "Dielectric_BE_28": {"avail": 1.0, "util": 0.78190086087198, "br": 0.0}, "Dielectric_BE_60": {"avail": 1.0, "util": 0.8517078589280755, "br": 0.0}, "Dielectric_FE_112": {"avail": 1.0, "util": 0.7873785059705637, "br": 0.0}, "Dielectric_FE_130": {"avail": 1.0, "util": 0.8245626214940295, "br": 0.0}, "Dielectric_FE_29": {"avail": 1.0, "util": 0.7753401832824216, "br": 0.0}, "Dielectric_FE_30": {"avail": 1.0, "util": 0.8224798667036934, "br": 0.0}, "Dielectric_FE_31": {"avail": 1.0, "util": 0.8874271035823382, "br": 0.0}, "Diffusion_BE_123": {"avail": 1.0, "util": 0.0, "br": 0.0}, "Diffusion_FE_100": {"avail": 1.0, "util": 0.0, "br": 0.0}, "Diffusion_FE_101": {"avail": 1.0, "util": 0.0, "br": 0.0}, "Diffusion_FE_120": {"avail": 1.0, "util": 0.0, "br": 0.0}, "Diffusion_FE_122": {"avail": 1.0, "util": 0.0, "br": 0.0}, "Diffusion_FE_125": {"avail": 1.0, "util": 0.0, "br": 0.0}, "Diffusion_FE_126": {"avail": 1.0, "util": 0.0, "br": 0.0}, "Diffusion_FE_127": {"avail": 1.0, "util": 0.0, "br": 0.0}, "Diffusion_FE_44": {"avail": 1.0, "util": 0.0, "br": 0.0}, "Diffusion_FE_94": {"avail": 1.0, "util": 0.0, "br": 0.0}, "EPI_36": {"avail": 1.0, "util": 0.007150791446820327, "br": 0.0}, "EPI_38": {"avail": 1.0, "util": 0.017633990558178284, "br": 0.0}, "Implant_119": {"avail": 1.0, "util": 0.04179394612607609, "br": 0.0}, "Implant_128": {"avail": 1.0, "util": 0.080435990002777, "br": 0.0}, "Implant_132": {"avail": 1.0, "util": 0.038027631213551794, "br": 0.0}, "Implant_74": {"avail": 1.0, "util": 0.0, "br": 0.0}, "Implant_88": {"avail": 1.0, "util": 0.0034712579838933628, "br": 0.0}, "Implant_90": {"avail": 1.0, "util": 0.04172452096639822, "br": 0.0}, "Implant_91": {"avail": 1.0, "util": 0.047116541701379244, "br": 0.0}, "LithoMet_BE_18": {"avail": 1.0, "util": 0.8791574989853246, "br": 0.0}, "LithoMet_FE_19": {"avail": 1.0, "util": 0.8941034897713598, "br": 0.0}, "LithoTrack_BE_117": {"avail": 1.0, "util": 0.18422660372118854, "br": 0.0}, "LithoTrack_FE_115": {"avail": 1.0, "util": 0.08111308950128232, "br": 0.0}, "LithoTrack_FE_95": {"avail": 1.0, "util": 0.09805099490504338, "br": 0.0}, "LithoTrack_FE_96": {"avail": 1.0, "util": 0.0, "br": 0.0}, "Litho_BE_110": {"avail": 1.0, "util": 0.12260979093109058, "br": 0.0}, "Litho_BE_93": {"avail": 1.0, "util": 0.10978431917060075, "br": 0.0}, "Litho_BE_99": {"avail": 1.0, "util": 0.3578635564195131, "br": 0.0}, "Litho_FE_111": {"avail": 1.0, "util": 0.16686652697483023, "br": 0.0}, "Litho_FE_35": {"avail": 1.0, "util": 0.07560399888919744, "br": 0.0}, "Litho_FE_92": {"avail": 1.0, "util": 0.18492337986922824, "br": 0.0}, "Litho_FE_98": {"avail": 1.0, "util": 0.1945015273535129, "br": 0.0}, "Litho_REG_BE_63": {"avail": 1.0, "util": 0.90039225215218, "br": 0.0}, "Litho_REG_FE_64": {"avail": 1.0, "util": 0.8900801364700281, "br": 0.0}, "Planar_BE_75": {"avail": 1.0, "util": 0.7096014995834491, "br": 0.0}, "Planar_FE_76": {"avail": 1.0, "util": 0.31185781727297973, "br": 0.0}, "Planar_FE_77": {"avail": 1.0, "util": 0.7145931685642877, "br": 0.0}, "Planar_FE_78": {"avail": 1.0, "util": 0.6387808941960567, "br": 0.0}, "Planar_FE_79": {"avail": 1.0, "util": 0.6427936684254373, "br": 0.0}, "Planar_FE_80": {"avail": 1.0, "util": 0.9710497084143294, "br": 0.0}, "TF_BE_2": {"avail": 1.0, "util": 0.5262079977783949, "br": 0.0}, "TF_BE_23": {"avail": 1.0, "util": 0.6097209839372104, "br": 0.0}, "TF_BE_24": {"avail": 1.0, "util": 0.5772007775617884, "br": 0.0}, "TF_BE_26": {"avail": 1.0, "util": 0.5578357863556419, "br": 0.0}, "TF_BE_40": {"avail": 1.0, "util": 0.6336087198000555, "br": 0.0}, "TF_FE_103": {"avail": 1.0, "util": 0.7498611496806442, "br": 0.0}, "TF_FE_104": {"avail": 1.0, "util": 0.5787836712024437, "br": 0.0}, "TF_FE_113": {"avail": 1.0, "util": 0.6564843099139128, "br": 0.0}, "TF_FE_131": {"avail": 1.0, "util": 0.23292141071924466, "br": 0.0}, "TF_FE_3": {"avail": 1.0, "util": 0.6708553179672313, "br": 0.0}, "TF_FE_5": {"avail": 1.0, "util": 0.40311718966953625, "br": 0.0}, "TF_Met_FE_45": {"avail": 1.0, "util": 0.213898916967509, "br": 0.0}, "TF_Met_FE_61": {"avail": 1.0, "util": 0.9658428214384893, "br": 0.0}, "WE_BE_14": {"avail": 1.0, "util": 0.040516523188003334, "br": 0.0}, "WE_BE_16": {"avail": 1.0, "util": 0.04594402789348638, "br": 0.0}, "WE_BE_17": {"avail": 1.0, "util": 0.03089419605665093, "br": 0.0}, "WE_BE_7": {"avail": 1.0, "util": 0.011385726187170231, "br": 0.0}, "WE_BE_81": {"avail": 1.0, "util": 0.053688790150884014, "br": 0.0}, "WE_BE_82": {"avail": 1.0, "util": 0.10697028603165787, "br": 0.0}, "WE_BE_9": {"avail": 1.0, "util": 0.07095251319078034, "br": 0.0}, "WE_FE_108": {"avail": 1.0, "util": 0.03526798111635657, "br": 0.0}, "WE_FE_41": {"avail": 1.0, "util": 0.03140794223826714, "br": 0.0}, "WE_FE_47": {"avail": 1.0, "util": 0.035244839396463945, "br": 0.0}, "WE_FE_8": {"avail": 1.0, "util": 0.059427936684254376, "br": 0.0}, "WE_FE_83": {"avail": 1.0, "util": 0.052267227357480066, "br": 0.0}, "WE_FE_84": {"avail": 1.0, "util": 0.03864667222067944, "br": 0.0}, "WE_FE_85": {"avail": 1.0, "util": 0.037975562343793394, "br": 0.0}}, "plugins": {"cost": 448800}}