{"lots": {}, "machines": {"DE_BE_11": {"avail": 1.0, "util": 0.8916412107747849, "br": 0.0}, "DE_BE_12": {"avail": 1.0, "util": 0.0, "br": 0.0}, "DE_BE_13": {"avail": 1.0, "util": 0.7288980574179129, "br": 0.0}, "DE_BE_48": {"avail": 1.0, "util": 0.3912801999444599, "br": 0.0}, "DE_BE_50": {"avail": 1.0, "util": 0.6877873430220001, "br": 0.0}, "DE_BE_65": {"avail": 1.0, "util": 0.42997043304964305, "br": 0.0}, "DE_BE_66": {"avail": 1.0, "util": 0.7784021982197927, "br": 0.0}, "DE_BE_67": {"avail": 1.0, "util": 0.42239655651207997, "br": 0.0}, "DE_BE_69": {"avail": 1.0, "util": 0.5538044987503471, "br": 0.0}, "DE_FE_1": {"avail": 1.0, "util": 0.0, "br": 0.0}, "DE_FE_51": {"avail": 1.0, "util": 0.1921761498998816, "br": 0.0}, "DE_FE_53": {"avail": 1.0, "util": 0.0, "br": 0.0}, "DE_FE_54": {"avail": 1.0, "util": 0.8167453485143016, "br": 0.0}, "DE_FE_56": {"avail": 1.0, "util": 0.306998056095529, "br": 0.0}, "DE_FE_58": {"avail": 1.0, "util": 0.7399333518467093, "br": 0.0}, "DE_FE_59": {"avail": 1.0, "util": 0.5128019994445987, "br": 0.0}, "DE_FE_62": {"avail": 1.0, "util": 0.2647776411314317, "br": 0.0}, "DE_FE_70": {"avail": 1.0, "util": 0.2650225364749108, "br": 0.0}, "DE_FE_71": {"avail": 1.0, "util": 0.2418475026778276, "br": 0.0}, "DE_FE_72": {"avail": 1.0, "util": 0.11490635317350119, "br": 0.0}, "DE_FE_86": {"avail": 1.0, "util": 0.17431474796095736, "br": 0.0}, "DefMEt_FE_118": {"avail": 1.0, "util": 0.7377811718966953, "br": 0.0}, "DefMet_BE_33": {"avail": 1.0, "util": 0.8123437933907248, "br": 0.0}, "DefMet_BE_42": {"avail": 1.0, "util": 0.9602888086642599, "br": 0.0}, "DefMet_FE_10": {"avail": 1.0, "util": 0.9052346570397112, "br": 0.0}, "DefMet_FE_106": {"avail": 1.0, "util": 0.7785337406276035, "br": 0.0}, "DefMet_FE_34": {"avail": 1.0, "util": 0.8237989447375729, "br": 0.0}, "DefMet_FE_43": {"avail": 1.0, "util": 0.8572155882625198, "br": 0.0}, "Delay_32": {"avail": 1.0, "util": 0.09872570119411275, "br": 0.0}, "Dielectric_BE_20": {"avail": 1.0, "util": 0.8467092474312691, "br": 0.0}, "Dielectric_BE_21": {"avail": 1.0, "util": 0.8782976950846987, "br": 0.0}, "Dielectric_BE_27": {"avail": 1.0, "util": 0.7791354253448116, "br": 0.0}, "Dielectric_BE_28": {"avail": 1.0, "util": 0.7900236045542904, "br": 0.0}, "Dielectric_BE_60": {"avail": 1.0, "util": 0.8626076089975007, "br": 0.0}, "Dielectric_FE_112": {"avail": 1.0, "util": 0.7823521244098861, "br": 0.0}, "Dielectric_FE_130": {"avail": 1.0, "util": 0.8329977783948903, "br": 0.0}, "Dielectric_FE_29": {"avail": 1.0, "util": 0.778626307507174, "br": 0.0}, "Dielectric_FE_30": {"avail": 1.0, "util": 0.8265065259650097, "br": 0.0}, "Dielectric_FE_31": {"avail": 1.0, "util": 0.8891974451541238, "br": 0.0}, "Diffusion_BE_123": {"avail": 1.0, "util": 0.0, "br": 0.0}, "Diffusion_FE_100": {"avail": 1.0, "util": 0.0, "br": 0.0}, "Diffusion_FE_101": {"avail": 1.0, "util": 0.0, "br": 0.0}, "Diffusion_FE_120": {"avail": 1.0, "util": 0.0, "br": 0.0}, "Diffusion_FE_122": {"avail": 1.0, "util": 0.0, "br": 0.0}, "Diffusion_FE_125": {"avail": 1.0, "util": 0.0, "br": 0.0}, "Diffusion_FE_126": {"avail": 1.0, "util": 0.0, "br": 0.0}, "Diffusion_FE_127": {"avail": 1.0, "util": 0.0, "br": 0.0}, "Diffusion_FE_44": {"avail": 1.0, "util": 0.0, "br": 0.0}, "Diffusion_FE_94": {"avail": 1.0, "util": 0.0, "br": 0.0}, "EPI_36": {"avail": 1.0, "util": 0.018119966675923353, "br": 0.0}, "EPI_38": {"avail": 1.0, "util": 0.01791169119688975, "br": 0.0}, "Implant_119": {"avail": 1.0, "util": 0.04172452096639822, "br": 0.0}, "Implant_128": {"avail": 1.0, "util": 0.08200499861149681, "br": 0.0}, "Implant_132": {"avail": 1.0, "util": 0.036534990280477644, "br": 0.0}, "Implant_74": {"avail": 1.0, "util": 0.0, "br": 0.0}, "Implant_88": {"avail": 1.0, "util": 0.0034712579838933628, "br": 0.0}, "Implant_90": {"avail": 1.0, "util": 0.041932796445431825, "br": 0.0}, "Implant_91": {"avail": 1.0, "util": 0.046885124502453024, "br": 0.0}, "LithoMet_BE_18": {"avail": 1.0, "util": 0.8804285134471195, "br": 0.0}, "LithoMet_FE_19": {"avail": 1.0, "util": 0.8961553889351723, "br": 0.0}, "LithoTrack_BE_117": {"avail": 1.0, "util": 0.1847820049986115, "br": 0.0}, "LithoTrack_FE_115": {"avail": 1.0, "util": 0.08111036694600084, "br": 0.0}, "LithoTrack_FE_95": {"avail": 1.0, "util": 0.09804249386508282, "br": 0.0}, "LithoTrack_FE_96": {"avail": 1.0, "util": 0.0, "br": 0.0}, "Litho_BE_110": {"avail": 1.0, "util": 0.12381977228547626, "br": 0.0}, "Litho_BE_93": {"avail": 1.0, "util": 0.10932148477274832, "br": 0.0}, "Litho_BE_99": {"avail": 1.0, "util": 0.35851152457650654, "br": 0.0}, "Litho_FE_111": {"avail": 1.0, "util": 0.1667844790588473, "br": 0.0}, "Litho_FE_35": {"avail": 1.0, "util": 0.07608997500694252, "br": 0.0}, "Litho_FE_92": {"avail": 1.0, "util": 0.18558817836796174, "br": 0.0}, "Litho_FE_98": {"avail": 1.0, "util": 0.1938350458206054, "br": 0.0}, "Litho_REG_BE_63": {"avail": 1.0, "util": 0.8750694251596779, "br": 0.0}, "Litho_REG_FE_64": {"avail": 1.0, "util": 0.8843773554964891, "br": 0.0}, "Planar_BE_75": {"avail": 1.0, "util": 0.6817758955845598, "br": 0.0}, "Planar_FE_76": {"avail": 1.0, "util": 0.3055169860224012, "br": 0.0}, "Planar_FE_77": {"avail": 1.0, "util": 0.7209108580949736, "br": 0.0}, "Planar_FE_78": {"avail": 1.0, "util": 0.6394751457928354, "br": 0.0}, "Planar_FE_79": {"avail": 1.0, "util": 0.6457928353235213, "br": 0.0}, "Planar_FE_80": {"avail": 1.0, "util": 0.9670230491530131, "br": 0.0}, "TF_BE_2": {"avail": 1.0, "util": 0.5373160233268537, "br": 0.0}, "TF_BE_23": {"avail": 1.0, "util": 0.6086467209400898, "br": 0.0}, "TF_BE_24": {"avail": 1.0, "util": 0.5858928075534574, "br": 0.0}, "TF_BE_26": {"avail": 1.0, "util": 0.5575395723410164, "br": 0.0}, "TF_BE_40": {"avail": 1.0, "util": 0.6375254558918818, "br": 0.0}, "TF_FE_103": {"avail": 1.0, "util": 0.7393779505692863, "br": 0.0}, "TF_FE_104": {"avail": 1.0, "util": 0.5776173285198556, "br": 0.0}, "TF_FE_113": {"avail": 1.0, "util": 0.6509997222993613, "br": 0.0}, "TF_FE_131": {"avail": 1.0, "util": 0.22859390909932426, "br": 0.0}, "TF_FE_3": {"avail": 1.0, "util": 0.6655095806720356, "br": 0.0}, "TF_FE_5": {"avail": 1.0, "util": 0.402735351291308, "br": 0.0}, "TF_Met_FE_45": {"avail": 1.0, "util": 0.21188558733685087, "br": 0.0}, "TF_Met_FE_61": {"avail": 1.0, "util": 0.9662593723965565, "br": 0.0}, "WE_BE_14": {"avail": 1.0, "util": 0.03935018050541516, "br": 0.0}, "WE_BE_16": {"avail": 1.0, "util": 0.04492579221821099, "br": 0.0}, "WE_BE_17": {"avail": 1.0, "util": 0.03061649541793946, "br": 0.0}, "WE_BE_7": {"avail": 1.0, "util": 0.011385726187170231, "br": 0.0}, "WE_BE_81": {"avail": 1.0, "util": 0.054059057669165966, "br": 0.0}, "WE_BE_82": {"avail": 1.0, "util": 0.10709525131907803, "br": 0.0}, "WE_BE_9": {"avail": 1.0, "util": 0.07097234895068831, "br": 0.0}, "WE_FE_108": {"avail": 1.0, "util": 0.03555361605903123, "br": 0.0}, "WE_FE_41": {"avail": 1.0, "util": 0.031352402110524855, "br": 0.0}, "WE_FE_47": {"avail": 1.0, "util": 0.03737387762658521, "br": 0.0}, "WE_FE_8": {"avail": 1.0, "util": 0.05921966120522077, "br": 0.0}, "WE_FE_83": {"avail": 1.0, "util": 0.05218788431784821, "br": 0.0}, "WE_FE_84": {"avail": 1.0, "util": 0.03873923910024993, "br": 0.0}, "WE_FE_85": {"avail": 1.0, "util": 0.038322688142182725, "br": 0.0}}, "plugins": {"cost": 448800}}