{"lots": {}, "machines": {"DE_BE_11": {"avail": 1.0, "util": 0.6402683942619158, "br": 0.0}, "DE_BE_12": {"avail": 1.0, "util": 0.9455498997377757, "br": 0.0}, "DE_BE_13": {"avail": 1.0, "util": 0.5485291201163482, "br": 0.0}, "DE_BE_48": {"avail": 1.0, "util": 0.6807496529384545, "br": 0.0}, "DE_BE_50": {"avail": 1.0, "util": 0.7963699933158517, "br": 0.0}, "DE_BE_65": {"avail": 1.0, "util": 0.7477257261071943, "br": 0.0}, "DE_BE_66": {"avail": 1.0, "util": 0.6710928176526463, "br": 0.0}, "DE_BE_67": {"avail": 1.0, "util": 0.5923646459972235, "br": 0.0}, "DE_BE_69": {"avail": 1.0, "util": 0.72776492364646, "br": 0.0}, "DE_FE_1": {"avail": 1.0, "util": 0.7413763469293316, "br": 0.0}, "DE_FE_51": {"avail": 1.0, "util": 0.6368981222143745, "br": 0.0}, "DE_FE_53": {"avail": 1.0, "util": 0.5420268394261916, "br": 0.0}, "DE_FE_54": {"avail": 1.0, "util": 0.5468209162424803, "br": 0.0}, "DE_FE_56": {"avail": 1.0, "util": 0.6006941230911615, "br": 0.0}, "DE_FE_58": {"avail": 1.0, "util": 0.660033934906679, "br": 0.0}, "DE_FE_59": {"avail": 1.0, "util": 0.771704457812741, "br": 0.0}, "DE_FE_62": {"avail": 1.0, "util": 0.7871289746810338, "br": 0.0}, "DE_FE_70": {"avail": 1.0, "util": 0.7145338696472431, "br": 0.0}, "DE_FE_71": {"avail": 1.0, "util": 0.7466549877702122, "br": 0.0}, "DE_FE_72": {"avail": 1.0, "util": 0.8799938300169675, "br": 0.0}, "DE_FE_86": {"avail": 1.0, "util": 0.7567477333881777, "br": 0.0}, "DefMEt_FE_118": {"avail": 1.0, "util": 0.4945858398889403, "br": 0.0}, "DefMet_BE_33": {"avail": 1.0, "util": 0.8777417862100879, "br": 0.0}, "DefMet_BE_42": {"avail": 1.0, "util": 0.994909763998149, "br": 0.0}, "DefMet_FE_10": {"avail": 1.0, "util": 0.8198056455344748, "br": 0.0}, "DefMet_FE_106": {"avail": 1.0, "util": 0.5206848681166126, "br": 0.0}, "DefMet_FE_34": {"avail": 1.0, "util": 0.6371587228135123, "br": 0.0}, "DefMet_FE_43": {"avail": 1.0, "util": 0.9469381459200986, "br": 0.0}, "Delay_32": {"avail": 1.0, "util": 0.21116404442387784, "br": 0.0}, "Dielectric_BE_20": {"avail": 1.0, "util": 0.8126422952336881, "br": 0.0}, "Dielectric_BE_21": {"avail": 1.0, "util": 0.8586996760758908, "br": 0.0}, "Dielectric_BE_27": {"avail": 1.0, "util": 0.7703347215795157, "br": 0.0}, "Dielectric_BE_28": {"avail": 1.0, "util": 0.8460203609440075, "br": 0.0}, "Dielectric_BE_60": {"avail": 1.0, "util": 0.8175150393336418, "br": 0.0}, "Dielectric_FE_112": {"avail": 1.0, "util": 0.8767700138824618, "br": 0.0}, "Dielectric_FE_130": {"avail": 1.0, "util": 0.8588847755668672, "br": 0.0}, "Dielectric_FE_29": {"avail": 1.0, "util": 0.7810581520900818, "br": 0.0}, "Dielectric_FE_30": {"avail": 1.0, "util": 0.9280425728829246, "br": 0.0}, "Dielectric_FE_31": {"avail": 1.0, "util": 0.8229523368810736, "br": 0.0}, "Diffusion_BE_123": {"avail": 1.0, "util": 0.0, "br": 0.0}, "Diffusion_FE_100": {"avail": 1.0, "util": 0.0, "br": 0.0}, "Diffusion_FE_101": {"avail": 1.0, "util": 0.0, "br": 0.0}, "Diffusion_FE_120": {"avail": 1.0, "util": 0.0, "br": 0.0}, "Diffusion_FE_122": {"avail": 1.0, "util": 0.0, "br": 0.0}, "Diffusion_FE_125": {"avail": 1.0, "util": 0.0, "br": 0.0}, "Diffusion_FE_126": {"avail": 1.0, "util": 0.0, "br": 0.0}, "Diffusion_FE_127": {"avail": 1.0, "util": 0.0, "br": 0.0}, "Diffusion_FE_44": {"avail": 1.0, "util": 0.0, "br": 0.0}, "Diffusion_FE_94": {"avail": 1.0, "util": 0.0, "br": 0.0}, "EPI_36": {"avail": 1.0, "util": 0.011985192040721888, "br": 0.0}, "EPI_38": {"avail": 1.0, "util": 0.011753817677001389, "br": 0.0}, "Implant_119": {"avail": 1.0, "util": 0.027672373900971773, "br": 0.0}, "Implant_128": {"avail": 1.0, "util": 0.06149930587690884, "br": 0.0}, "Implant_132": {"avail": 1.0, "util": 0.039391485423415085, "br": 0.0}, "Implant_74": {"avail": 1.0, "util": 0.011198519204072188, "br": 0.0}, "Implant_88": {"avail": 1.0, "util": 0.0023137436372049976, "br": 0.0}, "Implant_90": {"avail": 1.0, "util": 0.052984729291994444, "br": 0.0}, "Implant_91": {"avail": 1.0, "util": 0.04968378836958199, "br": 0.0}, "LithoMet_BE_18": {"avail": 1.0, "util": 0.9253408322357882, "br": 0.0}, "LithoMet_FE_19": {"avail": 1.0, "util": 0.9290297701681319, "br": 0.0}, "LithoTrack_BE_117": {"avail": 1.0, "util": 0.12507172605275335, "br": 0.0}, "LithoTrack_FE_115": {"avail": 1.0, "util": 0.059603850795292665, "br": 0.0}, "LithoTrack_FE_95": {"avail": 1.0, "util": 0.07541293241035424, "br": 0.0}, "LithoTrack_FE_96": {"avail": 1.0, "util": 0.0, "br": 0.0}, "Litho_BE_110": {"avail": 1.0, "util": 0.09035168903285516, "br": 0.0}, "Litho_BE_93": {"avail": 1.0, "util": 0.08067252815054758, "br": 0.0}, "Litho_BE_99": {"avail": 1.0, "util": 0.23948789140829863, "br": 0.0}, "Litho_FE_111": {"avail": 1.0, "util": 0.13221572504311976, "br": 0.0}, "Litho_FE_35": {"avail": 1.0, "util": 0.05566867191115225, "br": 0.0}, "Litho_FE_92": {"avail": 1.0, "util": 0.13068865424256446, "br": 0.0}, "Litho_FE_98": {"avail": 1.0, "util": 0.15004164738546968, "br": 0.0}, "Litho_REG_BE_63": {"avail": 1.0, "util": 0.9184752429430819, "br": 0.0}, "Litho_REG_FE_64": {"avail": 1.0, "util": 0.9278971375685859, "br": 0.0}, "Planar_BE_75": {"avail": 1.0, "util": 0.7465386395187413, "br": 0.0}, "Planar_FE_76": {"avail": 1.0, "util": 0.726422952336881, "br": 0.0}, "Planar_FE_77": {"avail": 1.0, "util": 0.9635816751503934, "br": 0.0}, "Planar_FE_78": {"avail": 1.0, "util": 0.2808884775566867, "br": 0.0}, "Planar_FE_79": {"avail": 1.0, "util": 0.8197130957889865, "br": 0.0}, "Planar_FE_80": {"avail": 1.0, "util": 0.8575196668209163, "br": 0.0}, "TF_BE_2": {"avail": 1.0, "util": 0.5308884775566867, "br": 0.0}, "TF_BE_23": {"avail": 1.0, "util": 0.6367032806449255, "br": 0.0}, "TF_BE_24": {"avail": 1.0, "util": 0.3841554835724202, "br": 0.0}, "TF_BE_26": {"avail": 1.0, "util": 0.6822397038408144, "br": 0.0}, "TF_BE_40": {"avail": 1.0, "util": 0.8200717260527534, "br": 0.0}, "TF_FE_103": {"avail": 1.0, "util": 0.7491670522906062, "br": 0.0}, "TF_FE_104": {"avail": 1.0, "util": 0.6995094863489125, "br": 0.0}, "TF_FE_113": {"avail": 1.0, "util": 0.440259139287367, "br": 0.0}, "TF_FE_131": {"avail": 1.0, "util": 0.1506864106123708, "br": 0.0}, "TF_FE_3": {"avail": 1.0, "util": 0.8875520592318371, "br": 0.0}, "TF_FE_5": {"avail": 1.0, "util": 0.26781582600647846, "br": 0.0}, "TF_Met_FE_45": {"avail": 1.0, "util": 0.14243405830633965, "br": 0.0}, "TF_Met_FE_61": {"avail": 1.0, "util": 0.9781582600647848, "br": 0.0}, "WE_BE_14": {"avail": 1.0, "util": 0.039074502545117996, "br": 0.0}, "WE_BE_16": {"avail": 1.0, "util": 0.04153426911409327, "br": 0.0}, "WE_BE_17": {"avail": 1.0, "util": 0.045950948634891256, "br": 0.0}, "WE_BE_7": {"avail": 1.0, "util": 0.0074965293845441925, "br": 0.0}, "WE_BE_81": {"avail": 1.0, "util": 0.04766311892642295, "br": 0.0}, "WE_BE_82": {"avail": 1.0, "util": 0.0810643220731143, "br": 0.0}, "WE_BE_9": {"avail": 1.0, "util": 0.06047464798043234, "br": 0.0}, "WE_FE_108": {"avail": 1.0, "util": 0.0418642163019766, "br": 0.0}, "WE_FE_41": {"avail": 1.0, "util": 0.04214715409532624, "br": 0.0}, "WE_FE_47": {"avail": 1.0, "util": 0.037436372049976865, "br": 0.0}, "WE_FE_8": {"avail": 1.0, "util": 0.043868579361406757, "br": 0.0}, "WE_FE_83": {"avail": 1.0, "util": 0.04556091756461955, "br": 0.0}, "WE_FE_84": {"avail": 1.0, "util": 0.04795105146794179, "br": 0.0}, "WE_FE_85": {"avail": 1.0, "util": 0.032068486811661266, "br": 0.0}}, "plugins": {"cost": 448600.0}}