{"lots": {}, "machines": {"DE_BE_11": {"avail": 1.0, "util": 0.8919316761560895, "br": 0.0}, "DE_BE_12": {"avail": 1.0, "util": 0.0, "br": 0.0}, "DE_BE_13": {"avail": 1.0, "util": 0.7914509228215658, "br": 0.0}, "DE_BE_48": {"avail": 1.0, "util": 0.7757811415081238, "br": 0.0}, "DE_BE_50": {"avail": 1.0, "util": 0.6927124319153205, "br": 0.0}, "DE_BE_65": {"avail": 1.0, "util": 0.471445959303038, "br": 0.0}, "DE_BE_66": {"avail": 1.0, "util": 0.7766611362456969, "br": 0.0}, "DE_BE_67": {"avail": 1.0, "util": 0.4202194139702819, "br": 0.0}, "DE_BE_69": {"avail": 1.0, "util": 0.5532564921538675, "br": 0.0}, "DE_FE_1": {"avail": 1.0, "util": 0.0, "br": 0.0}, "DE_FE_51": {"avail": 1.0, "util": 0.1903390610953157, "br": 0.0}, "DE_FE_53": {"avail": 1.0, "util": 0.0, "br": 0.0}, "DE_FE_54": {"avail": 1.0, "util": 0.8093875850576309, "br": 0.0}, "DE_FE_56": {"avail": 1.0, "util": 0.3003055131231773, "br": 0.0}, "DE_FE_58": {"avail": 1.0, "util": 0.7342961625700135, "br": 0.0}, "DE_FE_59": {"avail": 1.0, "util": 0.6899319538952923, "br": 0.0}, "DE_FE_62": {"avail": 1.0, "util": 0.41549784752117763, "br": 0.0}, "DE_FE_70": {"avail": 1.0, "util": 0.31173020841122495, "br": 0.0}, "DE_FE_71": {"avail": 1.0, "util": 0.3860029361001448, "br": 0.0}, "DE_FE_72": {"avail": 1.0, "util": 0.11655788547886868, "br": 0.0}, "DE_FE_86": {"avail": 1.0, "util": 0.186454556208757, "br": 0.0}, "DefMEt_FE_118": {"avail": 1.0, "util": 0.7476044993750868, "br": 0.0}, "DefMet_BE_33": {"avail": 1.0, "util": 0.9127898902930148, "br": 0.0}, "DefMet_BE_42": {"avail": 1.0, "util": 0.9434800722121928, "br": 0.0}, "DefMet_FE_10": {"avail": 1.0, "util": 0.8743230106929593, "br": 0.0}, "DefMet_FE_106": {"avail": 1.0, "util": 0.7715595056242188, "br": 0.0}, "DefMet_FE_34": {"avail": 1.0, "util": 0.8384946535203444, "br": 0.0}, "DefMet_FE_43": {"avail": 1.0, "util": 0.9126047308244226, "br": 0.0}, "Delay_32": {"avail": 1.0, "util": 0.10620295792251076, "br": 0.0}, "Dielectric_BE_20": {"avail": 1.0, "util": 0.8998750173587002, "br": 0.0}, "Dielectric_BE_21": {"avail": 1.0, "util": 0.8932439938897375, "br": 0.0}, "Dielectric_BE_27": {"avail": 1.0, "util": 0.7741795121048003, "br": 0.0}, "Dielectric_BE_28": {"avail": 1.0, "util": 0.7885363144007776, "br": 0.0}, "Dielectric_BE_60": {"avail": 1.0, "util": 0.8629704207748924, "br": 0.0}, "Dielectric_FE_112": {"avail": 1.0, "util": 0.8413275933898069, "br": 0.0}, "Dielectric_FE_130": {"avail": 1.0, "util": 0.8466532426051937, "br": 0.0}, "Dielectric_FE_29": {"avail": 1.0, "util": 0.765402953293524, "br": 0.0}, "Dielectric_FE_30": {"avail": 1.0, "util": 0.8329398694625746, "br": 0.0}, "Dielectric_FE_31": {"avail": 1.0, "util": 0.8418275239550063, "br": 0.0}, "Diffusion_BE_123": {"avail": 1.0, "util": 0.0, "br": 0.0}, "Diffusion_FE_100": {"avail": 1.0, "util": 0.0, "br": 0.0}, "Diffusion_FE_101": {"avail": 1.0, "util": 0.0, "br": 0.0}, "Diffusion_FE_120": {"avail": 1.0, "util": 0.0, "br": 0.0}, "Diffusion_FE_122": {"avail": 1.0, "util": 0.0, "br": 0.0}, "Diffusion_FE_125": {"avail": 1.0, "util": 0.0, "br": 0.0}, "Diffusion_FE_126": {"avail": 1.0, "util": 0.0, "br": 0.0}, "Diffusion_FE_127": {"avail": 1.0, "util": 0.0, "br": 0.0}, "Diffusion_FE_44": {"avail": 1.0, "util": 0.0, "br": 0.0}, "Diffusion_FE_94": {"avail": 1.0, "util": 0.0, "br": 0.0}, "EPI_36": {"avail": 1.0, "util": 0.007151784474378559, "br": 0.0}, "EPI_38": {"avail": 1.0, "util": 0.017775308984863212, "br": 0.0}, "Implant_119": {"avail": 1.0, "util": 0.036939313984168866, "br": 0.0}, "Implant_128": {"avail": 1.0, "util": 0.08233578669629218, "br": 0.0}, "Implant_132": {"avail": 1.0, "util": 0.03952576031106791, "br": 0.0}, "Implant_74": {"avail": 1.0, "util": 0.0, "br": 0.0}, "Implant_88": {"avail": 1.0, "util": 0.0034717400361060965, "br": 0.0}, "Implant_90": {"avail": 1.0, "util": 0.05311762255242328, "br": 0.0}, "Implant_91": {"avail": 1.0, "util": 0.04529463500439754, "br": 0.0}, "LithoMet_BE_18": {"avail": 1.0, "util": 0.9356820099772468, "br": 0.0}, "LithoMet_FE_19": {"avail": 1.0, "util": 0.9620577388942894, "br": 0.0}, "LithoTrack_BE_117": {"avail": 1.0, "util": 0.1932787112900986, "br": 0.0}, "LithoTrack_FE_115": {"avail": 1.0, "util": 0.07987180429733343, "br": 0.0}, "LithoTrack_FE_95": {"avail": 1.0, "util": 0.09977072345394206, "br": 0.0}, "LithoTrack_FE_96": {"avail": 1.0, "util": 0.0, "br": 0.0}, "Litho_BE_110": {"avail": 1.0, "util": 0.12451147658063365, "br": 0.0}, "Litho_BE_93": {"avail": 1.0, "util": 0.1097995648752488, "br": 0.0}, "Litho_BE_99": {"avail": 1.0, "util": 0.3778641855297875, "br": 0.0}, "Litho_FE_111": {"avail": 1.0, "util": 0.16717375112042518, "br": 0.0}, "Litho_FE_35": {"avail": 1.0, "util": 0.07554506318566866, "br": 0.0}, "Litho_FE_92": {"avail": 1.0, "util": 0.18406955262947486, "br": 0.0}, "Litho_FE_98": {"avail": 1.0, "util": 0.19341758089154285, "br": 0.0}, "Litho_REG_BE_63": {"avail": 1.0, "util": 0.8922892653798083, "br": 0.0}, "Litho_REG_FE_64": {"avail": 1.0, "util": 0.9331640446763346, "br": 0.0}, "Planar_BE_75": {"avail": 1.0, "util": 0.7050340230523539, "br": 0.0}, "Planar_FE_76": {"avail": 1.0, "util": 0.623524510484655, "br": 0.0}, "Planar_FE_77": {"avail": 1.0, "util": 0.7162894042494098, "br": 0.0}, "Planar_FE_78": {"avail": 1.0, "util": 0.42077489237605886, "br": 0.0}, "Planar_FE_79": {"avail": 1.0, "util": 0.6426885154839606, "br": 0.0}, "Planar_FE_80": {"avail": 1.0, "util": 0.9670184696569921, "br": 0.0}, "TF_BE_2": {"avail": 1.0, "util": 0.5385363144007776, "br": 0.0}, "TF_BE_23": {"avail": 1.0, "util": 0.6327483755911094, "br": 0.0}, "TF_BE_24": {"avail": 1.0, "util": 0.5763366199139008, "br": 0.0}, "TF_BE_26": {"avail": 1.0, "util": 0.5648197009674583, "br": 0.0}, "TF_BE_40": {"avail": 1.0, "util": 0.6329213535157154, "br": 0.0}, "TF_FE_103": {"avail": 1.0, "util": 0.7478475211776142, "br": 0.0}, "TF_FE_104": {"avail": 1.0, "util": 0.5808359950006944, "br": 0.0}, "TF_FE_113": {"avail": 1.0, "util": 0.6587973892514929, "br": 0.0}, "TF_FE_131": {"avail": 1.0, "util": 0.22800074063787437, "br": 0.0}, "TF_FE_3": {"avail": 1.0, "util": 0.6565060408276628, "br": 0.0}, "TF_FE_5": {"avail": 1.0, "util": 0.40369393139841686, "br": 0.0}, "TF_Met_FE_45": {"avail": 1.0, "util": 0.21420636022774614, "br": 0.0}, "TF_Met_FE_61": {"avail": 1.0, "util": 0.9766004721566449, "br": 0.0}, "WE_BE_14": {"avail": 1.0, "util": 0.04427162894042494, "br": 0.0}, "WE_BE_16": {"avail": 1.0, "util": 0.049699887361323275, "br": 0.0}, "WE_BE_17": {"avail": 1.0, "util": 0.03096792112206638, "br": 0.0}, "WE_BE_7": {"avail": 1.0, "util": 0.011387307318427997, "br": 0.0}, "WE_BE_81": {"avail": 1.0, "util": 0.05684395685784382, "br": 0.0}, "WE_BE_82": {"avail": 1.0, "util": 0.1106512984307735, "br": 0.0}, "WE_BE_9": {"avail": 1.0, "util": 0.07241057789592716, "br": 0.0}, "WE_FE_108": {"avail": 1.0, "util": 0.036816315194318244, "br": 0.0}, "WE_FE_41": {"avail": 1.0, "util": 0.031106790723510625, "br": 0.0}, "WE_FE_47": {"avail": 1.0, "util": 0.044044808591399344, "br": 0.0}, "WE_FE_8": {"avail": 1.0, "util": 0.05617275378419664, "br": 0.0}, "WE_FE_83": {"avail": 1.0, "util": 0.05001289503441982, "br": 0.0}, "WE_FE_84": {"avail": 1.0, "util": 0.03766452190282214, "br": 0.0}, "WE_FE_85": {"avail": 1.0, "util": 0.03839744479933343, "br": 0.0}}, "plugins": {"cost": 448800}}