{"lots": {}, "machines": {"DE_BE_11": {"avail": 1.0, "util": 0.6250034720614787, "br": 0.0}, "DE_BE_12": {"avail": 1.0, "util": 0.9461959065681116, "br": 0.0}, "DE_BE_13": {"avail": 1.0, "util": 0.839030820883513, "br": 0.0}, "DE_BE_48": {"avail": 1.0, "util": 0.8116198324151659, "br": 0.0}, "DE_BE_50": {"avail": 1.0, "util": 0.9369936577010324, "br": 0.0}, "DE_BE_65": {"avail": 1.0, "util": 0.7892336139122099, "br": 0.0}, "DE_BE_66": {"avail": 1.0, "util": 0.6932208304196443, "br": 0.0}, "DE_BE_67": {"avail": 1.0, "util": 0.8664830331929078, "br": 0.0}, "DE_BE_69": {"avail": 1.0, "util": 0.9254201194389149, "br": 0.0}, "DE_FE_1": {"avail": 1.0, "util": 0.5350347536820385, "br": 0.0}, "DE_FE_51": {"avail": 1.0, "util": 0.4978327026770203, "br": 0.0}, "DE_FE_53": {"avail": 1.0, "util": 0.8175917781584185, "br": 0.0}, "DE_FE_54": {"avail": 1.0, "util": 0.8152585528447758, "br": 0.0}, "DE_FE_56": {"avail": 1.0, "util": 0.7988287579278737, "br": 0.0}, "DE_FE_58": {"avail": 1.0, "util": 0.73404009073654, "br": 0.0}, "DE_FE_59": {"avail": 1.0, "util": 0.7953026866040152, "br": 0.0}, "DE_FE_62": {"avail": 1.0, "util": 0.7485103202894047, "br": 0.0}, "DE_FE_70": {"avail": 1.0, "util": 0.7270176238279566, "br": 0.0}, "DE_FE_71": {"avail": 1.0, "util": 0.7135251674856323, "br": 0.0}, "DE_FE_72": {"avail": 1.0, "util": 0.8705358291025621, "br": 0.0}, "DE_FE_86": {"avail": 1.0, "util": 0.7273229805890331, "br": 0.0}, "DefMEt_FE_118": {"avail": 1.0, "util": 0.24994213230868942, "br": 0.0}, "DefMet_BE_33": {"avail": 1.0, "util": 0.9682653580852738, "br": 0.0}, "DefMet_BE_42": {"avail": 1.0, "util": 0.9519003749826397, "br": 0.0}, "DefMet_FE_10": {"avail": 1.0, "util": 0.48868107957964907, "br": 0.0}, "DefMet_FE_106": {"avail": 1.0, "util": 0.3017452895699273, "br": 0.0}, "DefMet_FE_34": {"avail": 1.0, "util": 0.6116152029998612, "br": 0.0}, "DefMet_FE_43": {"avail": 1.0, "util": 0.9763976976374551, "br": 0.0}, "Delay_32": {"avail": 1.0, "util": 0.38088167214480806, "br": 0.0}, "Dielectric_BE_20": {"avail": 1.0, "util": 0.9546965418267673, "br": 0.0}, "Dielectric_BE_21": {"avail": 1.0, "util": 0.9491921670293042, "br": 0.0}, "Dielectric_BE_27": {"avail": 1.0, "util": 0.7285218276931623, "br": 0.0}, "Dielectric_BE_28": {"avail": 1.0, "util": 0.7097009397713069, "br": 0.0}, "Dielectric_BE_60": {"avail": 1.0, "util": 0.8962085088653303, "br": 0.0}, "Dielectric_FE_112": {"avail": 1.0, "util": 0.9446923753529929, "br": 0.0}, "Dielectric_FE_130": {"avail": 1.0, "util": 0.9312647562612842, "br": 0.0}, "Dielectric_FE_29": {"avail": 1.0, "util": 0.9072728114439146, "br": 0.0}, "Dielectric_FE_30": {"avail": 1.0, "util": 0.9233600296282579, "br": 0.0}, "Dielectric_FE_31": {"avail": 1.0, "util": 0.9586130271746678, "br": 0.0}, "Diffusion_BE_123": {"avail": 1.0, "util": 0.0, "br": 0.0}, "Diffusion_FE_100": {"avail": 1.0, "util": 0.0, "br": 0.0}, "Diffusion_FE_101": {"avail": 1.0, "util": 0.0, "br": 0.0}, "Diffusion_FE_120": {"avail": 1.0, "util": 0.0, "br": 0.0}, "Diffusion_FE_122": {"avail": 1.0, "util": 0.0, "br": 0.0}, "Diffusion_FE_125": {"avail": 1.0, "util": 0.0, "br": 0.0}, "Diffusion_FE_126": {"avail": 1.0, "util": 0.0, "br": 0.0}, "Diffusion_FE_127": {"avail": 1.0, "util": 0.7808897736215916, "br": 0.0}, "Diffusion_FE_44": {"avail": 1.0, "util": 0.0, "br": 0.0}, "Diffusion_FE_94": {"avail": 1.0, "util": 0.0, "br": 0.0}, "EPI_36": {"avail": 1.0, "util": 0.01187445025693255, "br": 0.0}, "EPI_38": {"avail": 1.0, "util": 0.029489375491875375, "br": 0.0}, "Implant_119": {"avail": 1.0, "util": 0.016943660015740013, "br": 0.0}, "Implant_128": {"avail": 1.0, "util": 0.039854636359427806, "br": 0.0}, "Implant_132": {"avail": 1.0, "util": 0.03541502708207953, "br": 0.0}, "Implant_74": {"avail": 1.0, "util": 0.005624739595389103, "br": 0.0}, "Implant_88": {"avail": 1.0, "util": 0.02733669737512152, "br": 0.0}, "Implant_90": {"avail": 1.0, "util": 0.041178649136614044, "br": 0.0}, "Implant_91": {"avail": 1.0, "util": 0.03664182213786399, "br": 0.0}, "LithoMet_BE_18": {"avail": 1.0, "util": 0.9766000861783464, "br": 0.0}, "LithoMet_FE_19": {"avail": 1.0, "util": 0.9557787962491449, "br": 0.0}, "LithoTrack_BE_117": {"avail": 1.0, "util": 0.08714411369843988, "br": 0.0}, "LithoTrack_FE_115": {"avail": 1.0, "util": 0.04282663021229046, "br": 0.0}, "LithoTrack_FE_95": {"avail": 1.0, "util": 0.04666545105149138, "br": 0.0}, "LithoTrack_FE_96": {"avail": 1.0, "util": 0.002523031341141614, "br": 0.0}, "Litho_BE_110": {"avail": 1.0, "util": 0.053258116357046956, "br": 0.0}, "Litho_BE_93": {"avail": 1.0, "util": 0.04695770257549805, "br": 0.0}, "Litho_BE_99": {"avail": 1.0, "util": 0.1540669413453081, "br": 0.0}, "Litho_FE_111": {"avail": 1.0, "util": 0.0828202398037128, "br": 0.0}, "Litho_FE_35": {"avail": 1.0, "util": 0.02485996018702838, "br": 0.0}, "Litho_FE_92": {"avail": 1.0, "util": 0.07642743812365589, "br": 0.0}, "Litho_FE_98": {"avail": 1.0, "util": 0.07511689273644738, "br": 0.0}, "Litho_REG_BE_63": {"avail": 1.0, "util": 0.9592379982408222, "br": 0.0}, "Litho_REG_FE_64": {"avail": 1.0, "util": 0.9765949989087808, "br": 0.0}, "Planar_BE_75": {"avail": 1.0, "util": 0.6555853895652979, "br": 0.0}, "Planar_FE_76": {"avail": 1.0, "util": 0.82360384550098, "br": 0.0}, "Planar_FE_77": {"avail": 1.0, "util": 0.9565992315170594, "br": 0.0}, "Planar_FE_78": {"avail": 1.0, "util": 0.7033933614184529, "br": 0.0}, "Planar_FE_79": {"avail": 1.0, "util": 0.9034952085551595, "br": 0.0}, "Planar_FE_80": {"avail": 1.0, "util": 0.6454793759548169, "br": 0.0}, "TF_BE_2": {"avail": 1.0, "util": 0.2236123327623721, "br": 0.0}, "TF_BE_23": {"avail": 1.0, "util": 0.3453275798635054, "br": 0.0}, "TF_BE_24": {"avail": 1.0, "util": 0.1921299939817601, "br": 0.0}, "TF_BE_26": {"avail": 1.0, "util": 0.5613536410351372, "br": 0.0}, "TF_BE_40": {"avail": 1.0, "util": 0.5158422449577952, "br": 0.0}, "TF_FE_103": {"avail": 1.0, "util": 0.7370376371464284, "br": 0.0}, "TF_FE_104": {"avail": 1.0, "util": 0.848044072033702, "br": 0.0}, "TF_FE_113": {"avail": 1.0, "util": 0.32815610388407945, "br": 0.0}, "TF_FE_131": {"avail": 1.0, "util": 0.5351063993950897, "br": 0.0}, "TF_FE_3": {"avail": 1.0, "util": 0.8849590296745521, "br": 0.0}, "TF_FE_5": {"avail": 1.0, "util": 0.3139669459747234, "br": 0.0}, "TF_Met_FE_45": {"avail": 1.0, "util": 0.07050599509281978, "br": 0.0}, "TF_Met_FE_61": {"avail": 1.0, "util": 0.9742373038285265, "br": 0.0}, "WE_BE_14": {"avail": 1.0, "util": 0.042044349798620435, "br": 0.0}, "WE_BE_16": {"avail": 1.0, "util": 0.04464299492307455, "br": 0.0}, "WE_BE_17": {"avail": 1.0, "util": 0.05101615665941392, "br": 0.0}, "WE_BE_7": {"avail": 1.0, "util": 0.015138188046849682, "br": 0.0}, "WE_BE_81": {"avail": 1.0, "util": 0.03802293103714335, "br": 0.0}, "WE_BE_82": {"avail": 1.0, "util": 0.053849358825980284, "br": 0.0}, "WE_BE_9": {"avail": 1.0, "util": 0.04682322908330964, "br": 0.0}, "WE_FE_108": {"avail": 1.0, "util": 0.041888272368342735, "br": 0.0}, "WE_FE_41": {"avail": 1.0, "util": 0.037081616591824455, "br": 0.0}, "WE_FE_47": {"avail": 1.0, "util": 0.03698131259355277, "br": 0.0}, "WE_FE_8": {"avail": 1.0, "util": 0.05166427480209249, "br": 0.0}, "WE_FE_83": {"avail": 1.0, "util": 0.03863577744416594, "br": 0.0}, "WE_FE_84": {"avail": 1.0, "util": 0.036464361217844854, "br": 0.0}, "WE_FE_85": {"avail": 1.0, "util": 0.02222119346326559, "br": 0.0}}, "plugins": {"cost": 447200.0}}