{"lots": {}, "machines": {"DE_BE_11": {"avail": 1.0, "util": 0.8778063132890647, "br": 0.0}, "DE_BE_12": {"avail": 1.0, "util": 0.7107656000555286, "br": 0.0}, "DE_BE_13": {"avail": 1.0, "util": 0.845491774831679, "br": 0.0}, "DE_BE_48": {"avail": 1.0, "util": 0.8154180101844432, "br": 0.0}, "DE_BE_50": {"avail": 1.0, "util": 0.7780384535295343, "br": 0.0}, "DE_BE_65": {"avail": 1.0, "util": 0.8571969434050367, "br": 0.0}, "DE_BE_66": {"avail": 1.0, "util": 0.7738313483233232, "br": 0.0}, "DE_BE_67": {"avail": 1.0, "util": 0.8000719347286989, "br": 0.0}, "DE_BE_69": {"avail": 1.0, "util": 0.370398648804979, "br": 0.0}, "DE_FE_1": {"avail": 1.0, "util": 0.5614215312001111, "br": 0.0}, "DE_FE_51": {"avail": 1.0, "util": 0.43628791559658503, "br": 0.0}, "DE_FE_53": {"avail": 1.0, "util": 0.13637814951065455, "br": 0.0}, "DE_FE_54": {"avail": 1.0, "util": 0.8115268040998588, "br": 0.0}, "DE_FE_56": {"avail": 1.0, "util": 0.905080863469147, "br": 0.0}, "DE_FE_58": {"avail": 1.0, "util": 0.7393975150968279, "br": 0.0}, "DE_FE_59": {"avail": 1.0, "util": 0.8292930519886167, "br": 0.0}, "DE_FE_62": {"avail": 1.0, "util": 0.7501133027654041, "br": 0.0}, "DE_FE_70": {"avail": 1.0, "util": 0.8944010802829433, "br": 0.0}, "DE_FE_71": {"avail": 1.0, "util": 0.7653686865181277, "br": 0.0}, "DE_FE_72": {"avail": 1.0, "util": 0.2712002372584034, "br": 0.0}, "DE_FE_86": {"avail": 1.0, "util": 0.6922147073044765, "br": 0.0}, "DefMEt_FE_118": {"avail": 1.0, "util": 0.3124175747900326, "br": 0.0}, "DefMet_BE_33": {"avail": 1.0, "util": 0.95238425765253, "br": 0.0}, "DefMet_BE_42": {"avail": 1.0, "util": 0.9678628444506143, "br": 0.0}, "DefMet_FE_10": {"avail": 1.0, "util": 0.4057749705004512, "br": 0.0}, "DefMet_FE_106": {"avail": 1.0, "util": 0.13063094329145555, "br": 0.0}, "DefMet_FE_34": {"avail": 1.0, "util": 0.48511140417852433, "br": 0.0}, "DefMet_FE_43": {"avail": 1.0, "util": 0.83680155479975, "br": 0.0}, "Delay_32": {"avail": 1.0, "util": 0.27253748177969045, "br": 0.0}, "Dielectric_BE_20": {"avail": 1.0, "util": 0.862219754286111, "br": 0.0}, "Dielectric_BE_21": {"avail": 1.0, "util": 0.9570000694107031, "br": 0.0}, "Dielectric_BE_27": {"avail": 1.0, "util": 0.9343085537123158, "br": 0.0}, "Dielectric_BE_28": {"avail": 1.0, "util": 0.9144628768422757, "br": 0.0}, "Dielectric_BE_60": {"avail": 1.0, "util": 0.9245852710487957, "br": 0.0}, "Dielectric_FE_112": {"avail": 1.0, "util": 0.6408304605014539, "br": 0.0}, "Dielectric_FE_130": {"avail": 1.0, "util": 0.43300131880335946, "br": 0.0}, "Dielectric_FE_29": {"avail": 1.0, "util": 0.9671687374193101, "br": 0.0}, "Dielectric_FE_30": {"avail": 1.0, "util": 0.9768862358575693, "br": 0.0}, "Dielectric_FE_31": {"avail": 1.0, "util": 0.28723884222947177, "br": 0.0}, "Diffusion_BE_123": {"avail": 1.0, "util": 0.0, "br": 0.0}, "Diffusion_FE_100": {"avail": 1.0, "util": 0.0, "br": 0.0}, "Diffusion_FE_101": {"avail": 1.0, "util": 0.0, "br": 0.0}, "Diffusion_FE_120": {"avail": 1.0, "util": 0.0, "br": 0.0}, "Diffusion_FE_122": {"avail": 1.0, "util": 0.0, "br": 0.0}, "Diffusion_FE_125": {"avail": 1.0, "util": 0.0, "br": 0.0}, "Diffusion_FE_126": {"avail": 1.0, "util": 0.0, "br": 0.0}, "Diffusion_FE_127": {"avail": 1.0, "util": 0.0, "br": 0.0}, "Diffusion_FE_44": {"avail": 1.0, "util": 0.0, "br": 0.0}, "Diffusion_FE_94": {"avail": 1.0, "util": 0.0, "br": 0.0}, "EPI_36": {"avail": 1.0, "util": 0.009023391406954953, "br": 0.0}, "EPI_38": {"avail": 1.0, "util": 0.3174845561185535, "br": 0.0}, "Implant_119": {"avail": 1.0, "util": 0.07357534531824807, "br": 0.0}, "Implant_128": {"avail": 1.0, "util": 0.036762432403440244, "br": 0.0}, "Implant_132": {"avail": 1.0, "util": 0.0349036678598697, "br": 0.0}, "Implant_74": {"avail": 1.0, "util": 0.017040327618518775, "br": 0.0}, "Implant_88": {"avail": 1.0, "util": 0.0018046782813909905, "br": 0.0}, "Implant_90": {"avail": 1.0, "util": 0.04504754633164434, "br": 0.0}, "Implant_91": {"avail": 1.0, "util": 0.04733809953494829, "br": 0.0}, "LithoMet_BE_18": {"avail": 1.0, "util": 0.9635152104090814, "br": 0.0}, "LithoMet_FE_19": {"avail": 1.0, "util": 0.9586113893048023, "br": 0.0}, "LithoTrack_BE_117": {"avail": 1.0, "util": 0.07357534531824807, "br": 0.0}, "LithoTrack_FE_115": {"avail": 1.0, "util": 0.049180022583872676, "br": 0.0}, "LithoTrack_FE_95": {"avail": 1.0, "util": 0.07738252238495176, "br": 0.0}, "LithoTrack_FE_96": {"avail": 1.0, "util": 0.015062122579301729, "br": 0.0}, "Litho_BE_110": {"avail": 1.0, "util": 0.07412761308663361, "br": 0.0}, "Litho_BE_93": {"avail": 1.0, "util": 0.0718227250642049, "br": 0.0}, "Litho_BE_99": {"avail": 1.0, "util": 0.12371300987945674, "br": 0.0}, "Litho_FE_111": {"avail": 1.0, "util": 0.10394599847296453, "br": 0.0}, "Litho_FE_35": {"avail": 1.0, "util": 0.046158117581731106, "br": 0.0}, "Litho_FE_92": {"avail": 1.0, "util": 0.0757964878184216, "br": 0.0}, "Litho_FE_98": {"avail": 1.0, "util": 0.03520857916290692, "br": 0.0}, "Litho_REG_BE_63": {"avail": 1.0, "util": 0.9583535781217464, "br": 0.0}, "Litho_REG_FE_64": {"avail": 1.0, "util": 0.9713275953818745, "br": 0.0}, "Planar_BE_75": {"avail": 1.0, "util": 0.8820117204930142, "br": 0.0}, "Planar_FE_76": {"avail": 1.0, "util": 0.9330533768307073, "br": 0.0}, "Planar_FE_77": {"avail": 1.0, "util": 0.8985562573748872, "br": 0.0}, "Planar_FE_78": {"avail": 1.0, "util": 0.4253834941347956, "br": 0.0}, "Planar_FE_79": {"avail": 1.0, "util": 0.31951481918511837, "br": 0.0}, "Planar_FE_80": {"avail": 1.0, "util": 0.3184563059623794, "br": 0.0}, "TF_BE_2": {"avail": 1.0, "util": 0.5303845352953426, "br": 0.0}, "TF_BE_23": {"avail": 1.0, "util": 0.6951134864996182, "br": 0.0}, "TF_BE_24": {"avail": 1.0, "util": 0.7228257097244395, "br": 0.0}, "TF_BE_26": {"avail": 1.0, "util": 0.7917892477481565, "br": 0.0}, "TF_BE_40": {"avail": 1.0, "util": 0.835194492873154, "br": 0.0}, "TF_FE_103": {"avail": 1.0, "util": 0.7271961050679729, "br": 0.0}, "TF_FE_104": {"avail": 1.0, "util": 0.7451794266675921, "br": 0.0}, "TF_FE_113": {"avail": 1.0, "util": 0.10918303602415493, "br": 0.0}, "TF_FE_131": {"avail": 1.0, "util": 0.7101177668263112, "br": 0.0}, "TF_FE_3": {"avail": 1.0, "util": 0.4475139399828787, "br": 0.0}, "TF_FE_5": {"avail": 1.0, "util": 0.4464265056338354, "br": 0.0}, "TF_Met_FE_45": {"avail": 1.0, "util": 0.08936628028041924, "br": 0.0}, "TF_Met_FE_61": {"avail": 1.0, "util": 0.9834108419518289, "br": 0.0}, "WE_BE_14": {"avail": 1.0, "util": 0.04082737558131464, "br": 0.0}, "WE_BE_16": {"avail": 1.0, "util": 0.04083084611647116, "br": 0.0}, "WE_BE_17": {"avail": 1.0, "util": 0.03262303047129867, "br": 0.0}, "WE_BE_7": {"avail": 1.0, "util": 0.017005622266953565, "br": 0.0}, "WE_BE_81": {"avail": 1.0, "util": 0.043034635940862084, "br": 0.0}, "WE_BE_82": {"avail": 1.0, "util": 0.04733809953494829, "br": 0.0}, "WE_BE_9": {"avail": 1.0, "util": 0.05748594433261609, "br": 0.0}, "WE_FE_108": {"avail": 1.0, "util": 0.044073403015296685, "br": 0.0}, "WE_FE_41": {"avail": 1.0, "util": 0.030263066564864303, "br": 0.0}, "WE_FE_47": {"avail": 1.0, "util": 0.040452557784410356, "br": 0.0}, "WE_FE_8": {"avail": 1.0, "util": 0.027243700978690916, "br": 0.0}, "WE_FE_83": {"avail": 1.0, "util": 0.040848198792253765, "br": 0.0}, "WE_FE_84": {"avail": 1.0, "util": 0.04478215246673389, "br": 0.0}, "WE_FE_85": {"avail": 1.0, "util": 0.0253696119941695, "br": 0.0}}, "plugins": {"cost": 429025.13136574073}}