{"lots": {}, "machines": {"DE_BE_11": {"avail": 1.0, "util": 0.0, "br": 0.0}, "DE_BE_12": {"avail": 1.0, "util": 0.0, "br": 0.0}, "DE_BE_13": {"avail": 1.0, "util": 0.0, "br": 0.0}, "DE_BE_48": {"avail": 1.0, "util": 0.0, "br": 0.0}, "DE_BE_50": {"avail": 1.0, "util": 0.0, "br": 0.0}, "DE_BE_65": {"avail": 1.0, "util": 0.0, "br": 0.0}, "DE_BE_66": {"avail": 1.0, "util": 0.0, "br": 0.0}, "DE_BE_67": {"avail": 1.0, "util": 0.0, "br": 0.0}, "DE_BE_69": {"avail": 1.0, "util": 0.0, "br": 0.0}, "DE_FE_1": {"avail": 1.0, "util": 0.0, "br": 0.0}, "DE_FE_51": {"avail": 1.0, "util": 0.0, "br": 0.0}, "DE_FE_53": {"avail": 1.0, "util": 0.0, "br": 0.0}, "DE_FE_54": {"avail": 1.0, "util": 0.0, "br": 0.0}, "DE_FE_56": {"avail": 1.0, "util": 0.0, "br": 0.0}, "DE_FE_58": {"avail": 1.0, "util": 0.0, "br": 0.0}, "DE_FE_59": {"avail": 1.0, "util": 0.0, "br": 0.0}, "DE_FE_62": {"avail": 1.0, "util": 0.0, "br": 0.0}, "DE_FE_70": {"avail": 1.0, "util": 0.0, "br": 0.0}, "DE_FE_71": {"avail": 1.0, "util": 0.0, "br": 0.0}, "DE_FE_72": {"avail": 1.0, "util": 0.0, "br": 0.0}, "DE_FE_86": {"avail": 1.0, "util": 0.0, "br": 0.0}, "DefMEt_FE_118": {"avail": 1.0, "util": 0.9859877913429522, "br": 0.0}, "DefMet_BE_33": {"avail": 1.0, "util": 0.5187291897891232, "br": 0.0}, "DefMet_BE_42": {"avail": 1.0, "util": 0.8926193118756937, "br": 0.0}, "DefMet_FE_10": {"avail": 1.0, "util": 0.6598224195338512, "br": 0.0}, "DefMet_FE_106": {"avail": 1.0, "util": 0.2541620421753607, "br": 0.0}, "DefMet_FE_34": {"avail": 1.0, "util": 0.5012486126526082, "br": 0.0}, "DefMet_FE_43": {"avail": 1.0, "util": 0.8677025527192008, "br": 0.0}, "Delay_32": {"avail": 1.0, "util": 0.0, "br": 0.0}, "Dielectric_BE_20": {"avail": 1.0, "util": 0.6763041065482797, "br": 0.0}, "Dielectric_BE_21": {"avail": 1.0, "util": 0.6269885312615612, "br": 0.0}, "Dielectric_BE_27": {"avail": 1.0, "util": 0.7057898631150573, "br": 0.0}, "Dielectric_BE_28": {"avail": 1.0, "util": 0.6386422493525712, "br": 0.0}, "Dielectric_BE_60": {"avail": 1.0, "util": 0.7155475397706252, "br": 0.0}, "Dielectric_FE_112": {"avail": 1.0, "util": 0.643328400542607, "br": 0.0}, "Dielectric_FE_130": {"avail": 1.0, "util": 0.8781215316315205, "br": 0.0}, "Dielectric_FE_29": {"avail": 1.0, "util": 0.778486866444691, "br": 0.0}, "Dielectric_FE_30": {"avail": 1.0, "util": 0.5496670366259712, "br": 0.0}, "Dielectric_FE_31": {"avail": 1.0, "util": 0.8405244173140954, "br": 0.0}, "Diffusion_BE_123": {"avail": 1.0, "util": 0.0, "br": 0.0}, "Diffusion_FE_100": {"avail": 1.0, "util": 0.0, "br": 0.0}, "Diffusion_FE_101": {"avail": 1.0, "util": 0.0, "br": 0.0}, "Diffusion_FE_120": {"avail": 1.0, "util": 0.0, "br": 0.0}, "Diffusion_FE_122": {"avail": 1.0, "util": 0.0, "br": 0.0}, "Diffusion_FE_125": {"avail": 1.0, "util": 0.0, "br": 0.0}, "Diffusion_FE_126": {"avail": 1.0, "util": 0.0, "br": 0.0}, "Diffusion_FE_127": {"avail": 1.0, "util": 0.0, "br": 0.0}, "Diffusion_FE_44": {"avail": 1.0, "util": 0.0, "br": 0.0}, "Diffusion_FE_94": {"avail": 1.0, "util": 0.0, "br": 0.0}, "EPI_36": {"avail": 1.0, "util": 0.014428412874583796, "br": 0.0}, "EPI_38": {"avail": 1.0, "util": 0.9880688124306326, "br": 0.0}, "Implant_119": {"avail": 1.0, "util": 0.06645394006659268, "br": 0.0}, "Implant_128": {"avail": 1.0, "util": 0.06386842901826253, "br": 0.0}, "Implant_132": {"avail": 1.0, "util": 0.04498969399080387, "br": 0.0}, "Implant_74": {"avail": 1.0, "util": 0.0675638179800222, "br": 0.0}, "Implant_88": {"avail": 1.0, "util": 0.0, "br": 0.0}, "Implant_90": {"avail": 1.0, "util": 0.03829078801331853, "br": 0.0}, "Implant_91": {"avail": 1.0, "util": 0.07341049627398129, "br": 0.0}, "LithoMet_BE_18": {"avail": 1.0, "util": 0.8949651901927151, "br": 0.0}, "LithoMet_FE_19": {"avail": 1.0, "util": 0.8923220231488822, "br": 0.0}, "LithoTrack_BE_117": {"avail": 1.0, "util": 0.19827968923418424, "br": 0.0}, "LithoTrack_FE_115": {"avail": 1.0, "util": 0.12037438076933488, "br": 0.0}, "LithoTrack_FE_95": {"avail": 1.0, "util": 0.2072350166481687, "br": 0.0}, "LithoTrack_FE_96": {"avail": 1.0, "util": 0.06021087680355161, "br": 0.0}, "Litho_BE_110": {"avail": 1.0, "util": 0.1910437677942383, "br": 0.0}, "Litho_BE_93": {"avail": 1.0, "util": 0.2535377358490566, "br": 0.0}, "Litho_BE_99": {"avail": 1.0, "util": 0.37569367369589346, "br": 0.0}, "Litho_FE_111": {"avail": 1.0, "util": 0.32283573806881244, "br": 0.0}, "Litho_FE_35": {"avail": 1.0, "util": 0.10127635960044395, "br": 0.0}, "Litho_FE_92": {"avail": 1.0, "util": 0.21600998890122086, "br": 0.0}, "Litho_FE_98": {"avail": 1.0, "util": 0.03204772475027747, "br": 0.0}, "Litho_REG_BE_63": {"avail": 1.0, "util": 0.84375, "br": 0.0}, "Litho_REG_FE_64": {"avail": 1.0, "util": 0.8334951905290418, "br": 0.0}, "Planar_BE_75": {"avail": 1.0, "util": 0.24932614555256064, "br": 0.0}, "Planar_FE_76": {"avail": 1.0, "util": 0.928274139844617, "br": 0.0}, "Planar_FE_77": {"avail": 1.0, "util": 0.7178135405105438, "br": 0.0}, "Planar_FE_78": {"avail": 1.0, "util": 0.8468368479467259, "br": 0.0}, "Planar_FE_79": {"avail": 1.0, "util": 0.0, "br": 0.0}, "Planar_FE_80": {"avail": 1.0, "util": 0.6463651498335183, "br": 0.0}, "TF_BE_2": {"avail": 1.0, "util": 0.0, "br": 0.0}, "TF_BE_23": {"avail": 1.0, "util": 0.0, "br": 0.0}, "TF_BE_24": {"avail": 1.0, "util": 0.0, "br": 0.0}, "TF_BE_26": {"avail": 1.0, "util": 0.07574916759156493, "br": 0.0}, "TF_BE_40": {"avail": 1.0, "util": 0.0, "br": 0.0}, "TF_FE_103": {"avail": 1.0, "util": 0.0, "br": 0.0}, "TF_FE_104": {"avail": 1.0, "util": 0.0, "br": 0.0}, "TF_FE_113": {"avail": 1.0, "util": 0.0, "br": 0.0}, "TF_FE_131": {"avail": 1.0, "util": 0.0, "br": 0.0}, "TF_FE_3": {"avail": 1.0, "util": 0.0, "br": 0.0}, "TF_FE_5": {"avail": 1.0, "util": 0.0, "br": 0.0}, "TF_Met_FE_45": {"avail": 1.0, "util": 0.2827413984461709, "br": 0.0}, "TF_Met_FE_61": {"avail": 1.0, "util": 0.966842397336293, "br": 0.0}, "WE_BE_14": {"avail": 1.0, "util": 0.029689234184239733, "br": 0.0}, "WE_BE_16": {"avail": 1.0, "util": 0.02320338512763596, "br": 0.0}, "WE_BE_17": {"avail": 1.0, "util": 0.027053274139844617, "br": 0.0}, "WE_BE_7": {"avail": 1.0, "util": 0.011376248612652608, "br": 0.0}, "WE_BE_81": {"avail": 1.0, "util": 0.028671846096929337, "br": 0.0}, "WE_BE_82": {"avail": 1.0, "util": 0.06357134048587988, "br": 0.0}, "WE_BE_9": {"avail": 1.0, "util": 0.07103218645948946, "br": 0.0}, "WE_FE_108": {"avail": 1.0, "util": 0.03305713957671553, "br": 0.0}, "WE_FE_41": {"avail": 1.0, "util": 0.036514983351831294, "br": 0.0}, "WE_FE_47": {"avail": 1.0, "util": 0.035127635960044395, "br": 0.0}, "WE_FE_8": {"avail": 1.0, "util": 0.025943396226415096, "br": 0.0}, "WE_FE_83": {"avail": 1.0, "util": 0.06784128745837958, "br": 0.0}, "WE_FE_84": {"avail": 1.0, "util": 0.039857674479336684, "br": 0.0}, "WE_FE_85": {"avail": 1.0, "util": 0.08587680355160933, "br": 0.0}}, "plugins": {"cost": 429200}}