{"lots": {}, "machines": {"DE_BE_11": {"avail": 1.0, "util": 0.8614602381007491, "br": 0.0}, "DE_BE_12": {"avail": 1.0, "util": 0.7127679625422838, "br": 0.0}, "DE_BE_13": {"avail": 1.0, "util": 0.8491077008541074, "br": 0.0}, "DE_BE_48": {"avail": 1.0, "util": 0.5784194279437666, "br": 0.0}, "DE_BE_50": {"avail": 1.0, "util": 0.683098395944726, "br": 0.0}, "DE_BE_65": {"avail": 1.0, "util": 0.8861253322054656, "br": 0.0}, "DE_BE_66": {"avail": 1.0, "util": 0.7430448048950848, "br": 0.0}, "DE_BE_67": {"avail": 1.0, "util": 0.7505223753400964, "br": 0.0}, "DE_BE_69": {"avail": 1.0, "util": 0.3715714186514825, "br": 0.0}, "DE_FE_1": {"avail": 1.0, "util": 0.5606138462606763, "br": 0.0}, "DE_FE_51": {"avail": 1.0, "util": 0.44306298173737935, "br": 0.0}, "DE_FE_53": {"avail": 1.0, "util": 0.13533782376223874, "br": 0.0}, "DE_FE_54": {"avail": 1.0, "util": 0.8169803022938222, "br": 0.0}, "DE_FE_56": {"avail": 1.0, "util": 0.9025067703631692, "br": 0.0}, "DE_FE_58": {"avail": 1.0, "util": 0.731060343031734, "br": 0.0}, "DE_FE_59": {"avail": 1.0, "util": 0.7875147559197277, "br": 0.0}, "DE_FE_62": {"avail": 1.0, "util": 0.6910386125146538, "br": 0.0}, "DE_FE_70": {"avail": 1.0, "util": 0.7673204512312908, "br": 0.0}, "DE_FE_71": {"avail": 1.0, "util": 0.6334745272319051, "br": 0.0}, "DE_FE_72": {"avail": 1.0, "util": 0.25931911294038923, "br": 0.0}, "DE_FE_86": {"avail": 1.0, "util": 0.6534650959973354, "br": 0.0}, "DefMEt_FE_118": {"avail": 1.0, "util": 0.30931879730574263, "br": 0.0}, "DefMet_BE_33": {"avail": 1.0, "util": 0.9163946948128602, "br": 0.0}, "DefMet_BE_42": {"avail": 1.0, "util": 0.9749322963683078, "br": 0.0}, "DefMet_FE_10": {"avail": 1.0, "util": 0.4386153739323658, "br": 0.0}, "DefMet_FE_106": {"avail": 1.0, "util": 0.12908825775987778, "br": 0.0}, "DefMet_FE_34": {"avail": 1.0, "util": 0.7407818901465176, "br": 0.0}, "DefMet_FE_43": {"avail": 1.0, "util": 0.8742587320324978, "br": 0.0}, "Delay_32": {"avail": 1.0, "util": 0.29008402194292066, "br": 0.0}, "Dielectric_BE_20": {"avail": 1.0, "util": 0.8383445594055968, "br": 0.0}, "Dielectric_BE_21": {"avail": 1.0, "util": 0.9621438326042173, "br": 0.0}, "Dielectric_BE_27": {"avail": 1.0, "util": 0.8899613452769484, "br": 0.0}, "Dielectric_BE_28": {"avail": 1.0, "util": 0.913524523759924, "br": 0.0}, "Dielectric_BE_60": {"avail": 1.0, "util": 0.9290211327917043, "br": 0.0}, "Dielectric_FE_112": {"avail": 1.0, "util": 0.5100957495235671, "br": 0.0}, "Dielectric_FE_130": {"avail": 1.0, "util": 0.4308728560516631, "br": 0.0}, "Dielectric_FE_29": {"avail": 1.0, "util": 0.9756266925907923, "br": 0.0}, "Dielectric_FE_30": {"avail": 1.0, "util": 0.9733351850565933, "br": 0.0}, "Dielectric_FE_31": {"avail": 1.0, "util": 0.29088257759877784, "br": 0.0}, "Diffusion_BE_123": {"avail": 1.0, "util": 0.0, "br": 0.0}, "Diffusion_FE_100": {"avail": 1.0, "util": 0.0, "br": 0.0}, "Diffusion_FE_101": {"avail": 1.0, "util": 0.0, "br": 0.0}, "Diffusion_FE_120": {"avail": 1.0, "util": 0.0, "br": 0.0}, "Diffusion_FE_122": {"avail": 1.0, "util": 0.0, "br": 0.0}, "Diffusion_FE_125": {"avail": 1.0, "util": 0.0, "br": 0.0}, "Diffusion_FE_126": {"avail": 1.0, "util": 0.0, "br": 0.0}, "Diffusion_FE_127": {"avail": 1.0, "util": 0.0, "br": 0.0}, "Diffusion_FE_44": {"avail": 1.0, "util": 0.0, "br": 0.0}, "Diffusion_FE_94": {"avail": 1.0, "util": 0.0, "br": 0.0}, "EPI_36": {"avail": 1.0, "util": 0.008992431081174918, "br": 0.0}, "EPI_38": {"avail": 1.0, "util": 0.3132421359627804, "br": 0.0}, "Implant_119": {"avail": 1.0, "util": 0.04760086105131588, "br": 0.0}, "Implant_128": {"avail": 1.0, "util": 0.03541420734671204, "br": 0.0}, "Implant_132": {"avail": 1.0, "util": 0.03898538791948972, "br": 0.0}, "Implant_74": {"avail": 1.0, "util": 0.01683910839525033, "br": 0.0}, "Implant_88": {"avail": 1.0, "util": 0.0017707103673356016, "br": 0.0}, "Implant_90": {"avail": 1.0, "util": 0.053572668564683006, "br": 0.0}, "Implant_91": {"avail": 1.0, "util": 0.047040384100310494, "br": 0.0}, "LithoMet_BE_18": {"avail": 1.0, "util": 0.9518467783171622, "br": 0.0}, "LithoMet_FE_19": {"avail": 1.0, "util": 0.9448252601505848, "br": 0.0}, "LithoTrack_BE_117": {"avail": 1.0, "util": 0.0734115686410666, "br": 0.0}, "LithoTrack_FE_115": {"avail": 1.0, "util": 0.04701231791152714, "br": 0.0}, "LithoTrack_FE_95": {"avail": 1.0, "util": 0.07744253871258941, "br": 0.0}, "LithoTrack_FE_96": {"avail": 1.0, "util": 0.0150336782167905, "br": 0.0}, "Litho_BE_110": {"avail": 1.0, "util": 0.07191227662330213, "br": 0.0}, "Litho_BE_93": {"avail": 1.0, "util": 0.0692139434761475, "br": 0.0}, "Litho_BE_99": {"avail": 1.0, "util": 0.12376455338749623, "br": 0.0}, "Litho_FE_111": {"avail": 1.0, "util": 0.09713908756336366, "br": 0.0}, "Litho_FE_35": {"avail": 1.0, "util": 0.06266925907923061, "br": 0.0}, "Litho_FE_92": {"avail": 1.0, "util": 0.07623135145529424, "br": 0.0}, "Litho_FE_98": {"avail": 1.0, "util": 0.0318380668009166, "br": 0.0}, "Litho_REG_BE_63": {"avail": 1.0, "util": 0.9559752794944796, "br": 0.0}, "Litho_REG_FE_64": {"avail": 1.0, "util": 0.9501018447792977, "br": 0.0}, "Planar_BE_75": {"avail": 1.0, "util": 0.8517960062297262, "br": 0.0}, "Planar_FE_76": {"avail": 1.0, "util": 0.9281994305950976, "br": 0.0}, "Planar_FE_77": {"avail": 1.0, "util": 0.8986875911395042, "br": 0.0}, "Planar_FE_78": {"avail": 1.0, "util": 0.21245052426914798, "br": 0.0}, "Planar_FE_79": {"avail": 1.0, "util": 0.32167905006596764, "br": 0.0}, "Planar_FE_80": {"avail": 1.0, "util": 0.3273036594680925, "br": 0.0}, "TF_BE_2": {"avail": 1.0, "util": 0.46118325116311365, "br": 0.0}, "TF_BE_23": {"avail": 1.0, "util": 0.730921463787237, "br": 0.0}, "TF_BE_24": {"avail": 1.0, "util": 0.7209568779945837, "br": 0.0}, "TF_BE_26": {"avail": 1.0, "util": 0.6933439451320155, "br": 0.0}, "TF_BE_40": {"avail": 1.0, "util": 0.760425133875507, "br": 0.0}, "TF_FE_103": {"avail": 1.0, "util": 0.7327864136419098, "br": 0.0}, "TF_FE_104": {"avail": 1.0, "util": 0.7415596139157004, "br": 0.0}, "TF_FE_113": {"avail": 1.0, "util": 0.10804805221859592, "br": 0.0}, "TF_FE_131": {"avail": 1.0, "util": 0.7136888641992455, "br": 0.0}, "TF_FE_3": {"avail": 1.0, "util": 0.44837164085827375, "br": 0.0}, "TF_FE_5": {"avail": 1.0, "util": 0.358516769668773, "br": 0.0}, "TF_Met_FE_45": {"avail": 1.0, "util": 0.08891743628914658, "br": 0.0}, "TF_Met_FE_61": {"avail": 1.0, "util": 0.9844802444274703, "br": 0.0}, "WE_BE_14": {"avail": 1.0, "util": 0.03784459412540796, "br": 0.0}, "WE_BE_16": {"avail": 1.0, "util": 0.03800951322824804, "br": 0.0}, "WE_BE_17": {"avail": 1.0, "util": 0.03242830359002847, "br": 0.0}, "WE_BE_7": {"avail": 1.0, "util": 0.017151586695368377, "br": 0.0}, "WE_BE_81": {"avail": 1.0, "util": 0.04789019281068444, "br": 0.0}, "WE_BE_82": {"avail": 1.0, "util": 0.04457252196992493, "br": 0.0}, "WE_BE_9": {"avail": 1.0, "util": 0.053524060829109085, "br": 0.0}, "WE_FE_108": {"avail": 1.0, "util": 0.040114551432012625, "br": 0.0}, "WE_FE_41": {"avail": 1.0, "util": 0.031914450385389904, "br": 0.0}, "WE_FE_47": {"avail": 1.0, "util": 0.036122491493646276, "br": 0.0}, "WE_FE_8": {"avail": 1.0, "util": 0.02732449135476703, "br": 0.0}, "WE_FE_83": {"avail": 1.0, "util": 0.03644422841006412, "br": 0.0}, "WE_FE_84": {"avail": 1.0, "util": 0.03681933852632783, "br": 0.0}, "WE_FE_85": {"avail": 1.0, "util": 0.02555378098743143, "br": 0.0}}, "plugins": {"cost": 429025.1304166667}}