{"lots": {}, "machines": {"DE_BE_11": {"avail": 1.0, "util": 0.0, "br": 0.0}, "DE_BE_12": {"avail": 1.0, "util": 0.0, "br": 0.0}, "DE_BE_13": {"avail": 1.0, "util": 0.0, "br": 0.0}, "DE_BE_48": {"avail": 1.0, "util": 0.0, "br": 0.0}, "DE_BE_50": {"avail": 1.0, "util": 0.0, "br": 0.0}, "DE_BE_65": {"avail": 1.0, "util": 0.0, "br": 0.0}, "DE_BE_66": {"avail": 1.0, "util": 0.0, "br": 0.0}, "DE_BE_67": {"avail": 1.0, "util": 0.0, "br": 0.0}, "DE_BE_69": {"avail": 1.0, "util": 0.0, "br": 0.0}, "DE_FE_1": {"avail": 1.0, "util": 0.0, "br": 0.0}, "DE_FE_51": {"avail": 1.0, "util": 0.0, "br": 0.0}, "DE_FE_53": {"avail": 1.0, "util": 0.0, "br": 0.0}, "DE_FE_54": {"avail": 1.0, "util": 0.0, "br": 0.0}, "DE_FE_56": {"avail": 1.0, "util": 0.0, "br": 0.0}, "DE_FE_58": {"avail": 1.0, "util": 0.0, "br": 0.0}, "DE_FE_59": {"avail": 1.0, "util": 0.0, "br": 0.0}, "DE_FE_62": {"avail": 1.0, "util": 0.0, "br": 0.0}, "DE_FE_70": {"avail": 1.0, "util": 0.0, "br": 0.0}, "DE_FE_71": {"avail": 1.0, "util": 0.0, "br": 0.0}, "DE_FE_72": {"avail": 1.0, "util": 0.0, "br": 0.0}, "DE_FE_86": {"avail": 1.0, "util": 0.0, "br": 0.0}, "DefMEt_FE_118": {"avail": 1.0, "util": 0.7515260821309656, "br": 0.0}, "DefMet_BE_33": {"avail": 1.0, "util": 0.6730022197558269, "br": 0.0}, "DefMet_BE_42": {"avail": 1.0, "util": 0.7724750277469479, "br": 0.0}, "DefMet_FE_10": {"avail": 1.0, "util": 0.9657325194228635, "br": 0.0}, "DefMet_FE_106": {"avail": 1.0, "util": 0.7727524972253053, "br": 0.0}, "DefMet_FE_34": {"avail": 1.0, "util": 0.7348779134295228, "br": 0.0}, "DefMet_FE_43": {"avail": 1.0, "util": 0.8451257861635221, "br": 0.0}, "Delay_32": {"avail": 1.0, "util": 0.0, "br": 0.0}, "Dielectric_BE_20": {"avail": 1.0, "util": 0.7555493895671476, "br": 0.0}, "Dielectric_BE_21": {"avail": 1.0, "util": 0.6334628190899001, "br": 0.0}, "Dielectric_BE_27": {"avail": 1.0, "util": 0.8139289678135405, "br": 0.0}, "Dielectric_BE_28": {"avail": 1.0, "util": 0.7269006659267481, "br": 0.0}, "Dielectric_BE_60": {"avail": 1.0, "util": 0.8428135405105438, "br": 0.0}, "Dielectric_FE_112": {"avail": 1.0, "util": 0.6635682574916759, "br": 0.0}, "Dielectric_FE_130": {"avail": 1.0, "util": 0.855299667036626, "br": 0.0}, "Dielectric_FE_29": {"avail": 1.0, "util": 0.7776544580096189, "br": 0.0}, "Dielectric_FE_30": {"avail": 1.0, "util": 0.562291897891232, "br": 0.0}, "Dielectric_FE_31": {"avail": 1.0, "util": 0.6954078801331853, "br": 0.0}, "Diffusion_BE_123": {"avail": 1.0, "util": 0.0, "br": 0.0}, "Diffusion_FE_100": {"avail": 1.0, "util": 0.0, "br": 0.0}, "Diffusion_FE_101": {"avail": 1.0, "util": 0.0, "br": 0.0}, "Diffusion_FE_120": {"avail": 1.0, "util": 0.0, "br": 0.0}, "Diffusion_FE_122": {"avail": 1.0, "util": 0.0, "br": 0.0}, "Diffusion_FE_125": {"avail": 1.0, "util": 0.0, "br": 0.0}, "Diffusion_FE_126": {"avail": 1.0, "util": 0.0, "br": 0.0}, "Diffusion_FE_127": {"avail": 1.0, "util": 0.0, "br": 0.0}, "Diffusion_FE_44": {"avail": 1.0, "util": 0.0, "br": 0.0}, "Diffusion_FE_94": {"avail": 1.0, "util": 0.0, "br": 0.0}, "EPI_36": {"avail": 1.0, "util": 0.014150943396226415, "br": 0.0}, "EPI_38": {"avail": 1.0, "util": 0.035238623751387345, "br": 0.0}, "Implant_119": {"avail": 1.0, "util": 0.05591009988901221, "br": 0.0}, "Implant_128": {"avail": 1.0, "util": 0.11767480577136516, "br": 0.0}, "Implant_132": {"avail": 1.0, "util": 0.05358629300776915, "br": 0.0}, "Implant_74": {"avail": 1.0, "util": 0.0, "br": 0.0}, "Implant_88": {"avail": 1.0, "util": 0.007075471698113208, "br": 0.0}, "Implant_90": {"avail": 1.0, "util": 0.064511653718091, "br": 0.0}, "Implant_91": {"avail": 1.0, "util": 0.064511653718091, "br": 0.0}, "LithoMet_BE_18": {"avail": 1.0, "util": 0.7948646802697857, "br": 0.0}, "LithoMet_FE_19": {"avail": 1.0, "util": 0.8115057343692194, "br": 0.0}, "LithoTrack_BE_117": {"avail": 1.0, "util": 0.2637624861265261, "br": 0.0}, "LithoTrack_FE_115": {"avail": 1.0, "util": 0.12910491610628713, "br": 0.0}, "LithoTrack_FE_95": {"avail": 1.0, "util": 0.15072821581462773, "br": 0.0}, "LithoTrack_FE_96": {"avail": 1.0, "util": 0.0, "br": 0.0}, "Litho_BE_110": {"avail": 1.0, "util": 0.20755707943554783, "br": 0.0}, "Litho_BE_93": {"avail": 1.0, "util": 0.20615982241953384, "br": 0.0}, "Litho_BE_99": {"avail": 1.0, "util": 0.61440991490936, "br": 0.0}, "Litho_FE_111": {"avail": 1.0, "util": 0.31070275451518514, "br": 0.0}, "Litho_FE_35": {"avail": 1.0, "util": 0.13457269700332963, "br": 0.0}, "Litho_FE_92": {"avail": 1.0, "util": 0.3299364342649581, "br": 0.0}, "Litho_FE_98": {"avail": 1.0, "util": 0.37669256381798, "br": 0.0}, "Litho_REG_BE_63": {"avail": 1.0, "util": 0.8389289678135405, "br": 0.0}, "Litho_REG_FE_64": {"avail": 1.0, "util": 0.8525844299984144, "br": 0.0}, "Planar_BE_75": {"avail": 1.0, "util": 0.22008879023307437, "br": 0.0}, "Planar_FE_76": {"avail": 1.0, "util": 0.931465038845727, "br": 0.0}, "Planar_FE_77": {"avail": 1.0, "util": 0.7050499445061044, "br": 0.0}, "Planar_FE_78": {"avail": 1.0, "util": 0.43146503884572696, "br": 0.0}, "Planar_FE_79": {"avail": 1.0, "util": 0.0, "br": 0.0}, "Planar_FE_80": {"avail": 1.0, "util": 0.6423418423973363, "br": 0.0}, "TF_BE_2": {"avail": 1.0, "util": 0.0, "br": 0.0}, "TF_BE_23": {"avail": 1.0, "util": 0.052383316782522345, "br": 0.0}, "TF_BE_24": {"avail": 1.0, "util": 0.0, "br": 0.0}, "TF_BE_26": {"avail": 1.0, "util": 0.06644469108398077, "br": 0.0}, "TF_BE_40": {"avail": 1.0, "util": 0.0, "br": 0.0}, "TF_FE_103": {"avail": 1.0, "util": 0.0, "br": 0.0}, "TF_FE_104": {"avail": 1.0, "util": 0.0, "br": 0.0}, "TF_FE_113": {"avail": 1.0, "util": 0.0, "br": 0.0}, "TF_FE_131": {"avail": 1.0, "util": 0.0, "br": 0.0}, "TF_FE_3": {"avail": 1.0, "util": 0.0, "br": 0.0}, "TF_FE_5": {"avail": 1.0, "util": 0.0, "br": 0.0}, "TF_Met_FE_45": {"avail": 1.0, "util": 0.2143451720310766, "br": 0.0}, "TF_Met_FE_61": {"avail": 1.0, "util": 0.8661209766925638, "br": 0.0}, "WE_BE_14": {"avail": 1.0, "util": 0.021476137624861266, "br": 0.0}, "WE_BE_16": {"avail": 1.0, "util": 0.02503391293624368, "br": 0.0}, "WE_BE_17": {"avail": 1.0, "util": 0.04245283018867924, "br": 0.0}, "WE_BE_7": {"avail": 1.0, "util": 0.011376248612652608, "br": 0.0}, "WE_BE_81": {"avail": 1.0, "util": 0.02229004809470958, "br": 0.0}, "WE_BE_82": {"avail": 1.0, "util": 0.150527192008879, "br": 0.0}, "WE_BE_9": {"avail": 1.0, "util": 0.0819327731092437, "br": 0.0}, "WE_FE_108": {"avail": 1.0, "util": 0.03995560488346282, "br": 0.0}, "WE_FE_41": {"avail": 1.0, "util": 0.03779134295227524, "br": 0.0}, "WE_FE_47": {"avail": 1.0, "util": 0.03852201257861636, "br": 0.0}, "WE_FE_8": {"avail": 1.0, "util": 0.08643174250832408, "br": 0.0}, "WE_FE_83": {"avail": 1.0, "util": 0.060924369747899165, "br": 0.0}, "WE_FE_84": {"avail": 1.0, "util": 0.054615242323344436, "br": 0.0}, "WE_FE_85": {"avail": 1.0, "util": 0.03829078801331853, "br": 0.0}}, "plugins": {"cost": 448800}}