{"lots": {}, "machines": {"DE_BE_11": {"avail": 1.0, "util": 0.8343454894828242, "br": 0.0}, "DE_BE_12": {"avail": 1.0, "util": 0.9414593544807176, "br": 0.0}, "DE_BE_13": {"avail": 1.0, "util": 0.8815670595935092, "br": 0.0}, "DE_BE_48": {"avail": 1.0, "util": 0.7992315646990577, "br": 0.0}, "DE_BE_50": {"avail": 1.0, "util": 0.8820031443632664, "br": 0.0}, "DE_BE_65": {"avail": 1.0, "util": 0.7933001521737303, "br": 0.0}, "DE_BE_66": {"avail": 1.0, "util": 0.7426762992258773, "br": 0.0}, "DE_BE_67": {"avail": 1.0, "util": 0.8014469115458664, "br": 0.0}, "DE_BE_69": {"avail": 1.0, "util": 0.24177687351644628, "br": 0.0}, "DE_FE_1": {"avail": 1.0, "util": 0.7464348469434939, "br": 0.0}, "DE_FE_51": {"avail": 1.0, "util": 0.5251225376861185, "br": 0.0}, "DE_FE_53": {"avail": 1.0, "util": 0.18295570147045223, "br": 0.0}, "DE_FE_54": {"avail": 1.0, "util": 0.8120780541940257, "br": 0.0}, "DE_FE_56": {"avail": 1.0, "util": 0.898039397022103, "br": 0.0}, "DE_FE_58": {"avail": 1.0, "util": 0.9873531859798391, "br": 0.0}, "DE_FE_59": {"avail": 1.0, "util": 0.7889230555812448, "br": 0.0}, "DE_FE_62": {"avail": 1.0, "util": 0.8971091442218244, "br": 0.0}, "DE_FE_70": {"avail": 1.0, "util": 0.7508134148289517, "br": 0.0}, "DE_FE_71": {"avail": 1.0, "util": 0.8430746940411232, "br": 0.0}, "DE_FE_72": {"avail": 1.0, "util": 0.17398669951153073, "br": 0.0}, "DE_FE_86": {"avail": 1.0, "util": 0.7825134372154047, "br": 0.0}, "DefMEt_FE_118": {"avail": 1.0, "util": 0.20646444095070748, "br": 0.0}, "DefMet_BE_33": {"avail": 1.0, "util": 0.9231480625173403, "br": 0.0}, "DefMet_BE_42": {"avail": 1.0, "util": 0.9832146490335707, "br": 0.0}, "DefMet_FE_10": {"avail": 1.0, "util": 0.6402478498104134, "br": 0.0}, "DefMet_FE_106": {"avail": 1.0, "util": 0.08771848700638121, "br": 0.0}, "DefMet_FE_34": {"avail": 1.0, "util": 0.7794090446684546, "br": 0.0}, "DefMet_FE_43": {"avail": 1.0, "util": 0.9139461758993804, "br": 0.0}, "Delay_32": {"avail": 1.0, "util": 0.29063962360122075, "br": 0.0}, "Dielectric_BE_20": {"avail": 1.0, "util": 0.900601128271525, "br": 0.0}, "Dielectric_BE_21": {"avail": 1.0, "util": 0.9592003452634176, "br": 0.0}, "Dielectric_BE_27": {"avail": 1.0, "util": 0.9081969234563335, "br": 0.0}, "Dielectric_BE_28": {"avail": 1.0, "util": 0.9609112488054503, "br": 0.0}, "Dielectric_BE_60": {"avail": 1.0, "util": 0.9420142421159715, "br": 0.0}, "Dielectric_FE_112": {"avail": 1.0, "util": 0.42351798760750947, "br": 0.0}, "Dielectric_FE_130": {"avail": 1.0, "util": 0.28785952094700823, "br": 0.0}, "Dielectric_FE_29": {"avail": 1.0, "util": 0.9045439131909122, "br": 0.0}, "Dielectric_FE_30": {"avail": 1.0, "util": 0.9221770091556459, "br": 0.0}, "Dielectric_FE_31": {"avail": 1.0, "util": 0.1930662165911403, "br": 0.0}, "Diffusion_BE_123": {"avail": 1.0, "util": 0.0, "br": 0.0}, "Diffusion_FE_100": {"avail": 1.0, "util": 0.0, "br": 0.0}, "Diffusion_FE_101": {"avail": 1.0, "util": 0.0, "br": 0.0}, "Diffusion_FE_120": {"avail": 1.0, "util": 0.0, "br": 0.0}, "Diffusion_FE_122": {"avail": 1.0, "util": 0.0, "br": 0.0}, "Diffusion_FE_125": {"avail": 1.0, "util": 0.0, "br": 0.0}, "Diffusion_FE_126": {"avail": 1.0, "util": 0.0, "br": 0.0}, "Diffusion_FE_127": {"avail": 1.0, "util": 0.0, "br": 0.0}, "Diffusion_FE_44": {"avail": 1.0, "util": 0.6917665244216618, "br": 0.0}, "Diffusion_FE_94": {"avail": 1.0, "util": 0.0, "br": 0.0}, "EPI_36": {"avail": 1.0, "util": 0.009571811708129103, "br": 0.0}, "EPI_38": {"avail": 1.0, "util": 0.22287986682696753, "br": 0.0}, "Implant_119": {"avail": 1.0, "util": 0.03636826042726348, "br": 0.0}, "Implant_128": {"avail": 1.0, "util": 0.030716393566666386, "br": 0.0}, "Implant_132": {"avail": 1.0, "util": 0.03598842662932185, "br": 0.0}, "Implant_74": {"avail": 1.0, "util": 0.01121335429575511, "br": 0.0}, "Implant_88": {"avail": 1.0, "util": 0.009525571071857948, "br": 0.0}, "Implant_90": {"avail": 1.0, "util": 0.04892259317488209, "br": 0.0}, "Implant_91": {"avail": 1.0, "util": 0.0409824153466066, "br": 0.0}, "LithoMet_BE_18": {"avail": 1.0, "util": 0.9674213698998679, "br": 0.0}, "LithoMet_FE_19": {"avail": 1.0, "util": 0.9648901454598301, "br": 0.0}, "LithoTrack_BE_117": {"avail": 1.0, "util": 0.06808471284564876, "br": 0.0}, "LithoTrack_FE_115": {"avail": 1.0, "util": 0.03791281046075974, "br": 0.0}, "LithoTrack_FE_95": {"avail": 1.0, "util": 0.05907934893184131, "br": 0.0}, "LithoTrack_FE_96": {"avail": 1.0, "util": 0.012669934338296496, "br": 0.0}, "Litho_BE_110": {"avail": 1.0, "util": 0.05527565450604948, "br": 0.0}, "Litho_BE_93": {"avail": 1.0, "util": 0.059268935540553035, "br": 0.0}, "Litho_BE_99": {"avail": 1.0, "util": 0.09753691544128981, "br": 0.0}, "Litho_FE_111": {"avail": 1.0, "util": 0.07627855359289744, "br": 0.0}, "Litho_FE_35": {"avail": 1.0, "util": 0.05058725608064367, "br": 0.0}, "Litho_FE_92": {"avail": 1.0, "util": 0.05958283832139376, "br": 0.0}, "Litho_FE_98": {"avail": 1.0, "util": 0.022299546841764543, "br": 0.0}, "Litho_REG_BE_63": {"avail": 1.0, "util": 0.960261953204476, "br": 0.0}, "Litho_REG_FE_64": {"avail": 1.0, "util": 0.9638436758223126, "br": 0.0}, "Planar_BE_75": {"avail": 1.0, "util": 0.7910980169372844, "br": 0.0}, "Planar_FE_76": {"avail": 1.0, "util": 0.9302460001849625, "br": 0.0}, "Planar_FE_77": {"avail": 1.0, "util": 0.9556321094978267, "br": 0.0}, "Planar_FE_78": {"avail": 1.0, "util": 0.14232867844261538, "br": 0.0}, "Planar_FE_79": {"avail": 1.0, "util": 0.26588365855914176, "br": 0.0}, "Planar_FE_80": {"avail": 1.0, "util": 0.21383982243595673, "br": 0.0}, "TF_BE_2": {"avail": 1.0, "util": 0.3532900212706927, "br": 0.0}, "TF_BE_23": {"avail": 1.0, "util": 0.7151774979852293, "br": 0.0}, "TF_BE_24": {"avail": 1.0, "util": 0.8413830574308703, "br": 0.0}, "TF_BE_26": {"avail": 1.0, "util": 0.6355277479387347, "br": 0.0}, "TF_BE_40": {"avail": 1.0, "util": 0.6660038842134468, "br": 0.0}, "TF_FE_103": {"avail": 1.0, "util": 0.5234770316153836, "br": 0.0}, "TF_FE_104": {"avail": 1.0, "util": 0.6482289836308148, "br": 0.0}, "TF_FE_113": {"avail": 1.0, "util": 0.07195043003791732, "br": 0.0}, "TF_FE_131": {"avail": 1.0, "util": 0.9328894232251304, "br": 0.0}, "TF_FE_3": {"avail": 1.0, "util": 0.29766638922284905, "br": 0.0}, "TF_FE_5": {"avail": 1.0, "util": 0.4182157279817504, "br": 0.0}, "TF_Met_FE_45": {"avail": 1.0, "util": 0.05904929251826505, "br": 0.0}, "TF_Met_FE_61": {"avail": 1.0, "util": 0.9849949135300101, "br": 0.0}, "WE_BE_14": {"avail": 1.0, "util": 0.04370664940349579, "br": 0.0}, "WE_BE_16": {"avail": 1.0, "util": 0.039836308147600114, "br": 0.0}, "WE_BE_17": {"avail": 1.0, "util": 0.0463331175436974, "br": 0.0}, "WE_BE_7": {"avail": 1.0, "util": 0.022657911772865996, "br": 0.0}, "WE_BE_81": {"avail": 1.0, "util": 0.04021394001048121, "br": 0.0}, "WE_BE_82": {"avail": 1.0, "util": 0.04243349055149665, "br": 0.0}, "WE_BE_9": {"avail": 1.0, "util": 0.04562101174512161, "br": 0.0}, "WE_FE_108": {"avail": 1.0, "util": 0.04170586490718388, "br": 0.0}, "WE_FE_41": {"avail": 1.0, "util": 0.02952002219550541, "br": 0.0}, "WE_FE_47": {"avail": 1.0, "util": 0.0344955146582817, "br": 0.0}, "WE_FE_8": {"avail": 1.0, "util": 0.028946638305743087, "br": 0.0}, "WE_FE_83": {"avail": 1.0, "util": 0.034202657295231045, "br": 0.0}, "WE_FE_84": {"avail": 1.0, "util": 0.03424799125235963, "br": 0.0}, "WE_FE_85": {"avail": 1.0, "util": 0.024831221677610284, "br": 0.0}}, "plugins": {"cost": 428450.3705787037}}