{"lots": {}, "machines": {"DE_BE_11": {"avail": 1.0, "util": 0.727549960401946, "br": 0.0}, "DE_BE_12": {"avail": 1.0, "util": 0.9401819600375556, "br": 0.0}, "DE_BE_13": {"avail": 1.0, "util": 0.8622213202885239, "br": 0.0}, "DE_BE_48": {"avail": 1.0, "util": 0.8205717267089109, "br": 0.0}, "DE_BE_50": {"avail": 1.0, "util": 0.8556974914375637, "br": 0.0}, "DE_BE_65": {"avail": 1.0, "util": 0.9074331204295103, "br": 0.0}, "DE_BE_66": {"avail": 1.0, "util": 0.7137287572624161, "br": 0.0}, "DE_BE_67": {"avail": 1.0, "util": 0.799437025068794, "br": 0.0}, "DE_BE_69": {"avail": 1.0, "util": 0.24778610879693913, "br": 0.0}, "DE_FE_1": {"avail": 1.0, "util": 0.7514764417291493, "br": 0.0}, "DE_FE_51": {"avail": 1.0, "util": 0.5526774969915764, "br": 0.0}, "DE_FE_53": {"avail": 1.0, "util": 0.1846524113672128, "br": 0.0}, "DE_FE_54": {"avail": 1.0, "util": 0.8175198247400413, "br": 0.0}, "DE_FE_56": {"avail": 1.0, "util": 0.9937285939090993, "br": 0.0}, "DE_FE_58": {"avail": 1.0, "util": 0.9825280014810701, "br": 0.0}, "DE_FE_59": {"avail": 1.0, "util": 0.8940687771915209, "br": 0.0}, "DE_FE_62": {"avail": 1.0, "util": 0.8173410436098905, "br": 0.0}, "DE_FE_70": {"avail": 1.0, "util": 0.9235229271330354, "br": 0.0}, "DE_FE_71": {"avail": 1.0, "util": 0.9159441307455749, "br": 0.0}, "DE_FE_72": {"avail": 1.0, "util": 0.33253809968611414, "br": 0.0}, "DE_FE_86": {"avail": 1.0, "util": 0.757344162089313, "br": 0.0}, "DefMEt_FE_118": {"avail": 1.0, "util": 0.2055216143663797, "br": 0.0}, "DefMet_BE_33": {"avail": 1.0, "util": 0.954341386651856, "br": 0.0}, "DefMet_BE_42": {"avail": 1.0, "util": 0.9818106081643988, "br": 0.0}, "DefMet_FE_10": {"avail": 1.0, "util": 0.2858465241136721, "br": 0.0}, "DefMet_FE_106": {"avail": 1.0, "util": 0.08636489863926687, "br": 0.0}, "DefMet_FE_34": {"avail": 1.0, "util": 0.5147875590113857, "br": 0.0}, "DefMet_FE_43": {"avail": 1.0, "util": 0.8786170508192169, "br": 0.0}, "Delay_32": {"avail": 1.0, "util": 0.2763068129223364, "br": 0.0}, "Dielectric_BE_20": {"avail": 1.0, "util": 0.7050356382486347, "br": 0.0}, "Dielectric_BE_21": {"avail": 1.0, "util": 0.9545033786911044, "br": 0.0}, "Dielectric_BE_27": {"avail": 1.0, "util": 0.9718828103304638, "br": 0.0}, "Dielectric_BE_28": {"avail": 1.0, "util": 0.9678484371625166, "br": 0.0}, "Dielectric_BE_60": {"avail": 1.0, "util": 0.9534080039495202, "br": 0.0}, "Dielectric_FE_112": {"avail": 1.0, "util": 0.5670132782046139, "br": 0.0}, "Dielectric_FE_130": {"avail": 1.0, "util": 0.2885656762010553, "br": 0.0}, "Dielectric_FE_29": {"avail": 1.0, "util": 0.9055354993983152, "br": 0.0}, "Dielectric_FE_30": {"avail": 1.0, "util": 0.9304591317226696, "br": 0.0}, "Dielectric_FE_31": {"avail": 1.0, "util": 0.3078774414514487, "br": 0.0}, "Diffusion_BE_123": {"avail": 1.0, "util": 0.0, "br": 0.0}, "Diffusion_FE_100": {"avail": 1.0, "util": 0.0, "br": 0.0}, "Diffusion_FE_101": {"avail": 1.0, "util": 0.0, "br": 0.0}, "Diffusion_FE_120": {"avail": 1.0, "util": 0.0, "br": 0.0}, "Diffusion_FE_122": {"avail": 1.0, "util": 0.0, "br": 0.0}, "Diffusion_FE_125": {"avail": 1.0, "util": 0.0, "br": 0.0}, "Diffusion_FE_126": {"avail": 1.0, "util": 0.0, "br": 0.0}, "Diffusion_FE_127": {"avail": 1.0, "util": 0.8833483754512635, "br": 0.0}, "Diffusion_FE_44": {"avail": 1.0, "util": 0.9781409925814258, "br": 0.0}, "Diffusion_FE_94": {"avail": 1.0, "util": 0.0, "br": 0.0}, "EPI_36": {"avail": 1.0, "util": 0.009626955475330927, "br": 0.0}, "EPI_38": {"avail": 1.0, "util": 0.2229473294455244, "br": 0.0}, "Implant_119": {"avail": 1.0, "util": 0.07349810237896881, "br": 0.0}, "Implant_128": {"avail": 1.0, "util": 0.029966423468228524, "br": 0.0}, "Implant_132": {"avail": 1.0, "util": 0.033568717684241155, "br": 0.0}, "Implant_74": {"avail": 1.0, "util": 0.011339442747384985, "br": 0.0}, "Implant_88": {"avail": 1.0, "util": 0.00946496343608257, "br": 0.0}, "Implant_90": {"avail": 1.0, "util": 0.04524206239007683, "br": 0.0}, "Implant_91": {"avail": 1.0, "util": 0.04249480964282408, "br": 0.0}, "LithoMet_BE_18": {"avail": 1.0, "util": 0.9713589659438036, "br": 0.0}, "LithoMet_FE_19": {"avail": 1.0, "util": 0.9662197008767407, "br": 0.0}, "LithoTrack_BE_117": {"avail": 1.0, "util": 0.060742386374155334, "br": 0.0}, "LithoTrack_FE_115": {"avail": 1.0, "util": 0.04152640526682968, "br": 0.0}, "LithoTrack_FE_95": {"avail": 1.0, "util": 0.05729774136813848, "br": 0.0}, "LithoTrack_FE_96": {"avail": 1.0, "util": 0.010066648153290753, "br": 0.0}, "Litho_BE_110": {"avail": 1.0, "util": 0.05677368202874403, "br": 0.0}, "Litho_BE_93": {"avail": 1.0, "util": 0.05529713968342127, "br": 0.0}, "Litho_BE_99": {"avail": 1.0, "util": 0.08446727760807184, "br": 0.0}, "Litho_FE_111": {"avail": 1.0, "util": 0.08415717856151068, "br": 0.0}, "Litho_FE_35": {"avail": 1.0, "util": 0.04496436175136536, "br": 0.0}, "Litho_FE_92": {"avail": 1.0, "util": 0.061765250393409236, "br": 0.0}, "Litho_FE_98": {"avail": 1.0, "util": 0.02582615940016662, "br": 0.0}, "Litho_REG_BE_63": {"avail": 1.0, "util": 0.9655766916597242, "br": 0.0}, "Litho_REG_FE_64": {"avail": 1.0, "util": 0.9660318121509457, "br": 0.0}, "Planar_BE_75": {"avail": 1.0, "util": 0.8285165496356832, "br": 0.0}, "Planar_FE_76": {"avail": 1.0, "util": 0.930065722484495, "br": 0.0}, "Planar_FE_77": {"avail": 1.0, "util": 0.9522817735814125, "br": 0.0}, "Planar_FE_78": {"avail": 1.0, "util": 0.3520781264463575, "br": 0.0}, "Planar_FE_79": {"avail": 1.0, "util": 0.21487086920299917, "br": 0.0}, "Planar_FE_80": {"avail": 1.0, "util": 0.21431546792557624, "br": 0.0}, "TF_BE_2": {"avail": 1.0, "util": 0.3997847820049986, "br": 0.0}, "TF_BE_23": {"avail": 1.0, "util": 0.5928280504092779, "br": 0.0}, "TF_BE_24": {"avail": 1.0, "util": 0.8422660372118855, "br": 0.0}, "TF_BE_26": {"avail": 1.0, "util": 0.6901679732837744, "br": 0.0}, "TF_BE_40": {"avail": 1.0, "util": 0.7129691643388819, "br": 0.0}, "TF_FE_103": {"avail": 1.0, "util": 0.5246029542058424, "br": 0.0}, "TF_FE_104": {"avail": 1.0, "util": 0.6524576506525965, "br": 0.0}, "TF_FE_113": {"avail": 1.0, "util": 0.22024746212471846, "br": 0.0}, "TF_FE_131": {"avail": 1.0, "util": 0.9421842698015983, "br": 0.0}, "TF_FE_3": {"avail": 1.0, "util": 0.2950106451911506, "br": 0.0}, "TF_FE_5": {"avail": 1.0, "util": 0.2992532938381314, "br": 0.0}, "TF_Met_FE_45": {"avail": 1.0, "util": 0.05884939368693881, "br": 0.0}, "TF_Met_FE_61": {"avail": 1.0, "util": 0.9832453947977414, "br": 0.0}, "WE_BE_14": {"avail": 1.0, "util": 0.04374710728501342, "br": 0.0}, "WE_BE_16": {"avail": 1.0, "util": 0.039329352957511804, "br": 0.0}, "WE_BE_17": {"avail": 1.0, "util": 0.045658613348144035, "br": 0.0}, "WE_BE_7": {"avail": 1.0, "util": 0.022910302693696195, "br": 0.0}, "WE_BE_81": {"avail": 1.0, "util": 0.044432102193835046, "br": 0.0}, "WE_BE_82": {"avail": 1.0, "util": 0.04500293128451974, "br": 0.0}, "WE_BE_9": {"avail": 1.0, "util": 0.04869017865407757, "br": 0.0}, "WE_FE_108": {"avail": 1.0, "util": 0.046870760676312774, "br": 0.0}, "WE_FE_41": {"avail": 1.0, "util": 0.029362214199759325, "br": 0.0}, "WE_FE_47": {"avail": 1.0, "util": 0.03662871424604276, "br": 0.0}, "WE_FE_8": {"avail": 1.0, "util": 0.02885772470610016, "br": 0.0}, "WE_FE_83": {"avail": 1.0, "util": 0.03679533462926965, "br": 0.0}, "WE_FE_84": {"avail": 1.0, "util": 0.0411214749715493, "br": 0.0}, "WE_FE_85": {"avail": 1.0, "util": 0.0260112931593076, "br": 0.0}}, "plugins": {"cost": 428825.13128472224}}