{"lots": {}, "machines": {"DE_BE_11": {"avail": 1.0, "util": 0.6334783816313304, "br": 0.0}, "DE_BE_12": {"avail": 1.0, "util": 0.9417235029678321, "br": 0.0}, "DE_BE_13": {"avail": 1.0, "util": 0.6675616455266488, "br": 0.0}, "DE_BE_48": {"avail": 1.0, "util": 0.7828349226923432, "br": 0.0}, "DE_BE_50": {"avail": 1.0, "util": 0.9064078428952052, "br": 0.0}, "DE_BE_65": {"avail": 1.0, "util": 0.7403998540440155, "br": 0.0}, "DE_BE_66": {"avail": 1.0, "util": 0.6705227098855369, "br": 0.0}, "DE_BE_67": {"avail": 1.0, "util": 0.634144986575317, "br": 0.0}, "DE_BE_69": {"avail": 1.0, "util": 0.742801592445144, "br": 0.0}, "DE_FE_1": {"avail": 1.0, "util": 0.7529329294906556, "br": 0.0}, "DE_FE_51": {"avail": 1.0, "util": 0.6718286318518266, "br": 0.0}, "DE_FE_53": {"avail": 1.0, "util": 0.5477270623090454, "br": 0.0}, "DE_FE_54": {"avail": 1.0, "util": 0.5524118137209518, "br": 0.0}, "DE_FE_56": {"avail": 1.0, "util": 0.5990186093880197, "br": 0.0}, "DE_FE_58": {"avail": 1.0, "util": 0.6592290837268154, "br": 0.0}, "DE_FE_59": {"avail": 1.0, "util": 0.7974261642440514, "br": 0.0}, "DE_FE_62": {"avail": 1.0, "util": 0.6797188091049771, "br": 0.0}, "DE_FE_70": {"avail": 1.0, "util": 0.7435921175389744, "br": 0.0}, "DE_FE_71": {"avail": 1.0, "util": 0.7643835888211409, "br": 0.0}, "DE_FE_72": {"avail": 1.0, "util": 0.8694873931426103, "br": 0.0}, "DE_FE_86": {"avail": 1.0, "util": 0.7628662640976316, "br": 0.0}, "DefMEt_FE_118": {"avail": 1.0, "util": 0.4928247384501435, "br": 0.0}, "DefMet_BE_33": {"avail": 1.0, "util": 0.8952411813720952, "br": 0.0}, "DefMet_BE_42": {"avail": 1.0, "util": 0.9955559670400889, "br": 0.0}, "DefMet_FE_10": {"avail": 1.0, "util": 0.71349875011573, "br": 0.0}, "DefMet_FE_106": {"avail": 1.0, "util": 0.6025368021479492, "br": 0.0}, "DefMet_FE_34": {"avail": 1.0, "util": 0.7082677529858347, "br": 0.0}, "DefMet_FE_43": {"avail": 1.0, "util": 0.9393266055612134, "br": 0.0}, "Delay_32": {"avail": 1.0, "util": 0.20535413387649293, "br": 0.0}, "Dielectric_BE_20": {"avail": 1.0, "util": 0.8915100453661698, "br": 0.0}, "Dielectric_BE_21": {"avail": 1.0, "util": 0.8572470141653551, "br": 0.0}, "Dielectric_BE_27": {"avail": 1.0, "util": 0.769854643088603, "br": 0.0}, "Dielectric_BE_28": {"avail": 1.0, "util": 0.8389038052032219, "br": 0.0}, "Dielectric_BE_60": {"avail": 1.0, "util": 0.8187899268586242, "br": 0.0}, "Dielectric_FE_112": {"avail": 1.0, "util": 0.7901583186741968, "br": 0.0}, "Dielectric_FE_130": {"avail": 1.0, "util": 0.8234654198685307, "br": 0.0}, "Dielectric_FE_29": {"avail": 1.0, "util": 0.7740332685245194, "br": 0.0}, "Dielectric_FE_30": {"avail": 1.0, "util": 0.9219053791315619, "br": 0.0}, "Dielectric_FE_31": {"avail": 1.0, "util": 0.902300712896954, "br": 0.0}, "Diffusion_BE_123": {"avail": 1.0, "util": 0.0, "br": 0.0}, "Diffusion_FE_100": {"avail": 1.0, "util": 0.0, "br": 0.0}, "Diffusion_FE_101": {"avail": 1.0, "util": 0.0, "br": 0.0}, "Diffusion_FE_120": {"avail": 1.0, "util": 0.0, "br": 0.0}, "Diffusion_FE_122": {"avail": 1.0, "util": 0.0, "br": 0.0}, "Diffusion_FE_125": {"avail": 1.0, "util": 0.0, "br": 0.0}, "Diffusion_FE_126": {"avail": 1.0, "util": 0.0, "br": 0.0}, "Diffusion_FE_127": {"avail": 1.0, "util": 0.0, "br": 0.0}, "Diffusion_FE_44": {"avail": 1.0, "util": 0.0, "br": 0.0}, "Diffusion_FE_94": {"avail": 1.0, "util": 0.0, "br": 0.0}, "EPI_36": {"avail": 1.0, "util": 0.011897046569762058, "br": 0.0}, "EPI_38": {"avail": 1.0, "util": 0.011758170539764837, "br": 0.0}, "Implant_119": {"avail": 1.0, "util": 0.03073789463938524, "br": 0.0}, "Implant_128": {"avail": 1.0, "util": 0.06492917322470142, "br": 0.0}, "Implant_132": {"avail": 1.0, "util": 0.038873715396722526, "br": 0.0}, "Implant_74": {"avail": 1.0, "util": 0.011387834459772244, "br": 0.0}, "Implant_88": {"avail": 1.0, "util": 0.002314600499953708, "br": 0.0}, "Implant_90": {"avail": 1.0, "util": 0.03407091935931858, "br": 0.0}, "Implant_91": {"avail": 1.0, "util": 0.049810202759003795, "br": 0.0}, "LithoMet_BE_18": {"avail": 1.0, "util": 0.9334320896213314, "br": 0.0}, "LithoMet_FE_19": {"avail": 1.0, "util": 0.9342704893579812, "br": 0.0}, "LithoTrack_BE_117": {"avail": 1.0, "util": 0.15467086380890657, "br": 0.0}, "LithoTrack_FE_115": {"avail": 1.0, "util": 0.061579265536415476, "br": 0.0}, "LithoTrack_FE_95": {"avail": 1.0, "util": 0.07730576722865797, "br": 0.0}, "LithoTrack_FE_96": {"avail": 1.0, "util": 0.0, "br": 0.0}, "Litho_BE_110": {"avail": 1.0, "util": 0.09084806962318304, "br": 0.0}, "Litho_BE_93": {"avail": 1.0, "util": 0.07712248865845756, "br": 0.0}, "Litho_BE_99": {"avail": 1.0, "util": 0.273400611054532, "br": 0.0}, "Litho_FE_111": {"avail": 1.0, "util": 0.13283281851007062, "br": 0.0}, "Litho_FE_35": {"avail": 1.0, "util": 0.06730858253865382, "br": 0.0}, "Litho_FE_92": {"avail": 1.0, "util": 0.12941843207559345, "br": 0.0}, "Litho_FE_98": {"avail": 1.0, "util": 0.15080085177298397, "br": 0.0}, "Litho_REG_BE_63": {"avail": 1.0, "util": 0.9282589575039348, "br": 0.0}, "Litho_REG_FE_64": {"avail": 1.0, "util": 0.9349597259513008, "br": 0.0}, "Planar_BE_75": {"avail": 1.0, "util": 0.7568095546708639, "br": 0.0}, "Planar_FE_76": {"avail": 1.0, "util": 0.20794370891584113, "br": 0.0}, "Planar_FE_77": {"avail": 1.0, "util": 0.9528747338209425, "br": 0.0}, "Planar_FE_78": {"avail": 1.0, "util": 0.7052587723358948, "br": 0.0}, "Planar_FE_79": {"avail": 1.0, "util": 0.8506804925469864, "br": 0.0}, "Planar_FE_80": {"avail": 1.0, "util": 0.8612165540227756, "br": 0.0}, "TF_BE_2": {"avail": 1.0, "util": 0.440399037126192, "br": 0.0}, "TF_BE_23": {"avail": 1.0, "util": 0.6939367212587528, "br": 0.0}, "TF_BE_24": {"avail": 1.0, "util": 0.3848717711323026, "br": 0.0}, "TF_BE_26": {"avail": 1.0, "util": 0.6308366509273833, "br": 0.0}, "TF_BE_40": {"avail": 1.0, "util": 0.8416543221306669, "br": 0.0}, "TF_FE_103": {"avail": 1.0, "util": 0.9912739561151745, "br": 0.0}, "TF_FE_104": {"avail": 1.0, "util": 0.6180724007036386, "br": 0.0}, "TF_FE_113": {"avail": 1.0, "util": 0.6610961947967781, "br": 0.0}, "TF_FE_131": {"avail": 1.0, "util": 0.1553096935468938, "br": 0.0}, "TF_FE_3": {"avail": 1.0, "util": 0.8898250162022034, "br": 0.0}, "TF_FE_5": {"avail": 1.0, "util": 0.2687945560596241, "br": 0.0}, "TF_Met_FE_45": {"avail": 1.0, "util": 0.1426256828071475, "br": 0.0}, "TF_Met_FE_61": {"avail": 1.0, "util": 0.9749560225905008, "br": 0.0}, "WE_BE_14": {"avail": 1.0, "util": 0.04447736320711045, "br": 0.0}, "WE_BE_16": {"avail": 1.0, "util": 0.04453291361910934, "br": 0.0}, "WE_BE_17": {"avail": 1.0, "util": 0.04587538190908249, "br": 0.0}, "WE_BE_7": {"avail": 1.0, "util": 0.007591889639848162, "br": 0.0}, "WE_BE_81": {"avail": 1.0, "util": 0.059716692898805664, "br": 0.0}, "WE_BE_82": {"avail": 1.0, "util": 0.08594574576428109, "br": 0.0}, "WE_BE_9": {"avail": 1.0, "util": 0.061343526393058845, "br": 0.0}, "WE_FE_108": {"avail": 1.0, "util": 0.04317060589627945, "br": 0.0}, "WE_FE_41": {"avail": 1.0, "util": 0.04186649384316267, "br": 0.0}, "WE_FE_47": {"avail": 1.0, "util": 0.03962596055920748, "br": 0.0}, "WE_FE_8": {"avail": 1.0, "util": 0.04619942597907601, "br": 0.0}, "WE_FE_83": {"avail": 1.0, "util": 0.04854047905617205, "br": 0.0}, "WE_FE_84": {"avail": 1.0, "util": 0.04804596282237242, "br": 0.0}, "WE_FE_85": {"avail": 1.0, "util": 0.03157115081936858, "br": 0.0}}, "plugins": {"cost": 448600.0}}