{"lots": {}, "machines": {"DE_BE_11": {"avail": 1.0, "util": 0.886126735026117, "br": 0.0}, "DE_BE_12": {"avail": 1.0, "util": 0.7081055879056017, "br": 0.0}, "DE_BE_13": {"avail": 1.0, "util": 0.8595610347572017, "br": 0.0}, "DE_BE_48": {"avail": 1.0, "util": 0.6837214587370827, "br": 0.0}, "DE_BE_50": {"avail": 1.0, "util": 0.8333587945281579, "br": 0.0}, "DE_BE_65": {"avail": 1.0, "util": 0.83252425652259, "br": 0.0}, "DE_BE_66": {"avail": 1.0, "util": 0.6692754179652557, "br": 0.0}, "DE_BE_67": {"avail": 1.0, "util": 0.7287246466470131, "br": 0.0}, "DE_BE_69": {"avail": 1.0, "util": 0.37464990857116404, "br": 0.0}, "DE_FE_1": {"avail": 1.0, "util": 0.5705853760155545, "br": 0.0}, "DE_FE_51": {"avail": 1.0, "util": 0.28219915283660857, "br": 0.0}, "DE_FE_53": {"avail": 1.0, "util": 0.13793486563433097, "br": 0.0}, "DE_FE_54": {"avail": 1.0, "util": 0.8121889683586788, "br": 0.0}, "DE_FE_56": {"avail": 1.0, "util": 0.9027498090410389, "br": 0.0}, "DE_FE_58": {"avail": 1.0, "util": 0.7402958127907784, "br": 0.0}, "DE_FE_59": {"avail": 1.0, "util": 0.818076869661829, "br": 0.0}, "DE_FE_62": {"avail": 1.0, "util": 0.6562411924008545, "br": 0.0}, "DE_FE_70": {"avail": 1.0, "util": 0.8205995795746508, "br": 0.0}, "DE_FE_71": {"avail": 1.0, "util": 0.6645487581880888, "br": 0.0}, "DE_FE_72": {"avail": 1.0, "util": 0.5230066093894995, "br": 0.0}, "DE_FE_86": {"avail": 1.0, "util": 0.6696421740957255, "br": 0.0}, "DefMEt_FE_118": {"avail": 1.0, "util": 0.3089021595722519, "br": 0.0}, "DefMet_BE_33": {"avail": 1.0, "util": 0.8898340393028262, "br": 0.0}, "DefMet_BE_42": {"avail": 1.0, "util": 0.9836816887716131, "br": 0.0}, "DefMet_FE_10": {"avail": 1.0, "util": 0.4658009860426359, "br": 0.0}, "DefMet_FE_106": {"avail": 1.0, "util": 0.12874105964863553, "br": 0.0}, "DefMet_FE_34": {"avail": 1.0, "util": 0.48777862648427195, "br": 0.0}, "DefMet_FE_43": {"avail": 1.0, "util": 0.8201236025276023, "br": 0.0}, "Delay_32": {"avail": 1.0, "util": 0.28663217832094995, "br": 0.0}, "Dielectric_BE_20": {"avail": 1.0, "util": 0.46385667661967916, "br": 0.0}, "Dielectric_BE_21": {"avail": 1.0, "util": 0.9640765687567993, "br": 0.0}, "Dielectric_BE_27": {"avail": 1.0, "util": 0.8926289840983265, "br": 0.0}, "Dielectric_BE_28": {"avail": 1.0, "util": 0.8802397981621647, "br": 0.0}, "Dielectric_BE_60": {"avail": 1.0, "util": 0.9175635951207093, "br": 0.0}, "Dielectric_FE_112": {"avail": 1.0, "util": 0.6394463347452722, "br": 0.0}, "Dielectric_FE_130": {"avail": 1.0, "util": 0.4347093951808902, "br": 0.0}, "Dielectric_FE_29": {"avail": 1.0, "util": 0.32481540633752287, "br": 0.0}, "Dielectric_FE_30": {"avail": 1.0, "util": 0.9747934171238108, "br": 0.0}, "Dielectric_FE_31": {"avail": 1.0, "util": 0.4012915769738213, "br": 0.0}, "Diffusion_BE_123": {"avail": 1.0, "util": 0.0, "br": 0.0}, "Diffusion_FE_100": {"avail": 1.0, "util": 0.0, "br": 0.0}, "Diffusion_FE_101": {"avail": 1.0, "util": 0.0, "br": 0.0}, "Diffusion_FE_120": {"avail": 1.0, "util": 0.0, "br": 0.0}, "Diffusion_FE_122": {"avail": 1.0, "util": 0.0, "br": 0.0}, "Diffusion_FE_125": {"avail": 1.0, "util": 0.0, "br": 0.0}, "Diffusion_FE_126": {"avail": 1.0, "util": 0.0, "br": 0.0}, "Diffusion_FE_127": {"avail": 1.0, "util": 0.0, "br": 0.0}, "Diffusion_FE_44": {"avail": 1.0, "util": 0.0, "br": 0.0}, "Diffusion_FE_94": {"avail": 1.0, "util": 0.0, "br": 0.0}, "EPI_36": {"avail": 1.0, "util": 0.008992431081174918, "br": 0.0}, "EPI_38": {"avail": 1.0, "util": 0.31831122838691756, "br": 0.0}, "Implant_119": {"avail": 1.0, "util": 0.009166030136796056, "br": 0.0}, "Implant_128": {"avail": 1.0, "util": 0.03949851967350752, "br": 0.0}, "Implant_132": {"avail": 1.0, "util": 0.017250786155723313, "br": 0.0}, "Implant_74": {"avail": 1.0, "util": 0.01697798763974724, "br": 0.0}, "Implant_88": {"avail": 1.0, "util": 0.003541420734671203, "br": 0.0}, "Implant_90": {"avail": 1.0, "util": 0.02194292063051177, "br": 0.0}, "Implant_91": {"avail": 1.0, "util": 0.04669318598906822, "br": 0.0}, "LithoMet_BE_18": {"avail": 1.0, "util": 0.9700020831886674, "br": 0.0}, "LithoMet_FE_19": {"avail": 1.0, "util": 0.9527463370599264, "br": 0.0}, "LithoTrack_BE_117": {"avail": 1.0, "util": 0.06435664189986806, "br": 0.0}, "LithoTrack_FE_115": {"avail": 1.0, "util": 0.04736290332141569, "br": 0.0}, "LithoTrack_FE_95": {"avail": 1.0, "util": 0.07505207971668634, "br": 0.0}, "LithoTrack_FE_96": {"avail": 1.0, "util": 0.015068398027914728, "br": 0.0}, "Litho_BE_110": {"avail": 1.0, "util": 0.0718669899131401, "br": 0.0}, "Litho_BE_93": {"avail": 1.0, "util": 0.0730157627942504, "br": 0.0}, "Litho_BE_99": {"avail": 1.0, "util": 0.10742309561835983, "br": 0.0}, "Litho_FE_111": {"avail": 1.0, "util": 0.10210402055412819, "br": 0.0}, "Litho_FE_35": {"avail": 1.0, "util": 0.02940768002222068, "br": 0.0}, "Litho_FE_92": {"avail": 1.0, "util": 0.07366475618680327, "br": 0.0}, "Litho_FE_98": {"avail": 1.0, "util": 0.03744531629747934, "br": 0.0}, "Litho_REG_BE_63": {"avail": 1.0, "util": 0.943832025553781, "br": 0.0}, "Litho_REG_FE_64": {"avail": 1.0, "util": 0.9280374048098511, "br": 0.0}, "Planar_BE_75": {"avail": 1.0, "util": 0.8527483210491335, "br": 0.0}, "Planar_FE_76": {"avail": 1.0, "util": 0.9421915144781612, "br": 0.0}, "Planar_FE_77": {"avail": 1.0, "util": 0.8953544892715783, "br": 0.0}, "Planar_FE_78": {"avail": 1.0, "util": 0.5299284771890841, "br": 0.0}, "Planar_FE_79": {"avail": 1.0, "util": 0.3221304076105826, "br": 0.0}, "Planar_FE_80": {"avail": 1.0, "util": 0.3236580793000486, "br": 0.0}, "TF_BE_2": {"avail": 1.0, "util": 0.5936046107909173, "br": 0.0}, "TF_BE_23": {"avail": 1.0, "util": 0.5389159482972413, "br": 0.0}, "TF_BE_24": {"avail": 1.0, "util": 0.7269634053190751, "br": 0.0}, "TF_BE_26": {"avail": 1.0, "util": 0.8089128425910593, "br": 0.0}, "TF_BE_40": {"avail": 1.0, "util": 0.8509458085018605, "br": 0.0}, "TF_FE_103": {"avail": 1.0, "util": 0.7354846389635641, "br": 0.0}, "TF_FE_104": {"avail": 1.0, "util": 0.7476980765224638, "br": 0.0}, "TF_FE_113": {"avail": 1.0, "util": 0.11031641321204547, "br": 0.0}, "TF_FE_131": {"avail": 1.0, "util": 0.7123463648357753, "br": 0.0}, "TF_FE_3": {"avail": 1.0, "util": 0.44888086475476235, "br": 0.0}, "TF_FE_5": {"avail": 1.0, "util": 0.36136379418095965, "br": 0.0}, "TF_Met_FE_45": {"avail": 1.0, "util": 0.08787584195541977, "br": 0.0}, "TF_Met_FE_61": {"avail": 1.0, "util": 0.9900354142073468, "br": 0.0}, "WE_BE_14": {"avail": 1.0, "util": 0.03792792167210611, "br": 0.0}, "WE_BE_16": {"avail": 1.0, "util": 0.03826991181167975, "br": 0.0}, "WE_BE_17": {"avail": 1.0, "util": 0.032671342267898064, "br": 0.0}, "WE_BE_7": {"avail": 1.0, "util": 0.017082147073119922, "br": 0.0}, "WE_BE_81": {"avail": 1.0, "util": 0.036895585954679073, "br": 0.0}, "WE_BE_82": {"avail": 1.0, "util": 0.04278252281863142, "br": 0.0}, "WE_BE_9": {"avail": 1.0, "util": 0.051413096312756056, "br": 0.0}, "WE_FE_108": {"avail": 1.0, "util": 0.036544397060548954, "br": 0.0}, "WE_FE_41": {"avail": 1.0, "util": 0.03259495868342476, "br": 0.0}, "WE_FE_47": {"avail": 1.0, "util": 0.03119227831400597, "br": 0.0}, "WE_FE_8": {"avail": 1.0, "util": 0.02746337059926394, "br": 0.0}, "WE_FE_83": {"avail": 1.0, "util": 0.04231187649005856, "br": 0.0}, "WE_FE_84": {"avail": 1.0, "util": 0.03686835473026792, "br": 0.0}, "WE_FE_85": {"avail": 1.0, "util": 0.025449621554058745, "br": 0.0}}, "plugins": {"cost": 429025.1309606481}}