{"lots": {}, "machines": {"DE_BE_11": {"avail": 1.0, "util": 0.8780538589672404, "br": 0.0}, "DE_BE_12": {"avail": 1.0, "util": 0.7124216705005156, "br": 0.0}, "DE_BE_13": {"avail": 1.0, "util": 0.8483748344936574, "br": 0.0}, "DE_BE_48": {"avail": 1.0, "util": 0.816061783857453, "br": 0.0}, "DE_BE_50": {"avail": 1.0, "util": 0.7807815102720711, "br": 0.0}, "DE_BE_65": {"avail": 1.0, "util": 0.8589735500479532, "br": 0.0}, "DE_BE_66": {"avail": 1.0, "util": 0.7761701015775551, "br": 0.0}, "DE_BE_67": {"avail": 1.0, "util": 0.7407059209530059, "br": 0.0}, "DE_BE_69": {"avail": 1.0, "util": 0.3687071997038682, "br": 0.0}, "DE_FE_1": {"avail": 1.0, "util": 0.5603414769572459, "br": 0.0}, "DE_FE_51": {"avail": 1.0, "util": 0.43906163242642976, "br": 0.0}, "DE_FE_53": {"avail": 1.0, "util": 0.13527207107162686, "br": 0.0}, "DE_FE_54": {"avail": 1.0, "util": 0.8131593559133815, "br": 0.0}, "DE_FE_56": {"avail": 1.0, "util": 0.9001943364797335, "br": 0.0}, "DE_FE_58": {"avail": 1.0, "util": 0.7419142143253747, "br": 0.0}, "DE_FE_59": {"avail": 1.0, "util": 0.8255309550249861, "br": 0.0}, "DE_FE_62": {"avail": 1.0, "util": 0.7392625012248097, "br": 0.0}, "DE_FE_70": {"avail": 1.0, "util": 0.8926732623290091, "br": 0.0}, "DE_FE_71": {"avail": 1.0, "util": 0.7613401505336541, "br": 0.0}, "DE_FE_72": {"avail": 1.0, "util": 0.27067664428852656, "br": 0.0}, "DE_FE_86": {"avail": 1.0, "util": 0.6974044551520342, "br": 0.0}, "DefMEt_FE_118": {"avail": 1.0, "util": 0.31017490283176014, "br": 0.0}, "DefMet_BE_33": {"avail": 1.0, "util": 0.9043586896168795, "br": 0.0}, "DefMet_BE_42": {"avail": 1.0, "util": 0.9639783453636869, "br": 0.0}, "DefMet_FE_10": {"avail": 1.0, "util": 0.4078636868406441, "br": 0.0}, "DefMet_FE_106": {"avail": 1.0, "util": 0.127082176568573, "br": 0.0}, "DefMet_FE_34": {"avail": 1.0, "util": 0.48421016102165465, "br": 0.0}, "DefMet_FE_43": {"avail": 1.0, "util": 0.8351054969461411, "br": 0.0}, "Delay_32": {"avail": 1.0, "util": 0.27166990560799553, "br": 0.0}, "Dielectric_BE_20": {"avail": 1.0, "util": 0.8109106052193227, "br": 0.0}, "Dielectric_BE_21": {"avail": 1.0, "util": 0.9632611512122894, "br": 0.0}, "Dielectric_BE_27": {"avail": 1.0, "util": 0.9334571071626874, "br": 0.0}, "Dielectric_BE_28": {"avail": 1.0, "util": 0.9592124745511753, "br": 0.0}, "Dielectric_BE_60": {"avail": 1.0, "util": 0.9270544142143253, "br": 0.0}, "Dielectric_FE_112": {"avail": 1.0, "util": 0.6416034301931026, "br": 0.0}, "Dielectric_FE_130": {"avail": 1.0, "util": 0.4331968350916158, "br": 0.0}, "Dielectric_FE_29": {"avail": 1.0, "util": 0.9693920044419767, "br": 0.0}, "Dielectric_FE_30": {"avail": 1.0, "util": 0.9721682398667407, "br": 0.0}, "Dielectric_FE_31": {"avail": 1.0, "util": 0.29193850638534147, "br": 0.0}, "Diffusion_BE_123": {"avail": 1.0, "util": 0.0, "br": 0.0}, "Diffusion_FE_100": {"avail": 1.0, "util": 0.0, "br": 0.0}, "Diffusion_FE_101": {"avail": 1.0, "util": 0.0, "br": 0.0}, "Diffusion_FE_120": {"avail": 1.0, "util": 0.0, "br": 0.0}, "Diffusion_FE_122": {"avail": 1.0, "util": 0.0, "br": 0.0}, "Diffusion_FE_125": {"avail": 1.0, "util": 0.0, "br": 0.0}, "Diffusion_FE_126": {"avail": 1.0, "util": 0.0, "br": 0.0}, "Diffusion_FE_127": {"avail": 1.0, "util": 0.0, "br": 0.0}, "Diffusion_FE_44": {"avail": 1.0, "util": 0.0, "br": 0.0}, "Diffusion_FE_94": {"avail": 1.0, "util": 0.0, "br": 0.0}, "EPI_36": {"avail": 1.0, "util": 0.008988062187673515, "br": 0.0}, "EPI_38": {"avail": 1.0, "util": 0.3088561910049972, "br": 0.0}, "Implant_119": {"avail": 1.0, "util": 0.07367434758467518, "br": 0.0}, "Implant_128": {"avail": 1.0, "util": 0.036873454141638486, "br": 0.0}, "Implant_132": {"avail": 1.0, "util": 0.034534385658761005, "br": 0.0}, "Implant_74": {"avail": 1.0, "util": 0.01686563020544142, "br": 0.0}, "Implant_88": {"avail": 1.0, "util": 0.0035744031093836756, "br": 0.0}, "Implant_90": {"avail": 1.0, "util": 0.044870905052748475, "br": 0.0}, "Implant_91": {"avail": 1.0, "util": 0.0473050686126755, "br": 0.0}, "LithoMet_BE_18": {"avail": 1.0, "util": 0.9647481197314624, "br": 0.0}, "LithoMet_FE_19": {"avail": 1.0, "util": 0.9639188546045847, "br": 0.0}, "LithoTrack_BE_117": {"avail": 1.0, "util": 0.07345918933925598, "br": 0.0}, "LithoTrack_FE_115": {"avail": 1.0, "util": 0.04945761839628391, "br": 0.0}, "LithoTrack_FE_95": {"avail": 1.0, "util": 0.07742573570238756, "br": 0.0}, "LithoTrack_FE_96": {"avail": 1.0, "util": 0.01516518600777346, "br": 0.0}, "Litho_BE_110": {"avail": 1.0, "util": 0.0741616976076093, "br": 0.0}, "Litho_BE_93": {"avail": 1.0, "util": 0.07126249305941144, "br": 0.0}, "Litho_BE_99": {"avail": 1.0, "util": 0.12400518230612623, "br": 0.0}, "Litho_FE_111": {"avail": 1.0, "util": 0.10423722931704608, "br": 0.0}, "Litho_FE_35": {"avail": 1.0, "util": 0.04202526374236535, "br": 0.0}, "Litho_FE_92": {"avail": 1.0, "util": 0.0749183146115406, "br": 0.0}, "Litho_FE_98": {"avail": 1.0, "util": 0.035102026651860074, "br": 0.0}, "Litho_REG_BE_63": {"avail": 1.0, "util": 0.9716476957245974, "br": 0.0}, "Litho_REG_FE_64": {"avail": 1.0, "util": 0.9628909864889876, "br": 0.0}, "Planar_BE_75": {"avail": 1.0, "util": 0.8691996509875466, "br": 0.0}, "Planar_FE_76": {"avail": 1.0, "util": 0.9272973348139922, "br": 0.0}, "Planar_FE_77": {"avail": 1.0, "util": 0.8979733481399222, "br": 0.0}, "Planar_FE_78": {"avail": 1.0, "util": 0.4273320377568018, "br": 0.0}, "Planar_FE_79": {"avail": 1.0, "util": 0.3200478900610772, "br": 0.0}, "Planar_FE_80": {"avail": 1.0, "util": 0.3231538034425319, "br": 0.0}, "TF_BE_2": {"avail": 1.0, "util": 0.530018045530261, "br": 0.0}, "TF_BE_23": {"avail": 1.0, "util": 0.6195119774728325, "br": 0.0}, "TF_BE_24": {"avail": 1.0, "util": 0.7219426707384786, "br": 0.0}, "TF_BE_26": {"avail": 1.0, "util": 0.7940513817110153, "br": 0.0}, "TF_BE_40": {"avail": 1.0, "util": 0.8293962504490968, "br": 0.0}, "TF_FE_103": {"avail": 1.0, "util": 0.7284643452050449, "br": 0.0}, "TF_FE_104": {"avail": 1.0, "util": 0.7443781232648529, "br": 0.0}, "TF_FE_113": {"avail": 1.0, "util": 0.10799555802332038, "br": 0.0}, "TF_FE_131": {"avail": 1.0, "util": 0.7138973718304646, "br": 0.0}, "TF_FE_3": {"avail": 1.0, "util": 0.4480843975569128, "br": 0.0}, "TF_FE_5": {"avail": 1.0, "util": 0.4454932444937998, "br": 0.0}, "TF_Met_FE_45": {"avail": 1.0, "util": 0.08776374236535259, "br": 0.0}, "TF_Met_FE_61": {"avail": 1.0, "util": 0.986569961132704, "br": 0.0}, "WE_BE_14": {"avail": 1.0, "util": 0.040893947806774016, "br": 0.0}, "WE_BE_16": {"avail": 1.0, "util": 0.040697876179900054, "br": 0.0}, "WE_BE_17": {"avail": 1.0, "util": 0.03248195446973903, "br": 0.0}, "WE_BE_7": {"avail": 1.0, "util": 0.01693503609106052, "br": 0.0}, "WE_BE_81": {"avail": 1.0, "util": 0.04293910790301684, "br": 0.0}, "WE_BE_82": {"avail": 1.0, "util": 0.04785921401690419, "br": 0.0}, "WE_BE_9": {"avail": 1.0, "util": 0.058120488617434754, "br": 0.0}, "WE_FE_108": {"avail": 1.0, "util": 0.04445327308583354, "br": 0.0}, "WE_FE_41": {"avail": 1.0, "util": 0.03023320377568018, "br": 0.0}, "WE_FE_47": {"avail": 1.0, "util": 0.03875624652970572, "br": 0.0}, "WE_FE_8": {"avail": 1.0, "util": 0.027380621876735147, "br": 0.0}, "WE_FE_83": {"avail": 1.0, "util": 0.04163196372385712, "br": 0.0}, "WE_FE_84": {"avail": 1.0, "util": 0.044958683084560865, "br": 0.0}, "WE_FE_85": {"avail": 1.0, "util": 0.025645474736257636, "br": 0.0}}, "plugins": {"cost": 429025.1306134259}}