{"lots": {}, "machines": {"DE_BE_11": {"avail": 1.0, "util": 0.6547806368011847, "br": 0.0}, "DE_BE_12": {"avail": 1.0, "util": 0.9483370356658029, "br": 0.0}, "DE_BE_13": {"avail": 1.0, "util": 0.8280685284109942, "br": 0.0}, "DE_BE_48": {"avail": 1.0, "util": 0.8127730470196224, "br": 0.0}, "DE_BE_50": {"avail": 1.0, "util": 0.9334300053478135, "br": 0.0}, "DE_BE_65": {"avail": 1.0, "util": 0.7755406494326719, "br": 0.0}, "DE_BE_66": {"avail": 1.0, "util": 0.6834627525867613, "br": 0.0}, "DE_BE_67": {"avail": 1.0, "util": 0.8642262125138838, "br": 0.0}, "DE_BE_69": {"avail": 1.0, "util": 0.9207932247315809, "br": 0.0}, "DE_FE_1": {"avail": 1.0, "util": 0.5409306077114296, "br": 0.0}, "DE_FE_51": {"avail": 1.0, "util": 0.49692852549737915, "br": 0.0}, "DE_FE_53": {"avail": 1.0, "util": 0.909237319511292, "br": 0.0}, "DE_FE_54": {"avail": 1.0, "util": 0.8181229174379859, "br": 0.0}, "DE_FE_56": {"avail": 1.0, "util": 0.8052804516845613, "br": 0.0}, "DE_FE_58": {"avail": 1.0, "util": 0.7354683450573861, "br": 0.0}, "DE_FE_59": {"avail": 1.0, "util": 0.7834567444156486, "br": 0.0}, "DE_FE_62": {"avail": 1.0, "util": 0.7436961178399535, "br": 0.0}, "DE_FE_70": {"avail": 1.0, "util": 0.7255930851821263, "br": 0.0}, "DE_FE_71": {"avail": 1.0, "util": 0.6987954196858307, "br": 0.0}, "DE_FE_72": {"avail": 1.0, "util": 0.885649347978115, "br": 0.0}, "DE_FE_86": {"avail": 1.0, "util": 0.7307142759197554, "br": 0.0}, "DefMEt_FE_118": {"avail": 1.0, "util": 0.2484496482784154, "br": 0.0}, "DefMet_BE_33": {"avail": 1.0, "util": 0.9656377267678637, "br": 0.0}, "DefMet_BE_42": {"avail": 1.0, "util": 0.9563587560162903, "br": 0.0}, "DefMet_FE_10": {"avail": 1.0, "util": 0.4892632358385783, "br": 0.0}, "DefMet_FE_106": {"avail": 1.0, "util": 0.30298963346908553, "br": 0.0}, "DefMet_FE_34": {"avail": 1.0, "util": 0.607367641614217, "br": 0.0}, "DefMet_FE_43": {"avail": 1.0, "util": 0.9667638528939898, "br": 0.0}, "Delay_32": {"avail": 1.0, "util": 0.38268916604961123, "br": 0.0}, "Dielectric_BE_20": {"avail": 1.0, "util": 0.9562939651980747, "br": 0.0}, "Dielectric_BE_21": {"avail": 1.0, "util": 0.9471665586819696, "br": 0.0}, "Dielectric_BE_27": {"avail": 1.0, "util": 0.7164229297790942, "br": 0.0}, "Dielectric_BE_28": {"avail": 1.0, "util": 0.7071223620881155, "br": 0.0}, "Dielectric_BE_60": {"avail": 1.0, "util": 0.926450851536468, "br": 0.0}, "Dielectric_FE_112": {"avail": 1.0, "util": 0.9135921880784895, "br": 0.0}, "Dielectric_FE_130": {"avail": 1.0, "util": 0.8999907441688264, "br": 0.0}, "Dielectric_FE_29": {"avail": 1.0, "util": 0.9090460323337036, "br": 0.0}, "Dielectric_FE_30": {"avail": 1.0, "util": 0.9234774157719363, "br": 0.0}, "Dielectric_FE_31": {"avail": 1.0, "util": 0.9556298593113661, "br": 0.0}, "Diffusion_BE_123": {"avail": 1.0, "util": 0.0, "br": 0.0}, "Diffusion_FE_100": {"avail": 1.0, "util": 0.0, "br": 0.0}, "Diffusion_FE_101": {"avail": 1.0, "util": 0.0, "br": 0.0}, "Diffusion_FE_120": {"avail": 1.0, "util": 0.0, "br": 0.0}, "Diffusion_FE_122": {"avail": 1.0, "util": 0.0, "br": 0.0}, "Diffusion_FE_125": {"avail": 1.0, "util": 0.0, "br": 0.0}, "Diffusion_FE_126": {"avail": 1.0, "util": 0.0, "br": 0.0}, "Diffusion_FE_127": {"avail": 1.0, "util": 0.7821280184293883, "br": 0.0}, "Diffusion_FE_44": {"avail": 1.0, "util": 0.0, "br": 0.0}, "Diffusion_FE_94": {"avail": 1.0, "util": 0.0, "br": 0.0}, "EPI_36": {"avail": 1.0, "util": 0.011916882636060718, "br": 0.0}, "EPI_38": {"avail": 1.0, "util": 0.02957238059977786, "br": 0.0}, "Implant_119": {"avail": 1.0, "util": 0.01691503146982599, "br": 0.0}, "Implant_128": {"avail": 1.0, "util": 0.03995742317660126, "br": 0.0}, "Implant_132": {"avail": 1.0, "util": 0.0350796001480933, "br": 0.0}, "Implant_74": {"avail": 1.0, "util": 0.005715475749722325, "br": 0.0}, "Implant_88": {"avail": 1.0, "util": 0.027304701962236208, "br": 0.0}, "Implant_90": {"avail": 1.0, "util": 0.04081821547574972, "br": 0.0}, "Implant_91": {"avail": 1.0, "util": 0.036591385906454395, "br": 0.0}, "LithoMet_BE_18": {"avail": 1.0, "util": 0.9737810782331331, "br": 0.0}, "LithoMet_FE_19": {"avail": 1.0, "util": 0.9616191533999754, "br": 0.0}, "LithoTrack_BE_117": {"avail": 1.0, "util": 0.086986301369863, "br": 0.0}, "LithoTrack_FE_115": {"avail": 1.0, "util": 0.04302872574427772, "br": 0.0}, "LithoTrack_FE_95": {"avail": 1.0, "util": 0.04649260666873191, "br": 0.0}, "LithoTrack_FE_96": {"avail": 1.0, "util": 0.002545353572750833, "br": 0.0}, "Litho_BE_110": {"avail": 1.0, "util": 0.0534276326228381, "br": 0.0}, "Litho_BE_93": {"avail": 1.0, "util": 0.04697334320621992, "br": 0.0}, "Litho_BE_99": {"avail": 1.0, "util": 0.15188818955942243, "br": 0.0}, "Litho_FE_111": {"avail": 1.0, "util": 0.08307108478341355, "br": 0.0}, "Litho_FE_35": {"avail": 1.0, "util": 0.02515272121436505, "br": 0.0}, "Litho_FE_92": {"avail": 1.0, "util": 0.07635359518921163, "br": 0.0}, "Litho_FE_98": {"avail": 1.0, "util": 0.07529618659755646, "br": 0.0}, "Litho_REG_BE_63": {"avail": 1.0, "util": 0.9750034709366902, "br": 0.0}, "Litho_REG_FE_64": {"avail": 1.0, "util": 0.9736010472311841, "br": 0.0}, "Planar_BE_75": {"avail": 1.0, "util": 0.6549356719733432, "br": 0.0}, "Planar_FE_76": {"avail": 1.0, "util": 0.8242780451684562, "br": 0.0}, "Planar_FE_77": {"avail": 1.0, "util": 0.9581636430951499, "br": 0.0}, "Planar_FE_78": {"avail": 1.0, "util": 0.7044613106256942, "br": 0.0}, "Planar_FE_79": {"avail": 1.0, "util": 0.864272491669752, "br": 0.0}, "Planar_FE_80": {"avail": 1.0, "util": 0.6427249166975194, "br": 0.0}, "TF_BE_2": {"avail": 1.0, "util": 0.22151517956312478, "br": 0.0}, "TF_BE_23": {"avail": 1.0, "util": 0.3457734951967108, "br": 0.0}, "TF_BE_24": {"avail": 1.0, "util": 0.19527952610144392, "br": 0.0}, "TF_BE_26": {"avail": 1.0, "util": 0.5634332963100086, "br": 0.0}, "TF_BE_40": {"avail": 1.0, "util": 0.5111783444403307, "br": 0.0}, "TF_FE_103": {"avail": 1.0, "util": 0.7437407441688264, "br": 0.0}, "TF_FE_104": {"avail": 1.0, "util": 0.8510088855979266, "br": 0.0}, "TF_FE_113": {"avail": 1.0, "util": 0.32427804516845615, "br": 0.0}, "TF_FE_131": {"avail": 1.0, "util": 0.5340923114895717, "br": 0.0}, "TF_FE_3": {"avail": 1.0, "util": 0.888652350981118, "br": 0.0}, "TF_FE_5": {"avail": 1.0, "util": 0.3166766938171048, "br": 0.0}, "TF_Met_FE_45": {"avail": 1.0, "util": 0.07043687523139577, "br": 0.0}, "TF_Met_FE_61": {"avail": 1.0, "util": 0.9898185857089967, "br": 0.0}, "WE_BE_14": {"avail": 1.0, "util": 0.04202147352832284, "br": 0.0}, "WE_BE_16": {"avail": 1.0, "util": 0.04427372578057509, "br": 0.0}, "WE_BE_17": {"avail": 1.0, "util": 0.05062939651980748, "br": 0.0}, "WE_BE_7": {"avail": 1.0, "util": 0.015040725657164014, "br": 0.0}, "WE_BE_81": {"avail": 1.0, "util": 0.03751696902381834, "br": 0.0}, "WE_BE_82": {"avail": 1.0, "util": 0.053420029618659756, "br": 0.0}, "WE_BE_9": {"avail": 1.0, "util": 0.0468411170465965, "br": 0.0}, "WE_FE_108": {"avail": 1.0, "util": 0.04181255619611784, "br": 0.0}, "WE_FE_41": {"avail": 1.0, "util": 0.03648648648648649, "br": 0.0}, "WE_FE_47": {"avail": 1.0, "util": 0.03703875107984697, "br": 0.0}, "WE_FE_8": {"avail": 1.0, "util": 0.05125416512402814, "br": 0.0}, "WE_FE_83": {"avail": 1.0, "util": 0.03903316232083356, "br": 0.0}, "WE_FE_84": {"avail": 1.0, "util": 0.03637798757661771, "br": 0.0}, "WE_FE_85": {"avail": 1.0, "util": 0.022375971862273233, "br": 0.0}}, "plugins": {"cost": 447200.0}}