{"lots": {}, "machines": {"DE_BE_11": {"avail": 1.0, "util": 0.7770117336665971, "br": 0.0}, "DE_BE_12": {"avail": 1.0, "util": 0.7113950025843382, "br": 0.0}, "DE_BE_13": {"avail": 1.0, "util": 0.780221051831133, "br": 0.0}, "DE_BE_48": {"avail": 1.0, "util": 0.733173644379643, "br": 0.0}, "DE_BE_50": {"avail": 1.0, "util": 0.7563624862104346, "br": 0.0}, "DE_BE_65": {"avail": 1.0, "util": 0.7922042384960649, "br": 0.0}, "DE_BE_66": {"avail": 1.0, "util": 0.7166599063791534, "br": 0.0}, "DE_BE_67": {"avail": 1.0, "util": 0.7481496910365896, "br": 0.0}, "DE_BE_69": {"avail": 1.0, "util": 0.832673748524613, "br": 0.0}, "DE_FE_1": {"avail": 1.0, "util": 0.5593179992263517, "br": 0.0}, "DE_FE_51": {"avail": 1.0, "util": 0.5694318069700391, "br": 0.0}, "DE_FE_53": {"avail": 1.0, "util": 0.6822189821564951, "br": 0.0}, "DE_FE_54": {"avail": 1.0, "util": 0.8162882732764007, "br": 0.0}, "DE_FE_56": {"avail": 1.0, "util": 0.7452266888842602, "br": 0.0}, "DE_FE_58": {"avail": 1.0, "util": 0.49008308454257216, "br": 0.0}, "DE_FE_59": {"avail": 1.0, "util": 0.7830220555902706, "br": 0.0}, "DE_FE_62": {"avail": 1.0, "util": 0.6405014828259985, "br": 0.0}, "DE_FE_70": {"avail": 1.0, "util": 0.8338113320408675, "br": 0.0}, "DE_FE_71": {"avail": 1.0, "util": 0.7128400829192331, "br": 0.0}, "DE_FE_72": {"avail": 1.0, "util": 0.8675815995124472, "br": 0.0}, "DE_FE_86": {"avail": 1.0, "util": 0.6672478213129467, "br": 0.0}, "DefMEt_FE_118": {"avail": 1.0, "util": 0.3748524612927862, "br": 0.0}, "DefMet_BE_33": {"avail": 1.0, "util": 0.9052280774838576, "br": 0.0}, "DefMet_BE_42": {"avail": 1.0, "util": 0.9897243629799347, "br": 0.0}, "DefMet_FE_10": {"avail": 1.0, "util": 0.606922168992571, "br": 0.0}, "DefMet_FE_106": {"avail": 1.0, "util": 0.4525446087620635, "br": 0.0}, "DefMet_FE_34": {"avail": 1.0, "util": 0.6431646184822606, "br": 0.0}, "DefMet_FE_43": {"avail": 1.0, "util": 0.9506121409891457, "br": 0.0}, "Delay_32": {"avail": 1.0, "util": 0.3713391307366521, "br": 0.0}, "Dielectric_BE_20": {"avail": 1.0, "util": 0.9090050683885301, "br": 0.0}, "Dielectric_BE_21": {"avail": 1.0, "util": 0.9314205373880442, "br": 0.0}, "Dielectric_BE_27": {"avail": 1.0, "util": 0.8217639843551112, "br": 0.0}, "Dielectric_BE_28": {"avail": 1.0, "util": 0.8253488856488231, "br": 0.0}, "Dielectric_BE_60": {"avail": 1.0, "util": 0.9098451711449004, "br": 0.0}, "Dielectric_FE_112": {"avail": 1.0, "util": 0.9147330417274179, "br": 0.0}, "Dielectric_FE_130": {"avail": 1.0, "util": 0.8888078872457127, "br": 0.0}, "Dielectric_FE_29": {"avail": 1.0, "util": 0.9685250757943946, "br": 0.0}, "Dielectric_FE_30": {"avail": 1.0, "util": 0.9686523640908145, "br": 0.0}, "Dielectric_FE_31": {"avail": 1.0, "util": 0.9367492883427064, "br": 0.0}, "Diffusion_BE_123": {"avail": 1.0, "util": 0.0, "br": 0.0}, "Diffusion_FE_100": {"avail": 1.0, "util": 0.0, "br": 0.0}, "Diffusion_FE_101": {"avail": 1.0, "util": 0.0, "br": 0.0}, "Diffusion_FE_120": {"avail": 1.0, "util": 0.0, "br": 0.0}, "Diffusion_FE_122": {"avail": 1.0, "util": 0.0, "br": 0.0}, "Diffusion_FE_125": {"avail": 1.0, "util": 0.0, "br": 0.0}, "Diffusion_FE_126": {"avail": 1.0, "util": 0.0, "br": 0.0}, "Diffusion_FE_127": {"avail": 1.0, "util": 0.0, "br": 0.0}, "Diffusion_FE_44": {"avail": 1.0, "util": 0.0, "br": 0.0}, "Diffusion_FE_94": {"avail": 1.0, "util": 0.0, "br": 0.0}, "EPI_36": {"avail": 1.0, "util": 0.0089217524126918, "br": 0.0}, "EPI_38": {"avail": 1.0, "util": 0.01770464486565299, "br": 0.0}, "Implant_119": {"avail": 1.0, "util": 0.02294660834548358, "br": 0.0}, "Implant_128": {"avail": 1.0, "util": 0.05239186280635979, "br": 0.0}, "Implant_132": {"avail": 1.0, "util": 0.03466291744775394, "br": 0.0}, "Implant_74": {"avail": 1.0, "util": 0.00843574255363466, "br": 0.0}, "Implant_88": {"avail": 1.0, "util": 0.012566826355620358, "br": 0.0}, "Implant_90": {"avail": 1.0, "util": 0.037145039227938624, "br": 0.0}, "Implant_91": {"avail": 1.0, "util": 0.04500219861602907, "br": 0.0}, "LithoMet_BE_18": {"avail": 1.0, "util": 0.9536688403591133, "br": 0.0}, "LithoMet_FE_19": {"avail": 1.0, "util": 0.9264273646693976, "br": 0.0}, "LithoTrack_BE_117": {"avail": 1.0, "util": 0.08799555648128862, "br": 0.0}, "LithoTrack_FE_115": {"avail": 1.0, "util": 0.05309487538679986, "br": 0.0}, "LithoTrack_FE_95": {"avail": 1.0, "util": 0.05809588988688581, "br": 0.0}, "LithoTrack_FE_96": {"avail": 1.0, "util": 0.0, "br": 0.0}, "Litho_BE_110": {"avail": 1.0, "util": 0.07214022872219081, "br": 0.0}, "Litho_BE_93": {"avail": 1.0, "util": 0.06500960448054803, "br": 0.0}, "Litho_BE_99": {"avail": 1.0, "util": 0.1723252100256891, "br": 0.0}, "Litho_FE_111": {"avail": 1.0, "util": 0.10826974178359307, "br": 0.0}, "Litho_FE_35": {"avail": 1.0, "util": 0.03728389918766924, "br": 0.0}, "Litho_FE_92": {"avail": 1.0, "util": 0.10057248174307121, "br": 0.0}, "Litho_FE_98": {"avail": 1.0, "util": 0.11265708532944525, "br": 0.0}, "Litho_REG_BE_63": {"avail": 1.0, "util": 0.9403856835381518, "br": 0.0}, "Litho_REG_FE_64": {"avail": 1.0, "util": 0.9432459507443887, "br": 0.0}, "Planar_BE_75": {"avail": 1.0, "util": 0.8489550788030271, "br": 0.0}, "Planar_FE_76": {"avail": 1.0, "util": 0.9267050845888588, "br": 0.0}, "Planar_FE_77": {"avail": 1.0, "util": 0.8941192807054086, "br": 0.0}, "Planar_FE_78": {"avail": 1.0, "util": 0.844164410192321, "br": 0.0}, "Planar_FE_79": {"avail": 1.0, "util": 0.9545511351801708, "br": 0.0}, "Planar_FE_80": {"avail": 1.0, "util": 0.4827813649934041, "br": 0.0}, "TF_BE_2": {"avail": 1.0, "util": 0.3353641602443935, "br": 0.0}, "TF_BE_23": {"avail": 1.0, "util": 0.517907453491049, "br": 0.0}, "TF_BE_24": {"avail": 1.0, "util": 0.2881483024369923, "br": 0.0}, "TF_BE_26": {"avail": 1.0, "util": 0.5964035270429772, "br": 0.0}, "TF_BE_40": {"avail": 1.0, "util": 0.7241720474901062, "br": 0.0}, "TF_FE_103": {"avail": 1.0, "util": 0.7410088176074429, "br": 0.0}, "TF_FE_104": {"avail": 1.0, "util": 0.865847392904256, "br": 0.0}, "TF_FE_113": {"avail": 1.0, "util": 0.49215441227522044, "br": 0.0}, "TF_FE_131": {"avail": 1.0, "util": 0.2863408086278322, "br": 0.0}, "TF_FE_3": {"avail": 1.0, "util": 0.8248281607998333, "br": 0.0}, "TF_FE_5": {"avail": 1.0, "util": 0.20183295146844407, "br": 0.0}, "TF_Met_FE_45": {"avail": 1.0, "util": 0.1057418593348608, "br": 0.0}, "TF_Met_FE_61": {"avail": 1.0, "util": 0.974102617510241, "br": 0.0}, "WE_BE_14": {"avail": 1.0, "util": 0.0321460806776366, "br": 0.0}, "WE_BE_16": {"avail": 1.0, "util": 0.04612464995718485, "br": 0.0}, "WE_BE_17": {"avail": 1.0, "util": 0.03711032423800597, "br": 0.0}, "WE_BE_7": {"avail": 1.0, "util": 0.005693258348955079, "br": 0.0}, "WE_BE_81": {"avail": 1.0, "util": 0.021801013677706035, "br": 0.0}, "WE_BE_82": {"avail": 1.0, "util": 0.06013330556134139, "br": 0.0}, "WE_BE_9": {"avail": 1.0, "util": 0.053966931492447016, "br": 0.0}, "WE_FE_108": {"avail": 1.0, "util": 0.04282242786721021, "br": 0.0}, "WE_FE_41": {"avail": 1.0, "util": 0.03635353745747414, "br": 0.0}, "WE_FE_47": {"avail": 1.0, "util": 0.037631049086995765, "br": 0.0}, "WE_FE_8": {"avail": 1.0, "util": 0.04422689717419982, "br": 0.0}, "WE_FE_83": {"avail": 1.0, "util": 0.045585741065849374, "br": 0.0}, "WE_FE_84": {"avail": 1.0, "util": 0.043258734677189166, "br": 0.0}, "WE_FE_85": {"avail": 1.0, "util": 0.023710338124001945, "br": 0.0}}, "plugins": {"cost": 448000.0}}