{"lots": {}, "machines": {"DE_BE_11": {"avail": 1.0, "util": 0.5897704128865024, "br": 0.0}, "DE_BE_12": {"avail": 1.0, "util": 0.949988685222901, "br": 0.0}, "DE_BE_13": {"avail": 1.0, "util": 0.5848872783699668, "br": 0.0}, "DE_BE_48": {"avail": 1.0, "util": 0.6538789113127198, "br": 0.0}, "DE_BE_50": {"avail": 1.0, "util": 0.8566109156740521, "br": 0.0}, "DE_BE_65": {"avail": 1.0, "util": 0.7698193145060283, "br": 0.0}, "DE_BE_66": {"avail": 1.0, "util": 0.6687211919819916, "br": 0.0}, "DE_BE_67": {"avail": 1.0, "util": 0.6332716163673394, "br": 0.0}, "DE_BE_69": {"avail": 1.0, "util": 0.7403258655804481, "br": 0.0}, "DE_FE_1": {"avail": 1.0, "util": 0.7541328325442378, "br": 0.0}, "DE_FE_51": {"avail": 1.0, "util": 0.6719856946569349, "br": 0.0}, "DE_FE_53": {"avail": 1.0, "util": 0.9050731346047028, "br": 0.0}, "DE_FE_54": {"avail": 1.0, "util": 0.5492686539529716, "br": 0.0}, "DE_FE_56": {"avail": 1.0, "util": 0.5993797444917608, "br": 0.0}, "DE_FE_58": {"avail": 1.0, "util": 0.6563907918286737, "br": 0.0}, "DE_FE_59": {"avail": 1.0, "util": 0.7181694747886194, "br": 0.0}, "DE_FE_62": {"avail": 1.0, "util": 0.8338469066574974, "br": 0.0}, "DE_FE_70": {"avail": 1.0, "util": 0.6782148604959195, "br": 0.0}, "DE_FE_71": {"avail": 1.0, "util": 0.759988229692914, "br": 0.0}, "DE_FE_72": {"avail": 1.0, "util": 0.8694480446007941, "br": 0.0}, "DE_FE_86": {"avail": 1.0, "util": 0.7747618753728733, "br": 0.0}, "DefMEt_FE_118": {"avail": 1.0, "util": 0.4973153119792631, "br": 0.0}, "DefMet_BE_33": {"avail": 1.0, "util": 0.9363543788187373, "br": 0.0}, "DefMet_BE_42": {"avail": 1.0, "util": 0.9559340862803185, "br": 0.0}, "DefMet_FE_10": {"avail": 1.0, "util": 0.8897889279763007, "br": 0.0}, "DefMet_FE_106": {"avail": 1.0, "util": 0.5197185706350675, "br": 0.0}, "DefMet_FE_34": {"avail": 1.0, "util": 0.6402055174967599, "br": 0.0}, "DefMet_FE_43": {"avail": 1.0, "util": 0.9563198173177806, "br": 0.0}, "Delay_32": {"avail": 1.0, "util": 0.21635831327531937, "br": 0.0}, "Dielectric_BE_20": {"avail": 1.0, "util": 0.8801703388261434, "br": 0.0}, "Dielectric_BE_21": {"avail": 1.0, "util": 0.8786683021662655, "br": 0.0}, "Dielectric_BE_27": {"avail": 1.0, "util": 0.7707708449052645, "br": 0.0}, "Dielectric_BE_28": {"avail": 1.0, "util": 0.9060359192742085, "br": 0.0}, "Dielectric_BE_60": {"avail": 1.0, "util": 0.8249166820959082, "br": 0.0}, "Dielectric_FE_112": {"avail": 1.0, "util": 0.8894741714497315, "br": 0.0}, "Dielectric_FE_130": {"avail": 1.0, "util": 0.8895806332160711, "br": 0.0}, "Dielectric_FE_29": {"avail": 1.0, "util": 0.7754428192310067, "br": 0.0}, "Dielectric_FE_30": {"avail": 1.0, "util": 0.9281151638585448, "br": 0.0}, "Dielectric_FE_31": {"avail": 1.0, "util": 0.8213988150342529, "br": 0.0}, "Diffusion_BE_123": {"avail": 1.0, "util": 0.0, "br": 0.0}, "Diffusion_FE_100": {"avail": 1.0, "util": 0.0, "br": 0.0}, "Diffusion_FE_101": {"avail": 1.0, "util": 0.0, "br": 0.0}, "Diffusion_FE_120": {"avail": 1.0, "util": 0.0, "br": 0.0}, "Diffusion_FE_122": {"avail": 1.0, "util": 0.0, "br": 0.0}, "Diffusion_FE_125": {"avail": 1.0, "util": 0.0, "br": 0.0}, "Diffusion_FE_126": {"avail": 1.0, "util": 0.0, "br": 0.0}, "Diffusion_FE_127": {"avail": 1.0, "util": 0.0, "br": 0.0}, "Diffusion_FE_44": {"avail": 1.0, "util": 0.0, "br": 0.0}, "Diffusion_FE_94": {"avail": 1.0, "util": 0.0, "br": 0.0}, "EPI_36": {"avail": 1.0, "util": 0.011895945195334197, "br": 0.0}, "EPI_38": {"avail": 1.0, "util": 0.011757082021847805, "br": 0.0}, "Implant_119": {"avail": 1.0, "util": 0.02143121644139974, "br": 0.0}, "Implant_128": {"avail": 1.0, "util": 0.06377522680985002, "br": 0.0}, "Implant_132": {"avail": 1.0, "util": 0.032644417700425844, "br": 0.0}, "Implant_74": {"avail": 1.0, "util": 0.011340492501388631, "br": 0.0}, "Implant_88": {"avail": 1.0, "util": 0.002406961673764118, "br": 0.0}, "Implant_90": {"avail": 1.0, "util": 0.061284947231994076, "br": 0.0}, "Implant_91": {"avail": 1.0, "util": 0.052058260815898295, "br": 0.0}, "LithoMet_BE_18": {"avail": 1.0, "util": 0.9296569011436628, "br": 0.0}, "LithoMet_FE_19": {"avail": 1.0, "util": 0.9289329136579646, "br": 0.0}, "LithoTrack_BE_117": {"avail": 1.0, "util": 0.10736900573967784, "br": 0.0}, "LithoTrack_FE_115": {"avail": 1.0, "util": 0.056708815724030776, "br": 0.0}, "LithoTrack_FE_95": {"avail": 1.0, "util": 0.07451756855306463, "br": 0.0}, "LithoTrack_FE_96": {"avail": 1.0, "util": 0.0, "br": 0.0}, "Litho_BE_110": {"avail": 1.0, "util": 0.09065781469040125, "br": 0.0}, "Litho_BE_93": {"avail": 1.0, "util": 0.08408936616675924, "br": 0.0}, "Litho_BE_99": {"avail": 1.0, "util": 0.21681170153675244, "br": 0.0}, "Litho_FE_111": {"avail": 1.0, "util": 0.13352746124455067, "br": 0.0}, "Litho_FE_35": {"avail": 1.0, "util": 0.07887428254027032, "br": 0.0}, "Litho_FE_92": {"avail": 1.0, "util": 0.12769801327475833, "br": 0.0}, "Litho_FE_98": {"avail": 1.0, "util": 0.15002777263469727, "br": 0.0}, "Litho_REG_BE_63": {"avail": 1.0, "util": 0.923428531753379, "br": 0.0}, "Litho_REG_FE_64": {"avail": 1.0, "util": 0.9358915015737826, "br": 0.0}, "Planar_BE_75": {"avail": 1.0, "util": 0.7192880947972597, "br": 0.0}, "Planar_FE_76": {"avail": 1.0, "util": 0.9278220082700736, "br": 0.0}, "Planar_FE_77": {"avail": 1.0, "util": 0.9523236437696723, "br": 0.0}, "Planar_FE_78": {"avail": 1.0, "util": 0.0, "br": 0.0}, "Planar_FE_79": {"avail": 1.0, "util": 0.8545084243658582, "br": 0.0}, "Planar_FE_80": {"avail": 1.0, "util": 0.5428624328827995, "br": 0.0}, "TF_BE_2": {"avail": 1.0, "util": 0.4451259026106277, "br": 0.0}, "TF_BE_23": {"avail": 1.0, "util": 0.7698525614165019, "br": 0.0}, "TF_BE_24": {"avail": 1.0, "util": 0.3880392519903722, "br": 0.0}, "TF_BE_26": {"avail": 1.0, "util": 0.7271307782509412, "br": 0.0}, "TF_BE_40": {"avail": 1.0, "util": 0.8255261371350985, "br": 0.0}, "TF_FE_103": {"avail": 1.0, "util": 0.7396546935752638, "br": 0.0}, "TF_FE_104": {"avail": 1.0, "util": 0.7716533975189779, "br": 0.0}, "TF_FE_113": {"avail": 1.0, "util": 0.43626180336974635, "br": 0.0}, "TF_FE_131": {"avail": 1.0, "util": 0.15298092945750788, "br": 0.0}, "TF_FE_3": {"avail": 1.0, "util": 0.8988150342529161, "br": 0.0}, "TF_FE_5": {"avail": 1.0, "util": 0.4489677837437512, "br": 0.0}, "TF_Met_FE_45": {"avail": 1.0, "util": 0.14196445102758748, "br": 0.0}, "TF_Met_FE_61": {"avail": 1.0, "util": 0.9939363080910942, "br": 0.0}, "WE_BE_14": {"avail": 1.0, "util": 0.03714127013516016, "br": 0.0}, "WE_BE_16": {"avail": 1.0, "util": 0.040301178794050485, "br": 0.0}, "WE_BE_17": {"avail": 1.0, "util": 0.04596371042399556, "br": 0.0}, "WE_BE_7": {"avail": 1.0, "util": 0.007498611368265136, "br": 0.0}, "WE_BE_81": {"avail": 1.0, "util": 0.03233969018083071, "br": 0.0}, "WE_BE_82": {"avail": 1.0, "util": 0.07606924643584521, "br": 0.0}, "WE_BE_9": {"avail": 1.0, "util": 0.061946200439072126, "br": 0.0}, "WE_FE_108": {"avail": 1.0, "util": 0.043573941333615474, "br": 0.0}, "WE_FE_41": {"avail": 1.0, "util": 0.04114052953156823, "br": 0.0}, "WE_FE_47": {"avail": 1.0, "util": 0.03409862371165833, "br": 0.0}, "WE_FE_8": {"avail": 1.0, "util": 0.04656545084243659, "br": 0.0}, "WE_FE_83": {"avail": 1.0, "util": 0.0452693945565636, "br": 0.0}, "WE_FE_84": {"avail": 1.0, "util": 0.04735234215885947, "br": 0.0}, "WE_FE_85": {"avail": 1.0, "util": 0.03212368079985188, "br": 0.0}}, "plugins": {"cost": 448600.0}}