{"lots": {}, "machines": {"DE_BE_11": {"avail": 1.0, "util": 0.7037139889125449, "br": 0.0}, "DE_BE_12": {"avail": 1.0, "util": 0.9501593472712607, "br": 0.0}, "DE_BE_13": {"avail": 1.0, "util": 0.6364827433974893, "br": 0.0}, "DE_BE_48": {"avail": 1.0, "util": 0.7932560820647463, "br": 0.0}, "DE_BE_50": {"avail": 1.0, "util": 0.943108395815977, "br": 0.0}, "DE_BE_65": {"avail": 1.0, "util": 0.6349835483409491, "br": 0.0}, "DE_BE_66": {"avail": 1.0, "util": 0.7140663541173203, "br": 0.0}, "DE_BE_67": {"avail": 1.0, "util": 0.6013986013986014, "br": 0.0}, "DE_BE_69": {"avail": 1.0, "util": 0.48804344472214506, "br": 0.0}, "DE_FE_1": {"avail": 1.0, "util": 0.7473294455243913, "br": 0.0}, "DE_FE_51": {"avail": 1.0, "util": 0.32154494122003147, "br": 0.0}, "DE_FE_53": {"avail": 1.0, "util": 0.1804128482828844, "br": 0.0}, "DE_FE_54": {"avail": 1.0, "util": 0.5403128760529483, "br": 0.0}, "DE_FE_56": {"avail": 1.0, "util": 0.798481903175044, "br": 0.0}, "DE_FE_58": {"avail": 1.0, "util": 0.9824122928816069, "br": 0.0}, "DE_FE_59": {"avail": 1.0, "util": 0.7834860686846247, "br": 0.0}, "DE_FE_62": {"avail": 1.0, "util": 0.7721057876080175, "br": 0.0}, "DE_FE_70": {"avail": 1.0, "util": 0.7277187313288397, "br": 0.0}, "DE_FE_71": {"avail": 1.0, "util": 0.8788402398510702, "br": 0.0}, "DE_FE_72": {"avail": 1.0, "util": 0.5034712579838934, "br": 0.0}, "DE_FE_86": {"avail": 1.0, "util": 0.7612833534940858, "br": 0.0}, "DefMEt_FE_118": {"avail": 1.0, "util": 0.4153475886327872, "br": 0.0}, "DefMet_BE_33": {"avail": 1.0, "util": 0.8201425529945385, "br": 0.0}, "DefMet_BE_42": {"avail": 1.0, "util": 0.9683421271868925, "br": 0.0}, "DefMet_FE_10": {"avail": 1.0, "util": 0.4008145885402203, "br": 0.0}, "DefMet_FE_106": {"avail": 1.0, "util": 0.17143386096454688, "br": 0.0}, "DefMet_FE_34": {"avail": 1.0, "util": 0.49407571970748865, "br": 0.0}, "DefMet_FE_43": {"avail": 1.0, "util": 0.8129038230121262, "br": 0.0}, "Delay_32": {"avail": 1.0, "util": 0.19203994260853469, "br": 0.0}, "Dielectric_BE_20": {"avail": 1.0, "util": 0.493770249004906, "br": 0.0}, "Dielectric_BE_21": {"avail": 1.0, "util": 0.8362337622265421, "br": 0.0}, "Dielectric_BE_27": {"avail": 1.0, "util": 0.8768551945447252, "br": 0.0}, "Dielectric_BE_28": {"avail": 1.0, "util": 0.9407880527014102, "br": 0.0}, "Dielectric_BE_60": {"avail": 1.0, "util": 0.8878089419605665, "br": 0.0}, "Dielectric_FE_112": {"avail": 1.0, "util": 0.6787312166373538, "br": 0.0}, "Dielectric_FE_130": {"avail": 1.0, "util": 0.5781033046376006, "br": 0.0}, "Dielectric_FE_29": {"avail": 1.0, "util": 0.25804560461600173, "br": 0.0}, "Dielectric_FE_30": {"avail": 1.0, "util": 0.9284458020920114, "br": 0.0}, "Dielectric_FE_31": {"avail": 1.0, "util": 0.39188188466166807, "br": 0.0}, "Diffusion_BE_123": {"avail": 1.0, "util": 0.0, "br": 0.0}, "Diffusion_FE_100": {"avail": 1.0, "util": 0.0, "br": 0.0}, "Diffusion_FE_101": {"avail": 1.0, "util": 0.0, "br": 0.0}, "Diffusion_FE_120": {"avail": 1.0, "util": 0.0, "br": 0.0}, "Diffusion_FE_122": {"avail": 1.0, "util": 0.0, "br": 0.0}, "Diffusion_FE_125": {"avail": 1.0, "util": 0.0, "br": 0.0}, "Diffusion_FE_126": {"avail": 1.0, "util": 0.0, "br": 0.0}, "Diffusion_FE_127": {"avail": 1.0, "util": 0.0, "br": 0.0}, "Diffusion_FE_44": {"avail": 1.0, "util": 0.0, "br": 0.0}, "Diffusion_FE_94": {"avail": 1.0, "util": 0.0, "br": 0.0}, "EPI_36": {"avail": 1.0, "util": 0.012033694344163659, "br": 0.0}, "EPI_38": {"avail": 1.0, "util": 0.4061834675553087, "br": 0.0}, "Implant_119": {"avail": 1.0, "util": 0.008932703878552254, "br": 0.0}, "Implant_128": {"avail": 1.0, "util": 0.044103910529903305, "br": 0.0}, "Implant_132": {"avail": 1.0, "util": 0.01762737863820896, "br": 0.0}, "Implant_74": {"avail": 1.0, "util": 0.02267888549476997, "br": 0.0}, "Implant_88": {"avail": 1.0, "util": 0.0, "br": 0.0}, "Implant_90": {"avail": 1.0, "util": 0.025363325002314172, "br": 0.0}, "Implant_91": {"avail": 1.0, "util": 0.05091178376376932, "br": 0.0}, "LithoMet_BE_18": {"avail": 1.0, "util": 0.942347664369325, "br": 0.0}, "LithoMet_FE_19": {"avail": 1.0, "util": 0.9439639782600071, "br": 0.0}, "LithoTrack_BE_117": {"avail": 1.0, "util": 0.08236600944182171, "br": 0.0}, "LithoTrack_FE_115": {"avail": 1.0, "util": 0.05740726943509368, "br": 0.0}, "LithoTrack_FE_95": {"avail": 1.0, "util": 0.09455706748125521, "br": 0.0}, "LithoTrack_FE_96": {"avail": 1.0, "util": 0.019948162547440525, "br": 0.0}, "Litho_BE_110": {"avail": 1.0, "util": 0.0871738526737742, "br": 0.0}, "Litho_BE_93": {"avail": 1.0, "util": 0.09252059613070443, "br": 0.0}, "Litho_BE_99": {"avail": 1.0, "util": 0.14304668456293004, "br": 0.0}, "Litho_FE_111": {"avail": 1.0, "util": 0.12490511894844024, "br": 0.0}, "Litho_FE_35": {"avail": 1.0, "util": 0.0394334906970286, "br": 0.0}, "Litho_FE_92": {"avail": 1.0, "util": 0.09041291948817637, "br": 0.0}, "Litho_FE_98": {"avail": 1.0, "util": 0.035985374433027864, "br": 0.0}, "Litho_REG_BE_63": {"avail": 1.0, "util": 0.9257613625844673, "br": 0.0}, "Litho_REG_FE_64": {"avail": 1.0, "util": 0.9347634916226975, "br": 0.0}, "Planar_BE_75": {"avail": 1.0, "util": 0.8010341042832019, "br": 0.0}, "Planar_FE_76": {"avail": 1.0, "util": 0.9275201332963066, "br": 0.0}, "Planar_FE_77": {"avail": 1.0, "util": 0.9564472831620846, "br": 0.0}, "Planar_FE_78": {"avail": 1.0, "util": 0.28320836804591315, "br": 0.0}, "Planar_FE_79": {"avail": 1.0, "util": 0.2146857354438582, "br": 0.0}, "Planar_FE_80": {"avail": 1.0, "util": 0.4331204295103212, "br": 0.0}, "TF_BE_2": {"avail": 1.0, "util": 0.7049662130889568, "br": 0.0}, "TF_BE_23": {"avail": 1.0, "util": 0.7151320400417873, "br": 0.0}, "TF_BE_24": {"avail": 1.0, "util": 0.9590854392298436, "br": 0.0}, "TF_BE_26": {"avail": 1.0, "util": 0.7517569905795399, "br": 0.0}, "TF_BE_40": {"avail": 1.0, "util": 0.8225057309788676, "br": 0.0}, "TF_FE_103": {"avail": 1.0, "util": 0.9738432446013673, "br": 0.0}, "TF_FE_104": {"avail": 1.0, "util": 0.6823104693140795, "br": 0.0}, "TF_FE_113": {"avail": 1.0, "util": 0.14403406461168194, "br": 0.0}, "TF_FE_131": {"avail": 1.0, "util": 0.9543336727452251, "br": 0.0}, "TF_FE_3": {"avail": 1.0, "util": 0.5947113456138727, "br": 0.0}, "TF_FE_5": {"avail": 1.0, "util": 0.474991514702706, "br": 0.0}, "TF_Met_FE_45": {"avail": 1.0, "util": 0.11802277145237434, "br": 0.0}, "TF_Met_FE_61": {"avail": 1.0, "util": 0.9724150698879941, "br": 0.0}, "WE_BE_14": {"avail": 1.0, "util": 0.044024807923724894, "br": 0.0}, "WE_BE_16": {"avail": 1.0, "util": 0.038334259002129036, "br": 0.0}, "WE_BE_17": {"avail": 1.0, "util": 0.04179394612607609, "br": 0.0}, "WE_BE_7": {"avail": 1.0, "util": 0.02267888549476997, "br": 0.0}, "WE_BE_81": {"avail": 1.0, "util": 0.0368107624425314, "br": 0.0}, "WE_BE_82": {"avail": 1.0, "util": 0.04785707673794316, "br": 0.0}, "WE_BE_9": {"avail": 1.0, "util": 0.0565028232898269, "br": 0.0}, "WE_FE_108": {"avail": 1.0, "util": 0.03462320492072764, "br": 0.0}, "WE_FE_41": {"avail": 1.0, "util": 0.03652689067851523, "br": 0.0}, "WE_FE_47": {"avail": 1.0, "util": 0.03287975562343793, "br": 0.0}, "WE_FE_8": {"avail": 1.0, "util": 0.02152179950013885, "br": 0.0}, "WE_FE_83": {"avail": 1.0, "util": 0.047887932364466666, "br": 0.0}, "WE_FE_84": {"avail": 1.0, "util": 0.04125215762506058, "br": 0.0}, "WE_FE_85": {"avail": 1.0, "util": 0.03369434416365824, "br": 0.0}}, "plugins": {"cost": 429200}}