{"lots": {}, "machines": {"DE_BE_11": {"avail": 1.0, "util": 0.7268838086782821, "br": 0.0}, "DE_BE_12": {"avail": 1.0, "util": 0.5694028286415369, "br": 0.0}, "DE_BE_13": {"avail": 1.0, "util": 0.88309526451797, "br": 0.0}, "DE_BE_48": {"avail": 1.0, "util": 0.8600210853401398, "br": 0.0}, "DE_BE_50": {"avail": 1.0, "util": 0.7308228214897841, "br": 0.0}, "DE_BE_65": {"avail": 1.0, "util": 0.7800270257920059, "br": 0.0}, "DE_BE_66": {"avail": 1.0, "util": 0.7234257544872057, "br": 0.0}, "DE_BE_67": {"avail": 1.0, "util": 0.8375873931861059, "br": 0.0}, "DE_BE_69": {"avail": 1.0, "util": 0.8819498390855621, "br": 0.0}, "DE_FE_1": {"avail": 1.0, "util": 0.9012556082248679, "br": 0.0}, "DE_FE_51": {"avail": 1.0, "util": 0.5483385803316414, "br": 0.0}, "DE_FE_53": {"avail": 1.0, "util": 0.5469648207746088, "br": 0.0}, "DE_FE_54": {"avail": 1.0, "util": 0.9825102652313839, "br": 0.0}, "DE_FE_56": {"avail": 1.0, "util": 0.8350349572744423, "br": 0.0}, "DE_FE_58": {"avail": 1.0, "util": 0.6889727370251174, "br": 0.0}, "DE_FE_59": {"avail": 1.0, "util": 0.7666777642141087, "br": 0.0}, "DE_FE_62": {"avail": 1.0, "util": 0.8534846298967929, "br": 0.0}, "DE_FE_70": {"avail": 1.0, "util": 0.9095592566350528, "br": 0.0}, "DE_FE_71": {"avail": 1.0, "util": 0.670511834741665, "br": 0.0}, "DE_FE_72": {"avail": 1.0, "util": 0.7849603570944155, "br": 0.0}, "DE_FE_86": {"avail": 1.0, "util": 0.7597898864350978, "br": 0.0}, "DefMEt_FE_118": {"avail": 1.0, "util": 0.30121518144490067, "br": 0.0}, "DefMet_BE_33": {"avail": 1.0, "util": 0.9146321163022972, "br": 0.0}, "DefMet_BE_42": {"avail": 1.0, "util": 0.9314171568083454, "br": 0.0}, "DefMet_FE_10": {"avail": 1.0, "util": 0.6358062368216624, "br": 0.0}, "DefMet_FE_106": {"avail": 1.0, "util": 0.3639995560981023, "br": 0.0}, "DefMet_FE_34": {"avail": 1.0, "util": 0.5858395294639884, "br": 0.0}, "DefMet_FE_43": {"avail": 1.0, "util": 0.9672067473088447, "br": 0.0}, "Delay_32": {"avail": 1.0, "util": 0.45296249028964597, "br": 0.0}, "Dielectric_BE_20": {"avail": 1.0, "util": 0.9227055820663633, "br": 0.0}, "Dielectric_BE_21": {"avail": 1.0, "util": 0.9214987237820441, "br": 0.0}, "Dielectric_BE_27": {"avail": 1.0, "util": 0.8401028372729628, "br": 0.0}, "Dielectric_BE_28": {"avail": 1.0, "util": 0.8091360559316391, "br": 0.0}, "Dielectric_BE_60": {"avail": 1.0, "util": 0.939851292864277, "br": 0.0}, "Dielectric_FE_112": {"avail": 1.0, "util": 0.8918211075352347, "br": 0.0}, "Dielectric_FE_130": {"avail": 1.0, "util": 0.9917184552213961, "br": 0.0}, "Dielectric_FE_29": {"avail": 1.0, "util": 0.9318980505308327, "br": 0.0}, "Dielectric_FE_30": {"avail": 1.0, "util": 0.9462601265120408, "br": 0.0}, "Dielectric_FE_31": {"avail": 1.0, "util": 0.9394628787038064, "br": 0.0}, "Diffusion_BE_123": {"avail": 1.0, "util": 0.0, "br": 0.0}, "Diffusion_FE_100": {"avail": 1.0, "util": 0.0, "br": 0.0}, "Diffusion_FE_101": {"avail": 1.0, "util": 0.0, "br": 0.0}, "Diffusion_FE_120": {"avail": 1.0, "util": 0.0, "br": 0.0}, "Diffusion_FE_122": {"avail": 1.0, "util": 0.0, "br": 0.0}, "Diffusion_FE_125": {"avail": 1.0, "util": 0.0, "br": 0.0}, "Diffusion_FE_126": {"avail": 1.0, "util": 0.0, "br": 0.0}, "Diffusion_FE_127": {"avail": 1.0, "util": 0.0, "br": 0.0}, "Diffusion_FE_44": {"avail": 1.0, "util": 0.0, "br": 0.0}, "Diffusion_FE_94": {"avail": 1.0, "util": 0.0, "br": 0.0}, "EPI_36": {"avail": 1.0, "util": 0.007102430362889801, "br": 0.0}, "EPI_38": {"avail": 1.0, "util": 0.03545666407723893, "br": 0.0}, "Implant_119": {"avail": 1.0, "util": 0.020308511818888025, "br": 0.0}, "Implant_128": {"avail": 1.0, "util": 0.05083231605815115, "br": 0.0}, "Implant_132": {"avail": 1.0, "util": 0.03248807013649983, "br": 0.0}, "Implant_74": {"avail": 1.0, "util": 0.0068527355454444565, "br": 0.0}, "Implant_88": {"avail": 1.0, "util": 0.021418266563089556, "br": 0.0}, "Implant_90": {"avail": 1.0, "util": 0.03836977028076795, "br": 0.0}, "Implant_91": {"avail": 1.0, "util": 0.040450560426145823, "br": 0.0}, "LithoMet_BE_18": {"avail": 1.0, "util": 0.977851856278224, "br": 0.0}, "LithoMet_FE_19": {"avail": 1.0, "util": 0.9547004278721068, "br": 0.0}, "LithoTrack_BE_117": {"avail": 1.0, "util": 0.0983353678836977, "br": 0.0}, "LithoTrack_FE_115": {"avail": 1.0, "util": 0.046454115993306656, "br": 0.0}, "LithoTrack_FE_95": {"avail": 1.0, "util": 0.05275185204477974, "br": 0.0}, "LithoTrack_FE_96": {"avail": 1.0, "util": 0.0030518255465542114, "br": 0.0}, "Litho_BE_110": {"avail": 1.0, "util": 0.05860892242814338, "br": 0.0}, "Litho_BE_93": {"avail": 1.0, "util": 0.054988347575185885, "br": 0.0}, "Litho_BE_99": {"avail": 1.0, "util": 0.1771353530869678, "br": 0.0}, "Litho_FE_111": {"avail": 1.0, "util": 0.09429384287890558, "br": 0.0}, "Litho_FE_35": {"avail": 1.0, "util": 0.040117634002885365, "br": 0.0}, "Litho_FE_92": {"avail": 1.0, "util": 0.08925622891886348, "br": 0.0}, "Litho_FE_98": {"avail": 1.0, "util": 0.09837975807346576, "br": 0.0}, "Litho_REG_BE_63": {"avail": 1.0, "util": 0.959597991343913, "br": 0.0}, "Litho_REG_FE_64": {"avail": 1.0, "util": 0.9559784073434058, "br": 0.0}, "Planar_BE_75": {"avail": 1.0, "util": 0.7749999999999999, "br": 0.0}, "Planar_FE_76": {"avail": 1.0, "util": 0.12323826434358007, "br": 0.0}, "Planar_FE_77": {"avail": 1.0, "util": 0.9341915436688492, "br": 0.0}, "Planar_FE_78": {"avail": 1.0, "util": 0.8389190988791477, "br": 0.0}, "Planar_FE_79": {"avail": 1.0, "util": 0.8967484185994895, "br": 0.0}, "Planar_FE_80": {"avail": 1.0, "util": 0.9062257241149706, "br": 0.0}, "TF_BE_2": {"avail": 1.0, "util": 0.2653562312728887, "br": 0.0}, "TF_BE_23": {"avail": 1.0, "util": 0.41553014152293394, "br": 0.0}, "TF_BE_24": {"avail": 1.0, "util": 0.232582399289757, "br": 0.0}, "TF_BE_26": {"avail": 1.0, "util": 0.6383901157844117, "br": 0.0}, "TF_BE_40": {"avail": 1.0, "util": 0.591217215995265, "br": 0.0}, "TF_FE_103": {"avail": 1.0, "util": 0.7433553434690934, "br": 0.0}, "TF_FE_104": {"avail": 1.0, "util": 0.36809455110420597, "br": 0.0}, "TF_FE_113": {"avail": 1.0, "util": 0.3923815336810565, "br": 0.0}, "TF_FE_131": {"avail": 1.0, "util": 0.3672918285059002, "br": 0.0}, "TF_FE_3": {"avail": 1.0, "util": 0.815891687936966, "br": 0.0}, "TF_FE_5": {"avail": 1.0, "util": 0.2154450116524248, "br": 0.0}, "TF_Met_FE_45": {"avail": 1.0, "util": 0.08509044501165243, "br": 0.0}, "TF_Met_FE_61": {"avail": 1.0, "util": 0.9863222727777161, "br": 0.0}, "WE_BE_14": {"avail": 1.0, "util": 0.04113860836755077, "br": 0.0}, "WE_BE_16": {"avail": 1.0, "util": 0.04395861847864955, "br": 0.0}, "WE_BE_17": {"avail": 1.0, "util": 0.04142159582732216, "br": 0.0}, "WE_BE_7": {"avail": 1.0, "util": 0.01831095327932527, "br": 0.0}, "WE_BE_81": {"avail": 1.0, "util": 0.04964302889061517, "br": 0.0}, "WE_BE_82": {"avail": 1.0, "util": 0.05902785484407946, "br": 0.0}, "WE_BE_9": {"avail": 1.0, "util": 0.05028774355153226, "br": 0.0}, "WE_FE_108": {"avail": 1.0, "util": 0.043253483837214834, "br": 0.0}, "WE_FE_41": {"avail": 1.0, "util": 0.04251470425036067, "br": 0.0}, "WE_FE_47": {"avail": 1.0, "util": 0.04033033699552399, "br": 0.0}, "WE_FE_8": {"avail": 1.0, "util": 0.05482188436355565, "br": 0.0}, "WE_FE_83": {"avail": 1.0, "util": 0.04354994689030867, "br": 0.0}, "WE_FE_84": {"avail": 1.0, "util": 0.039051036387625006, "br": 0.0}, "WE_FE_85": {"avail": 1.0, "util": 0.026994784152702254, "br": 0.0}}, "plugins": {"cost": 447600.0}}