{"lots": {}, "machines": {"DE_BE_11": {"avail": 1.0, "util": 0.6580667561686959, "br": 0.0}, "DE_BE_12": {"avail": 1.0, "util": 0.943407969795637, "br": 0.0}, "DE_BE_13": {"avail": 1.0, "util": 0.8404174409914884, "br": 0.0}, "DE_BE_48": {"avail": 1.0, "util": 0.8146798759316699, "br": 0.0}, "DE_BE_50": {"avail": 1.0, "util": 0.9354299440869507, "br": 0.0}, "DE_BE_65": {"avail": 1.0, "util": 0.7909328816476361, "br": 0.0}, "DE_BE_66": {"avail": 1.0, "util": 0.7183902304717862, "br": 0.0}, "DE_BE_67": {"avail": 1.0, "util": 0.8653395676126105, "br": 0.0}, "DE_BE_69": {"avail": 1.0, "util": 0.9210221748993103, "br": 0.0}, "DE_FE_1": {"avail": 1.0, "util": 0.5355836700681846, "br": 0.0}, "DE_FE_51": {"avail": 1.0, "util": 0.49607596139554944, "br": 0.0}, "DE_FE_53": {"avail": 1.0, "util": 0.8235266885792324, "br": 0.0}, "DE_FE_54": {"avail": 1.0, "util": 0.8197120503680384, "br": 0.0}, "DE_FE_56": {"avail": 1.0, "util": 0.8984769223647053, "br": 0.0}, "DE_FE_58": {"avail": 1.0, "util": 0.7362930728515655, "br": 0.0}, "DE_FE_59": {"avail": 1.0, "util": 0.7824082218415813, "br": 0.0}, "DE_FE_62": {"avail": 1.0, "util": 0.7441090690245822, "br": 0.0}, "DE_FE_70": {"avail": 1.0, "util": 0.7286414802733492, "br": 0.0}, "DE_FE_71": {"avail": 1.0, "util": 0.7149487126918728, "br": 0.0}, "DE_FE_72": {"avail": 1.0, "util": 0.8707672998678045, "br": 0.0}, "DE_FE_86": {"avail": 1.0, "util": 0.7261251622438605, "br": 0.0}, "DefMEt_FE_118": {"avail": 1.0, "util": 0.24871533725290496, "br": 0.0}, "DefMet_BE_33": {"avail": 1.0, "util": 0.9307207999629646, "br": 0.0}, "DefMet_BE_42": {"avail": 1.0, "util": 0.9556964955326143, "br": 0.0}, "DefMet_FE_10": {"avail": 1.0, "util": 0.47615851118003794, "br": 0.0}, "DefMet_FE_106": {"avail": 1.0, "util": 0.3032729966205268, "br": 0.0}, "DefMet_FE_34": {"avail": 1.0, "util": 0.612286468219064, "br": 0.0}, "DefMet_FE_43": {"avail": 1.0, "util": 0.9801861024952548, "br": 0.0}, "Delay_32": {"avail": 1.0, "util": 0.38708207953335494, "br": 0.0}, "Dielectric_BE_20": {"avail": 1.0, "util": 0.9563816489977316, "br": 0.0}, "Dielectric_BE_21": {"avail": 1.0, "util": 0.9475545113652146, "br": 0.0}, "Dielectric_BE_27": {"avail": 1.0, "util": 0.7274478033424379, "br": 0.0}, "Dielectric_BE_28": {"avail": 1.0, "util": 0.7077797324197954, "br": 0.0}, "Dielectric_BE_60": {"avail": 1.0, "util": 0.8613374380815703, "br": 0.0}, "Dielectric_FE_112": {"avail": 1.0, "util": 0.9169436600157401, "br": 0.0}, "Dielectric_FE_130": {"avail": 1.0, "util": 0.8675987222813759, "br": 0.0}, "Dielectric_FE_29": {"avail": 1.0, "util": 0.9090319892597565, "br": 0.0}, "Dielectric_FE_30": {"avail": 1.0, "util": 0.9292162399888894, "br": 0.0}, "Dielectric_FE_31": {"avail": 1.0, "util": 0.9636706633952132, "br": 0.0}, "Diffusion_BE_123": {"avail": 1.0, "util": 0.0, "br": 0.0}, "Diffusion_FE_100": {"avail": 1.0, "util": 0.0, "br": 0.0}, "Diffusion_FE_101": {"avail": 1.0, "util": 0.0, "br": 0.0}, "Diffusion_FE_120": {"avail": 1.0, "util": 0.0, "br": 0.0}, "Diffusion_FE_122": {"avail": 1.0, "util": 0.0, "br": 0.0}, "Diffusion_FE_125": {"avail": 1.0, "util": 0.0, "br": 0.0}, "Diffusion_FE_126": {"avail": 1.0, "util": 0.0, "br": 0.0}, "Diffusion_FE_127": {"avail": 1.0, "util": 0.7815224603799208, "br": 0.0}, "Diffusion_FE_44": {"avail": 1.0, "util": 0.0, "br": 0.0}, "Diffusion_FE_94": {"avail": 1.0, "util": 0.0, "br": 0.0}, "EPI_36": {"avail": 1.0, "util": 0.01192074440998102, "br": 0.0}, "EPI_38": {"avail": 1.0, "util": 0.029396787185778435, "br": 0.0}, "Implant_119": {"avail": 1.0, "util": 0.01696680709226425, "br": 0.0}, "Implant_128": {"avail": 1.0, "util": 0.039521318457478825, "br": 0.0}, "Implant_132": {"avail": 1.0, "util": 0.035050460626822835, "br": 0.0}, "Implant_74": {"avail": 1.0, "util": 0.005624739595389103, "br": 0.0}, "Implant_88": {"avail": 1.0, "util": 0.02742928568121846, "br": 0.0}, "Implant_90": {"avail": 1.0, "util": 0.04078514883570205, "br": 0.0}, "Implant_91": {"avail": 1.0, "util": 0.03604771384040862, "br": 0.0}, "LithoMet_BE_18": {"avail": 1.0, "util": 0.9714187021256138, "br": 0.0}, "LithoMet_FE_19": {"avail": 1.0, "util": 0.965675457411951, "br": 0.0}, "LithoTrack_BE_117": {"avail": 1.0, "util": 0.08710707837600111, "br": 0.0}, "LithoTrack_FE_115": {"avail": 1.0, "util": 0.04299092906918797, "br": 0.0}, "LithoTrack_FE_95": {"avail": 1.0, "util": 0.04648783266836664, "br": 0.0}, "LithoTrack_FE_96": {"avail": 1.0, "util": 0.0025693254941900837, "br": 0.0}, "Litho_BE_110": {"avail": 1.0, "util": 0.05299027161440938, "br": 0.0}, "Litho_BE_93": {"avail": 1.0, "util": 0.04722003610943938, "br": 0.0}, "Litho_BE_99": {"avail": 1.0, "util": 0.1514436060058948, "br": 0.0}, "Litho_FE_111": {"avail": 1.0, "util": 0.08216791310166617, "br": 0.0}, "Litho_FE_35": {"avail": 1.0, "util": 0.025369195870561547, "br": 0.0}, "Litho_FE_92": {"avail": 1.0, "util": 0.07602762498369184, "br": 0.0}, "Litho_FE_98": {"avail": 1.0, "util": 0.07516318688949586, "br": 0.0}, "Litho_REG_BE_63": {"avail": 1.0, "util": 0.960788852367946, "br": 0.0}, "Litho_REG_FE_64": {"avail": 1.0, "util": 0.9749978506286086, "br": 0.0}, "Planar_BE_75": {"avail": 1.0, "util": 0.6546757094578954, "br": 0.0}, "Planar_FE_76": {"avail": 1.0, "util": 0.8262734749934416, "br": 0.0}, "Planar_FE_77": {"avail": 1.0, "util": 0.9515068746817277, "br": 0.0}, "Planar_FE_78": {"avail": 1.0, "util": 0.7057080690708764, "br": 0.0}, "Planar_FE_79": {"avail": 1.0, "util": 0.8619415767788527, "br": 0.0}, "Planar_FE_80": {"avail": 1.0, "util": 0.6473774362298041, "br": 0.0}, "TF_BE_2": {"avail": 1.0, "util": 0.22287162631359658, "br": 0.0}, "TF_BE_23": {"avail": 1.0, "util": 0.34654828358336237, "br": 0.0}, "TF_BE_24": {"avail": 1.0, "util": 0.1940465719179668, "br": 0.0}, "TF_BE_26": {"avail": 1.0, "util": 0.5639584587133312, "br": 0.0}, "TF_BE_40": {"avail": 1.0, "util": 0.5114385136490595, "br": 0.0}, "TF_FE_103": {"avail": 1.0, "util": 0.7451622610064349, "br": 0.0}, "TF_FE_104": {"avail": 1.0, "util": 0.8472755890930975, "br": 0.0}, "TF_FE_113": {"avail": 1.0, "util": 0.32736910328225544, "br": 0.0}, "TF_FE_131": {"avail": 1.0, "util": 0.5346357421724303, "br": 0.0}, "TF_FE_3": {"avail": 1.0, "util": 0.8996805703439655, "br": 0.0}, "TF_FE_5": {"avail": 1.0, "util": 0.313538725059025, "br": 0.0}, "TF_Met_FE_45": {"avail": 1.0, "util": 0.07122355446507106, "br": 0.0}, "TF_Met_FE_61": {"avail": 1.0, "util": 0.9970603212814222, "br": 0.0}, "WE_BE_14": {"avail": 1.0, "util": 0.0419425026619138, "br": 0.0}, "WE_BE_16": {"avail": 1.0, "util": 0.044637851128291384, "br": 0.0}, "WE_BE_17": {"avail": 1.0, "util": 0.05053006805240498, "br": 0.0}, "WE_BE_7": {"avail": 1.0, "util": 0.015323364659043564, "br": 0.0}, "WE_BE_81": {"avail": 1.0, "util": 0.03769887196580406, "br": 0.0}, "WE_BE_82": {"avail": 1.0, "util": 0.05335864080366649, "br": 0.0}, "WE_BE_9": {"avail": 1.0, "util": 0.0471869688572619, "br": 0.0}, "WE_FE_108": {"avail": 1.0, "util": 0.04180362020276839, "br": 0.0}, "WE_FE_41": {"avail": 1.0, "util": 0.03635016897365863, "br": 0.0}, "WE_FE_47": {"avail": 1.0, "util": 0.03710476366834869, "br": 0.0}, "WE_FE_8": {"avail": 1.0, "util": 0.05166427480209249, "br": 0.0}, "WE_FE_83": {"avail": 1.0, "util": 0.038662231245907924, "br": 0.0}, "WE_FE_84": {"avail": 1.0, "util": 0.03655694952394179, "br": 0.0}, "WE_FE_85": {"avail": 1.0, "util": 0.02240637007545947, "br": 0.0}}, "plugins": {"cost": 447200.0}}