{"lots": {}, "machines": {"DE_BE_11": {"avail": 1.0, "util": 0.6582003723935027, "br": 0.0}, "DE_BE_12": {"avail": 1.0, "util": 0.9367783406298359, "br": 0.0}, "DE_BE_13": {"avail": 1.0, "util": 0.6339512723180902, "br": 0.0}, "DE_BE_48": {"avail": 1.0, "util": 0.7667808536246644, "br": 0.0}, "DE_BE_50": {"avail": 1.0, "util": 0.7708267752985836, "br": 0.0}, "DE_BE_65": {"avail": 1.0, "util": 0.6401595811835604, "br": 0.0}, "DE_BE_66": {"avail": 1.0, "util": 0.7341912785853162, "br": 0.0}, "DE_BE_67": {"avail": 1.0, "util": 0.6406645849290049, "br": 0.0}, "DE_BE_69": {"avail": 1.0, "util": 0.3632688331327346, "br": 0.0}, "DE_FE_1": {"avail": 1.0, "util": 0.7467641885010647, "br": 0.0}, "DE_FE_51": {"avail": 1.0, "util": 0.48686695676326264, "br": 0.0}, "DE_FE_53": {"avail": 1.0, "util": 0.184149615776317, "br": 0.0}, "DE_FE_54": {"avail": 1.0, "util": 0.542295466469154, "br": 0.0}, "DE_FE_56": {"avail": 1.0, "util": 0.8024257013239515, "br": 0.0}, "DE_FE_58": {"avail": 1.0, "util": 0.9843070086103138, "br": 0.0}, "DE_FE_59": {"avail": 1.0, "util": 0.6902833071011943, "br": 0.0}, "DE_FE_62": {"avail": 1.0, "util": 0.8612710152110098, "br": 0.0}, "DE_FE_70": {"avail": 1.0, "util": 0.7037479694641069, "br": 0.0}, "DE_FE_71": {"avail": 1.0, "util": 0.7697538293779382, "br": 0.0}, "DE_FE_72": {"avail": 1.0, "util": 0.3126225686173839, "br": 0.0}, "DE_FE_86": {"avail": 1.0, "util": 0.7754437363772031, "br": 0.0}, "DefMEt_FE_118": {"avail": 1.0, "util": 0.4133876492917323, "br": 0.0}, "DefMet_BE_33": {"avail": 1.0, "util": 0.876354041292473, "br": 0.0}, "DefMet_BE_42": {"avail": 1.0, "util": 0.9588926951208221, "br": 0.0}, "DefMet_FE_10": {"avail": 1.0, "util": 0.28279788908434406, "br": 0.0}, "DefMet_FE_106": {"avail": 1.0, "util": 0.17563188593648738, "br": 0.0}, "DefMet_FE_34": {"avail": 1.0, "util": 0.6294324599574114, "br": 0.0}, "DefMet_FE_43": {"avail": 1.0, "util": 0.767799277844644, "br": 0.0}, "Delay_32": {"avail": 1.0, "util": 0.19848949171373023, "br": 0.0}, "Dielectric_BE_20": {"avail": 1.0, "util": 0.7834644940283307, "br": 0.0}, "Dielectric_BE_21": {"avail": 1.0, "util": 0.8458167453630836, "br": 0.0}, "Dielectric_BE_27": {"avail": 1.0, "util": 0.8459941980680802, "br": 0.0}, "Dielectric_BE_28": {"avail": 1.0, "util": 0.9611764342807764, "br": 0.0}, "Dielectric_BE_60": {"avail": 1.0, "util": 0.8547819646329043, "br": 0.0}, "Dielectric_FE_112": {"avail": 1.0, "util": 0.6456603812404201, "br": 0.0}, "Dielectric_FE_130": {"avail": 1.0, "util": 0.5763586704934728, "br": 0.0}, "Dielectric_FE_29": {"avail": 1.0, "util": 0.7741567138845168, "br": 0.0}, "Dielectric_FE_30": {"avail": 1.0, "util": 0.9214424590315712, "br": 0.0}, "Dielectric_FE_31": {"avail": 1.0, "util": 0.3865614294972688, "br": 0.0}, "Diffusion_BE_123": {"avail": 1.0, "util": 0.0, "br": 0.0}, "Diffusion_FE_100": {"avail": 1.0, "util": 0.0, "br": 0.0}, "Diffusion_FE_101": {"avail": 1.0, "util": 0.0, "br": 0.0}, "Diffusion_FE_120": {"avail": 1.0, "util": 0.0, "br": 0.0}, "Diffusion_FE_122": {"avail": 1.0, "util": 0.0, "br": 0.0}, "Diffusion_FE_125": {"avail": 1.0, "util": 0.0, "br": 0.0}, "Diffusion_FE_126": {"avail": 1.0, "util": 0.0, "br": 0.0}, "Diffusion_FE_127": {"avail": 1.0, "util": 0.0, "br": 0.0}, "Diffusion_FE_44": {"avail": 1.0, "util": 0.0, "br": 0.0}, "Diffusion_FE_94": {"avail": 1.0, "util": 0.0, "br": 0.0}, "EPI_36": {"avail": 1.0, "util": 0.012035922599759281, "br": 0.0}, "EPI_38": {"avail": 1.0, "util": 0.4052402555318952, "br": 0.0}, "Implant_119": {"avail": 1.0, "util": 0.05684658827886307, "br": 0.0}, "Implant_128": {"avail": 1.0, "util": 0.03793419801196859, "br": 0.0}, "Implant_132": {"avail": 1.0, "util": 0.04007565437062706, "br": 0.0}, "Implant_74": {"avail": 1.0, "util": 0.022451624849550968, "br": 0.0}, "Implant_88": {"avail": 1.0, "util": 0.0, "br": 0.0}, "Implant_90": {"avail": 1.0, "util": 0.055689288028886216, "br": 0.0}, "Implant_91": {"avail": 1.0, "util": 0.05002182337614242, "br": 0.0}, "LithoMet_BE_18": {"avail": 1.0, "util": 0.9167501325634831, "br": 0.0}, "LithoMet_FE_19": {"avail": 1.0, "util": 0.9322351105056411, "br": 0.0}, "LithoTrack_BE_117": {"avail": 1.0, "util": 0.09617627997407648, "br": 0.0}, "LithoTrack_FE_115": {"avail": 1.0, "util": 0.057332089847146044, "br": 0.0}, "LithoTrack_FE_95": {"avail": 1.0, "util": 0.09824321822053514, "br": 0.0}, "LithoTrack_FE_96": {"avail": 1.0, "util": 0.02036848439959263, "br": 0.0}, "Litho_BE_110": {"avail": 1.0, "util": 0.08692431860173977, "br": 0.0}, "Litho_BE_93": {"avail": 1.0, "util": 0.09221368391815572, "br": 0.0}, "Litho_BE_99": {"avail": 1.0, "util": 0.1648304169367034, "br": 0.0}, "Litho_FE_111": {"avail": 1.0, "util": 0.12273863531154523, "br": 0.0}, "Litho_FE_35": {"avail": 1.0, "util": 0.07892787704842144, "br": 0.0}, "Litho_FE_92": {"avail": 1.0, "util": 0.09214958728892624, "br": 0.0}, "Litho_FE_98": {"avail": 1.0, "util": 0.0426349412091473, "br": 0.0}, "Litho_REG_BE_63": {"avail": 1.0, "util": 0.9045574483844089, "br": 0.0}, "Litho_REG_FE_64": {"avail": 1.0, "util": 0.9436549084961269, "br": 0.0}, "Planar_BE_75": {"avail": 1.0, "util": 0.7765087888687556, "br": 0.0}, "Planar_FE_76": {"avail": 1.0, "util": 0.9280159244514397, "br": 0.0}, "Planar_FE_77": {"avail": 1.0, "util": 0.9599574113508008, "br": 0.0}, "Planar_FE_78": {"avail": 1.0, "util": 0.2849736135543005, "br": 0.0}, "Planar_FE_79": {"avail": 1.0, "util": 0.31953059901860936, "br": 0.0}, "Planar_FE_80": {"avail": 1.0, "util": 0.4281548004814369, "br": 0.0}, "TF_BE_2": {"avail": 1.0, "util": 0.619850013887603, "br": 0.0}, "TF_BE_23": {"avail": 1.0, "util": 0.6417527477614506, "br": 0.0}, "TF_BE_24": {"avail": 1.0, "util": 0.9621562818257569, "br": 0.0}, "TF_BE_26": {"avail": 1.0, "util": 0.7825130151766574, "br": 0.0}, "TF_BE_40": {"avail": 1.0, "util": 0.8202399559953599, "br": 0.0}, "TF_FE_103": {"avail": 1.0, "util": 0.9039506923962067, "br": 0.0}, "TF_FE_104": {"avail": 1.0, "util": 0.7587260438848255, "br": 0.0}, "TF_FE_113": {"avail": 1.0, "util": 0.14406073511711878, "br": 0.0}, "TF_FE_131": {"avail": 1.0, "util": 0.9450205227910995, "br": 0.0}, "TF_FE_3": {"avail": 1.0, "util": 0.5959941980680801, "br": 0.0}, "TF_FE_5": {"avail": 1.0, "util": 0.4790914421504182, "br": 0.0}, "TF_Met_FE_45": {"avail": 1.0, "util": 0.11822979353763541, "br": 0.0}, "TF_Met_FE_61": {"avail": 1.0, "util": 0.9913433941301731, "br": 0.0}, "WE_BE_14": {"avail": 1.0, "util": 0.045310619387093784, "br": 0.0}, "WE_BE_16": {"avail": 1.0, "util": 0.03780899916674382, "br": 0.0}, "WE_BE_17": {"avail": 1.0, "util": 0.0413850569391723, "br": 0.0}, "WE_BE_7": {"avail": 1.0, "util": 0.022868252939542633, "br": 0.0}, "WE_BE_81": {"avail": 1.0, "util": 0.053143227478937134, "br": 0.0}, "WE_BE_82": {"avail": 1.0, "util": 0.05261858469894763, "br": 0.0}, "WE_BE_9": {"avail": 1.0, "util": 0.05403203407091936, "br": 0.0}, "WE_FE_108": {"avail": 1.0, "util": 0.03902256815301265, "br": 0.0}, "WE_FE_41": {"avail": 1.0, "util": 0.03595963336728081, "br": 0.0}, "WE_FE_47": {"avail": 1.0, "util": 0.038996389223220074, "br": 0.0}, "WE_FE_8": {"avail": 1.0, "util": 0.01972039625960559, "br": 0.0}, "WE_FE_83": {"avail": 1.0, "util": 0.04078326080918433, "br": 0.0}, "WE_FE_84": {"avail": 1.0, "util": 0.042447050109739294, "br": 0.0}, "WE_FE_85": {"avail": 1.0, "util": 0.033793167299324134, "br": 0.0}}, "plugins": {"cost": 429200}}