{"lots": {}, "machines": {"DE_BE_11": {"avail": 1.0, "util": 0.7393726180005864, "br": 0.0}, "DE_BE_12": {"avail": 1.0, "util": 0.0, "br": 0.0}, "DE_BE_13": {"avail": 1.0, "util": 0.8404922393257347, "br": 0.0}, "DE_BE_48": {"avail": 1.0, "util": 0.533360265619674, "br": 0.0}, "DE_BE_50": {"avail": 1.0, "util": 0.5137480905429801, "br": 0.0}, "DE_BE_65": {"avail": 1.0, "util": 0.65540139627072, "br": 0.0}, "DE_BE_66": {"avail": 1.0, "util": 0.7242948283326662, "br": 0.0}, "DE_BE_67": {"avail": 1.0, "util": 0.41726527881228614, "br": 0.0}, "DE_BE_69": {"avail": 1.0, "util": 0.18247465629773643, "br": 0.0}, "DE_FE_1": {"avail": 1.0, "util": 0.0, "br": 0.0}, "DE_FE_51": {"avail": 1.0, "util": 0.030343007915567283, "br": 0.0}, "DE_FE_53": {"avail": 1.0, "util": 0.0, "br": 0.0}, "DE_FE_54": {"avail": 1.0, "util": 0.8105818636300514, "br": 0.0}, "DE_FE_56": {"avail": 1.0, "util": 0.597417025413137, "br": 0.0}, "DE_FE_58": {"avail": 1.0, "util": 0.7358005832523261, "br": 0.0}, "DE_FE_59": {"avail": 1.0, "util": 0.7004235522844049, "br": 0.0}, "DE_FE_62": {"avail": 1.0, "util": 0.15546043441678853, "br": 0.0}, "DE_FE_70": {"avail": 1.0, "util": 0.5830250848998245, "br": 0.0}, "DE_FE_71": {"avail": 1.0, "util": 0.8113610763937108, "br": 0.0}, "DE_FE_72": {"avail": 1.0, "util": 0.14932269508022875, "br": 0.0}, "DE_FE_86": {"avail": 1.0, "util": 0.2259879159909523, "br": 0.0}, "DefMEt_FE_118": {"avail": 1.0, "util": 0.6251215109012637, "br": 0.0}, "DefMet_BE_33": {"avail": 1.0, "util": 0.8018330787390641, "br": 0.0}, "DefMet_BE_42": {"avail": 1.0, "util": 0.8958477989168171, "br": 0.0}, "DefMet_FE_10": {"avail": 1.0, "util": 0.48048882099708373, "br": 0.0}, "DefMet_FE_106": {"avail": 1.0, "util": 0.2616303291209554, "br": 0.0}, "DefMet_FE_34": {"avail": 1.0, "util": 0.5140258297458686, "br": 0.0}, "DefMet_FE_43": {"avail": 1.0, "util": 0.6716844882655187, "br": 0.0}, "Delay_32": {"avail": 1.0, "util": 0.11116754617414248, "br": 0.0}, "Dielectric_BE_20": {"avail": 1.0, "util": 0.9320094431328981, "br": 0.0}, "Dielectric_BE_21": {"avail": 1.0, "util": 0.9528769152432532, "br": 0.0}, "Dielectric_BE_27": {"avail": 1.0, "util": 0.8891936305142804, "br": 0.0}, "Dielectric_BE_28": {"avail": 1.0, "util": 0.8954311901124844, "br": 0.0}, "Dielectric_BE_60": {"avail": 1.0, "util": 0.8317826227838726, "br": 0.0}, "Dielectric_FE_112": {"avail": 1.0, "util": 0.6603558147788117, "br": 0.0}, "Dielectric_FE_130": {"avail": 1.0, "util": 0.8671365088182197, "br": 0.0}, "Dielectric_FE_29": {"avail": 1.0, "util": 0.7780400870249503, "br": 0.0}, "Dielectric_FE_30": {"avail": 1.0, "util": 0.8266907373975837, "br": 0.0}, "Dielectric_FE_31": {"avail": 1.0, "util": 0.4264685460352729, "br": 0.0}, "Diffusion_BE_123": {"avail": 1.0, "util": 0.0, "br": 0.0}, "Diffusion_FE_100": {"avail": 1.0, "util": 0.0, "br": 0.0}, "Diffusion_FE_101": {"avail": 1.0, "util": 0.0, "br": 0.0}, "Diffusion_FE_120": {"avail": 1.0, "util": 0.0, "br": 0.0}, "Diffusion_FE_122": {"avail": 1.0, "util": 0.0, "br": 0.0}, "Diffusion_FE_125": {"avail": 1.0, "util": 0.0, "br": 0.0}, "Diffusion_FE_126": {"avail": 1.0, "util": 0.0, "br": 0.0}, "Diffusion_FE_127": {"avail": 1.0, "util": 0.0, "br": 0.0}, "Diffusion_FE_44": {"avail": 1.0, "util": 0.0, "br": 0.0}, "Diffusion_FE_94": {"avail": 1.0, "util": 0.0, "br": 0.0}, "EPI_36": {"avail": 1.0, "util": 0.007290654075822803, "br": 0.0}, "EPI_38": {"avail": 1.0, "util": 0.6082488543257881, "br": 0.0}, "Implant_119": {"avail": 1.0, "util": 0.08109984724343841, "br": 0.0}, "Implant_128": {"avail": 1.0, "util": 0.04061304616783022, "br": 0.0}, "Implant_132": {"avail": 1.0, "util": 0.03777253159283433, "br": 0.0}, "Implant_74": {"avail": 1.0, "util": 0.03381474795167338, "br": 0.0}, "Implant_88": {"avail": 1.0, "util": 0.0, "br": 0.0}, "Implant_90": {"avail": 1.0, "util": 0.062074711845577, "br": 0.0}, "Implant_91": {"avail": 1.0, "util": 0.055408970976253295, "br": 0.0}, "LithoMet_BE_18": {"avail": 1.0, "util": 0.913168625569681, "br": 0.0}, "LithoMet_FE_19": {"avail": 1.0, "util": 0.9484892971214315, "br": 0.0}, "LithoTrack_BE_117": {"avail": 1.0, "util": 0.12353839744479933, "br": 0.0}, "LithoTrack_FE_115": {"avail": 1.0, "util": 0.07465765256180544, "br": 0.0}, "LithoTrack_FE_95": {"avail": 1.0, "util": 0.13231842799611165, "br": 0.0}, "LithoTrack_FE_96": {"avail": 1.0, "util": 0.030134703513400918, "br": 0.0}, "Litho_BE_110": {"avail": 1.0, "util": 0.1146096858528103, "br": 0.0}, "Litho_BE_93": {"avail": 1.0, "util": 0.13088459936119984, "br": 0.0}, "Litho_BE_99": {"avail": 1.0, "util": 0.22737582743137527, "br": 0.0}, "Litho_FE_111": {"avail": 1.0, "util": 0.17142757950284684, "br": 0.0}, "Litho_FE_35": {"avail": 1.0, "util": 0.05867240661019303, "br": 0.0}, "Litho_FE_92": {"avail": 1.0, "util": 0.12763718714281136, "br": 0.0}, "Litho_FE_98": {"avail": 1.0, "util": 0.02263574503541175, "br": 0.0}, "Litho_REG_BE_63": {"avail": 1.0, "util": 0.9271108179419525, "br": 0.0}, "Litho_REG_FE_64": {"avail": 1.0, "util": 0.8841248900615655, "br": 0.0}, "Planar_BE_75": {"avail": 1.0, "util": 0.7138294284523975, "br": 0.0}, "Planar_FE_76": {"avail": 1.0, "util": 0.934522982919039, "br": 0.0}, "Planar_FE_77": {"avail": 1.0, "util": 0.7093459241771977, "br": 0.0}, "Planar_FE_78": {"avail": 1.0, "util": 0.4248715456186641, "br": 0.0}, "Planar_FE_79": {"avail": 1.0, "util": 0.3156158866824052, "br": 0.0}, "Planar_FE_80": {"avail": 1.0, "util": 0.48784890987362867, "br": 0.0}, "TF_BE_2": {"avail": 1.0, "util": 0.5279475072906541, "br": 0.0}, "TF_BE_23": {"avail": 1.0, "util": 0.6089332830757633, "br": 0.0}, "TF_BE_24": {"avail": 1.0, "util": 0.7238230801277601, "br": 0.0}, "TF_BE_26": {"avail": 1.0, "util": 0.5804535694828711, "br": 0.0}, "TF_BE_40": {"avail": 1.0, "util": 0.5907921285442381, "br": 0.0}, "TF_FE_103": {"avail": 1.0, "util": 0.7231932072926379, "br": 0.0}, "TF_FE_104": {"avail": 1.0, "util": 0.5632273295375643, "br": 0.0}, "TF_FE_113": {"avail": 1.0, "util": 0.21608109984724344, "br": 0.0}, "TF_FE_131": {"avail": 1.0, "util": 0.7152710271721521, "br": 0.0}, "TF_FE_3": {"avail": 1.0, "util": 0.6726380595287692, "br": 0.0}, "TF_FE_5": {"avail": 1.0, "util": 0.5348794148960793, "br": 0.0}, "TF_Met_FE_45": {"avail": 1.0, "util": 0.1779613942507985, "br": 0.0}, "TF_Met_FE_61": {"avail": 1.0, "util": 0.9611859463963338, "br": 0.0}, "WE_BE_14": {"avail": 1.0, "util": 0.04510484654909041, "br": 0.0}, "WE_BE_16": {"avail": 1.0, "util": 0.03990765171503958, "br": 0.0}, "WE_BE_17": {"avail": 1.0, "util": 0.027982224691015137, "br": 0.0}, "WE_BE_7": {"avail": 1.0, "util": 0.03402305235383975, "br": 0.0}, "WE_BE_81": {"avail": 1.0, "util": 0.05587186964773411, "br": 0.0}, "WE_BE_82": {"avail": 1.0, "util": 0.05804749340369393, "br": 0.0}, "WE_BE_9": {"avail": 1.0, "util": 0.0736842105263158, "br": 0.0}, "WE_FE_108": {"avail": 1.0, "util": 0.0350621800611984, "br": 0.0}, "WE_FE_41": {"avail": 1.0, "util": 0.02980141646993473, "br": 0.0}, "WE_FE_47": {"avail": 1.0, "util": 0.033189834745174285, "br": 0.0}, "WE_FE_8": {"avail": 1.0, "util": 0.026107485071517843, "br": 0.0}, "WE_FE_83": {"avail": 1.0, "util": 0.05439059389899551, "br": 0.0}, "WE_FE_84": {"avail": 1.0, "util": 0.0391367212070219, "br": 0.0}, "WE_FE_85": {"avail": 1.0, "util": 0.047979447298986254, "br": 0.0}}, "plugins": {"cost": 429200}}