{"lots": {}, "machines": {"LithoTrack_FE_115": {"avail": 1.0, "util": 0.15794573643410853, "br": 0.0}, "Litho_FE_111": {"avail": 1.0, "util": 0.14050387596899225, "br": 0.0}, "TF_Met_FE_45": {"avail": 1.0, "util": 0.7134205426356589, "br": 0.0}, "WE_FE_108": {"avail": 1.0, "util": 0.11361434108527131, "br": 0.0}, "WE_FE_83": {"avail": 1.0, "util": 0.1504360465116279, "br": 0.0}, "WE_FE_84": {"avail": 1.0, "util": 0.1300872093023256, "br": 0.0}}, "plugins": {"cost": 0.0}}