{"lots": {}, "machines": {"DE_BE_11": {"avail": 1.0, "util": 0.8913242642976125, "br": 0.0}, "DE_BE_12": {"avail": 1.0, "util": 0.0, "br": 0.0}, "DE_BE_13": {"avail": 1.0, "util": 0.7721239523016313, "br": 0.0}, "DE_BE_48": {"avail": 1.0, "util": 0.38685452526374237, "br": 0.0}, "DE_BE_50": {"avail": 1.0, "util": 0.6859306558085014, "br": 0.0}, "DE_BE_65": {"avail": 1.0, "util": 0.42241238527615377, "br": 0.0}, "DE_BE_66": {"avail": 1.0, "util": 0.7735833893451006, "br": 0.0}, "DE_BE_67": {"avail": 1.0, "util": 0.42605496946141036, "br": 0.0}, "DE_BE_69": {"avail": 1.0, "util": 0.5653803442531927, "br": 0.0}, "DE_FE_1": {"avail": 1.0, "util": 0.0, "br": 0.0}, "DE_FE_51": {"avail": 1.0, "util": 0.19196206785703848, "br": 0.0}, "DE_FE_53": {"avail": 1.0, "util": 0.0, "br": 0.0}, "DE_FE_54": {"avail": 1.0, "util": 0.8141032759578013, "br": 0.0}, "DE_FE_56": {"avail": 1.0, "util": 0.29622431982232095, "br": 0.0}, "DE_FE_58": {"avail": 1.0, "util": 0.7309365167499537, "br": 0.0}, "DE_FE_59": {"avail": 1.0, "util": 0.5091893392559689, "br": 0.0}, "DE_FE_62": {"avail": 1.0, "util": 0.26232450226064885, "br": 0.0}, "DE_FE_70": {"avail": 1.0, "util": 0.2687502669457139, "br": 0.0}, "DE_FE_71": {"avail": 1.0, "util": 0.23933628143095104, "br": 0.0}, "DE_FE_72": {"avail": 1.0, "util": 0.11715713492504164, "br": 0.0}, "DE_FE_86": {"avail": 1.0, "util": 0.17450079174121375, "br": 0.0}, "DefMEt_FE_118": {"avail": 1.0, "util": 0.7413936701832315, "br": 0.0}, "DefMet_BE_33": {"avail": 1.0, "util": 0.8530677401443643, "br": 0.0}, "DefMet_BE_42": {"avail": 1.0, "util": 0.9496113270405331, "br": 0.0}, "DefMet_FE_10": {"avail": 1.0, "util": 0.9042198778456413, "br": 0.0}, "DefMet_FE_106": {"avail": 1.0, "util": 0.7895613548028872, "br": 0.0}, "DefMet_FE_34": {"avail": 1.0, "util": 0.8254441976679623, "br": 0.0}, "DefMet_FE_43": {"avail": 1.0, "util": 0.8609800111049417, "br": 0.0}, "Delay_32": {"avail": 1.0, "util": 0.08151374236535258, "br": 0.0}, "Dielectric_BE_20": {"avail": 1.0, "util": 0.8499167129372571, "br": 0.0}, "Dielectric_BE_21": {"avail": 1.0, "util": 0.8726401998889506, "br": 0.0}, "Dielectric_BE_27": {"avail": 1.0, "util": 0.7772071071626874, "br": 0.0}, "Dielectric_BE_28": {"avail": 1.0, "util": 0.78626457523598, "br": 0.0}, "Dielectric_BE_60": {"avail": 1.0, "util": 0.8562257079400333, "br": 0.0}, "Dielectric_FE_112": {"avail": 1.0, "util": 0.7813159355913382, "br": 0.0}, "Dielectric_FE_130": {"avail": 1.0, "util": 0.8330094392004442, "br": 0.0}, "Dielectric_FE_29": {"avail": 1.0, "util": 0.7731352952063669, "br": 0.0}, "Dielectric_FE_30": {"avail": 1.0, "util": 0.8346751804553026, "br": 0.0}, "Dielectric_FE_31": {"avail": 1.0, "util": 0.8861743475846752, "br": 0.0}, "Diffusion_BE_123": {"avail": 1.0, "util": 0.0, "br": 0.0}, "Diffusion_FE_100": {"avail": 1.0, "util": 0.0, "br": 0.0}, "Diffusion_FE_101": {"avail": 1.0, "util": 0.0, "br": 0.0}, "Diffusion_FE_120": {"avail": 1.0, "util": 0.0, "br": 0.0}, "Diffusion_FE_122": {"avail": 1.0, "util": 0.0, "br": 0.0}, "Diffusion_FE_125": {"avail": 1.0, "util": 0.0, "br": 0.0}, "Diffusion_FE_126": {"avail": 1.0, "util": 0.0, "br": 0.0}, "Diffusion_FE_127": {"avail": 1.0, "util": 0.0, "br": 0.0}, "Diffusion_FE_44": {"avail": 1.0, "util": 0.0, "br": 0.0}, "Diffusion_FE_94": {"avail": 1.0, "util": 0.0, "br": 0.0}, "EPI_36": {"avail": 1.0, "util": 0.007218212104386452, "br": 0.0}, "EPI_38": {"avail": 1.0, "util": 0.017490283176013324, "br": 0.0}, "Implant_119": {"avail": 1.0, "util": 0.0417129372570794, "br": 0.0}, "Implant_128": {"avail": 1.0, "util": 0.07959466962798445, "br": 0.0}, "Implant_132": {"avail": 1.0, "util": 0.036542198778456415, "br": 0.0}, "Implant_74": {"avail": 1.0, "util": 0.0, "br": 0.0}, "Implant_88": {"avail": 1.0, "util": 0.003609106052193226, "br": 0.0}, "Implant_90": {"avail": 1.0, "util": 0.0421987784564131, "br": 0.0}, "Implant_91": {"avail": 1.0, "util": 0.047080325744956505, "br": 0.0}, "LithoMet_BE_18": {"avail": 1.0, "util": 0.8783902105667791, "br": 0.0}, "LithoMet_FE_19": {"avail": 1.0, "util": 0.8925519772965637, "br": 0.0}, "LithoTrack_BE_117": {"avail": 1.0, "util": 0.18423098278734037, "br": 0.0}, "LithoTrack_FE_115": {"avail": 1.0, "util": 0.08115861558393485, "br": 0.0}, "LithoTrack_FE_95": {"avail": 1.0, "util": 0.0980832643995966, "br": 0.0}, "LithoTrack_FE_96": {"avail": 1.0, "util": 0.0, "br": 0.0}, "Litho_BE_110": {"avail": 1.0, "util": 0.1235474339652574, "br": 0.0}, "Litho_BE_93": {"avail": 1.0, "util": 0.10855080510827318, "br": 0.0}, "Litho_BE_99": {"avail": 1.0, "util": 0.3571164168054784, "br": 0.0}, "Litho_FE_111": {"avail": 1.0, "util": 0.16666246024935644, "br": 0.0}, "Litho_FE_35": {"avail": 1.0, "util": 0.07558300943920045, "br": 0.0}, "Litho_FE_92": {"avail": 1.0, "util": 0.18504450389514243, "br": 0.0}, "Litho_FE_98": {"avail": 1.0, "util": 0.193364797334814, "br": 0.0}, "Litho_REG_BE_63": {"avail": 1.0, "util": 0.8850985563575792, "br": 0.0}, "Litho_REG_FE_64": {"avail": 1.0, "util": 0.878460379154438, "br": 0.0}, "Planar_BE_75": {"avail": 1.0, "util": 0.6542337590227651, "br": 0.0}, "Planar_FE_76": {"avail": 1.0, "util": 0.3085322968721081, "br": 0.0}, "Planar_FE_77": {"avail": 1.0, "util": 0.7196696279844531, "br": 0.0}, "Planar_FE_78": {"avail": 1.0, "util": 0.6335369239311494, "br": 0.0}, "Planar_FE_79": {"avail": 1.0, "util": 0.6437812326485286, "br": 0.0}, "Planar_FE_80": {"avail": 1.0, "util": 0.9736951693503609, "br": 0.0}, "TF_BE_2": {"avail": 1.0, "util": 0.5299833425874514, "br": 0.0}, "TF_BE_23": {"avail": 1.0, "util": 0.6058841579239604, "br": 0.0}, "TF_BE_24": {"avail": 1.0, "util": 0.5789838978345364, "br": 0.0}, "TF_BE_26": {"avail": 1.0, "util": 0.5582176568573015, "br": 0.0}, "TF_BE_40": {"avail": 1.0, "util": 0.6354224504904682, "br": 0.0}, "TF_FE_103": {"avail": 1.0, "util": 0.7440310938367574, "br": 0.0}, "TF_FE_104": {"avail": 1.0, "util": 0.5858134369794559, "br": 0.0}, "TF_FE_113": {"avail": 1.0, "util": 0.6644919489172681, "br": 0.0}, "TF_FE_131": {"avail": 1.0, "util": 0.23287988154728856, "br": 0.0}, "TF_FE_3": {"avail": 1.0, "util": 0.6814269850083287, "br": 0.0}, "TF_FE_5": {"avail": 1.0, "util": 0.39894503053858965, "br": 0.0}, "TF_Met_FE_45": {"avail": 1.0, "util": 0.21342309827873404, "br": 0.0}, "TF_Met_FE_61": {"avail": 1.0, "util": 0.9659911160466408, "br": 0.0}, "WE_BE_14": {"avail": 1.0, "util": 0.039533592448639646, "br": 0.0}, "WE_BE_16": {"avail": 1.0, "util": 0.04693380220864951, "br": 0.0}, "WE_BE_17": {"avail": 1.0, "util": 0.031163242642976124, "br": 0.0}, "WE_BE_7": {"avail": 1.0, "util": 0.01110494169905608, "br": 0.0}, "WE_BE_81": {"avail": 1.0, "util": 0.05409032019248566, "br": 0.0}, "WE_BE_82": {"avail": 1.0, "util": 0.1068295391449195, "br": 0.0}, "WE_BE_9": {"avail": 1.0, "util": 0.07097247560878876, "br": 0.0}, "WE_FE_108": {"avail": 1.0, "util": 0.03551201713333862, "br": 0.0}, "WE_FE_41": {"avail": 1.0, "util": 0.031538034425319265, "br": 0.0}, "WE_FE_47": {"avail": 1.0, "util": 0.03417083101980381, "br": 0.0}, "WE_FE_8": {"avail": 1.0, "util": 0.05961965574680733, "br": 0.0}, "WE_FE_83": {"avail": 1.0, "util": 0.05225271674466567, "br": 0.0}, "WE_FE_84": {"avail": 1.0, "util": 0.038643654759701405, "br": 0.0}, "WE_FE_85": {"avail": 1.0, "util": 0.038103831204886175, "br": 0.0}}, "plugins": {"cost": 448800}}