{"lots": {}, "machines": {"DE_BE_11": {"avail": 1.0, "util": 0.6748125520688698, "br": 0.0}, "DE_BE_12": {"avail": 1.0, "util": 0.9475042940746912, "br": 0.0}, "DE_BE_13": {"avail": 1.0, "util": 0.5862348642132036, "br": 0.0}, "DE_BE_48": {"avail": 1.0, "util": 0.6486253818383783, "br": 0.0}, "DE_BE_50": {"avail": 1.0, "util": 0.85465971386549, "br": 0.0}, "DE_BE_65": {"avail": 1.0, "util": 0.7700312004835258, "br": 0.0}, "DE_BE_66": {"avail": 1.0, "util": 0.6652343160038391, "br": 0.0}, "DE_BE_67": {"avail": 1.0, "util": 0.6774692215125427, "br": 0.0}, "DE_BE_69": {"avail": 1.0, "util": 0.7450708136628714, "br": 0.0}, "DE_FE_1": {"avail": 1.0, "util": 0.753970457941577, "br": 0.0}, "DE_FE_51": {"avail": 1.0, "util": 0.6721378564433856, "br": 0.0}, "DE_FE_53": {"avail": 1.0, "util": 0.3633990558178284, "br": 0.0}, "DE_FE_54": {"avail": 1.0, "util": 0.5449597334073868, "br": 0.0}, "DE_FE_56": {"avail": 1.0, "util": 0.6008516152920486, "br": 0.0}, "DE_FE_58": {"avail": 1.0, "util": 0.6562683205282484, "br": 0.0}, "DE_FE_59": {"avail": 1.0, "util": 0.6946033509210404, "br": 0.0}, "DE_FE_62": {"avail": 1.0, "util": 0.8409105936181749, "br": 0.0}, "DE_FE_70": {"avail": 1.0, "util": 0.676941590298991, "br": 0.0}, "DE_FE_71": {"avail": 1.0, "util": 0.7544564340593222, "br": 0.0}, "DE_FE_72": {"avail": 1.0, "util": 0.8767729128739958, "br": 0.0}, "DE_FE_86": {"avail": 1.0, "util": 0.7746414747618118, "br": 0.0}, "DefMEt_FE_118": {"avail": 1.0, "util": 0.49338146811071, "br": 0.0}, "DefMet_BE_33": {"avail": 1.0, "util": 0.9395075442006849, "br": 0.0}, "DefMet_BE_42": {"avail": 1.0, "util": 0.9578820697954272, "br": 0.0}, "DefMet_FE_10": {"avail": 1.0, "util": 0.8885957604369157, "br": 0.0}, "DefMet_FE_106": {"avail": 1.0, "util": 0.5167083217624734, "br": 0.0}, "DefMet_FE_34": {"avail": 1.0, "util": 0.6374155327223919, "br": 0.0}, "DefMet_FE_43": {"avail": 1.0, "util": 0.9562004381498966, "br": 0.0}, "Delay_32": {"avail": 1.0, "util": 0.2275897898731834, "br": 0.0}, "Dielectric_BE_20": {"avail": 1.0, "util": 0.8762195686383412, "br": 0.0}, "Dielectric_BE_21": {"avail": 1.0, "util": 0.8743057484032213, "br": 0.0}, "Dielectric_BE_27": {"avail": 1.0, "util": 0.7724952945169551, "br": 0.0}, "Dielectric_BE_28": {"avail": 1.0, "util": 0.9092613163010275, "br": 0.0}, "Dielectric_BE_60": {"avail": 1.0, "util": 0.8162778857724706, "br": 0.0}, "Dielectric_FE_112": {"avail": 1.0, "util": 0.881468110709988, "br": 0.0}, "Dielectric_FE_130": {"avail": 1.0, "util": 0.8864435804869017, "br": 0.0}, "Dielectric_FE_29": {"avail": 1.0, "util": 0.7789811472121942, "br": 0.0}, "Dielectric_FE_30": {"avail": 1.0, "util": 0.9251133944274739, "br": 0.0}, "Dielectric_FE_31": {"avail": 1.0, "util": 0.8192400259187262, "br": 0.0}, "Diffusion_BE_123": {"avail": 1.0, "util": 0.0, "br": 0.0}, "Diffusion_FE_100": {"avail": 1.0, "util": 0.0, "br": 0.0}, "Diffusion_FE_101": {"avail": 1.0, "util": 0.0, "br": 0.0}, "Diffusion_FE_120": {"avail": 1.0, "util": 0.0, "br": 0.0}, "Diffusion_FE_122": {"avail": 1.0, "util": 0.0, "br": 0.0}, "Diffusion_FE_125": {"avail": 1.0, "util": 0.0, "br": 0.0}, "Diffusion_FE_126": {"avail": 1.0, "util": 0.0, "br": 0.0}, "Diffusion_FE_127": {"avail": 1.0, "util": 0.0, "br": 0.0}, "Diffusion_FE_44": {"avail": 1.0, "util": 0.0, "br": 0.0}, "Diffusion_FE_94": {"avail": 1.0, "util": 0.0, "br": 0.0}, "EPI_36": {"avail": 1.0, "util": 0.011848560585022679, "br": 0.0}, "EPI_38": {"avail": 1.0, "util": 0.011848560585022679, "br": 0.0}, "Implant_119": {"avail": 1.0, "util": 0.021197815421642136, "br": 0.0}, "Implant_128": {"avail": 1.0, "util": 0.06408405072665, "br": 0.0}, "Implant_132": {"avail": 1.0, "util": 0.031773581412570584, "br": 0.0}, "Implant_74": {"avail": 1.0, "util": 0.011432009626955475, "br": 0.0}, "Implant_88": {"avail": 1.0, "util": 0.002360455429047487, "br": 0.0}, "Implant_90": {"avail": 1.0, "util": 0.0614181245950199, "br": 0.0}, "Implant_91": {"avail": 1.0, "util": 0.0520225863186152, "br": 0.0}, "LithoMet_BE_18": {"avail": 1.0, "util": 0.9431354538269285, "br": 0.0}, "LithoMet_FE_19": {"avail": 1.0, "util": 0.9280961049914119, "br": 0.0}, "LithoTrack_BE_117": {"avail": 1.0, "util": 0.10763676756456539, "br": 0.0}, "LithoTrack_FE_115": {"avail": 1.0, "util": 0.056756202434690435, "br": 0.0}, "LithoTrack_FE_95": {"avail": 1.0, "util": 0.074812929892868, "br": 0.0}, "LithoTrack_FE_96": {"avail": 1.0, "util": 0.0, "br": 0.0}, "Litho_BE_110": {"avail": 1.0, "util": 0.0909469591780061, "br": 0.0}, "Litho_BE_93": {"avail": 1.0, "util": 0.08392730414391064, "br": 0.0}, "Litho_BE_99": {"avail": 1.0, "util": 0.2171927550988923, "br": 0.0}, "Litho_FE_111": {"avail": 1.0, "util": 0.13295549216126834, "br": 0.0}, "Litho_FE_35": {"avail": 1.0, "util": 0.07831158011663426, "br": 0.0}, "Litho_FE_92": {"avail": 1.0, "util": 0.12845477827427287, "br": 0.0}, "Litho_FE_98": {"avail": 1.0, "util": 0.15038415255021753, "br": 0.0}, "Litho_REG_BE_63": {"avail": 1.0, "util": 0.9249861149680644, "br": 0.0}, "Litho_REG_FE_64": {"avail": 1.0, "util": 0.925900212903823, "br": 0.0}, "Planar_BE_75": {"avail": 1.0, "util": 0.7487642321577339, "br": 0.0}, "Planar_FE_76": {"avail": 1.0, "util": 0.9344009380110464, "br": 0.0}, "Planar_FE_77": {"avail": 1.0, "util": 0.9602888086642599, "br": 0.0}, "Planar_FE_78": {"avail": 1.0, "util": 0.0, "br": 0.0}, "Planar_FE_79": {"avail": 1.0, "util": 0.8512265111543089, "br": 0.0}, "Planar_FE_80": {"avail": 1.0, "util": 0.5417939461260761, "br": 0.0}, "TF_BE_2": {"avail": 1.0, "util": 0.4420994168286587, "br": 0.0}, "TF_BE_23": {"avail": 1.0, "util": 0.7773912704560624, "br": 0.0}, "TF_BE_24": {"avail": 1.0, "util": 0.3877256317689531, "br": 0.0}, "TF_BE_26": {"avail": 1.0, "util": 0.6995279089141905, "br": 0.0}, "TF_BE_40": {"avail": 1.0, "util": 0.8273781974142984, "br": 0.0}, "TF_FE_103": {"avail": 1.0, "util": 0.9761177450708136, "br": 0.0}, "TF_FE_104": {"avail": 1.0, "util": 0.7744145144867166, "br": 0.0}, "TF_FE_113": {"avail": 1.0, "util": 0.4390909932426178, "br": 0.0}, "TF_FE_131": {"avail": 1.0, "util": 0.15182511030886484, "br": 0.0}, "TF_FE_3": {"avail": 1.0, "util": 0.8936406553735073, "br": 0.0}, "TF_FE_5": {"avail": 1.0, "util": 0.44959733407386837, "br": 0.0}, "TF_Met_FE_45": {"avail": 1.0, "util": 0.14287697861705081, "br": 0.0}, "TF_Met_FE_61": {"avail": 1.0, "util": 0.9906507451633806, "br": 0.0}, "WE_BE_14": {"avail": 1.0, "util": 0.037415532722391925, "br": 0.0}, "WE_BE_16": {"avail": 1.0, "util": 0.04032830386621, "br": 0.0}, "WE_BE_17": {"avail": 1.0, "util": 0.045496621308895674, "br": 0.0}, "WE_BE_7": {"avail": 1.0, "util": 0.007590484124780154, "br": 0.0}, "WE_BE_81": {"avail": 1.0, "util": 0.03270696411490635, "br": 0.0}, "WE_BE_82": {"avail": 1.0, "util": 0.07626585207812644, "br": 0.0}, "WE_BE_9": {"avail": 1.0, "util": 0.062019809312228086, "br": 0.0}, "WE_FE_108": {"avail": 1.0, "util": 0.044053900371589905, "br": 0.0}, "WE_FE_41": {"avail": 1.0, "util": 0.0412478015366102, "br": 0.0}, "WE_FE_47": {"avail": 1.0, "util": 0.034033756055416704, "br": 0.0}, "WE_FE_8": {"avail": 1.0, "util": 0.04619087290567435, "br": 0.0}, "WE_FE_83": {"avail": 1.0, "util": 0.04640245434469261, "br": 0.0}, "WE_FE_84": {"avail": 1.0, "util": 0.04711139909695866, "br": 0.0}, "WE_FE_85": {"avail": 1.0, "util": 0.03175043969267796, "br": 0.0}}, "plugins": {"cost": 448600.0}}