{"lots": {}, "machines": {"DE_BE_11": {"avail": 1.0, "util": 0.6003795593408628, "br": 0.0}, "DE_BE_12": {"avail": 1.0, "util": 0.9415951778477237, "br": 0.0}, "DE_BE_13": {"avail": 1.0, "util": 0.5896394847515011, "br": 0.0}, "DE_BE_48": {"avail": 1.0, "util": 0.6484632475467506, "br": 0.0}, "DE_BE_50": {"avail": 1.0, "util": 0.8580406920529119, "br": 0.0}, "DE_BE_65": {"avail": 1.0, "util": 0.7759292941394295, "br": 0.0}, "DE_BE_66": {"avail": 1.0, "util": 0.6659439285122638, "br": 0.0}, "DE_BE_67": {"avail": 1.0, "util": 0.6758100351786707, "br": 0.0}, "DE_BE_69": {"avail": 1.0, "util": 0.7415756341418256, "br": 0.0}, "DE_FE_1": {"avail": 1.0, "util": 0.7508265665088476, "br": 0.0}, "DE_FE_51": {"avail": 1.0, "util": 0.6739785030062659, "br": 0.0}, "DE_FE_53": {"avail": 1.0, "util": 0.9047213478985372, "br": 0.0}, "DE_FE_54": {"avail": 1.0, "util": 0.5447509720422143, "br": 0.0}, "DE_FE_56": {"avail": 1.0, "util": 0.6050268468802074, "br": 0.0}, "DE_FE_58": {"avail": 1.0, "util": 0.6601246682713078, "br": 0.0}, "DE_FE_59": {"avail": 1.0, "util": 0.6941245448373758, "br": 0.0}, "DE_FE_62": {"avail": 1.0, "util": 0.8418480704631417, "br": 0.0}, "DE_FE_70": {"avail": 1.0, "util": 0.6769757737171179, "br": 0.0}, "DE_FE_71": {"avail": 1.0, "util": 0.7764236781548389, "br": 0.0}, "DE_FE_72": {"avail": 1.0, "util": 0.8700343557777367, "br": 0.0}, "DE_FE_86": {"avail": 1.0, "util": 0.7751157193112386, "br": 0.0}, "DefMEt_FE_118": {"avail": 1.0, "util": 0.49583410479540824, "br": 0.0}, "DefMet_BE_33": {"avail": 1.0, "util": 0.8915478615071283, "br": 0.0}, "DefMet_BE_42": {"avail": 1.0, "util": 0.9587113497500462, "br": 0.0}, "DefMet_FE_10": {"avail": 1.0, "util": 0.8901129420477689, "br": 0.0}, "DefMet_FE_106": {"avail": 1.0, "util": 0.5192556933901129, "br": 0.0}, "DefMet_FE_34": {"avail": 1.0, "util": 0.6350675800777634, "br": 0.0}, "DefMet_FE_43": {"avail": 1.0, "util": 0.9553940628278713, "br": 0.0}, "Delay_32": {"avail": 1.0, "util": 0.24038742825402704, "br": 0.0}, "Dielectric_BE_20": {"avail": 1.0, "util": 0.8748009627846696, "br": 0.0}, "Dielectric_BE_21": {"avail": 1.0, "util": 0.8761456211812627, "br": 0.0}, "Dielectric_BE_27": {"avail": 1.0, "util": 0.7730420292538418, "br": 0.0}, "Dielectric_BE_28": {"avail": 1.0, "util": 0.9140668394741714, "br": 0.0}, "Dielectric_BE_60": {"avail": 1.0, "util": 0.8232734678763192, "br": 0.0}, "Dielectric_FE_112": {"avail": 1.0, "util": 0.8862340307350491, "br": 0.0}, "Dielectric_FE_130": {"avail": 1.0, "util": 0.880785965561933, "br": 0.0}, "Dielectric_FE_29": {"avail": 1.0, "util": 0.776245139788928, "br": 0.0}, "Dielectric_FE_30": {"avail": 1.0, "util": 0.923949268653953, "br": 0.0}, "Dielectric_FE_31": {"avail": 1.0, "util": 0.8159600074060359, "br": 0.0}, "Diffusion_BE_123": {"avail": 1.0, "util": 0.0, "br": 0.0}, "Diffusion_FE_100": {"avail": 1.0, "util": 0.0, "br": 0.0}, "Diffusion_FE_101": {"avail": 1.0, "util": 0.0, "br": 0.0}, "Diffusion_FE_120": {"avail": 1.0, "util": 0.0, "br": 0.0}, "Diffusion_FE_122": {"avail": 1.0, "util": 0.0, "br": 0.0}, "Diffusion_FE_125": {"avail": 1.0, "util": 0.0, "br": 0.0}, "Diffusion_FE_126": {"avail": 1.0, "util": 0.0, "br": 0.0}, "Diffusion_FE_127": {"avail": 1.0, "util": 0.0, "br": 0.0}, "Diffusion_FE_44": {"avail": 1.0, "util": 0.0, "br": 0.0}, "Diffusion_FE_94": {"avail": 1.0, "util": 0.0, "br": 0.0}, "EPI_36": {"avail": 1.0, "util": 0.012034808368820588, "br": 0.0}, "EPI_38": {"avail": 1.0, "util": 0.011942232919829661, "br": 0.0}, "Implant_119": {"avail": 1.0, "util": 0.021246065543417885, "br": 0.0}, "Implant_128": {"avail": 1.0, "util": 0.06321051657100536, "br": 0.0}, "Implant_132": {"avail": 1.0, "util": 0.032621273838178116, "br": 0.0}, "Implant_74": {"avail": 1.0, "util": 0.011247917052397704, "br": 0.0}, "Implant_88": {"avail": 1.0, "util": 0.002360673949268654, "br": 0.0}, "Implant_90": {"avail": 1.0, "util": 0.06119237178300315, "br": 0.0}, "Implant_91": {"avail": 1.0, "util": 0.05210454854039376, "br": 0.0}, "LithoMet_BE_18": {"avail": 1.0, "util": 0.9448748807200945, "br": 0.0}, "LithoMet_FE_19": {"avail": 1.0, "util": 0.9340965664794586, "br": 0.0}, "LithoTrack_BE_117": {"avail": 1.0, "util": 0.10672097759674135, "br": 0.0}, "LithoTrack_FE_115": {"avail": 1.0, "util": 0.05732598538397029, "br": 0.0}, "LithoTrack_FE_95": {"avail": 1.0, "util": 0.07457046880963086, "br": 0.0}, "LithoTrack_FE_96": {"avail": 1.0, "util": 0.0, "br": 0.0}, "Litho_BE_110": {"avail": 1.0, "util": 0.09119673605416986, "br": 0.0}, "Litho_BE_93": {"avail": 1.0, "util": 0.08356477195581065, "br": 0.0}, "Litho_BE_99": {"avail": 1.0, "util": 0.21705856940072824, "br": 0.0}, "Litho_FE_111": {"avail": 1.0, "util": 0.13383043544124826, "br": 0.0}, "Litho_FE_35": {"avail": 1.0, "util": 0.07859655619329754, "br": 0.0}, "Litho_FE_92": {"avail": 1.0, "util": 0.1281272267200799, "br": 0.0}, "Litho_FE_98": {"avail": 1.0, "util": 0.14980559155711906, "br": 0.0}, "Litho_REG_BE_63": {"avail": 1.0, "util": 0.9178392890205518, "br": 0.0}, "Litho_REG_FE_64": {"avail": 1.0, "util": 0.9254569259660909, "br": 0.0}, "Planar_BE_75": {"avail": 1.0, "util": 0.7051009072394001, "br": 0.0}, "Planar_FE_76": {"avail": 1.0, "util": 0.9292414984879342, "br": 0.0}, "Planar_FE_77": {"avail": 1.0, "util": 0.9563043880762822, "br": 0.0}, "Planar_FE_78": {"avail": 1.0, "util": 0.0, "br": 0.0}, "Planar_FE_79": {"avail": 1.0, "util": 0.8570449916682096, "br": 0.0}, "Planar_FE_80": {"avail": 1.0, "util": 0.5317070912793928, "br": 0.0}, "TF_BE_2": {"avail": 1.0, "util": 0.44408442880947974, "br": 0.0}, "TF_BE_23": {"avail": 1.0, "util": 0.7727516346875335, "br": 0.0}, "TF_BE_24": {"avail": 1.0, "util": 0.38637289390853546, "br": 0.0}, "TF_BE_26": {"avail": 1.0, "util": 0.6758748379929643, "br": 0.0}, "TF_BE_40": {"avail": 1.0, "util": 0.8242879405048449, "br": 0.0}, "TF_FE_103": {"avail": 1.0, "util": 0.868519718570635, "br": 0.0}, "TF_FE_104": {"avail": 1.0, "util": 0.7714682466209961, "br": 0.0}, "TF_FE_113": {"avail": 1.0, "util": 0.4475560081466395, "br": 0.0}, "TF_FE_131": {"avail": 1.0, "util": 0.15071283095723015, "br": 0.0}, "TF_FE_3": {"avail": 1.0, "util": 0.8933530827624514, "br": 0.0}, "TF_FE_5": {"avail": 1.0, "util": 0.4493843732642103, "br": 0.0}, "TF_Met_FE_45": {"avail": 1.0, "util": 0.14261247917052397, "br": 0.0}, "TF_Met_FE_61": {"avail": 1.0, "util": 0.9669968524347343, "br": 0.0}, "WE_BE_14": {"avail": 1.0, "util": 0.037104239955563785, "br": 0.0}, "WE_BE_16": {"avail": 1.0, "util": 0.04023946182805654, "br": 0.0}, "WE_BE_17": {"avail": 1.0, "util": 0.04573227180151824, "br": 0.0}, "WE_BE_7": {"avail": 1.0, "util": 0.007498611368265136, "br": 0.0}, "WE_BE_81": {"avail": 1.0, "util": 0.03261741652780349, "br": 0.0}, "WE_BE_82": {"avail": 1.0, "util": 0.07676356230327717, "br": 0.0}, "WE_BE_9": {"avail": 1.0, "util": 0.061060121141587535, "br": 0.0}, "WE_FE_108": {"avail": 1.0, "util": 0.043912502975639436, "br": 0.0}, "WE_FE_41": {"avail": 1.0, "util": 0.041159044621366415, "br": 0.0}, "WE_FE_47": {"avail": 1.0, "util": 0.03403690674566438, "br": 0.0}, "WE_FE_8": {"avail": 1.0, "util": 0.04600999814849102, "br": 0.0}, "WE_FE_83": {"avail": 1.0, "util": 0.04548099558282857, "br": 0.0}, "WE_FE_84": {"avail": 1.0, "util": 0.047388343722355945, "br": 0.0}, "WE_FE_85": {"avail": 1.0, "util": 0.032169968524347343, "br": 0.0}}, "plugins": {"cost": 448600.0}}