{"lots": {}, "machines": {"DE_BE_11": {"avail": 1.0, "util": 0.681946116100361, "br": 0.0}, "DE_BE_12": {"avail": 1.0, "util": 0.9418366612144966, "br": 0.0}, "DE_BE_13": {"avail": 1.0, "util": 0.7891156462585034, "br": 0.0}, "DE_BE_48": {"avail": 1.0, "util": 0.6750023146005, "br": 0.0}, "DE_BE_50": {"avail": 1.0, "util": 0.8823154234690204, "br": 0.0}, "DE_BE_65": {"avail": 1.0, "util": 0.7345343840711916, "br": 0.0}, "DE_BE_66": {"avail": 1.0, "util": 0.6703326690023828, "br": 0.0}, "DE_BE_67": {"avail": 1.0, "util": 0.6792796963244143, "br": 0.0}, "DE_BE_69": {"avail": 1.0, "util": 0.7477548375150449, "br": 0.0}, "DE_FE_1": {"avail": 1.0, "util": 0.7532106815506501, "br": 0.0}, "DE_FE_51": {"avail": 1.0, "util": 0.677827101779075, "br": 0.0}, "DE_FE_53": {"avail": 1.0, "util": 0.37250254606054994, "br": 0.0}, "DE_FE_54": {"avail": 1.0, "util": 0.5429682436811407, "br": 0.0}, "DE_FE_56": {"avail": 1.0, "util": 0.5970280529580594, "br": 0.0}, "DE_FE_58": {"avail": 1.0, "util": 0.6515137487269698, "br": 0.0}, "DE_FE_59": {"avail": 1.0, "util": 0.736154059809277, "br": 0.0}, "DE_FE_62": {"avail": 1.0, "util": 0.8119750816723319, "br": 0.0}, "DE_FE_70": {"avail": 1.0, "util": 0.7465690498742994, "br": 0.0}, "DE_FE_71": {"avail": 1.0, "util": 0.7767402489187509, "br": 0.0}, "DE_FE_72": {"avail": 1.0, "util": 0.8750630085691653, "br": 0.0}, "DE_FE_86": {"avail": 1.0, "util": 0.7657967197824619, "br": 0.0}, "DefMEt_FE_118": {"avail": 1.0, "util": 0.5012035922599759, "br": 0.0}, "DefMet_BE_33": {"avail": 1.0, "util": 0.9050087954818998, "br": 0.0}, "DefMet_BE_42": {"avail": 1.0, "util": 0.996296639200074, "br": 0.0}, "DefMet_FE_10": {"avail": 1.0, "util": 0.7668271456346635, "br": 0.0}, "DefMet_FE_106": {"avail": 1.0, "util": 0.5185630960096287, "br": 0.0}, "DefMet_FE_34": {"avail": 1.0, "util": 0.7064623645958708, "br": 0.0}, "DefMet_FE_43": {"avail": 1.0, "util": 0.9535073912909299, "br": 0.0}, "Delay_32": {"avail": 1.0, "util": 0.22124155170817517, "br": 0.0}, "Dielectric_BE_20": {"avail": 1.0, "util": 0.9323025645773538, "br": 0.0}, "Dielectric_BE_21": {"avail": 1.0, "util": 0.8637741875752245, "br": 0.0}, "Dielectric_BE_27": {"avail": 1.0, "util": 0.7916304045921674, "br": 0.0}, "Dielectric_BE_28": {"avail": 1.0, "util": 0.8414961577631701, "br": 0.0}, "Dielectric_BE_60": {"avail": 1.0, "util": 0.8797796500324044, "br": 0.0}, "Dielectric_FE_112": {"avail": 1.0, "util": 0.8106749375057866, "br": 0.0}, "Dielectric_FE_130": {"avail": 1.0, "util": 0.8563790389778724, "br": 0.0}, "Dielectric_FE_29": {"avail": 1.0, "util": 0.7759158102644816, "br": 0.0}, "Dielectric_FE_30": {"avail": 1.0, "util": 0.9202388667715953, "br": 0.0}, "Dielectric_FE_31": {"avail": 1.0, "util": 0.8722109063975558, "br": 0.0}, "Diffusion_BE_123": {"avail": 1.0, "util": 0.0, "br": 0.0}, "Diffusion_FE_100": {"avail": 1.0, "util": 0.0, "br": 0.0}, "Diffusion_FE_101": {"avail": 1.0, "util": 0.0, "br": 0.0}, "Diffusion_FE_120": {"avail": 1.0, "util": 0.0, "br": 0.0}, "Diffusion_FE_122": {"avail": 1.0, "util": 0.0, "br": 0.0}, "Diffusion_FE_125": {"avail": 1.0, "util": 0.0, "br": 0.0}, "Diffusion_FE_126": {"avail": 1.0, "util": 0.0, "br": 0.0}, "Diffusion_FE_127": {"avail": 1.0, "util": 0.0, "br": 0.0}, "Diffusion_FE_44": {"avail": 1.0, "util": 0.0, "br": 0.0}, "Diffusion_FE_94": {"avail": 1.0, "util": 0.0, "br": 0.0}, "EPI_36": {"avail": 1.0, "util": 0.011989630589760207, "br": 0.0}, "EPI_38": {"avail": 1.0, "util": 0.011758170539764837, "br": 0.0}, "Implant_119": {"avail": 1.0, "util": 0.0275900379594482, "br": 0.0}, "Implant_128": {"avail": 1.0, "util": 0.06282751597074346, "br": 0.0}, "Implant_132": {"avail": 1.0, "util": 0.04151235996666975, "br": 0.0}, "Implant_74": {"avail": 1.0, "util": 0.01134154244977317, "br": 0.0}, "Implant_88": {"avail": 1.0, "util": 0.0024071845199518565, "br": 0.0}, "Implant_90": {"avail": 1.0, "util": 0.04184797703916304, "br": 0.0}, "Implant_91": {"avail": 1.0, "util": 0.05206308057895874, "br": 0.0}, "LithoMet_BE_18": {"avail": 1.0, "util": 0.9583656783916018, "br": 0.0}, "LithoMet_FE_19": {"avail": 1.0, "util": 0.9715972800872348, "br": 0.0}, "LithoTrack_BE_117": {"avail": 1.0, "util": 0.1390241644292195, "br": 0.0}, "LithoTrack_FE_115": {"avail": 1.0, "util": 0.06023044344114833, "br": 0.0}, "LithoTrack_FE_95": {"avail": 1.0, "util": 0.07753061413436775, "br": 0.0}, "LithoTrack_FE_96": {"avail": 1.0, "util": 0.0, "br": 0.0}, "Litho_BE_110": {"avail": 1.0, "util": 0.09104977052389329, "br": 0.0}, "Litho_BE_93": {"avail": 1.0, "util": 0.0800851772983983, "br": 0.0}, "Litho_BE_99": {"avail": 1.0, "util": 0.25556275653488875, "br": 0.0}, "Litho_FE_111": {"avail": 1.0, "util": 0.13327890515187987, "br": 0.0}, "Litho_FE_35": {"avail": 1.0, "util": 0.06138320525877233, "br": 0.0}, "Litho_FE_92": {"avail": 1.0, "util": 0.13102322175556136, "br": 0.0}, "Litho_FE_98": {"avail": 1.0, "util": 0.15026386445699472, "br": 0.0}, "Litho_REG_BE_63": {"avail": 1.0, "util": 0.939102860846218, "br": 0.0}, "Litho_REG_FE_64": {"avail": 1.0, "util": 0.9563929265808722, "br": 0.0}, "Planar_BE_75": {"avail": 1.0, "util": 0.7354087584482918, "br": 0.0}, "Planar_FE_76": {"avail": 1.0, "util": 0.7270623090454588, "br": 0.0}, "Planar_FE_77": {"avail": 1.0, "util": 0.9549115822609018, "br": 0.0}, "Planar_FE_78": {"avail": 1.0, "util": 0.7054439403758911, "br": 0.0}, "Planar_FE_79": {"avail": 1.0, "util": 0.8489399129710211, "br": 0.0}, "Planar_FE_80": {"avail": 1.0, "util": 0.8674659753726507, "br": 0.0}, "TF_BE_2": {"avail": 1.0, "util": 0.3555689288028886, "br": 0.0}, "TF_BE_23": {"avail": 1.0, "util": 0.6515624771585476, "br": 0.0}, "TF_BE_24": {"avail": 1.0, "util": 0.38616794741227667, "br": 0.0}, "TF_BE_26": {"avail": 1.0, "util": 0.6253556769434928, "br": 0.0}, "TF_BE_40": {"avail": 1.0, "util": 0.8210080856710799, "br": 0.0}, "TF_FE_103": {"avail": 1.0, "util": 0.746852143320063, "br": 0.0}, "TF_FE_104": {"avail": 1.0, "util": 0.7037126192019257, "br": 0.0}, "TF_FE_113": {"avail": 1.0, "util": 0.443199703731136, "br": 0.0}, "TF_FE_131": {"avail": 1.0, "util": 0.15486220411690277, "br": 0.0}, "TF_FE_3": {"avail": 1.0, "util": 0.8996389223220073, "br": 0.0}, "TF_FE_5": {"avail": 1.0, "util": 0.6206138320525877, "br": 0.0}, "TF_Met_FE_45": {"avail": 1.0, "util": 0.14072771039718546, "br": 0.0}, "TF_Met_FE_61": {"avail": 1.0, "util": 0.9683825571706324, "br": 0.0}, "WE_BE_14": {"avail": 1.0, "util": 0.04314415331913712, "br": 0.0}, "WE_BE_16": {"avail": 1.0, "util": 0.04718698885905626, "br": 0.0}, "WE_BE_17": {"avail": 1.0, "util": 0.04601425793907971, "br": 0.0}, "WE_BE_7": {"avail": 1.0, "util": 0.007406721599851866, "br": 0.0}, "WE_BE_81": {"avail": 1.0, "util": 0.0558898867388822, "br": 0.0}, "WE_BE_82": {"avail": 1.0, "util": 0.08487177113230257, "br": 0.0}, "WE_BE_9": {"avail": 1.0, "util": 0.061369978970201175, "br": 0.0}, "WE_FE_108": {"avail": 1.0, "util": 0.043789596201409924, "br": 0.0}, "WE_FE_41": {"avail": 1.0, "util": 0.03949634293121008, "br": 0.0}, "WE_FE_47": {"avail": 1.0, "util": 0.03521278893929574, "br": 0.0}, "WE_FE_8": {"avail": 1.0, "util": 0.04832885843903342, "br": 0.0}, "WE_FE_83": {"avail": 1.0, "util": 0.04709881360191517, "br": 0.0}, "WE_FE_84": {"avail": 1.0, "util": 0.048976946579020464, "br": 0.0}, "WE_FE_85": {"avail": 1.0, "util": 0.0317100268493658, "br": 0.0}}, "plugins": {"cost": 448600.0}}