{"lots": {}, "machines": {"DE_BE_11": {"avail": 1.0, "util": 0.7281508228595237, "br": 0.0}, "DE_BE_12": {"avail": 1.0, "util": 0.7063089754569513, "br": 0.0}, "DE_BE_13": {"avail": 1.0, "util": 0.8484099979829444, "br": 0.0}, "DE_BE_48": {"avail": 1.0, "util": 0.885077425178807, "br": 0.0}, "DE_BE_50": {"avail": 1.0, "util": 0.7081606987169101, "br": 0.0}, "DE_BE_65": {"avail": 1.0, "util": 0.7147256930687003, "br": 0.0}, "DE_BE_66": {"avail": 1.0, "util": 0.6831031470767747, "br": 0.0}, "DE_BE_67": {"avail": 1.0, "util": 0.7862370668703562, "br": 0.0}, "DE_BE_69": {"avail": 1.0, "util": 0.8328935490590931, "br": 0.0}, "DE_FE_1": {"avail": 1.0, "util": 0.5653476445088139, "br": 0.0}, "DE_FE_51": {"avail": 1.0, "util": 0.6134954078481393, "br": 0.0}, "DE_FE_53": {"avail": 1.0, "util": 0.6814249010485384, "br": 0.0}, "DE_FE_54": {"avail": 1.0, "util": 0.8210540934657315, "br": 0.0}, "DE_FE_56": {"avail": 1.0, "util": 0.7502603985834317, "br": 0.0}, "DE_FE_58": {"avail": 1.0, "util": 0.4890864060366178, "br": 0.0}, "DE_FE_59": {"avail": 1.0, "util": 0.7410966831007105, "br": 0.0}, "DE_FE_62": {"avail": 1.0, "util": 0.807215768746218, "br": 0.0}, "DE_FE_70": {"avail": 1.0, "util": 0.8567514008108412, "br": 0.0}, "DE_FE_71": {"avail": 1.0, "util": 0.6356999017925343, "br": 0.0}, "DE_FE_72": {"avail": 1.0, "util": 0.9312161964061139, "br": 0.0}, "DE_FE_86": {"avail": 1.0, "util": 0.6697261249861763, "br": 0.0}, "DefMEt_FE_118": {"avail": 1.0, "util": 0.37594611485313517, "br": 0.0}, "DefMet_BE_33": {"avail": 1.0, "util": 0.9112908825775988, "br": 0.0}, "DefMet_BE_42": {"avail": 1.0, "util": 0.977709881258246, "br": 0.0}, "DefMet_FE_10": {"avail": 1.0, "util": 0.9322963683077564, "br": 0.0}, "DefMet_FE_106": {"avail": 1.0, "util": 0.39115339212554684, "br": 0.0}, "DefMet_FE_34": {"avail": 1.0, "util": 0.5927713353239359, "br": 0.0}, "DefMet_FE_43": {"avail": 1.0, "util": 0.9364858921834133, "br": 0.0}, "Delay_32": {"avail": 1.0, "util": 0.4022442885910701, "br": 0.0}, "Dielectric_BE_20": {"avail": 1.0, "util": 0.8775223942781751, "br": 0.0}, "Dielectric_BE_21": {"avail": 1.0, "util": 0.9454378168182765, "br": 0.0}, "Dielectric_BE_27": {"avail": 1.0, "util": 0.7999305603777515, "br": 0.0}, "Dielectric_BE_28": {"avail": 1.0, "util": 0.8242483160891605, "br": 0.0}, "Dielectric_BE_60": {"avail": 1.0, "util": 0.9078015415596139, "br": 0.0}, "Dielectric_FE_112": {"avail": 1.0, "util": 0.9342129018818138, "br": 0.0}, "Dielectric_FE_130": {"avail": 1.0, "util": 0.8851295048954934, "br": 0.0}, "Dielectric_FE_29": {"avail": 1.0, "util": 0.9705344536259055, "br": 0.0}, "Dielectric_FE_30": {"avail": 1.0, "util": 0.9744809388236928, "br": 0.0}, "Dielectric_FE_31": {"avail": 1.0, "util": 0.9241198527880008, "br": 0.0}, "Diffusion_BE_123": {"avail": 1.0, "util": 0.0, "br": 0.0}, "Diffusion_FE_100": {"avail": 1.0, "util": 0.0, "br": 0.0}, "Diffusion_FE_101": {"avail": 1.0, "util": 0.0, "br": 0.0}, "Diffusion_FE_120": {"avail": 1.0, "util": 0.0, "br": 0.0}, "Diffusion_FE_122": {"avail": 1.0, "util": 0.0, "br": 0.0}, "Diffusion_FE_125": {"avail": 1.0, "util": 0.0, "br": 0.0}, "Diffusion_FE_126": {"avail": 1.0, "util": 0.0, "br": 0.0}, "Diffusion_FE_127": {"avail": 1.0, "util": 0.0, "br": 0.0}, "Diffusion_FE_44": {"avail": 1.0, "util": 0.0, "br": 0.0}, "Diffusion_FE_94": {"avail": 1.0, "util": 0.0, "br": 0.0}, "EPI_36": {"avail": 1.0, "util": 0.0090965905145476, "br": 0.0}, "EPI_38": {"avail": 1.0, "util": 0.017637664051107563, "br": 0.0}, "Implant_119": {"avail": 1.0, "util": 0.01586695368377196, "br": 0.0}, "Implant_128": {"avail": 1.0, "util": 0.05955836400249983, "br": 0.0}, "Implant_132": {"avail": 1.0, "util": 0.03453753211582529, "br": 0.0}, "Implant_74": {"avail": 1.0, "util": 0.008610513158808416, "br": 0.0}, "Implant_88": {"avail": 1.0, "util": 0.0160405527393931, "br": 0.0}, "Implant_90": {"avail": 1.0, "util": 0.06339837511283938, "br": 0.0}, "Implant_91": {"avail": 1.0, "util": 0.04664027961021225, "br": 0.0}, "LithoMet_BE_18": {"avail": 1.0, "util": 0.9461362191728138, "br": 0.0}, "LithoMet_FE_19": {"avail": 1.0, "util": 0.9455516206436281, "br": 0.0}, "LithoTrack_BE_117": {"avail": 1.0, "util": 0.08531351989445177, "br": 0.0}, "LithoTrack_FE_115": {"avail": 1.0, "util": 0.0494941119285017, "br": 0.0}, "LithoTrack_FE_95": {"avail": 1.0, "util": 0.05864246955639418, "br": 0.0}, "LithoTrack_FE_96": {"avail": 1.0, "util": 0.0, "br": 0.0}, "Litho_BE_110": {"avail": 1.0, "util": 0.07073665519259575, "br": 0.0}, "Litho_BE_93": {"avail": 1.0, "util": 0.06589820151378377, "br": 0.0}, "Litho_BE_99": {"avail": 1.0, "util": 0.1657755248478115, "br": 0.0}, "Litho_FE_111": {"avail": 1.0, "util": 0.10881504440979477, "br": 0.0}, "Litho_FE_35": {"avail": 1.0, "util": 0.06725227414762863, "br": 0.0}, "Litho_FE_92": {"avail": 1.0, "util": 0.10332405367472378, "br": 0.0}, "Litho_FE_98": {"avail": 1.0, "util": 0.11250607596694674, "br": 0.0}, "Litho_REG_BE_63": {"avail": 1.0, "util": 0.9738212624123325, "br": 0.0}, "Litho_REG_FE_64": {"avail": 1.0, "util": 0.9338637197813644, "br": 0.0}, "Planar_BE_75": {"avail": 1.0, "util": 0.8193042149850704, "br": 0.0}, "Planar_FE_76": {"avail": 1.0, "util": 0.9263245607943893, "br": 0.0}, "Planar_FE_77": {"avail": 1.0, "util": 0.8975765571835289, "br": 0.0}, "Planar_FE_78": {"avail": 1.0, "util": 0.0, "br": 0.0}, "Planar_FE_79": {"avail": 1.0, "util": 0.9679744462190125, "br": 0.0}, "Planar_FE_80": {"avail": 1.0, "util": 0.4062565099645858, "br": 0.0}, "TF_BE_2": {"avail": 1.0, "util": 0.3982188736893271, "br": 0.0}, "TF_BE_23": {"avail": 1.0, "util": 0.8199649878115189, "br": 0.0}, "TF_BE_24": {"avail": 1.0, "util": 0.2886605096868273, "br": 0.0}, "TF_BE_26": {"avail": 1.0, "util": 0.8211976020183784, "br": 0.0}, "TF_BE_40": {"avail": 1.0, "util": 0.7737049510450663, "br": 0.0}, "TF_FE_103": {"avail": 1.0, "util": 0.7435768349420179, "br": 0.0}, "TF_FE_104": {"avail": 1.0, "util": 0.8673564335810012, "br": 0.0}, "TF_FE_113": {"avail": 1.0, "util": 0.3283105339906951, "br": 0.0}, "TF_FE_131": {"avail": 1.0, "util": 0.3426266694442516, "br": 0.0}, "TF_FE_3": {"avail": 1.0, "util": 0.6656134990625651, "br": 0.0}, "TF_FE_5": {"avail": 1.0, "util": 0.4019165335740574, "br": 0.0}, "TF_Met_FE_45": {"avail": 1.0, "util": 0.10662453996250261, "br": 0.0}, "TF_Met_FE_61": {"avail": 1.0, "util": 0.9889591000624957, "br": 0.0}, "WE_BE_14": {"avail": 1.0, "util": 0.03513644885771822, "br": 0.0}, "WE_BE_16": {"avail": 1.0, "util": 0.04404786704626994, "br": 0.0}, "WE_BE_17": {"avail": 1.0, "util": 0.036941879036178044, "br": 0.0}, "WE_BE_7": {"avail": 1.0, "util": 0.005555169779876397, "br": 0.0}, "WE_BE_81": {"avail": 1.0, "util": 0.03344675138300581, "br": 0.0}, "WE_BE_82": {"avail": 1.0, "util": 0.061287410596486354, "br": 0.0}, "WE_BE_9": {"avail": 1.0, "util": 0.05661313202456179, "br": 0.0}, "WE_FE_108": {"avail": 1.0, "util": 0.04255061652464611, "br": 0.0}, "WE_FE_41": {"avail": 1.0, "util": 0.0373168529963197, "br": 0.0}, "WE_FE_47": {"avail": 1.0, "util": 0.027891581603129413, "br": 0.0}, "WE_FE_8": {"avail": 1.0, "util": 0.05051732518575099, "br": 0.0}, "WE_FE_83": {"avail": 1.0, "util": 0.0390151477575962, "br": 0.0}, "WE_FE_84": {"avail": 1.0, "util": 0.03957286916803617, "br": 0.0}, "WE_FE_85": {"avail": 1.0, "util": 0.023783070620095825, "br": 0.0}}, "plugins": {"cost": 448200.0}}