{"lots": {}, "machines": {"DE_BE_11": {"avail": 1.0, "util": 0.8979311302415995, "br": 0.0}, "DE_BE_12": {"avail": 1.0, "util": 0.0, "br": 0.0}, "DE_BE_13": {"avail": 1.0, "util": 0.7767948056756722, "br": 0.0}, "DE_BE_48": {"avail": 1.0, "util": 0.48847542349347406, "br": 0.0}, "DE_BE_50": {"avail": 1.0, "util": 0.6828195871517172, "br": 0.0}, "DE_BE_65": {"avail": 1.0, "util": 0.428173546563863, "br": 0.0}, "DE_BE_66": {"avail": 1.0, "util": 0.774302459843026, "br": 0.0}, "DE_BE_67": {"avail": 1.0, "util": 0.4254373785059706, "br": 0.0}, "DE_BE_69": {"avail": 1.0, "util": 0.5479727853374062, "br": 0.0}, "DE_FE_1": {"avail": 1.0, "util": 0.0, "br": 0.0}, "DE_FE_51": {"avail": 1.0, "util": 0.1923807714231427, "br": 0.0}, "DE_FE_53": {"avail": 1.0, "util": 0.0, "br": 0.0}, "DE_FE_54": {"avail": 1.0, "util": 0.8200222160510969, "br": 0.0}, "DE_FE_56": {"avail": 1.0, "util": 0.3053318522632602, "br": 0.0}, "DE_FE_58": {"avail": 1.0, "util": 0.7239192816810146, "br": 0.0}, "DE_FE_59": {"avail": 1.0, "util": 0.5066092752013329, "br": 0.0}, "DE_FE_62": {"avail": 1.0, "util": 0.26214940294362676, "br": 0.0}, "DE_FE_70": {"avail": 1.0, "util": 0.2661012966483669, "br": 0.0}, "DE_FE_71": {"avail": 1.0, "util": 0.23944737572896418, "br": 0.0}, "DE_FE_72": {"avail": 1.0, "util": 0.11566231602332686, "br": 0.0}, "DE_FE_86": {"avail": 1.0, "util": 0.17510259495819064, "br": 0.0}, "DefMEt_FE_118": {"avail": 1.0, "util": 0.7563871146903638, "br": 0.0}, "DefMet_BE_33": {"avail": 1.0, "util": 0.91634268258817, "br": 0.0}, "DefMet_BE_42": {"avail": 1.0, "util": 0.9583449041932797, "br": 0.0}, "DefMet_FE_10": {"avail": 1.0, "util": 0.91634268258817, "br": 0.0}, "DefMet_FE_106": {"avail": 1.0, "util": 0.7738128297695085, "br": 0.0}, "DefMet_FE_34": {"avail": 1.0, "util": 0.83268536517634, "br": 0.0}, "DefMet_FE_43": {"avail": 1.0, "util": 0.8582801073775803, "br": 0.0}, "Delay_32": {"avail": 1.0, "util": 0.09134094695917801, "br": 0.0}, "Dielectric_BE_20": {"avail": 1.0, "util": 0.8482921410719244, "br": 0.0}, "Dielectric_BE_21": {"avail": 1.0, "util": 0.8753124132185504, "br": 0.0}, "Dielectric_BE_27": {"avail": 1.0, "util": 0.7766176062204942, "br": 0.0}, "Dielectric_BE_28": {"avail": 1.0, "util": 0.7918633712857539, "br": 0.0}, "Dielectric_BE_60": {"avail": 1.0, "util": 0.8537559011385726, "br": 0.0}, "Dielectric_FE_112": {"avail": 1.0, "util": 0.7552485420716468, "br": 0.0}, "Dielectric_FE_130": {"avail": 1.0, "util": 0.8240072202166066, "br": 0.0}, "Dielectric_FE_29": {"avail": 1.0, "util": 0.7797371100620198, "br": 0.0}, "Dielectric_FE_30": {"avail": 1.0, "util": 0.8312274368231047, "br": 0.0}, "Dielectric_FE_31": {"avail": 1.0, "util": 0.8813524021105249, "br": 0.0}, "Diffusion_BE_123": {"avail": 1.0, "util": 0.0, "br": 0.0}, "Diffusion_FE_100": {"avail": 1.0, "util": 0.0, "br": 0.0}, "Diffusion_FE_101": {"avail": 1.0, "util": 0.0, "br": 0.0}, "Diffusion_FE_120": {"avail": 1.0, "util": 0.0, "br": 0.0}, "Diffusion_FE_122": {"avail": 1.0, "util": 0.0, "br": 0.0}, "Diffusion_FE_125": {"avail": 1.0, "util": 0.0, "br": 0.0}, "Diffusion_FE_126": {"avail": 1.0, "util": 0.0, "br": 0.0}, "Diffusion_FE_127": {"avail": 1.0, "util": 0.0, "br": 0.0}, "Diffusion_FE_44": {"avail": 1.0, "util": 0.0, "br": 0.0}, "Diffusion_FE_94": {"avail": 1.0, "util": 0.0, "br": 0.0}, "EPI_36": {"avail": 1.0, "util": 0.00708136628714246, "br": 0.0}, "EPI_38": {"avail": 1.0, "util": 0.01777284087753402, "br": 0.0}, "Implant_119": {"avail": 1.0, "util": 0.04207164676478756, "br": 0.0}, "Implant_128": {"avail": 1.0, "util": 0.08057484032213273, "br": 0.0}, "Implant_132": {"avail": 1.0, "util": 0.03651763399055818, "br": 0.0}, "Implant_74": {"avail": 1.0, "util": 0.0, "br": 0.0}, "Implant_88": {"avail": 1.0, "util": 0.00354068314357123, "br": 0.0}, "Implant_90": {"avail": 1.0, "util": 0.04200222160510969, "br": 0.0}, "Implant_91": {"avail": 1.0, "util": 0.047139683421271866, "br": 0.0}, "LithoMet_BE_18": {"avail": 1.0, "util": 0.8783778010381731, "br": 0.0}, "LithoMet_FE_19": {"avail": 1.0, "util": 0.9056049245579932, "br": 0.0}, "LithoTrack_BE_117": {"avail": 1.0, "util": 0.18505970563732296, "br": 0.0}, "LithoTrack_FE_115": {"avail": 1.0, "util": 0.08117026316219352, "br": 0.0}, "LithoTrack_FE_95": {"avail": 1.0, "util": 0.09809916746481986, "br": 0.0}, "LithoTrack_FE_96": {"avail": 1.0, "util": 0.0, "br": 0.0}, "Litho_BE_110": {"avail": 1.0, "util": 0.12382473122545326, "br": 0.0}, "Litho_BE_93": {"avail": 1.0, "util": 0.10871980005554013, "br": 0.0}, "Litho_BE_99": {"avail": 1.0, "util": 0.3574007220216607, "br": 0.0}, "Litho_FE_111": {"avail": 1.0, "util": 0.16680341319330488, "br": 0.0}, "Litho_FE_35": {"avail": 1.0, "util": 0.07490974729241877, "br": 0.0}, "Litho_FE_92": {"avail": 1.0, "util": 0.18511272121380426, "br": 0.0}, "Litho_FE_98": {"avail": 1.0, "util": 0.1940849763954457, "br": 0.0}, "Litho_REG_BE_63": {"avail": 1.0, "util": 0.9010865037489586, "br": 0.0}, "Litho_REG_FE_64": {"avail": 1.0, "util": 0.881273059070893, "br": 0.0}, "Planar_BE_75": {"avail": 1.0, "util": 0.6839003054707026, "br": 0.0}, "Planar_FE_76": {"avail": 1.0, "util": 0.3082939924095159, "br": 0.0}, "Planar_FE_77": {"avail": 1.0, "util": 0.7215356845320744, "br": 0.0}, "Planar_FE_78": {"avail": 1.0, "util": 0.6293390724798668, "br": 0.0}, "Planar_FE_79": {"avail": 1.0, "util": 0.641016384337684, "br": 0.0}, "Planar_FE_80": {"avail": 1.0, "util": 0.9663982227159122, "br": 0.0}, "TF_BE_2": {"avail": 1.0, "util": 0.5379061371841155, "br": 0.0}, "TF_BE_23": {"avail": 1.0, "util": 0.6085809497361844, "br": 0.0}, "TF_BE_24": {"avail": 1.0, "util": 0.5798944737572896, "br": 0.0}, "TF_BE_26": {"avail": 1.0, "util": 0.5558918818846617, "br": 0.0}, "TF_BE_40": {"avail": 1.0, "util": 0.6351071461631029, "br": 0.0}, "TF_FE_103": {"avail": 1.0, "util": 0.7404887531241322, "br": 0.0}, "TF_FE_104": {"avail": 1.0, "util": 0.577895029158567, "br": 0.0}, "TF_FE_113": {"avail": 1.0, "util": 0.6674534851430158, "br": 0.0}, "TF_FE_131": {"avail": 1.0, "util": 0.23090808108858651, "br": 0.0}, "TF_FE_3": {"avail": 1.0, "util": 0.6688419883365732, "br": 0.0}, "TF_FE_5": {"avail": 1.0, "util": 0.4041238544848653, "br": 0.0}, "TF_Met_FE_45": {"avail": 1.0, "util": 0.21466259372396557, "br": 0.0}, "TF_Met_FE_61": {"avail": 1.0, "util": 0.9621632879755624, "br": 0.0}, "WE_BE_14": {"avail": 1.0, "util": 0.04043321299638989, "br": 0.0}, "WE_BE_16": {"avail": 1.0, "util": 0.04603659477305686, "br": 0.0}, "WE_BE_17": {"avail": 1.0, "util": 0.031033046376006665, "br": 0.0}, "WE_BE_7": {"avail": 1.0, "util": 0.011385726187170231, "br": 0.0}, "WE_BE_81": {"avail": 1.0, "util": 0.054197907988521705, "br": 0.0}, "WE_BE_82": {"avail": 1.0, "util": 0.10705359622327132, "br": 0.0}, "WE_BE_9": {"avail": 1.0, "util": 0.07091284167096441, "br": 0.0}, "WE_FE_108": {"avail": 1.0, "util": 0.03550204308327052, "br": 0.0}, "WE_FE_41": {"avail": 1.0, "util": 0.03129686198278256, "br": 0.0}, "WE_FE_47": {"avail": 1.0, "util": 0.03431917060075905, "br": 0.0}, "WE_FE_8": {"avail": 1.0, "util": 0.05901138572618717, "br": 0.0}, "WE_FE_83": {"avail": 1.0, "util": 0.0522473915975721, "br": 0.0}, "WE_FE_84": {"avail": 1.0, "util": 0.038638958314048566, "br": 0.0}, "WE_FE_85": {"avail": 1.0, "util": 0.038114412663149126, "br": 0.0}}, "plugins": {"cost": 448800}}