{"lots": {}, "machines": {"DE_BE_11": {"avail": 1.0, "util": 0.7233696255971559, "br": 0.0}, "DE_BE_12": {"avail": 1.0, "util": 0.5674678122183955, "br": 0.0}, "DE_BE_13": {"avail": 1.0, "util": 0.8367403621819798, "br": 0.0}, "DE_BE_48": {"avail": 1.0, "util": 0.8252360848794578, "br": 0.0}, "DE_BE_50": {"avail": 1.0, "util": 0.7841165796392993, "br": 0.0}, "DE_BE_65": {"avail": 1.0, "util": 0.6845023755530432, "br": 0.0}, "DE_BE_66": {"avail": 1.0, "util": 0.6380431414053409, "br": 0.0}, "DE_BE_67": {"avail": 1.0, "util": 0.7880791023219642, "br": 0.0}, "DE_BE_69": {"avail": 1.0, "util": 0.8795411620931007, "br": 0.0}, "DE_FE_1": {"avail": 1.0, "util": 0.9006300887203009, "br": 0.0}, "DE_FE_51": {"avail": 1.0, "util": 0.600906916775329, "br": 0.0}, "DE_FE_53": {"avail": 1.0, "util": 0.5527052549716698, "br": 0.0}, "DE_FE_54": {"avail": 1.0, "util": 0.9782357515831575, "br": 0.0}, "DE_FE_56": {"avail": 1.0, "util": 0.8393234085101655, "br": 0.0}, "DE_FE_58": {"avail": 1.0, "util": 0.7962448616820353, "br": 0.0}, "DE_FE_59": {"avail": 1.0, "util": 0.817005517905418, "br": 0.0}, "DE_FE_62": {"avail": 1.0, "util": 0.6563516752106908, "br": 0.0}, "DE_FE_70": {"avail": 1.0, "util": 0.8544136121627511, "br": 0.0}, "DE_FE_71": {"avail": 1.0, "util": 0.6763355658895043, "br": 0.0}, "DE_FE_72": {"avail": 1.0, "util": 0.851158513251614, "br": 0.0}, "DE_FE_86": {"avail": 1.0, "util": 0.7689404880939155, "br": 0.0}, "DefMEt_FE_118": {"avail": 1.0, "util": 0.295300522164204, "br": 0.0}, "DefMet_BE_33": {"avail": 1.0, "util": 0.9208421286523719, "br": 0.0}, "DefMet_BE_42": {"avail": 1.0, "util": 0.9551716475947117, "br": 0.0}, "DefMet_FE_10": {"avail": 1.0, "util": 0.6742861904232863, "br": 0.0}, "DefMet_FE_106": {"avail": 1.0, "util": 0.41295411620931005, "br": 0.0}, "DefMet_FE_34": {"avail": 1.0, "util": 0.625874902788579, "br": 0.0}, "DefMet_FE_43": {"avail": 1.0, "util": 0.9624115838980853, "br": 0.0}, "Delay_32": {"avail": 1.0, "util": 0.4348775136095989, "br": 0.0}, "Dielectric_BE_20": {"avail": 1.0, "util": 0.9098989001222086, "br": 0.0}, "Dielectric_BE_21": {"avail": 1.0, "util": 0.9240917675813799, "br": 0.0}, "Dielectric_BE_27": {"avail": 1.0, "util": 0.818942339740029, "br": 0.0}, "Dielectric_BE_28": {"avail": 1.0, "util": 0.8156732585268304, "br": 0.0}, "Dielectric_BE_60": {"avail": 1.0, "util": 0.9163287412509721, "br": 0.0}, "Dielectric_FE_112": {"avail": 1.0, "util": 0.9410287745806022, "br": 0.0}, "Dielectric_FE_130": {"avail": 1.0, "util": 0.867861904232863, "br": 0.0}, "Dielectric_FE_29": {"avail": 1.0, "util": 0.9299151946080064, "br": 0.0}, "Dielectric_FE_30": {"avail": 1.0, "util": 0.9964726141539829, "br": 0.0}, "Dielectric_FE_31": {"avail": 1.0, "util": 0.9433812909676702, "br": 0.0}, "Diffusion_BE_123": {"avail": 1.0, "util": 0.0, "br": 0.0}, "Diffusion_FE_100": {"avail": 1.0, "util": 0.0, "br": 0.0}, "Diffusion_FE_101": {"avail": 1.0, "util": 0.0, "br": 0.0}, "Diffusion_FE_120": {"avail": 1.0, "util": 0.0, "br": 0.0}, "Diffusion_FE_122": {"avail": 1.0, "util": 0.0, "br": 0.0}, "Diffusion_FE_125": {"avail": 1.0, "util": 0.0, "br": 0.0}, "Diffusion_FE_126": {"avail": 1.0, "util": 0.0, "br": 0.0}, "Diffusion_FE_127": {"avail": 1.0, "util": 0.0, "br": 0.0}, "Diffusion_FE_44": {"avail": 1.0, "util": 0.0, "br": 0.0}, "Diffusion_FE_94": {"avail": 1.0, "util": 0.0, "br": 0.0}, "EPI_36": {"avail": 1.0, "util": 0.008665703810687701, "br": 0.0}, "EPI_38": {"avail": 1.0, "util": 0.03510721030996556, "br": 0.0}, "Implant_119": {"avail": 1.0, "util": 0.018136873680702145, "br": 0.0}, "Implant_128": {"avail": 1.0, "util": 0.04614487279191201, "br": 0.0}, "Implant_132": {"avail": 1.0, "util": 0.03096183757360293, "br": 0.0}, "Implant_74": {"avail": 1.0, "util": 0.0068881235418286856, "br": 0.0}, "Implant_88": {"avail": 1.0, "util": 0.02135873791800911, "br": 0.0}, "Implant_90": {"avail": 1.0, "util": 0.0453282968559049, "br": 0.0}, "Implant_91": {"avail": 1.0, "util": 0.04060659926674814, "br": 0.0}, "LithoMet_BE_18": {"avail": 1.0, "util": 0.9526633792826438, "br": 0.0}, "LithoMet_FE_19": {"avail": 1.0, "util": 0.9520115048945178, "br": 0.0}, "LithoTrack_BE_117": {"avail": 1.0, "util": 0.09513387401399843, "br": 0.0}, "LithoTrack_FE_115": {"avail": 1.0, "util": 0.045763978294350735, "br": 0.0}, "LithoTrack_FE_95": {"avail": 1.0, "util": 0.053707184462497365, "br": 0.0}, "LithoTrack_FE_96": {"avail": 1.0, "util": 0.0030829907788023554, "br": 0.0}, "Litho_BE_110": {"avail": 1.0, "util": 0.06062223245036266, "br": 0.0}, "Litho_BE_93": {"avail": 1.0, "util": 0.05466059326741473, "br": 0.0}, "Litho_BE_99": {"avail": 1.0, "util": 0.16951820168129467, "br": 0.0}, "Litho_FE_111": {"avail": 1.0, "util": 0.09425467877306562, "br": 0.0}, "Litho_FE_35": {"avail": 1.0, "util": 0.05371625374958338, "br": 0.0}, "Litho_FE_92": {"avail": 1.0, "util": 0.08769564324502666, "br": 0.0}, "Litho_FE_98": {"avail": 1.0, "util": 0.09441173202977446, "br": 0.0}, "Litho_REG_BE_63": {"avail": 1.0, "util": 0.9570881013220753, "br": 0.0}, "Litho_REG_FE_64": {"avail": 1.0, "util": 0.9483549446886853, "br": 0.0}, "Planar_BE_75": {"avail": 1.0, "util": 0.7129096767025885, "br": 0.0}, "Planar_FE_76": {"avail": 1.0, "util": 0.9281005814168797, "br": 0.0}, "Planar_FE_77": {"avail": 1.0, "util": 0.8646261526497055, "br": 0.0}, "Planar_FE_78": {"avail": 1.0, "util": 0.5881846461504278, "br": 0.0}, "Planar_FE_79": {"avail": 1.0, "util": 0.8892011998666814, "br": 0.0}, "Planar_FE_80": {"avail": 1.0, "util": 0.7087268081324297, "br": 0.0}, "TF_BE_2": {"avail": 1.0, "util": 0.6355127208087991, "br": 0.0}, "TF_BE_23": {"avail": 1.0, "util": 0.5404194855542367, "br": 0.0}, "TF_BE_24": {"avail": 1.0, "util": 0.2316742584157316, "br": 0.0}, "TF_BE_26": {"avail": 1.0, "util": 0.6948227974669482, "br": 0.0}, "TF_BE_40": {"avail": 1.0, "util": 0.6150080546605933, "br": 0.0}, "TF_FE_103": {"avail": 1.0, "util": 0.7431535384957227, "br": 0.0}, "TF_FE_104": {"avail": 1.0, "util": 0.8393622930785468, "br": 0.0}, "TF_FE_113": {"avail": 1.0, "util": 0.6630096655927119, "br": 0.0}, "TF_FE_131": {"avail": 1.0, "util": 0.3666814798355738, "br": 0.0}, "TF_FE_3": {"avail": 1.0, "util": 0.8063270747694701, "br": 0.0}, "TF_FE_5": {"avail": 1.0, "util": 0.4315631596489279, "br": 0.0}, "TF_Met_FE_45": {"avail": 1.0, "util": 0.08504610598822353, "br": 0.0}, "TF_Met_FE_61": {"avail": 1.0, "util": 0.9720031107654705, "br": 0.0}, "WE_BE_14": {"avail": 1.0, "util": 0.0407288079102322, "br": 0.0}, "WE_BE_16": {"avail": 1.0, "util": 0.04218049846313373, "br": 0.0}, "WE_BE_17": {"avail": 1.0, "util": 0.041550938784579494, "br": 0.0}, "WE_BE_7": {"avail": 1.0, "util": 0.018164648372403065, "br": 0.0}, "WE_BE_81": {"avail": 1.0, "util": 0.04599488945672703, "br": 0.0}, "WE_BE_82": {"avail": 1.0, "util": 0.059571158760137764, "br": 0.0}, "WE_BE_9": {"avail": 1.0, "util": 0.04837557731680607, "br": 0.0}, "WE_FE_108": {"avail": 1.0, "util": 0.03962099449267542, "br": 0.0}, "WE_FE_41": {"avail": 1.0, "util": 0.04075102766359293, "br": 0.0}, "WE_FE_47": {"avail": 1.0, "util": 0.03757915787134763, "br": 0.0}, "WE_FE_8": {"avail": 1.0, "util": 0.05304966114876125, "br": 0.0}, "WE_FE_83": {"avail": 1.0, "util": 0.0408764105575571, "br": 0.0}, "WE_FE_84": {"avail": 1.0, "util": 0.03752669456480144, "br": 0.0}, "WE_FE_85": {"avail": 1.0, "util": 0.026941450949894457, "br": 0.0}}, "plugins": {"cost": 447800.0}}