{"lots": {}, "machines": {"DE_BE_11": {"avail": 1.0, "util": 0.8652147778240162, "br": 0.0}, "DE_BE_12": {"avail": 1.0, "util": 0.709599112220835, "br": 0.0}, "DE_BE_13": {"avail": 1.0, "util": 0.8470234856002646, "br": 0.0}, "DE_BE_48": {"avail": 1.0, "util": 0.5763061324859078, "br": 0.0}, "DE_BE_50": {"avail": 1.0, "util": 0.6880357885975864, "br": 0.0}, "DE_BE_65": {"avail": 1.0, "util": 0.8266497685973342, "br": 0.0}, "DE_BE_66": {"avail": 1.0, "util": 0.7426501187241439, "br": 0.0}, "DE_BE_67": {"avail": 1.0, "util": 0.829625846479779, "br": 0.0}, "DE_BE_69": {"avail": 1.0, "util": 0.3758958709021131, "br": 0.0}, "DE_FE_1": {"avail": 1.0, "util": 0.5605493133583022, "br": 0.0}, "DE_FE_51": {"avail": 1.0, "util": 0.41540435566652795, "br": 0.0}, "DE_FE_53": {"avail": 1.0, "util": 0.13370786516853933, "br": 0.0}, "DE_FE_54": {"avail": 1.0, "util": 0.8089194062976834, "br": 0.0}, "DE_FE_56": {"avail": 1.0, "util": 0.9013039256484949, "br": 0.0}, "DE_FE_58": {"avail": 1.0, "util": 0.741364960466084, "br": 0.0}, "DE_FE_59": {"avail": 1.0, "util": 0.706582050215009, "br": 0.0}, "DE_FE_62": {"avail": 1.0, "util": 0.6859195613326479, "br": 0.0}, "DE_FE_70": {"avail": 1.0, "util": 0.7654257935156811, "br": 0.0}, "DE_FE_71": {"avail": 1.0, "util": 0.668670334920855, "br": 0.0}, "DE_FE_72": {"avail": 1.0, "util": 0.2595177744990479, "br": 0.0}, "DE_FE_86": {"avail": 1.0, "util": 0.6505480437588608, "br": 0.0}, "DefMEt_FE_118": {"avail": 1.0, "util": 0.30784436121514774, "br": 0.0}, "DefMet_BE_33": {"avail": 1.0, "util": 0.9132681370509086, "br": 0.0}, "DefMet_BE_42": {"avail": 1.0, "util": 0.968234151754751, "br": 0.0}, "DefMet_FE_10": {"avail": 1.0, "util": 0.4384449993064225, "br": 0.0}, "DefMet_FE_106": {"avail": 1.0, "util": 0.1290054099042863, "br": 0.0}, "DefMet_FE_34": {"avail": 1.0, "util": 0.668227215980025, "br": 0.0}, "DefMet_FE_43": {"avail": 1.0, "util": 0.8584824524899431, "br": 0.0}, "Delay_32": {"avail": 1.0, "util": 0.28248508808433903, "br": 0.0}, "Dielectric_BE_20": {"avail": 1.0, "util": 0.8755999445138022, "br": 0.0}, "Dielectric_BE_21": {"avail": 1.0, "util": 0.9578651685393258, "br": 0.0}, "Dielectric_BE_27": {"avail": 1.0, "util": 0.8932121884681186, "br": 0.0}, "Dielectric_BE_28": {"avail": 1.0, "util": 0.9104591482868637, "br": 0.0}, "Dielectric_BE_60": {"avail": 1.0, "util": 0.9217529014657604, "br": 0.0}, "Dielectric_FE_112": {"avail": 1.0, "util": 0.5072054992987161, "br": 0.0}, "Dielectric_FE_130": {"avail": 1.0, "util": 0.4344742682757664, "br": 0.0}, "Dielectric_FE_29": {"avail": 1.0, "util": 0.9698524991908263, "br": 0.0}, "Dielectric_FE_30": {"avail": 1.0, "util": 0.9770425856568179, "br": 0.0}, "Dielectric_FE_31": {"avail": 1.0, "util": 0.2885108891663199, "br": 0.0}, "Diffusion_BE_123": {"avail": 1.0, "util": 0.0, "br": 0.0}, "Diffusion_FE_100": {"avail": 1.0, "util": 0.0, "br": 0.0}, "Diffusion_FE_101": {"avail": 1.0, "util": 0.0, "br": 0.0}, "Diffusion_FE_120": {"avail": 1.0, "util": 0.0, "br": 0.0}, "Diffusion_FE_122": {"avail": 1.0, "util": 0.0, "br": 0.0}, "Diffusion_FE_125": {"avail": 1.0, "util": 0.0, "br": 0.0}, "Diffusion_FE_126": {"avail": 1.0, "util": 0.0, "br": 0.0}, "Diffusion_FE_127": {"avail": 1.0, "util": 0.0, "br": 0.0}, "Diffusion_FE_44": {"avail": 1.0, "util": 0.0, "br": 0.0}, "Diffusion_FE_94": {"avail": 1.0, "util": 0.0, "br": 0.0}, "EPI_36": {"avail": 1.0, "util": 0.008981828270217783, "br": 0.0}, "EPI_38": {"avail": 1.0, "util": 0.3088500485504231, "br": 0.0}, "Implant_119": {"avail": 1.0, "util": 0.0449438202247191, "br": 0.0}, "Implant_128": {"avail": 1.0, "util": 0.0349752203684788, "br": 0.0}, "Implant_132": {"avail": 1.0, "util": 0.039018686958761865, "br": 0.0}, "Implant_74": {"avail": 1.0, "util": 0.016819253710639477, "br": 0.0}, "Implant_88": {"avail": 1.0, "util": 0.005375225412678596, "br": 0.0}, "Implant_90": {"avail": 1.0, "util": 0.053578859758635036, "br": 0.0}, "Implant_91": {"avail": 1.0, "util": 0.04743079087648376, "br": 0.0}, "LithoMet_BE_18": {"avail": 1.0, "util": 0.9487004880263307, "br": 0.0}, "LithoMet_FE_19": {"avail": 1.0, "util": 0.9505875592017915, "br": 0.0}, "LithoTrack_BE_117": {"avail": 1.0, "util": 0.07390761548064918, "br": 0.0}, "LithoTrack_FE_115": {"avail": 1.0, "util": 0.046956886547642004, "br": 0.0}, "LithoTrack_FE_95": {"avail": 1.0, "util": 0.07696629213483146, "br": 0.0}, "LithoTrack_FE_96": {"avail": 1.0, "util": 0.01529338327091136, "br": 0.0}, "Litho_BE_110": {"avail": 1.0, "util": 0.07188176614980067, "br": 0.0}, "Litho_BE_93": {"avail": 1.0, "util": 0.0693057289499237, "br": 0.0}, "Litho_BE_99": {"avail": 1.0, "util": 0.12324871688167569, "br": 0.0}, "Litho_FE_111": {"avail": 1.0, "util": 0.09681994728811208, "br": 0.0}, "Litho_FE_35": {"avail": 1.0, "util": 0.0628381190178943, "br": 0.0}, "Litho_FE_92": {"avail": 1.0, "util": 0.07643490508659047, "br": 0.0}, "Litho_FE_98": {"avail": 1.0, "util": 0.03195658205021501, "br": 0.0}, "Litho_REG_BE_63": {"avail": 1.0, "util": 0.9437161880982106, "br": 0.0}, "Litho_REG_FE_64": {"avail": 1.0, "util": 0.9406066490960373, "br": 0.0}, "Planar_BE_75": {"avail": 1.0, "util": 0.8344232407902821, "br": 0.0}, "Planar_FE_76": {"avail": 1.0, "util": 0.926133999167707, "br": 0.0}, "Planar_FE_77": {"avail": 1.0, "util": 0.90036759606048, "br": 0.0}, "Planar_FE_78": {"avail": 1.0, "util": 0.21518241087529477, "br": 0.0}, "Planar_FE_79": {"avail": 1.0, "util": 0.3186815092245804, "br": 0.0}, "Planar_FE_80": {"avail": 1.0, "util": 0.3239006797059232, "br": 0.0}, "TF_BE_2": {"avail": 1.0, "util": 0.4678006658343737, "br": 0.0}, "TF_BE_23": {"avail": 1.0, "util": 0.7115758080177556, "br": 0.0}, "TF_BE_24": {"avail": 1.0, "util": 0.7187023165487585, "br": 0.0}, "TF_BE_26": {"avail": 1.0, "util": 0.7348346618009539, "br": 0.0}, "TF_BE_40": {"avail": 1.0, "util": 0.7846237954191247, "br": 0.0}, "TF_FE_103": {"avail": 1.0, "util": 0.7329231317995363, "br": 0.0}, "TF_FE_104": {"avail": 1.0, "util": 0.7487723678734914, "br": 0.0}, "TF_FE_113": {"avail": 1.0, "util": 0.11192028482914876, "br": 0.0}, "TF_FE_131": {"avail": 1.0, "util": 0.7145813103990383, "br": 0.0}, "TF_FE_3": {"avail": 1.0, "util": 0.44756554307116103, "br": 0.0}, "TF_FE_5": {"avail": 1.0, "util": 0.3563832246728626, "br": 0.0}, "TF_Met_FE_45": {"avail": 1.0, "util": 0.08926342072409488, "br": 0.0}, "TF_Met_FE_61": {"avail": 1.0, "util": 0.9782563462338744, "br": 0.0}, "WE_BE_14": {"avail": 1.0, "util": 0.03791094465251769, "br": 0.0}, "WE_BE_16": {"avail": 1.0, "util": 0.03799070606186711, "br": 0.0}, "WE_BE_17": {"avail": 1.0, "util": 0.032494104591482866, "br": 0.0}, "WE_BE_7": {"avail": 1.0, "util": 0.01713136357331114, "br": 0.0}, "WE_BE_81": {"avail": 1.0, "util": 0.04771813011513386, "br": 0.0}, "WE_BE_82": {"avail": 1.0, "util": 0.044003637428522986, "br": 0.0}, "WE_BE_9": {"avail": 1.0, "util": 0.05200443889582466, "br": 0.0}, "WE_FE_108": {"avail": 1.0, "util": 0.04023227670392852, "br": 0.0}, "WE_FE_41": {"avail": 1.0, "util": 0.03269524205853794, "br": 0.0}, "WE_FE_47": {"avail": 1.0, "util": 0.03391593841032043, "br": 0.0}, "WE_FE_8": {"avail": 1.0, "util": 0.027222915799694825, "br": 0.0}, "WE_FE_83": {"avail": 1.0, "util": 0.036551532806214454, "br": 0.0}, "WE_FE_84": {"avail": 1.0, "util": 0.0362945011546025, "br": 0.0}, "WE_FE_85": {"avail": 1.0, "util": 0.025384935497295046, "br": 0.0}}, "plugins": {"cost": 429025.1312037037}}