{"lots": {}, "machines": {"DE_BE_11": {"avail": 1.0, "util": 0.7055072105988602, "br": 0.0}, "DE_BE_12": {"avail": 1.0, "util": 0.9471394186261803, "br": 0.0}, "DE_BE_13": {"avail": 1.0, "util": 0.6330522837651148, "br": 0.0}, "DE_BE_48": {"avail": 1.0, "util": 0.7905859184326134, "br": 0.0}, "DE_BE_50": {"avail": 1.0, "util": 0.943501203480837, "br": 0.0}, "DE_BE_65": {"avail": 1.0, "util": 0.6769116830216626, "br": 0.0}, "DE_BE_66": {"avail": 1.0, "util": 0.7106037008397138, "br": 0.0}, "DE_BE_67": {"avail": 1.0, "util": 0.6336200366935416, "br": 0.0}, "DE_BE_69": {"avail": 1.0, "util": 0.49947540578905136, "br": 0.0}, "DE_FE_1": {"avail": 1.0, "util": 0.7481947787446769, "br": 0.0}, "DE_FE_51": {"avail": 1.0, "util": 0.28593316052582857, "br": 0.0}, "DE_FE_53": {"avail": 1.0, "util": 0.17846695056471024, "br": 0.0}, "DE_FE_54": {"avail": 1.0, "util": 0.5373387644263408, "br": 0.0}, "DE_FE_56": {"avail": 1.0, "util": 0.8009627846695057, "br": 0.0}, "DE_FE_58": {"avail": 1.0, "util": 0.99551009072394, "br": 0.0}, "DE_FE_59": {"avail": 1.0, "util": 0.7804226069246436, "br": 0.0}, "DE_FE_62": {"avail": 1.0, "util": 0.7708975462060402, "br": 0.0}, "DE_FE_70": {"avail": 1.0, "util": 0.7280049149147464, "br": 0.0}, "DE_FE_71": {"avail": 1.0, "util": 0.8838126684358865, "br": 0.0}, "DE_FE_72": {"avail": 1.0, "util": 0.45777717931022877, "br": 0.0}, "DE_FE_86": {"avail": 1.0, "util": 0.7606485302470666, "br": 0.0}, "DefMEt_FE_118": {"avail": 1.0, "util": 0.41385854471394184, "br": 0.0}, "DefMet_BE_33": {"avail": 1.0, "util": 0.8216996852434735, "br": 0.0}, "DefMet_BE_42": {"avail": 1.0, "util": 0.9486206258100351, "br": 0.0}, "DefMet_FE_10": {"avail": 1.0, "util": 0.39062210701721906, "br": 0.0}, "DefMet_FE_106": {"avail": 1.0, "util": 0.16959822255137938, "br": 0.0}, "DefMet_FE_34": {"avail": 1.0, "util": 0.4990279577855953, "br": 0.0}, "DefMet_FE_43": {"avail": 1.0, "util": 0.8134604702832808, "br": 0.0}, "Delay_32": {"avail": 1.0, "util": 0.2018510461025736, "br": 0.0}, "Dielectric_BE_20": {"avail": 1.0, "util": 0.4930383262358823, "br": 0.0}, "Dielectric_BE_21": {"avail": 1.0, "util": 0.832561871258409, "br": 0.0}, "Dielectric_BE_27": {"avail": 1.0, "util": 0.8771986669135345, "br": 0.0}, "Dielectric_BE_28": {"avail": 1.0, "util": 0.942418070727643, "br": 0.0}, "Dielectric_BE_60": {"avail": 1.0, "util": 0.8429611800283897, "br": 0.0}, "Dielectric_FE_112": {"avail": 1.0, "util": 0.6811187228702503, "br": 0.0}, "Dielectric_FE_130": {"avail": 1.0, "util": 0.5738983521570079, "br": 0.0}, "Dielectric_FE_29": {"avail": 1.0, "util": 0.2536875887181386, "br": 0.0}, "Dielectric_FE_30": {"avail": 1.0, "util": 0.9282077393075356, "br": 0.0}, "Dielectric_FE_31": {"avail": 1.0, "util": 0.38978892797630066, "br": 0.0}, "Diffusion_BE_123": {"avail": 1.0, "util": 0.0, "br": 0.0}, "Diffusion_FE_100": {"avail": 1.0, "util": 0.0, "br": 0.0}, "Diffusion_FE_101": {"avail": 1.0, "util": 0.0, "br": 0.0}, "Diffusion_FE_120": {"avail": 1.0, "util": 0.0, "br": 0.0}, "Diffusion_FE_122": {"avail": 1.0, "util": 0.0, "br": 0.0}, "Diffusion_FE_125": {"avail": 1.0, "util": 0.0, "br": 0.0}, "Diffusion_FE_126": {"avail": 1.0, "util": 0.0, "br": 0.0}, "Diffusion_FE_127": {"avail": 1.0, "util": 0.0, "br": 0.0}, "Diffusion_FE_44": {"avail": 1.0, "util": 0.0, "br": 0.0}, "Diffusion_FE_94": {"avail": 1.0, "util": 0.0, "br": 0.0}, "EPI_36": {"avail": 1.0, "util": 0.012081096093316052, "br": 0.0}, "EPI_38": {"avail": 1.0, "util": 0.4048324384373264, "br": 0.0}, "Implant_119": {"avail": 1.0, "util": 0.009026106276615441, "br": 0.0}, "Implant_128": {"avail": 1.0, "util": 0.04397333827069061, "br": 0.0}, "Implant_132": {"avail": 1.0, "util": 0.017615785436559367, "br": 0.0}, "Implant_74": {"avail": 1.0, "util": 0.022588409553786336, "br": 0.0}, "Implant_88": {"avail": 1.0, "util": 0.0, "br": 0.0}, "Implant_90": {"avail": 1.0, "util": 0.025504536197000556, "br": 0.0}, "Implant_91": {"avail": 1.0, "util": 0.05071812098288677, "br": 0.0}, "LithoMet_BE_18": {"avail": 1.0, "util": 0.9389002036659878, "br": 0.0}, "LithoMet_FE_19": {"avail": 1.0, "util": 0.9367709683391965, "br": 0.0}, "LithoTrack_BE_117": {"avail": 1.0, "util": 0.0823551194223292, "br": 0.0}, "LithoTrack_FE_115": {"avail": 1.0, "util": 0.05731097673872499, "br": 0.0}, "LithoTrack_FE_95": {"avail": 1.0, "util": 0.09460979448250324, "br": 0.0}, "LithoTrack_FE_96": {"avail": 1.0, "util": 0.020366598778004074, "br": 0.0}, "Litho_BE_110": {"avail": 1.0, "util": 0.08869533017235133, "br": 0.0}, "Litho_BE_93": {"avail": 1.0, "util": 0.08979818552119978, "br": 0.0}, "Litho_BE_99": {"avail": 1.0, "util": 0.1433376535209529, "br": 0.0}, "Litho_FE_111": {"avail": 1.0, "util": 0.12491205332345862, "br": 0.0}, "Litho_FE_35": {"avail": 1.0, "util": 0.0393908535456397, "br": 0.0}, "Litho_FE_92": {"avail": 1.0, "util": 0.09140045290758121, "br": 0.0}, "Litho_FE_98": {"avail": 1.0, "util": 0.03589613034623218, "br": 0.0}, "Litho_REG_BE_63": {"avail": 1.0, "util": 0.9252916126643215, "br": 0.0}, "Litho_REG_FE_64": {"avail": 1.0, "util": 0.938653335802012, "br": 0.0}, "Planar_BE_75": {"avail": 1.0, "util": 0.8062131351337054, "br": 0.0}, "Planar_FE_76": {"avail": 1.0, "util": 0.9290872060729495, "br": 0.0}, "Planar_FE_77": {"avail": 1.0, "util": 0.9601925569339012, "br": 0.0}, "Planar_FE_78": {"avail": 1.0, "util": 0.2872153304943529, "br": 0.0}, "Planar_FE_79": {"avail": 1.0, "util": 0.21259951860766524, "br": 0.0}, "Planar_FE_80": {"avail": 1.0, "util": 0.429642658766895, "br": 0.0}, "TF_BE_2": {"avail": 1.0, "util": 0.711419181633031, "br": 0.0}, "TF_BE_23": {"avail": 1.0, "util": 0.7206668077340175, "br": 0.0}, "TF_BE_24": {"avail": 1.0, "util": 0.9682697648583596, "br": 0.0}, "TF_BE_26": {"avail": 1.0, "util": 0.7454673635936365, "br": 0.0}, "TF_BE_40": {"avail": 1.0, "util": 0.8261324155657449, "br": 0.0}, "TF_FE_103": {"avail": 1.0, "util": 0.90604914433835, "br": 0.0}, "TF_FE_104": {"avail": 1.0, "util": 0.6823180892427327, "br": 0.0}, "TF_FE_113": {"avail": 1.0, "util": 0.1493859161883602, "br": 0.0}, "TF_FE_131": {"avail": 1.0, "util": 0.9466919706227241, "br": 0.0}, "TF_FE_3": {"avail": 1.0, "util": 0.5949515521816948, "br": 0.0}, "TF_FE_5": {"avail": 1.0, "util": 0.4762389680923286, "br": 0.0}, "TF_Met_FE_45": {"avail": 1.0, "util": 0.11895945195334197, "br": 0.0}, "TF_Met_FE_61": {"avail": 1.0, "util": 0.9758840955378634, "br": 0.0}, "WE_BE_14": {"avail": 1.0, "util": 0.04384373264210332, "br": 0.0}, "WE_BE_16": {"avail": 1.0, "util": 0.03843038326235882, "br": 0.0}, "WE_BE_17": {"avail": 1.0, "util": 0.04179781521940382, "br": 0.0}, "WE_BE_7": {"avail": 1.0, "util": 0.022680985002777262, "br": 0.0}, "WE_BE_81": {"avail": 1.0, "util": 0.03687588718138616, "br": 0.0}, "WE_BE_82": {"avail": 1.0, "util": 0.04794379641630151, "br": 0.0}, "WE_BE_9": {"avail": 1.0, "util": 0.05621181262729125, "br": 0.0}, "WE_FE_108": {"avail": 1.0, "util": 0.0345593727853718, "br": 0.0}, "WE_FE_41": {"avail": 1.0, "util": 0.03671542306980189, "br": 0.0}, "WE_FE_47": {"avail": 1.0, "util": 0.032753193852990185, "br": 0.0}, "WE_FE_8": {"avail": 1.0, "util": 0.02180151823736345, "br": 0.0}, "WE_FE_83": {"avail": 1.0, "util": 0.04784607788681109, "br": 0.0}, "WE_FE_84": {"avail": 1.0, "util": 0.04156093098227997, "br": 0.0}, "WE_FE_85": {"avail": 1.0, "util": 0.034160340677652286, "br": 0.0}}, "plugins": {"cost": 429200}}