{"lots": {}, "machines": {"DE_BE_11": {"avail": 1.0, "util": 0.0, "br": 0.0}, "DE_BE_12": {"avail": 1.0, "util": 0.0, "br": 0.0}, "DE_BE_13": {"avail": 1.0, "util": 0.0, "br": 0.0}, "DE_BE_48": {"avail": 1.0, "util": 0.0, "br": 0.0}, "DE_BE_50": {"avail": 1.0, "util": 0.0, "br": 0.0}, "DE_BE_65": {"avail": 1.0, "util": 0.0, "br": 0.0}, "DE_BE_66": {"avail": 1.0, "util": 0.0, "br": 0.0}, "DE_BE_67": {"avail": 1.0, "util": 0.0, "br": 0.0}, "DE_BE_69": {"avail": 1.0, "util": 0.0, "br": 0.0}, "DE_FE_1": {"avail": 1.0, "util": 0.0, "br": 0.0}, "DE_FE_51": {"avail": 1.0, "util": 0.0, "br": 0.0}, "DE_FE_53": {"avail": 1.0, "util": 0.0, "br": 0.0}, "DE_FE_54": {"avail": 1.0, "util": 0.0, "br": 0.0}, "DE_FE_56": {"avail": 1.0, "util": 0.0, "br": 0.0}, "DE_FE_58": {"avail": 1.0, "util": 0.0, "br": 0.0}, "DE_FE_59": {"avail": 1.0, "util": 0.0, "br": 0.0}, "DE_FE_62": {"avail": 1.0, "util": 0.0, "br": 0.0}, "DE_FE_70": {"avail": 1.0, "util": 0.0, "br": 0.0}, "DE_FE_71": {"avail": 1.0, "util": 0.0, "br": 0.0}, "DE_FE_72": {"avail": 1.0, "util": 0.0, "br": 0.0}, "DE_FE_86": {"avail": 1.0, "util": 0.0, "br": 0.0}, "DefMEt_FE_118": {"avail": 1.0, "util": 0.9808064070698702, "br": 0.0}, "DefMet_BE_33": {"avail": 1.0, "util": 0.6984258492129246, "br": 0.0}, "DefMet_BE_42": {"avail": 1.0, "util": 0.7818282242474455, "br": 0.0}, "DefMet_FE_10": {"avail": 1.0, "util": 0.8394090030378348, "br": 0.0}, "DefMet_FE_106": {"avail": 1.0, "util": 0.7671913835956918, "br": 0.0}, "DefMet_FE_34": {"avail": 1.0, "util": 0.7442695388014361, "br": 0.0}, "DefMet_FE_43": {"avail": 1.0, "util": 0.8017122341894505, "br": 0.0}, "Delay_32": {"avail": 1.0, "util": 0.0, "br": 0.0}, "Dielectric_BE_20": {"avail": 1.0, "util": 0.8851146092239712, "br": 0.0}, "Dielectric_BE_21": {"avail": 1.0, "util": 0.6207539353769677, "br": 0.0}, "Dielectric_BE_27": {"avail": 1.0, "util": 0.7898002393445641, "br": 0.0}, "Dielectric_BE_28": {"avail": 1.0, "util": 0.7203120684893676, "br": 0.0}, "Dielectric_BE_60": {"avail": 1.0, "util": 0.8736536868268434, "br": 0.0}, "Dielectric_FE_112": {"avail": 1.0, "util": 0.6489091411212372, "br": 0.0}, "Dielectric_FE_130": {"avail": 1.0, "util": 0.8885666942833471, "br": 0.0}, "Dielectric_FE_29": {"avail": 1.0, "util": 0.7756604989413606, "br": 0.0}, "Dielectric_FE_30": {"avail": 1.0, "util": 0.5461198563932615, "br": 0.0}, "Dielectric_FE_31": {"avail": 1.0, "util": 0.9308202154101077, "br": 0.0}, "Diffusion_BE_123": {"avail": 1.0, "util": 0.0, "br": 0.0}, "Diffusion_FE_100": {"avail": 1.0, "util": 0.0, "br": 0.0}, "Diffusion_FE_101": {"avail": 1.0, "util": 0.0, "br": 0.0}, "Diffusion_FE_120": {"avail": 1.0, "util": 0.0, "br": 0.0}, "Diffusion_FE_122": {"avail": 1.0, "util": 0.0, "br": 0.0}, "Diffusion_FE_125": {"avail": 1.0, "util": 0.0, "br": 0.0}, "Diffusion_FE_126": {"avail": 1.0, "util": 0.0, "br": 0.0}, "Diffusion_FE_127": {"avail": 1.0, "util": 0.0, "br": 0.0}, "Diffusion_FE_44": {"avail": 1.0, "util": 0.0, "br": 0.0}, "Diffusion_FE_94": {"avail": 1.0, "util": 0.0, "br": 0.0}, "EPI_36": {"avail": 1.0, "util": 0.014498757249378625, "br": 0.0}, "EPI_38": {"avail": 1.0, "util": 0.03507318420325877, "br": 0.0}, "Implant_119": {"avail": 1.0, "util": 0.05550952775476388, "br": 0.0}, "Implant_128": {"avail": 1.0, "util": 0.11720519193592929, "br": 0.0}, "Implant_132": {"avail": 1.0, "util": 0.05078017122341894, "br": 0.0}, "Implant_74": {"avail": 1.0, "util": 0.0, "br": 0.0}, "Implant_88": {"avail": 1.0, "util": 0.007042253521126761, "br": 0.0}, "Implant_90": {"avail": 1.0, "util": 0.04183927091963546, "br": 0.0}, "Implant_91": {"avail": 1.0, "util": 0.0708828132191844, "br": 0.0}, "LithoMet_BE_18": {"avail": 1.0, "util": 0.7494104900898605, "br": 0.0}, "LithoMet_FE_19": {"avail": 1.0, "util": 0.763723955936052, "br": 0.0}, "LithoTrack_BE_117": {"avail": 1.0, "util": 0.2628555647611157, "br": 0.0}, "LithoTrack_FE_115": {"avail": 1.0, "util": 0.13298243904023913, "br": 0.0}, "LithoTrack_FE_95": {"avail": 1.0, "util": 0.150138928810961, "br": 0.0}, "LithoTrack_FE_96": {"avail": 1.0, "util": 0.0, "br": 0.0}, "Litho_BE_110": {"avail": 1.0, "util": 0.20459028681895292, "br": 0.0}, "Litho_BE_93": {"avail": 1.0, "util": 0.20611249194513487, "br": 0.0}, "Litho_BE_99": {"avail": 1.0, "util": 0.6091319156770689, "br": 0.0}, "Litho_FE_111": {"avail": 1.0, "util": 0.3100976626245889, "br": 0.0}, "Litho_FE_35": {"avail": 1.0, "util": 0.13463131731565867, "br": 0.0}, "Litho_FE_92": {"avail": 1.0, "util": 0.32764262341727135, "br": 0.0}, "Litho_FE_98": {"avail": 1.0, "util": 0.37503452085059374, "br": 0.0}, "Litho_REG_BE_63": {"avail": 1.0, "util": 0.8274302678818006, "br": 0.0}, "Litho_REG_FE_64": {"avail": 1.0, "util": 0.8139819308004892, "br": 0.0}, "Planar_BE_75": {"avail": 1.0, "util": 0.21572769953051643, "br": 0.0}, "Planar_FE_76": {"avail": 1.0, "util": 0.9321550216330664, "br": 0.0}, "Planar_FE_77": {"avail": 1.0, "util": 0.704225352112676, "br": 0.0}, "Planar_FE_78": {"avail": 1.0, "util": 0.8391328362330848, "br": 0.0}, "Planar_FE_79": {"avail": 1.0, "util": 0.0, "br": 0.0}, "Planar_FE_80": {"avail": 1.0, "util": 0.6433305716652858, "br": 0.0}, "TF_BE_2": {"avail": 1.0, "util": 0.0, "br": 0.0}, "TF_BE_23": {"avail": 1.0, "util": 0.0, "br": 0.0}, "TF_BE_24": {"avail": 1.0, "util": 0.0, "br": 0.0}, "TF_BE_26": {"avail": 1.0, "util": 0.1976986099604161, "br": 0.0}, "TF_BE_40": {"avail": 1.0, "util": 0.0, "br": 0.0}, "TF_FE_103": {"avail": 1.0, "util": 0.0, "br": 0.0}, "TF_FE_104": {"avail": 1.0, "util": 0.0, "br": 0.0}, "TF_FE_113": {"avail": 1.0, "util": 0.0, "br": 0.0}, "TF_FE_131": {"avail": 1.0, "util": 0.0, "br": 0.0}, "TF_FE_3": {"avail": 1.0, "util": 0.0, "br": 0.0}, "TF_FE_5": {"avail": 1.0, "util": 0.0, "br": 0.0}, "TF_Met_FE_45": {"avail": 1.0, "util": 0.28389947528307097, "br": 0.0}, "TF_Met_FE_61": {"avail": 1.0, "util": 0.9737641535487435, "br": 0.0}, "WE_BE_14": {"avail": 1.0, "util": 0.021264843965755315, "br": 0.0}, "WE_BE_16": {"avail": 1.0, "util": 0.02528460523489521, "br": 0.0}, "WE_BE_17": {"avail": 1.0, "util": 0.041977354322010496, "br": 0.0}, "WE_BE_7": {"avail": 1.0, "util": 0.01132283899475283, "br": 0.0}, "WE_BE_81": {"avail": 1.0, "util": 0.022461566786338948, "br": 0.0}, "WE_BE_82": {"avail": 1.0, "util": 0.15178127589063795, "br": 0.0}, "WE_BE_9": {"avail": 1.0, "util": 0.08146920740127037, "br": 0.0}, "WE_FE_108": {"avail": 1.0, "util": 0.043137254901960784, "br": 0.0}, "WE_FE_41": {"avail": 1.0, "util": 0.037172051919359295, "br": 0.0}, "WE_FE_47": {"avail": 1.0, "util": 0.03843321366105127, "br": 0.0}, "WE_FE_8": {"avail": 1.0, "util": 0.08588787627727147, "br": 0.0}, "WE_FE_83": {"avail": 1.0, "util": 0.0685288199786957, "br": 0.0}, "WE_FE_84": {"avail": 1.0, "util": 0.05797968639725061, "br": 0.0}, "WE_FE_85": {"avail": 1.0, "util": 0.03797293565313449, "br": 0.0}}, "plugins": {"cost": 448800}}