{"lots": {}, "machines": {"DE_BE_11": {"avail": 1.0, "util": 0.0, "br": 0.0}, "DE_BE_12": {"avail": 1.0, "util": 0.0, "br": 0.0}, "DE_BE_13": {"avail": 1.0, "util": 0.0, "br": 0.0}, "DE_BE_48": {"avail": 1.0, "util": 0.0, "br": 0.0}, "DE_BE_50": {"avail": 1.0, "util": 0.0, "br": 0.0}, "DE_BE_65": {"avail": 1.0, "util": 0.0, "br": 0.0}, "DE_BE_66": {"avail": 1.0, "util": 0.0, "br": 0.0}, "DE_BE_67": {"avail": 1.0, "util": 0.0, "br": 0.0}, "DE_BE_69": {"avail": 1.0, "util": 0.0, "br": 0.0}, "DE_FE_1": {"avail": 1.0, "util": 0.0, "br": 0.0}, "DE_FE_51": {"avail": 1.0, "util": 0.0, "br": 0.0}, "DE_FE_53": {"avail": 1.0, "util": 0.0, "br": 0.0}, "DE_FE_54": {"avail": 1.0, "util": 0.0, "br": 0.0}, "DE_FE_56": {"avail": 1.0, "util": 0.0, "br": 0.0}, "DE_FE_58": {"avail": 1.0, "util": 0.0, "br": 0.0}, "DE_FE_59": {"avail": 1.0, "util": 0.0, "br": 0.0}, "DE_FE_62": {"avail": 1.0, "util": 0.0, "br": 0.0}, "DE_FE_70": {"avail": 1.0, "util": 0.0, "br": 0.0}, "DE_FE_71": {"avail": 1.0, "util": 0.0, "br": 0.0}, "DE_FE_72": {"avail": 1.0, "util": 0.0, "br": 0.0}, "DE_FE_86": {"avail": 1.0, "util": 0.0, "br": 0.0}, "DefMEt_FE_118": {"avail": 1.0, "util": 0.9923632324354346, "br": 0.0}, "DefMet_BE_33": {"avail": 1.0, "util": 0.5520688697584004, "br": 0.0}, "DefMet_BE_42": {"avail": 1.0, "util": 0.785059705637323, "br": 0.0}, "DefMet_FE_10": {"avail": 1.0, "util": 0.9014162732574285, "br": 0.0}, "DefMet_FE_106": {"avail": 1.0, "util": 0.7778394890308248, "br": 0.0}, "DefMet_FE_34": {"avail": 1.0, "util": 0.75520688697584, "br": 0.0}, "DefMet_FE_43": {"avail": 1.0, "util": 0.9418217161899473, "br": 0.0}, "Delay_32": {"avail": 1.0, "util": 0.0, "br": 0.0}, "Dielectric_BE_20": {"avail": 1.0, "util": 0.7584559844487642, "br": 0.0}, "Dielectric_BE_21": {"avail": 1.0, "util": 0.6446126076089975, "br": 0.0}, "Dielectric_BE_27": {"avail": 1.0, "util": 0.675812274368231, "br": 0.0}, "Dielectric_BE_28": {"avail": 1.0, "util": 0.6701610663704527, "br": 0.0}, "Dielectric_BE_60": {"avail": 1.0, "util": 0.8533046376006664, "br": 0.0}, "Dielectric_FE_112": {"avail": 1.0, "util": 0.6466537073035268, "br": 0.0}, "Dielectric_FE_130": {"avail": 1.0, "util": 0.8390030547070259, "br": 0.0}, "Dielectric_FE_29": {"avail": 1.0, "util": 0.7845968712394705, "br": 0.0}, "Dielectric_FE_30": {"avail": 1.0, "util": 0.5477645098583727, "br": 0.0}, "Dielectric_FE_31": {"avail": 1.0, "util": 0.8454595945570674, "br": 0.0}, "Diffusion_BE_123": {"avail": 1.0, "util": 0.0, "br": 0.0}, "Diffusion_FE_100": {"avail": 1.0, "util": 0.0, "br": 0.0}, "Diffusion_FE_101": {"avail": 1.0, "util": 0.0, "br": 0.0}, "Diffusion_FE_120": {"avail": 1.0, "util": 0.0, "br": 0.0}, "Diffusion_FE_122": {"avail": 1.0, "util": 0.0, "br": 0.0}, "Diffusion_FE_125": {"avail": 1.0, "util": 0.0, "br": 0.0}, "Diffusion_FE_126": {"avail": 1.0, "util": 0.0, "br": 0.0}, "Diffusion_FE_127": {"avail": 1.0, "util": 0.0, "br": 0.0}, "Diffusion_FE_44": {"avail": 1.0, "util": 0.0, "br": 0.0}, "Diffusion_FE_94": {"avail": 1.0, "util": 0.0, "br": 0.0}, "EPI_36": {"avail": 1.0, "util": 0.013885031935573451, "br": 0.0}, "EPI_38": {"avail": 1.0, "util": 0.03526798111635657, "br": 0.0}, "Implant_119": {"avail": 1.0, "util": 0.055678978061649544, "br": 0.0}, "Implant_128": {"avail": 1.0, "util": 0.12004998611496807, "br": 0.0}, "Implant_132": {"avail": 1.0, "util": 0.05081921688419883, "br": 0.0}, "Implant_74": {"avail": 1.0, "util": 0.0, "br": 0.0}, "Implant_88": {"avail": 1.0, "util": 0.007220216606498195, "br": 0.0}, "Implant_90": {"avail": 1.0, "util": 0.06581505137461816, "br": 0.0}, "Implant_91": {"avail": 1.0, "util": 0.07095251319078034, "br": 0.0}, "LithoMet_BE_18": {"avail": 1.0, "util": 0.897421656377502, "br": 0.0}, "LithoMet_FE_19": {"avail": 1.0, "util": 0.8649757783331791, "br": 0.0}, "LithoTrack_BE_117": {"avail": 1.0, "util": 0.2644820883088031, "br": 0.0}, "LithoTrack_FE_115": {"avail": 1.0, "util": 0.13173900496049573, "br": 0.0}, "LithoTrack_FE_95": {"avail": 1.0, "util": 0.15096146761953877, "br": 0.0}, "LithoTrack_FE_96": {"avail": 1.0, "util": 0.0, "br": 0.0}, "Litho_BE_110": {"avail": 1.0, "util": 0.2091581703495061, "br": 0.0}, "Litho_BE_93": {"avail": 1.0, "util": 0.20781264463574933, "br": 0.0}, "Litho_BE_99": {"avail": 1.0, "util": 0.6118670739609369, "br": 0.0}, "Litho_FE_111": {"avail": 1.0, "util": 0.3117442124662341, "br": 0.0}, "Litho_FE_35": {"avail": 1.0, "util": 0.13343515690086089, "br": 0.0}, "Litho_FE_92": {"avail": 1.0, "util": 0.3286629135004586, "br": 0.0}, "Litho_FE_98": {"avail": 1.0, "util": 0.37511802277145234, "br": 0.0}, "Litho_REG_BE_63": {"avail": 1.0, "util": 0.8466398222715912, "br": 0.0}, "Litho_REG_FE_64": {"avail": 1.0, "util": 0.8219938905859483, "br": 0.0}, "Planar_BE_75": {"avail": 1.0, "util": 0.22041099694529298, "br": 0.0}, "Planar_FE_76": {"avail": 1.0, "util": 0.632694621864297, "br": 0.0}, "Planar_FE_77": {"avail": 1.0, "util": 0.7075812274368231, "br": 0.0}, "Planar_FE_78": {"avail": 1.0, "util": 0.4286309358511525, "br": 0.0}, "Planar_FE_79": {"avail": 1.0, "util": 0.0, "br": 0.0}, "Planar_FE_80": {"avail": 1.0, "util": 0.6424604276589836, "br": 0.0}, "TF_BE_2": {"avail": 1.0, "util": 0.0, "br": 0.0}, "TF_BE_23": {"avail": 1.0, "util": 0.05188617196977448, "br": 0.0}, "TF_BE_24": {"avail": 1.0, "util": 0.0, "br": 0.0}, "TF_BE_26": {"avail": 1.0, "util": 0.0, "br": 0.0}, "TF_BE_40": {"avail": 1.0, "util": 0.0, "br": 0.0}, "TF_FE_103": {"avail": 1.0, "util": 0.0, "br": 0.0}, "TF_FE_104": {"avail": 1.0, "util": 0.0, "br": 0.0}, "TF_FE_113": {"avail": 1.0, "util": 0.0, "br": 0.0}, "TF_FE_131": {"avail": 1.0, "util": 0.0, "br": 0.0}, "TF_FE_3": {"avail": 1.0, "util": 0.0, "br": 0.0}, "TF_FE_5": {"avail": 1.0, "util": 0.0, "br": 0.0}, "TF_Met_FE_45": {"avail": 1.0, "util": 0.2843654540405443, "br": 0.0}, "TF_Met_FE_61": {"avail": 1.0, "util": 0.9504304359900028, "br": 0.0}, "WE_BE_14": {"avail": 1.0, "util": 0.021494029436267704, "br": 0.0}, "WE_BE_16": {"avail": 1.0, "util": 0.024993057484032213, "br": 0.0}, "WE_BE_17": {"avail": 1.0, "util": 0.04248819772285476, "br": 0.0}, "WE_BE_7": {"avail": 1.0, "util": 0.011385726187170231, "br": 0.0}, "WE_BE_81": {"avail": 1.0, "util": 0.02249375173562899, "br": 0.0}, "WE_BE_82": {"avail": 1.0, "util": 0.151041377395168, "br": 0.0}, "WE_BE_9": {"avail": 1.0, "util": 0.08152497322172413, "br": 0.0}, "WE_FE_108": {"avail": 1.0, "util": 0.043408576982584206, "br": 0.0}, "WE_FE_41": {"avail": 1.0, "util": 0.03821160788669814, "br": 0.0}, "WE_FE_47": {"avail": 1.0, "util": 0.03855410534110895, "br": 0.0}, "WE_FE_8": {"avail": 1.0, "util": 0.0860871980005554, "br": 0.0}, "WE_FE_83": {"avail": 1.0, "util": 0.06756059824651882, "br": 0.0}, "WE_FE_84": {"avail": 1.0, "util": 0.057977722237650034, "br": 0.0}, "WE_FE_85": {"avail": 1.0, "util": 0.03790613718411552, "br": 0.0}}, "plugins": {"cost": 448800}}