{"lots": {}, "machines": {"DE_BE_11": {"avail": 0.9730870503650267, "util": 0.0001852399733894607, "br": 0.02691294963497316, "waiting_time": 0.0}, "DE_BE_12": {"avail": 0.9792961427948744, "util": 9.662499018134394e-05, "br": 0.020703857205125527, "waiting_time": 3.4605820824902095e-08}, "DE_BE_13": {"avail": 0.9737645093545167, "util": 0.00017682832135710715, "br": 0.026235490645483292, "waiting_time": 4.075117304103924e-08}, "DE_BE_48": {"avail": 0.9802641125833016, "util": 0.0001459829466635033, "br": 0.01973588741669853, "waiting_time": 2.621110272355824e-08}, "DE_BE_50": {"avail": 0.9768055253342759, "util": 0.0001501650907655464, "br": 0.02319447466572426, "waiting_time": 1.0959144310012275e-07}, "DE_BE_65": {"avail": 0.9740654096303293, "util": 0.00016426839429552155, "br": 0.02593459036967078, "waiting_time": 0.0}, "DE_BE_66": {"avail": 0.9743328354583762, "util": 0.0001491248753540453, "br": 0.025667164541623856, "waiting_time": 0.0}, "DE_BE_67": {"avail": 0.9772569580923264, "util": 0.00018437850289294394, "br": 0.02274304190767366, "waiting_time": 0.0}, "DE_BE_69": {"avail": 0.9608807680677144, "util": 0.0002627074549725937, "br": 0.03911923193228563, "waiting_time": 1.0613547981727715e-07}, "DE_FE_1": {"avail": 0.9755618805942127, "util": 9.843736460695154e-05, "br": 0.024438119405787304, "waiting_time": 0.0}, "DE_FE_51": {"avail": 0.9799590297349431, "util": 0.00011808286278955622, "br": 0.020040970265056912, "waiting_time": 0.0}, "DE_FE_53": {"avail": 0.9780478321994995, "util": 7.848210725479777e-05, "br": 0.021952167800500386, "waiting_time": 0.0}, "DE_FE_54": {"avail": 0.9752610961248025, "util": 0.0001398960523703111, "br": 0.02473890387519751, "waiting_time": 7.854817831064864e-09}, "DE_FE_56": {"avail": 0.9888360336429124, "util": 0.00021478206687507967, "br": 0.011163966357087706, "waiting_time": 0.0}, "DE_FE_58": {"avail": 0.9562375759760587, "util": 0.00013483592471855488, "br": 0.04376242402394128, "waiting_time": 0.0}, "DE_FE_59": {"avail": 0.9740045584571937, "util": 0.0001247712546810996, "br": 0.0259954415428062, "waiting_time": 5.8788947677836565e-09}, "DE_FE_62": {"avail": 0.9823427067159806, "util": 0.00011603698784167617, "br": 0.01765729328401946, "waiting_time": 1.9474798267951736e-07}, "DE_FE_70": {"avail": 0.9778046554445542, "util": 0.00015708337698396366, "br": 0.022195344555445855, "waiting_time": 1.3417660646967394e-09}, "DE_FE_71": {"avail": 0.9788682943848757, "util": 0.00010375501461337632, "br": 0.021131705615124393, "waiting_time": 9.421305717602013e-09}, "DE_FE_72": {"avail": 0.9812915926984541, "util": 0.00018669753556463443, "br": 0.018708407301545885, "waiting_time": 0.0}, "DE_FE_86": {"avail": 0.9771099794878491, "util": 0.00011652703917064587, "br": 0.022890020512150968, "waiting_time": 0.0}, "DefMEt_FE_118": {"avail": 0.9981045648945042, "util": 0.0004873821066523511, "br": 0.001895435105495976, "waiting_time": 2.753764947436135e-09}, "DefMet_BE_33": {"avail": 0.9968269388749702, "util": 0.00024324868091015012, "br": 0.0031730611250298567, "waiting_time": 0.0}, "DefMet_BE_42": {"avail": 0.9962784850592956, "util": 0.00040219118200910043, "br": 0.0037215149407044262, "waiting_time": 0.0}, "DefMet_FE_10": {"avail": 0.9983784605124422, "util": 0.0008310929729648524, "br": 0.001621539487557819, "waiting_time": 0.0}, "DefMet_FE_106": {"avail": 0.9928518942642959, "util": 4.826164325377509e-05, "br": 0.007148105735704054, "waiting_time": 0.0}, "DefMet_FE_34": {"avail": 0.9963535740677553, "util": 0.0006114889736475132, "br": 0.0036464259322445776, "waiting_time": 0.0}, "DefMet_FE_43": {"avail": 0.9947308023270005, "util": 0.0007053756743292946, "br": 0.005269197672999482, "waiting_time": 6.363927021539602e-10}, "Delay_32": {"avail": 1.0, "util": 3.321411846981909e-05, "br": 0.0, "waiting_time": 0.0}, "Dielectric_BE_20": {"avail": 0.9786196091101224, "util": 0.00036280314912448704, "br": 0.02138039088987766, "waiting_time": 9.809816336090948e-08}, "Dielectric_BE_21": {"avail": 0.9440946752381076, "util": 0.0004211118144425296, "br": 0.05590532476189235, "waiting_time": 5.0541808183729574e-08}, "Dielectric_BE_27": {"avail": 0.9433471756887876, "util": 0.0003822414572414673, "br": 0.056652824311212394, "waiting_time": 4.953382724503156e-10}, "Dielectric_BE_28": {"avail": 0.9513560057200658, "util": 0.0003737963532464871, "br": 0.04864399427993414, "waiting_time": 1.1300967362806256e-08}, "Dielectric_BE_60": {"avail": 0.9417959020003583, "util": 0.0003426889375949876, "br": 0.05820409799964164, "waiting_time": 8.301290352572404e-09}, "Dielectric_FE_112": {"avail": 0.952140845916656, "util": 0.00030771297713210914, "br": 0.04785915408334392, "waiting_time": 4.5722027629272634e-09}, "Dielectric_FE_130": {"avail": 0.9677090215703023, "util": 0.000322509021402457, "br": 0.03229097842969778, "waiting_time": 7.253916256326788e-07}, "Dielectric_FE_29": {"avail": 0.9363847821188048, "util": 0.00029104578994366287, "br": 0.06361521788119517, "waiting_time": 1.867843211274695e-07}, "Dielectric_FE_30": {"avail": 0.9399371525410337, "util": 0.0003828319174317346, "br": 0.06006284745896633, "waiting_time": 9.306910641744993e-08}, "Dielectric_FE_31": {"avail": 0.934538673217874, "util": 0.0003290021793593229, "br": 0.06546132678212603, "waiting_time": 3.3330196373674637e-07}, "Diffusion_BE_123": {"avail": 0.9845193883709626, "util": 0.00015059518599260788, "br": 0.015480611629037364, "waiting_time": 6.324630641570532e-08}, "Diffusion_FE_100": {"avail": 0.9930477921288687, "util": 0.00019114367451184464, "br": 0.006952207871131347, "waiting_time": 8.468834688346885e-08}, "Diffusion_FE_101": {"avail": 0.9893976870888361, "util": 0.0001711933425725418, "br": 0.010602312911163864, "waiting_time": 1.9207268572750807e-07}, "Diffusion_FE_120": {"avail": 0.9870687944765575, "util": 0.0001271705556854414, "br": 0.012931205523442476, "waiting_time": 1.1059886374219986e-07}, "Diffusion_FE_122": {"avail": 0.9853400564958219, "util": 0.00015279552064087514, "br": 0.014659943504178064, "waiting_time": 1.6371691494692724e-07}, "Diffusion_FE_125": {"avail": 0.9812890529002888, "util": 8.509922679690137e-05, "br": 0.0187109470997111, "waiting_time": 1.6041682708349375e-08}, "Diffusion_FE_126": {"avail": 0.9851497245410382, "util": 0.0001358914749654879, "br": 0.014850275458961695, "waiting_time": 2.334827623012061e-07}, "Diffusion_FE_127": {"avail": 0.9871946782986767, "util": 0.00015606220391912009, "br": 0.01280532170132331, "waiting_time": 2.3186792802819513e-07}, "Diffusion_FE_44": {"avail": 0.9865703943145464, "util": 0.00013783592279607642, "br": 0.013429605685453667, "waiting_time": 1.0746586884005639e-07}, "Diffusion_FE_94": {"avail": 0.986146886132871, "util": 0.00015101884034640222, "br": 0.013853113867128883, "waiting_time": 1.880766593921886e-07}, "EPI_36": {"avail": 0.9437793295061816, "util": 0.00020357472624058607, "br": 0.05622067049381841, "waiting_time": 0.0}, "EPI_38": {"avail": 0.875981341351226, "util": 0.00044236099507446314, "br": 0.124018658648774, "waiting_time": 6.419602161662143e-10}, "Implant_119": {"avail": 0.966077298934015, "util": 0.0004272240516570589, "br": 0.033922701065985085, "waiting_time": 1.2982696661889035e-08}, "Implant_128": {"avail": 0.9488372151819254, "util": 0.000649259558498574, "br": 0.0511627848180746, "waiting_time": 1.9570635904758325e-08}, "Implant_132": {"avail": 0.9481536310114093, "util": 0.0005144623276078537, "br": 0.05184636898859074, "waiting_time": 3.4328135229784303e-09}, "Implant_74": {"avail": 0.9708868060167277, "util": 0.0001950297808595952, "br": 0.029113193983272244, "waiting_time": 0.0}, "Implant_88": {"avail": 0.9411368480163345, "util": 0.00037582598557252554, "br": 0.05886315198366553, "waiting_time": 0.0}, "Implant_90": {"avail": 0.8977341140487981, "util": 0.00044866040894204313, "br": 0.10226588595120187, "waiting_time": 6.651766709237973e-09}, "Implant_91": {"avail": 0.9548717478773437, "util": 0.0005292061957871884, "br": 0.04512825212265627,