{"lots": {}, "machines": {"DE_BE_11": {"avail": 1.0, "util": 0.6607315517702483, "br": 0.0}, "DE_BE_12": {"avail": 1.0, "util": 0.9380008993043616, "br": 0.0}, "DE_BE_13": {"avail": 1.0, "util": 0.64071468246621, "br": 0.0}, "DE_BE_48": {"avail": 1.0, "util": 0.768401474474424, "br": 0.0}, "DE_BE_50": {"avail": 1.0, "util": 0.7709868542862434, "br": 0.0}, "DE_BE_65": {"avail": 1.0, "util": 0.6408914174142836, "br": 0.0}, "DE_BE_66": {"avail": 1.0, "util": 0.7303222714747813, "br": 0.0}, "DE_BE_67": {"avail": 1.0, "util": 0.5949150830654256, "br": 0.0}, "DE_BE_69": {"avail": 1.0, "util": 0.3665679195210763, "br": 0.0}, "DE_FE_1": {"avail": 1.0, "util": 0.7572486576559897, "br": 0.0}, "DE_FE_51": {"avail": 1.0, "util": 0.4880392519903722, "br": 0.0}, "DE_FE_53": {"avail": 1.0, "util": 0.18622477319014996, "br": 0.0}, "DE_FE_54": {"avail": 1.0, "util": 0.5467506017404185, "br": 0.0}, "DE_FE_56": {"avail": 1.0, "util": 0.7994815774856509, "br": 0.0}, "DE_FE_58": {"avail": 1.0, "util": 0.9774578781707092, "br": 0.0}, "DE_FE_59": {"avail": 1.0, "util": 0.7657378263284577, "br": 0.0}, "DE_FE_62": {"avail": 1.0, "util": 0.8607447422590588, "br": 0.0}, "DE_FE_70": {"avail": 1.0, "util": 0.705382841561327, "br": 0.0}, "DE_FE_71": {"avail": 1.0, "util": 0.7383303503466436, "br": 0.0}, "DE_FE_72": {"avail": 1.0, "util": 0.3148659339179613, "br": 0.0}, "DE_FE_86": {"avail": 1.0, "util": 0.7747372583231605, "br": 0.0}, "DefMEt_FE_118": {"avail": 1.0, "util": 0.41348824291797814, "br": 0.0}, "DefMet_BE_33": {"avail": 1.0, "util": 0.8450286983891871, "br": 0.0}, "DefMet_BE_42": {"avail": 1.0, "util": 0.9520459174226995, "br": 0.0}, "DefMet_FE_10": {"avail": 1.0, "util": 0.3085076837622662, "br": 0.0}, "DefMet_FE_106": {"avail": 1.0, "util": 0.16959822255137938, "br": 0.0}, "DefMet_FE_34": {"avail": 1.0, "util": 0.7077393075356415, "br": 0.0}, "DefMet_FE_43": {"avail": 1.0, "util": 0.7677096833919644, "br": 0.0}, "Delay_32": {"avail": 1.0, "util": 0.18598060544343642, "br": 0.0}, "Dielectric_BE_20": {"avail": 1.0, "util": 0.8112201444177004, "br": 0.0}, "Dielectric_BE_21": {"avail": 1.0, "util": 0.8425600197494292, "br": 0.0}, "Dielectric_BE_27": {"avail": 1.0, "util": 0.869337468370055, "br": 0.0}, "Dielectric_BE_28": {"avail": 1.0, "util": 0.9587730667160402, "br": 0.0}, "Dielectric_BE_60": {"avail": 1.0, "util": 0.8575572424859594, "br": 0.0}, "Dielectric_FE_112": {"avail": 1.0, "util": 0.6425456191240305, "br": 0.0}, "Dielectric_FE_130": {"avail": 1.0, "util": 0.580193482688391, "br": 0.0}, "Dielectric_FE_29": {"avail": 1.0, "util": 0.7755045361970005, "br": 0.0}, "Dielectric_FE_30": {"avail": 1.0, "util": 0.9274208479911128, "br": 0.0}, "Dielectric_FE_31": {"avail": 1.0, "util": 0.3868959451953342, "br": 0.0}, "Diffusion_BE_123": {"avail": 1.0, "util": 0.0, "br": 0.0}, "Diffusion_FE_100": {"avail": 1.0, "util": 0.0, "br": 0.0}, "Diffusion_FE_101": {"avail": 1.0, "util": 0.0, "br": 0.0}, "Diffusion_FE_120": {"avail": 1.0, "util": 0.0, "br": 0.0}, "Diffusion_FE_122": {"avail": 1.0, "util": 0.0, "br": 0.0}, "Diffusion_FE_125": {"avail": 1.0, "util": 0.0, "br": 0.0}, "Diffusion_FE_126": {"avail": 1.0, "util": 0.0, "br": 0.0}, "Diffusion_FE_127": {"avail": 1.0, "util": 0.0, "br": 0.0}, "Diffusion_FE_44": {"avail": 1.0, "util": 0.0, "br": 0.0}, "Diffusion_FE_94": {"avail": 1.0, "util": 0.0, "br": 0.0}, "EPI_36": {"avail": 1.0, "util": 0.012034808368820588, "br": 0.0}, "EPI_38": {"avail": 1.0, "util": 0.40696167376411774, "br": 0.0}, "Implant_119": {"avail": 1.0, "util": 0.0538326235882244, "br": 0.0}, "Implant_128": {"avail": 1.0, "util": 0.0383094039824275, "br": 0.0}, "Implant_132": {"avail": 1.0, "util": 0.04019096992620414, "br": 0.0}, "Implant_74": {"avail": 1.0, "util": 0.0226346972782818, "br": 0.0}, "Implant_88": {"avail": 1.0, "util": 0.0, "br": 0.0}, "Implant_90": {"avail": 1.0, "util": 0.05623958526198852, "br": 0.0}, "Implant_91": {"avail": 1.0, "util": 0.05085037162430238, "br": 0.0}, "LithoMet_BE_18": {"avail": 1.0, "util": 0.9304169261584555, "br": 0.0}, "LithoMet_FE_19": {"avail": 1.0, "util": 0.9598817679265744, "br": 0.0}, "LithoTrack_BE_117": {"avail": 1.0, "util": 0.09638955748935382, "br": 0.0}, "LithoTrack_FE_115": {"avail": 1.0, "util": 0.05727484973424072, "br": 0.0}, "LithoTrack_FE_95": {"avail": 1.0, "util": 0.09821560822069987, "br": 0.0}, "LithoTrack_FE_96": {"avail": 1.0, "util": 0.020042584706535825, "br": 0.0}, "Litho_BE_110": {"avail": 1.0, "util": 0.08732682353509415, "br": 0.0}, "Litho_BE_93": {"avail": 1.0, "util": 0.09252916126643214, "br": 0.0}, "Litho_BE_99": {"avail": 1.0, "util": 0.16466086527186324, "br": 0.0}, "Litho_FE_111": {"avail": 1.0, "util": 0.12236622847620811, "br": 0.0}, "Litho_FE_35": {"avail": 1.0, "util": 0.07831882984632475, "br": 0.0}, "Litho_FE_92": {"avail": 1.0, "util": 0.09258257017931153, "br": 0.0}, "Litho_FE_98": {"avail": 1.0, "util": 0.04260785039807443, "br": 0.0}, "Litho_REG_BE_63": {"avail": 1.0, "util": 0.9056309016848731, "br": 0.0}, "Litho_REG_FE_64": {"avail": 1.0, "util": 0.9407285687835586, "br": 0.0}, "Planar_BE_75": {"avail": 1.0, "util": 0.797127516068453, "br": 0.0}, "Planar_FE_76": {"avail": 1.0, "util": 0.9253379003888169, "br": 0.0}, "Planar_FE_77": {"avail": 1.0, "util": 0.952092205147195, "br": 0.0}, "Planar_FE_78": {"avail": 1.0, "util": 0.28254027032031104, "br": 0.0}, "Planar_FE_79": {"avail": 1.0, "util": 0.3180429550083318, "br": 0.0}, "Planar_FE_80": {"avail": 1.0, "util": 0.43279022403258655, "br": 0.0}, "TF_BE_2": {"avail": 1.0, "util": 0.6213201259026107, "br": 0.0}, "TF_BE_23": {"avail": 1.0, "util": 0.6660935805538657, "br": 0.0}, "TF_BE_24": {"avail": 1.0, "util": 0.9665108313275319, "br": 0.0}, "TF_BE_26": {"avail": 1.0, "util": 0.7842208707789156, "br": 0.0}, "TF_BE_40": {"avail": 1.0, "util": 0.8226472221919688, "br": 0.0}, "TF_FE_103": {"avail": 1.0, "util": 0.8406247520300473, "br": 0.0}, "TF_FE_104": {"avail": 1.0, "util": 0.765080540640622, "br": 0.0}, "TF_FE_113": {"avail": 1.0, "util": 0.14704067148059, "br": 0.0}, "TF_FE_131": {"avail": 1.0, "util": 0.9535425538480528, "br": 0.0}, "TF_FE_3": {"avail": 1.0, "util": 0.592019996296982, "br": 0.0}, "TF_FE_5": {"avail": 1.0, "util": 0.4766092698882923, "br": 0.0}, "TF_Met_FE_45": {"avail": 1.0, "util": 0.11766339566746899, "br": 0.0}, "TF_Met_FE_61": {"avail": 1.0, "util": 0.9899092760599889, "br": 0.0}, "WE_BE_14": {"avail": 1.0, "util": 0.045121273838178114, "br": 0.0}, "WE_BE_16": {"avail": 1.0, "util": 0.03778235511942233, "br": 0.0}, "WE_BE_17": {"avail": 1.0, "util": 0.041566376596926496, "br": 0.0}, "WE_BE_7": {"avail": 1.0, "util": 0.02277356045176819, "br": 0.0}, "WE_BE_81": {"avail": 1.0, "util": 0.05449608097265938, "br": 0.0}, "WE_BE_82": {"avail": 1.0, "util": 0.05314859388179143, "br": 0.0}, "WE_BE_9": {"avail": 1.0, "util": 0.05421218292908721, "br": 0.0}, "WE_FE_108": {"avail": 1.0, "util": 0.03933498905055896, "br": 0.0}, "WE_FE_41": {"avail": 1.0, "util": 0.03603036474726903, "br": 0.0}, "WE_FE_47": {"avail": 1.0, "util": 0.040288835400851694, "br": 0.0}, "WE_FE_8": {"avail": 1.0, "util": 0.02157007961488613, "br": 0.0}, "WE_FE_83": {"avail": 1.0, "util": 0.041319508732950684, "br": 0.0}, "WE_FE_84": {"avail": 1.0, "util": 0.042938671487850834, "br": 0.0}, "WE_FE_85": {"avail": 1.0, "util": 0.03383632660618404, "br": 0.0}}, "plugins": {"cost": 429200}}