{"lots": {}, "machines": {"DE_BE_11": {"avail": 1.0, "util": 0.814674935974575, "br": 0.0}, "DE_BE_12": {"avail": 1.0, "util": 0.5584401158408379, "br": 0.0}, "DE_BE_13": {"avail": 1.0, "util": 0.7434046098306026, "br": 0.0}, "DE_BE_48": {"avail": 1.0, "util": 0.7259902552321326, "br": 0.0}, "DE_BE_50": {"avail": 1.0, "util": 0.7562788114412663, "br": 0.0}, "DE_BE_65": {"avail": 1.0, "util": 0.7457271969907349, "br": 0.0}, "DE_BE_66": {"avail": 1.0, "util": 0.7370207622065766, "br": 0.0}, "DE_BE_67": {"avail": 1.0, "util": 0.7515740577112419, "br": 0.0}, "DE_BE_69": {"avail": 1.0, "util": 0.29282606683328705, "br": 0.0}, "DE_FE_1": {"avail": 1.0, "util": 0.9114246042765899, "br": 0.0}, "DE_FE_51": {"avail": 1.0, "util": 0.35822549291863376, "br": 0.0}, "DE_FE_53": {"avail": 1.0, "util": 0.10925853929464038, "br": 0.0}, "DE_FE_54": {"avail": 1.0, "util": 0.9773766546329724, "br": 0.0}, "DE_FE_56": {"avail": 1.0, "util": 0.9545404054429325, "br": 0.0}, "DE_FE_58": {"avail": 1.0, "util": 0.8885309636212163, "br": 0.0}, "DE_FE_59": {"avail": 1.0, "util": 0.8575048597611774, "br": 0.0}, "DE_FE_62": {"avail": 1.0, "util": 0.6332816047829851, "br": 0.0}, "DE_FE_70": {"avail": 1.0, "util": 0.873918860922471, "br": 0.0}, "DE_FE_71": {"avail": 1.0, "util": 0.7438149896633651, "br": 0.0}, "DE_FE_72": {"avail": 1.0, "util": 0.5603998889197445, "br": 0.0}, "DE_FE_86": {"avail": 1.0, "util": 0.7305753110011813, "br": 0.0}, "DefMEt_FE_118": {"avail": 1.0, "util": 0.2477922799222438, "br": 0.0}, "DefMet_BE_33": {"avail": 1.0, "util": 0.9387392391002499, "br": 0.0}, "DefMet_BE_42": {"avail": 1.0, "util": 0.9907247986670369, "br": 0.0}, "DefMet_FE_10": {"avail": 1.0, "util": 0.47817272979727854, "br": 0.0}, "DefMet_FE_106": {"avail": 1.0, "util": 0.10502638156067759, "br": 0.0}, "DefMet_FE_34": {"avail": 1.0, "util": 0.4334073868369897, "br": 0.0}, "DefMet_FE_43": {"avail": 1.0, "util": 0.865181893918356, "br": 0.0}, "Delay_32": {"avail": 1.0, "util": 0.30637836712024435, "br": 0.0}, "Dielectric_BE_20": {"avail": 1.0, "util": 0.6242266037211885, "br": 0.0}, "Dielectric_BE_21": {"avail": 1.0, "util": 0.9381097843191707, "br": 0.0}, "Dielectric_BE_27": {"avail": 1.0, "util": 0.9103998889197445, "br": 0.0}, "Dielectric_BE_28": {"avail": 1.0, "util": 0.9581412570582245, "br": 0.0}, "Dielectric_BE_60": {"avail": 1.0, "util": 0.8455984448764232, "br": 0.0}, "Dielectric_FE_112": {"avail": 1.0, "util": 0.6402419081119441, "br": 0.0}, "Dielectric_FE_130": {"avail": 1.0, "util": 0.3505831713412941, "br": 0.0}, "Dielectric_FE_29": {"avail": 1.0, "util": 0.3613625844672776, "br": 0.0}, "Dielectric_FE_30": {"avail": 1.0, "util": 0.8930574840322133, "br": 0.0}, "Dielectric_FE_31": {"avail": 1.0, "util": 0.3715356845320744, "br": 0.0}, "Diffusion_BE_123": {"avail": 1.0, "util": 0.0, "br": 0.0}, "Diffusion_FE_100": {"avail": 1.0, "util": 0.0, "br": 0.0}, "Diffusion_FE_101": {"avail": 1.0, "util": 0.0, "br": 0.0}, "Diffusion_FE_120": {"avail": 1.0, "util": 0.0, "br": 0.0}, "Diffusion_FE_122": {"avail": 1.0, "util": 0.0, "br": 0.0}, "Diffusion_FE_125": {"avail": 1.0, "util": 0.0, "br": 0.0}, "Diffusion_FE_126": {"avail": 1.0, "util": 0.0, "br": 0.0}, "Diffusion_FE_127": {"avail": 1.0, "util": 0.0, "br": 0.0}, "Diffusion_FE_44": {"avail": 1.0, "util": 0.0, "br": 0.0}, "Diffusion_FE_94": {"avail": 1.0, "util": 0.0, "br": 0.0}, "EPI_36": {"avail": 1.0, "util": 0.0085254096084421, "br": 0.0}, "EPI_38": {"avail": 1.0, "util": 0.26420438767009163, "br": 0.0}, "Implant_119": {"avail": 1.0, "util": 0.010996945292974174, "br": 0.0}, "Implant_128": {"avail": 1.0, "util": 0.03603544469970463, "br": 0.0}, "Implant_132": {"avail": 1.0, "util": 0.019510453445471497, "br": 0.0}, "Implant_74": {"avail": 1.0, "util": 0.013496251041377395, "br": 0.0}, "Implant_88": {"avail": 1.0, "util": 0.005720633157456263, "br": 0.0}, "Implant_90": {"avail": 1.0, "util": 0.02446542627048042, "br": 0.0}, "Implant_91": {"avail": 1.0, "util": 0.04739159757210299, "br": 0.0}, "LithoMet_BE_18": {"avail": 1.0, "util": 0.9687864482088309, "br": 0.0}, "LithoMet_FE_19": {"avail": 1.0, "util": 0.9513785853136033, "br": 0.0}, "LithoTrack_BE_117": {"avail": 1.0, "util": 0.06670369341849486, "br": 0.0}, "LithoTrack_FE_115": {"avail": 1.0, "util": 0.04471115746980852, "br": 0.0}, "LithoTrack_FE_95": {"avail": 1.0, "util": 0.06432796445431824, "br": 0.0}, "LithoTrack_FE_96": {"avail": 1.0, "util": 0.01219105803943349, "br": 0.0}, "Litho_BE_110": {"avail": 1.0, "util": 0.061048259541431726, "br": 0.0}, "Litho_BE_93": {"avail": 1.0, "util": 0.06442654818106082, "br": 0.0}, "Litho_BE_99": {"avail": 1.0, "util": 0.09919466814773674, "br": 0.0}, "Litho_FE_111": {"avail": 1.0, "util": 0.08611219105803944, "br": 0.0}, "Litho_FE_35": {"avail": 1.0, "util": 0.0233268536517634, "br": 0.0}, "Litho_FE_92": {"avail": 1.0, "util": 0.0695191506632773, "br": 0.0}, "Litho_FE_98": {"avail": 1.0, "util": 0.03081088586503749, "br": 0.0}, "Litho_REG_BE_63": {"avail": 1.0, "util": 0.9547417384059983, "br": 0.0}, "Litho_REG_FE_64": {"avail": 1.0, "util": 0.9637646949921318, "br": 0.0}, "Planar_BE_75": {"avail": 1.0, "util": 0.889673503391915, "br": 0.0}, "Planar_FE_76": {"avail": 1.0, "util": 0.9240488753124132, "br": 0.0}, "Planar_FE_77": {"avail": 1.0, "util": 0.8658150513746181, "br": 0.0}, "Planar_FE_78": {"avail": 1.0, "util": 0.42432657595112466, "br": 0.0}, "Planar_FE_79": {"avail": 1.0, "util": 0.2592196612052208, "br": 0.0}, "Planar_FE_80": {"avail": 1.0, "util": 0.2592890863648986, "br": 0.0}, "TF_BE_2": {"avail": 1.0, "util": 0.4792835323521244, "br": 0.0}, "TF_BE_23": {"avail": 1.0, "util": 0.43187606617209506, "br": 0.0}, "TF_BE_24": {"avail": 1.0, "util": 0.8623021382949181, "br": 0.0}, "TF_BE_26": {"avail": 1.0, "util": 0.7389784888812936, "br": 0.0}, "TF_BE_40": {"avail": 1.0, "util": 0.6805560546906905, "br": 0.0}, "TF_FE_103": {"avail": 1.0, "util": 0.629793311381759, "br": 0.0}, "TF_FE_104": {"avail": 1.0, "util": 0.689564009997223, "br": 0.0}, "TF_FE_113": {"avail": 1.0, "util": 0.08997500694251596, "br": 0.0}, "TF_FE_131": {"avail": 1.0, "util": 0.8521984633897992, "br": 0.0}, "TF_FE_3": {"avail": 1.0, "util": 0.35902989910210126, "br": 0.0}, "TF_FE_5": {"avail": 1.0, "util": 0.28827177635841894, "br": 0.0}, "TF_Met_FE_45": {"avail": 1.0, "util": 0.07125798389336295, "br": 0.0}, "TF_Met_FE_61": {"avail": 1.0, "util": 0.9866148292141071, "br": 0.0}, "WE_BE_14": {"avail": 1.0, "util": 0.03766731463482366, "br": 0.0}, "WE_BE_16": {"avail": 1.0, "util": 0.033178283810052764, "br": 0.0}, "WE_BE_17": {"avail": 1.0, "util": 0.03188003332407664, "br": 0.0}, "WE_BE_7": {"avail": 1.0, "util": 0.02493751735628992, "br": 0.0}, "WE_BE_81": {"avail": 1.0, "util": 0.03991483847079515, "br": 0.0}, "WE_BE_82": {"avail": 1.0, "util": 0.04556141812459502, "br": 0.0}, "WE_BE_9": {"avail": 1.0, "util": 0.044632046653707305, "br": 0.0}, "WE_FE_108": {"avail": 1.0, "util": 0.03753746564651581, "br": 0.0}, "WE_FE_41": {"avail": 1.0, "util": 0.02899194668147737, "br": 0.0}, "WE_FE_47": {"avail": 1.0, "util": 0.03446820327686754, "br": 0.0}, "WE_FE_8": {"avail": 1.0, "util": 0.028908636489863925, "br": 0.0}, "WE_FE_83": {"avail": 1.0, "util": 0.040590576691659726, "br": 0.0}, "WE_FE_84": {"avail": 1.0, "util": 0.03365731741183005, "br": 0.0}, "WE_FE_85": {"avail": 1.0, "util": 0.030019439044709804, "br": 0.0}}, "plugins": {"cost": 429025.13149305555}}