{"lots": {}, "machines": {"DE_BE_11": {"avail": 1.0, "util": 0.7908264355683943, "br": 0.0}, "DE_BE_12": {"avail": 1.0, "util": 0.5702222892378995, "br": 0.0}, "DE_BE_13": {"avail": 1.0, "util": 0.8273557451936431, "br": 0.0}, "DE_BE_48": {"avail": 1.0, "util": 0.7161420325133453, "br": 0.0}, "DE_BE_50": {"avail": 1.0, "util": 0.8274040331092717, "br": 0.0}, "DE_BE_65": {"avail": 1.0, "util": 0.8191009590376293, "br": 0.0}, "DE_BE_66": {"avail": 1.0, "util": 0.791178267874007, "br": 0.0}, "DE_BE_67": {"avail": 1.0, "util": 0.727323229517552, "br": 0.0}, "DE_BE_69": {"avail": 1.0, "util": 0.296835360998463, "br": 0.0}, "DE_FE_1": {"avail": 1.0, "util": 0.8997166824065329, "br": 0.0}, "DE_FE_51": {"avail": 1.0, "util": 0.5414393644797512, "br": 0.0}, "DE_FE_53": {"avail": 1.0, "util": 0.10827176267985111, "br": 0.0}, "DE_FE_54": {"avail": 1.0, "util": 0.9795011388256208, "br": 0.0}, "DE_FE_56": {"avail": 1.0, "util": 0.964613077051275, "br": 0.0}, "DE_FE_58": {"avail": 1.0, "util": 0.8874784734181435, "br": 0.0}, "DE_FE_59": {"avail": 1.0, "util": 0.956912115993556, "br": 0.0}, "DE_FE_62": {"avail": 1.0, "util": 0.6924876722535023, "br": 0.0}, "DE_FE_70": {"avail": 1.0, "util": 0.9595578023443142, "br": 0.0}, "DE_FE_71": {"avail": 1.0, "util": 0.9016906468159177, "br": 0.0}, "DE_FE_72": {"avail": 1.0, "util": 0.2797874865537773, "br": 0.0}, "DE_FE_86": {"avail": 1.0, "util": 0.7627306957523076, "br": 0.0}, "DefMEt_FE_118": {"avail": 1.0, "util": 0.25034720293317037, "br": 0.0}, "DefMet_BE_33": {"avail": 1.0, "util": 0.9058663407588468, "br": 0.0}, "DefMet_BE_42": {"avail": 1.0, "util": 0.9888339536692407, "br": 0.0}, "DefMet_FE_10": {"avail": 1.0, "util": 0.28937281262152104, "br": 0.0}, "DefMet_FE_106": {"avail": 1.0, "util": 0.10449419476695739, "br": 0.0}, "DefMet_FE_34": {"avail": 1.0, "util": 0.5191378256763514, "br": 0.0}, "DefMet_FE_43": {"avail": 1.0, "util": 0.8775401366590745, "br": 0.0}, "Delay_32": {"avail": 1.0, "util": 0.30748583412032665, "br": 0.0}, "Dielectric_BE_20": {"avail": 1.0, "util": 0.7577023498694517, "br": 0.0}, "Dielectric_BE_21": {"avail": 1.0, "util": 0.9161528063255746, "br": 0.0}, "Dielectric_BE_27": {"avail": 1.0, "util": 0.948090846804807, "br": 0.0}, "Dielectric_BE_28": {"avail": 1.0, "util": 0.9699831490843102, "br": 0.0}, "Dielectric_BE_60": {"avail": 1.0, "util": 0.9204766401866563, "br": 0.0}, "Dielectric_FE_112": {"avail": 1.0, "util": 0.48825065274151436, "br": 0.0}, "Dielectric_FE_130": {"avail": 1.0, "util": 0.348286206321871, "br": 0.0}, "Dielectric_FE_29": {"avail": 1.0, "util": 0.9267262929837231, "br": 0.0}, "Dielectric_FE_30": {"avail": 1.0, "util": 0.9455585800788845, "br": 0.0}, "Dielectric_FE_31": {"avail": 1.0, "util": 0.32719015610243873, "br": 0.0}, "Diffusion_BE_123": {"avail": 1.0, "util": 0.0, "br": 0.0}, "Diffusion_FE_100": {"avail": 1.0, "util": 0.0, "br": 0.0}, "Diffusion_FE_101": {"avail": 1.0, "util": 0.0, "br": 0.0}, "Diffusion_FE_120": {"avail": 1.0, "util": 0.0, "br": 0.0}, "Diffusion_FE_122": {"avail": 1.0, "util": 0.0, "br": 0.0}, "Diffusion_FE_125": {"avail": 1.0, "util": 0.0, "br": 0.0}, "Diffusion_FE_126": {"avail": 1.0, "util": 0.0, "br": 0.0}, "Diffusion_FE_127": {"avail": 1.0, "util": 0.0, "br": 0.0}, "Diffusion_FE_44": {"avail": 1.0, "util": 0.0, "br": 0.0}, "Diffusion_FE_94": {"avail": 1.0, "util": 0.0, "br": 0.0}, "EPI_36": {"avail": 1.0, "util": 0.008721737681239931, "br": 0.0}, "EPI_38": {"avail": 1.0, "util": 0.26487417365701904, "br": 0.0}, "Implant_119": {"avail": 1.0, "util": 0.07466251874895839, "br": 0.0}, "Implant_128": {"avail": 1.0, "util": 0.03247294342233512, "br": 0.0}, "Implant_132": {"avail": 1.0, "util": 0.030474497448554443, "br": 0.0}, "Implant_74": {"avail": 1.0, "util": 0.013471473807010722, "br": 0.0}, "Implant_88": {"avail": 1.0, "util": 0.005694128103994223, "br": 0.0}, "Implant_90": {"avail": 1.0, "util": 0.04299761124381979, "br": 0.0}, "Implant_91": {"avail": 1.0, "util": 0.047544977659971274, "br": 0.0}, "LithoMet_BE_18": {"avail": 1.0, "util": 0.9680926817197024, "br": 0.0}, "LithoMet_FE_19": {"avail": 1.0, "util": 0.9599784138976406, "br": 0.0}, "LithoTrack_BE_117": {"avail": 1.0, "util": 0.06768512860396646, "br": 0.0}, "LithoTrack_FE_115": {"avail": 1.0, "util": 0.04524680878162595, "br": 0.0}, "LithoTrack_FE_95": {"avail": 1.0, "util": 0.06441308816176879, "br": 0.0}, "LithoTrack_FE_96": {"avail": 1.0, "util": 0.012082662074329203, "br": 0.0}, "Litho_BE_110": {"avail": 1.0, "util": 0.06479591713503839, "br": 0.0}, "Litho_BE_93": {"avail": 1.0, "util": 0.06163546469640575, "br": 0.0}, "Litho_BE_99": {"avail": 1.0, "util": 0.10162398385274891, "br": 0.0}, "Litho_FE_111": {"avail": 1.0, "util": 0.09129492805955225, "br": 0.0}, "Litho_FE_35": {"avail": 1.0, "util": 0.04680295539136715, "br": 0.0}, "Litho_FE_92": {"avail": 1.0, "util": 0.06941281039942225, "br": 0.0}, "Litho_FE_98": {"avail": 1.0, "util": 0.0307482917615688, "br": 0.0}, "Litho_REG_BE_63": {"avail": 1.0, "util": 0.9612104883062053, "br": 0.0}, "Litho_REG_FE_64": {"avail": 1.0, "util": 0.9607568098068625, "br": 0.0}, "Planar_BE_75": {"avail": 1.0, "util": 0.8739236709071718, "br": 0.0}, "Planar_FE_76": {"avail": 1.0, "util": 0.934031442697628, "br": 0.0}, "Planar_FE_77": {"avail": 1.0, "util": 0.8644519748902839, "br": 0.0}, "Planar_FE_78": {"avail": 1.0, "util": 0.421698794511416, "br": 0.0}, "Planar_FE_79": {"avail": 1.0, "util": 0.25298594522526524, "br": 0.0}, "Planar_FE_80": {"avail": 1.0, "util": 0.2609021721015499, "br": 0.0}, "TF_BE_2": {"avail": 1.0, "util": 0.4223237597911227, "br": 0.0}, "TF_BE_23": {"avail": 1.0, "util": 0.6009388367312927, "br": 0.0}, "TF_BE_24": {"avail": 1.0, "util": 0.8643547580689962, "br": 0.0}, "TF_BE_26": {"avail": 1.0, "util": 0.6741334883104785, "br": 0.0}, "TF_BE_40": {"avail": 1.0, "util": 0.7750484450210282, "br": 0.0}, "TF_FE_103": {"avail": 1.0, "util": 0.630607823374892, "br": 0.0}, "TF_FE_104": {"avail": 1.0, "util": 0.6890506082995389, "br": 0.0}, "TF_FE_113": {"avail": 1.0, "util": 0.08643964224209766, "br": 0.0}, "TF_FE_131": {"avail": 1.0, "util": 0.8522119141529174, "br": 0.0}, "TF_FE_3": {"avail": 1.0, "util": 0.3599800011110494, "br": 0.0}, "TF_FE_5": {"avail": 1.0, "util": 0.35596170583115755, "br": 0.0}, "TF_Met_FE_45": {"avail": 1.0, "util": 0.07088495083606466, "br": 0.0}, "TF_Met_FE_61": {"avail": 1.0, "util": 0.9878617854563635, "br": 0.0}, "WE_BE_14": {"avail": 1.0, "util": 0.039342258763402034, "br": 0.0}, "WE_BE_16": {"avail": 1.0, "util": 0.03569940558857841, "br": 0.0}, "WE_BE_17": {"avail": 1.0, "util": 0.03310927170712738, "br": 0.0}, "WE_BE_7": {"avail": 1.0, "util": 0.025220821065496363, "br": 0.0}, "WE_BE_81": {"avail": 1.0, "util": 0.042034701775827264, "br": 0.0}, "WE_BE_82": {"avail": 1.0, "util": 0.04683073162602078, "br": 0.0}, "WE_BE_9": {"avail": 1.0, "util": 0.051552691517137934, "br": 0.0}, "WE_FE_108": {"avail": 1.0, "util": 0.047614213003492147, "br": 0.0}, "WE_FE_41": {"avail": 1.0, "util": 0.02718737847897339, "br": 0.0}, "WE_FE_47": {"avail": 1.0, "util": 0.03529803899783345, "br": 0.0}, "WE_FE_8": {"avail": 1.0, "util": 0.03060941058830065, "br": 0.0}, "WE_FE_83": {"avail": 1.0, "util": 0.040849582430605706, "br": 0.0}, "WE_FE_84": {"avail": 1.0, "util": 0.04212837848877677, "br": 0.0}, "WE_FE_85": {"avail": 1.0, "util": 0.030192767068496194, "br": 0.0}}, "plugins": {"cost": 428825.12890046294}}