{"lots": {}, "machines": {"DE_BE_11": {"avail": 1.0, "util": 0.8067743528032336, "br": 0.0}, "DE_BE_12": {"avail": 1.0, "util": 0.7101896298647201, "br": 0.0}, "DE_BE_13": {"avail": 1.0, "util": 0.8459562514686091, "br": 0.0}, "DE_BE_48": {"avail": 1.0, "util": 0.5709588245689329, "br": 0.0}, "DE_BE_50": {"avail": 1.0, "util": 0.6802554845876145, "br": 0.0}, "DE_BE_65": {"avail": 1.0, "util": 0.8853222589684684, "br": 0.0}, "DE_BE_66": {"avail": 1.0, "util": 0.7446379273731153, "br": 0.0}, "DE_BE_67": {"avail": 1.0, "util": 0.834900658907879, "br": 0.0}, "DE_BE_69": {"avail": 1.0, "util": 0.3634638526335277, "br": 0.0}, "DE_FE_1": {"avail": 1.0, "util": 0.5575951124687587, "br": 0.0}, "DE_FE_51": {"avail": 1.0, "util": 0.4447236878644821, "br": 0.0}, "DE_FE_53": {"avail": 1.0, "util": 0.13936406553735073, "br": 0.0}, "DE_FE_54": {"avail": 1.0, "util": 0.8245857632139221, "br": 0.0}, "DE_FE_56": {"avail": 1.0, "util": 0.8950638711469037, "br": 0.0}, "DE_FE_58": {"avail": 1.0, "util": 0.7400374895862261, "br": 0.0}, "DE_FE_59": {"avail": 1.0, "util": 0.7946750902527075, "br": 0.0}, "DE_FE_62": {"avail": 1.0, "util": 0.6909804466079684, "br": 0.0}, "DE_FE_70": {"avail": 1.0, "util": 0.7714271288278509, "br": 0.0}, "DE_FE_71": {"avail": 1.0, "util": 0.6368061340985528, "br": 0.0}, "DE_FE_72": {"avail": 1.0, "util": 0.2617454747418646, "br": 0.0}, "DE_FE_86": {"avail": 1.0, "util": 0.6553623287316612, "br": 0.0}, "DefMEt_FE_118": {"avail": 1.0, "util": 0.3129339072479867, "br": 0.0}, "DefMet_BE_33": {"avail": 1.0, "util": 0.9118300472091085, "br": 0.0}, "DefMet_BE_42": {"avail": 1.0, "util": 0.97493751735629, "br": 0.0}, "DefMet_FE_10": {"avail": 1.0, "util": 0.45011802277145235, "br": 0.0}, "DefMet_FE_106": {"avail": 1.0, "util": 0.12801999444598722, "br": 0.0}, "DefMet_FE_34": {"avail": 1.0, "util": 0.7381282976950847, "br": 0.0}, "DefMet_FE_43": {"avail": 1.0, "util": 0.8480977506248264, "br": 0.0}, "Delay_32": {"avail": 1.0, "util": 0.2751416273257428, "br": 0.0}, "Dielectric_BE_20": {"avail": 1.0, "util": 0.825715079144682, "br": 0.0}, "Dielectric_BE_21": {"avail": 1.0, "util": 0.9591548643895214, "br": 0.0}, "Dielectric_BE_27": {"avail": 1.0, "util": 0.8713204665370731, "br": 0.0}, "Dielectric_BE_28": {"avail": 1.0, "util": 0.9122465981671758, "br": 0.0}, "Dielectric_BE_60": {"avail": 1.0, "util": 0.9218388410626678, "br": 0.0}, "Dielectric_FE_112": {"avail": 1.0, "util": 0.5121571168502577, "br": 0.0}, "Dielectric_FE_130": {"avail": 1.0, "util": 0.434115523465704, "br": 0.0}, "Dielectric_FE_29": {"avail": 1.0, "util": 0.975238359714894, "br": 0.0}, "Dielectric_FE_30": {"avail": 1.0, "util": 0.9725423493474035, "br": 0.0}, "Dielectric_FE_31": {"avail": 1.0, "util": 0.29203693418494864, "br": 0.0}, "Diffusion_BE_123": {"avail": 1.0, "util": 0.0, "br": 0.0}, "Diffusion_FE_100": {"avail": 1.0, "util": 0.0, "br": 0.0}, "Diffusion_FE_101": {"avail": 1.0, "util": 0.0, "br": 0.0}, "Diffusion_FE_120": {"avail": 1.0, "util": 0.0, "br": 0.0}, "Diffusion_FE_122": {"avail": 1.0, "util": 0.0, "br": 0.0}, "Diffusion_FE_125": {"avail": 1.0, "util": 0.0, "br": 0.0}, "Diffusion_FE_126": {"avail": 1.0, "util": 0.0, "br": 0.0}, "Diffusion_FE_127": {"avail": 1.0, "util": 0.0, "br": 0.0}, "Diffusion_FE_44": {"avail": 1.0, "util": 0.0, "br": 0.0}, "Diffusion_FE_94": {"avail": 1.0, "util": 0.0, "br": 0.0}, "EPI_36": {"avail": 1.0, "util": 0.00888642043876701, "br": 0.0}, "EPI_38": {"avail": 1.0, "util": 0.3094279366842544, "br": 0.0}, "Implant_119": {"avail": 1.0, "util": 0.04529991668980839, "br": 0.0}, "Implant_128": {"avail": 1.0, "util": 0.03574133447779657, "br": 0.0}, "Implant_132": {"avail": 1.0, "util": 0.038114412663149126, "br": 0.0}, "Implant_74": {"avail": 1.0, "util": 0.016939738961399612, "br": 0.0}, "Implant_88": {"avail": 1.0, "util": 0.005415162454873646, "br": 0.0}, "Implant_90": {"avail": 1.0, "util": 0.05338794779227992, "br": 0.0}, "Implant_91": {"avail": 1.0, "util": 0.04833974689570358, "br": 0.0}, "LithoMet_BE_18": {"avail": 1.0, "util": 0.9631415515892051, "br": 0.0}, "LithoMet_FE_19": {"avail": 1.0, "util": 0.9493345102550879, "br": 0.0}, "LithoTrack_BE_117": {"avail": 1.0, "util": 0.07872813107470147, "br": 0.0}, "LithoTrack_FE_115": {"avail": 1.0, "util": 0.04677731795368495, "br": 0.0}, "LithoTrack_FE_95": {"avail": 1.0, "util": 0.07745591502360455, "br": 0.0}, "LithoTrack_FE_96": {"avail": 1.0, "util": 0.015134684809775062, "br": 0.0}, "Litho_BE_110": {"avail": 1.0, "util": 0.07180674450333845, "br": 0.0}, "Litho_BE_93": {"avail": 1.0, "util": 0.06944251596778672, "br": 0.0}, "Litho_BE_99": {"avail": 1.0, "util": 0.12339165046746274, "br": 0.0}, "Litho_FE_111": {"avail": 1.0, "util": 0.09694182171618994, "br": 0.0}, "Litho_FE_35": {"avail": 1.0, "util": 0.06331574562621493, "br": 0.0}, "Litho_FE_92": {"avail": 1.0, "util": 0.07630893127977272, "br": 0.0}, "Litho_FE_98": {"avail": 1.0, "util": 0.031952929741738405, "br": 0.0}, "Litho_REG_BE_63": {"avail": 1.0, "util": 0.9368404609830603, "br": 0.0}, "Litho_REG_FE_64": {"avail": 1.0, "util": 0.9422498380079607, "br": 0.0}, "Planar_BE_75": {"avail": 1.0, "util": 0.8142381084619351, "br": 0.0}, "Planar_FE_76": {"avail": 1.0, "util": 0.9258886420438767, "br": 0.0}, "Planar_FE_77": {"avail": 1.0, "util": 0.8965217995001389, "br": 0.0}, "Planar_FE_78": {"avail": 1.0, "util": 0.20772007775617884, "br": 0.0}, "Planar_FE_79": {"avail": 1.0, "util": 0.3224972229936129, "br": 0.0}, "Planar_FE_80": {"avail": 1.0, "util": 0.3205706748125521, "br": 0.0}, "TF_BE_2": {"avail": 1.0, "util": 0.4598722577061927, "br": 0.0}, "TF_BE_23": {"avail": 1.0, "util": 0.7230630380449875, "br": 0.0}, "TF_BE_24": {"avail": 1.0, "util": 0.7260830324909747, "br": 0.0}, "TF_BE_26": {"avail": 1.0, "util": 0.6933811120842501, "br": 0.0}, "TF_BE_40": {"avail": 1.0, "util": 0.7617451034843263, "br": 0.0}, "TF_FE_103": {"avail": 1.0, "util": 0.7337346768754711, "br": 0.0}, "TF_FE_104": {"avail": 1.0, "util": 0.7440710913635101, "br": 0.0}, "TF_FE_113": {"avail": 1.0, "util": 0.10883550865500324, "br": 0.0}, "TF_FE_131": {"avail": 1.0, "util": 0.716537073035268, "br": 0.0}, "TF_FE_3": {"avail": 1.0, "util": 0.44665833564750534, "br": 0.0}, "TF_FE_5": {"avail": 1.0, "util": 0.361913357400722, "br": 0.0}, "TF_Met_FE_45": {"avail": 1.0, "util": 0.08830880311024715, "br": 0.0}, "TF_Met_FE_61": {"avail": 1.0, "util": 0.9851430158289364, "br": 0.0}, "WE_BE_14": {"avail": 1.0, "util": 0.03782282699250208, "br": 0.0}, "WE_BE_16": {"avail": 1.0, "util": 0.03796688419883366, "br": 0.0}, "WE_BE_17": {"avail": 1.0, "util": 0.032664537628436546, "br": 0.0}, "WE_BE_7": {"avail": 1.0, "util": 0.017078589280755344, "br": 0.0}, "WE_BE_81": {"avail": 1.0, "util": 0.04790336017772841, "br": 0.0}, "WE_BE_82": {"avail": 1.0, "util": 0.04506464253756672, "br": 0.0}, "WE_BE_9": {"avail": 1.0, "util": 0.05354068314357123, "br": 0.0}, "WE_FE_108": {"avail": 1.0, "util": 0.04064484003485622, "br": 0.0}, "WE_FE_41": {"avail": 1.0, "util": 0.03192168841988337, "br": 0.0}, "WE_FE_47": {"avail": 1.0, "util": 0.034976395445709525, "br": 0.0}, "WE_FE_8": {"avail": 1.0, "util": 0.0273535129130797, "br": 0.0}, "WE_FE_83": {"avail": 1.0, "util": 0.03596223271313524, "br": 0.0}, "WE_FE_84": {"avail": 1.0, "util": 0.03627260401522453, "br": 0.0}, "WE_FE_85": {"avail": 1.0, "util": 0.025374895862260483, "br": 0.0}}, "plugins": {"cost": 429025.1269560185}}