{"lots": {}, "machines": {"DE_BE_11": {"avail": 1.0, "util": 0.8324969600454295, "br": 0.0}, "DE_BE_12": {"avail": 1.0, "util": 0.5712063615513424, "br": 0.0}, "DE_BE_13": {"avail": 1.0, "util": 0.8338254712345041, "br": 0.0}, "DE_BE_48": {"avail": 1.0, "util": 0.7692097913752266, "br": 0.0}, "DE_BE_50": {"avail": 1.0, "util": 0.7655408032887062, "br": 0.0}, "DE_BE_65": {"avail": 1.0, "util": 0.820893788728909, "br": 0.0}, "DE_BE_66": {"avail": 1.0, "util": 0.5856243280602058, "br": 0.0}, "DE_BE_67": {"avail": 1.0, "util": 0.7520137770123883, "br": 0.0}, "DE_BE_69": {"avail": 1.0, "util": 0.22104327537359036, "br": 0.0}, "DE_FE_1": {"avail": 1.0, "util": 0.9039608910616077, "br": 0.0}, "DE_FE_51": {"avail": 1.0, "util": 0.4606577412365979, "br": 0.0}, "DE_FE_53": {"avail": 1.0, "util": 0.1108271762679851, "br": 0.0}, "DE_FE_54": {"avail": 1.0, "util": 0.9802048034368461, "br": 0.0}, "DE_FE_56": {"avail": 1.0, "util": 0.9644186434086995, "br": 0.0}, "DE_FE_58": {"avail": 1.0, "util": 0.8797844564190879, "br": 0.0}, "DE_FE_59": {"avail": 1.0, "util": 0.7268901727681796, "br": 0.0}, "DE_FE_62": {"avail": 1.0, "util": 0.6334419329645085, "br": 0.0}, "DE_FE_70": {"avail": 1.0, "util": 0.9135300564110074, "br": 0.0}, "DE_FE_71": {"avail": 1.0, "util": 0.7141023029584775, "br": 0.0}, "DE_FE_72": {"avail": 1.0, "util": 0.5552216796036583, "br": 0.0}, "DE_FE_86": {"avail": 1.0, "util": 0.7633563672074716, "br": 0.0}, "DefMEt_FE_118": {"avail": 1.0, "util": 0.24970834953613688, "br": 0.0}, "DefMet_BE_33": {"avail": 1.0, "util": 0.9175045830787179, "br": 0.0}, "DefMet_BE_42": {"avail": 1.0, "util": 0.9581689906116326, "br": 0.0}, "DefMet_FE_10": {"avail": 1.0, "util": 0.46727959557802345, "br": 0.0}, "DefMet_FE_106": {"avail": 1.0, "util": 0.1561024387534026, "br": 0.0}, "DefMet_FE_34": {"avail": 1.0, "util": 0.4572801511027165, "br": 0.0}, "DefMet_FE_43": {"avail": 1.0, "util": 0.8793067051830453, "br": 0.0}, "Delay_32": {"avail": 1.0, "util": 0.2998330648297317, "br": 0.0}, "Dielectric_BE_20": {"avail": 1.0, "util": 0.80811066051886, "br": 0.0}, "Dielectric_BE_21": {"avail": 1.0, "util": 0.8984593448512119, "br": 0.0}, "Dielectric_BE_27": {"avail": 1.0, "util": 0.9089170971983037, "br": 0.0}, "Dielectric_BE_28": {"avail": 1.0, "util": 0.9441142158768957, "br": 0.0}, "Dielectric_BE_60": {"avail": 1.0, "util": 0.8863766827768828, "br": 0.0}, "Dielectric_FE_112": {"avail": 1.0, "util": 0.5430068699887043, "br": 0.0}, "Dielectric_FE_130": {"avail": 1.0, "util": 0.3887422920948836, "br": 0.0}, "Dielectric_FE_29": {"avail": 1.0, "util": 0.618150843471659, "br": 0.0}, "Dielectric_FE_30": {"avail": 1.0, "util": 0.9440864396422421, "br": 0.0}, "Dielectric_FE_31": {"avail": 1.0, "util": 0.3227598466751847, "br": 0.0}, "Diffusion_BE_123": {"avail": 1.0, "util": 0.0, "br": 0.0}, "Diffusion_FE_100": {"avail": 1.0, "util": 0.0, "br": 0.0}, "Diffusion_FE_101": {"avail": 1.0, "util": 0.0, "br": 0.0}, "Diffusion_FE_120": {"avail": 1.0, "util": 0.0, "br": 0.0}, "Diffusion_FE_122": {"avail": 1.0, "util": 0.0, "br": 0.0}, "Diffusion_FE_125": {"avail": 1.0, "util": 0.0, "br": 0.0}, "Diffusion_FE_126": {"avail": 1.0, "util": 0.0, "br": 0.0}, "Diffusion_FE_127": {"avail": 1.0, "util": 0.0, "br": 0.0}, "Diffusion_FE_44": {"avail": 1.0, "util": 0.0, "br": 0.0}, "Diffusion_FE_94": {"avail": 1.0, "util": 0.0, "br": 0.0}, "EPI_36": {"avail": 1.0, "util": 0.011527137381256597, "br": 0.0}, "EPI_38": {"avail": 1.0, "util": 0.26542969835009167, "br": 0.0}, "Implant_119": {"avail": 1.0, "util": 0.02822065440808844, "br": 0.0}, "Implant_128": {"avail": 1.0, "util": 0.03218003040235139, "br": 0.0}, "Implant_132": {"avail": 1.0, "util": 0.026887395144714183, "br": 0.0}, "Implant_74": {"avail": 1.0, "util": 0.013499250041664352, "br": 0.0}, "Implant_88": {"avail": 1.0, "util": 0.005721904338647853, "br": 0.0}, "Implant_90": {"avail": 1.0, "util": 0.031359368923948666, "br": 0.0}, "Implant_91": {"avail": 1.0, "util": 0.04685453982715246, "br": 0.0}, "LithoMet_BE_18": {"avail": 1.0, "util": 0.9655928206008757, "br": 0.0}, "LithoMet_FE_19": {"avail": 1.0, "util": 0.9661725142254001, "br": 0.0}, "LithoTrack_BE_117": {"avail": 1.0, "util": 0.06449641686572968, "br": 0.0}, "LithoTrack_FE_115": {"avail": 1.0, "util": 0.04404226865445145, "br": 0.0}, "LithoTrack_FE_95": {"avail": 1.0, "util": 0.06438670073884785, "br": 0.0}, "LithoTrack_FE_96": {"avail": 1.0, "util": 0.012138214543636465, "br": 0.0}, "Litho_BE_110": {"avail": 1.0, "util": 0.06023095335283305, "br": 0.0}, "Litho_BE_93": {"avail": 1.0, "util": 0.06367701794344759, "br": 0.0}, "Litho_BE_99": {"avail": 1.0, "util": 0.09893894783623132, "br": 0.0}, "Litho_FE_111": {"avail": 1.0, "util": 0.08705071940447753, "br": 0.0}, "Litho_FE_35": {"avail": 1.0, "util": 0.05016387978445642, "br": 0.0}, "Litho_FE_92": {"avail": 1.0, "util": 0.06900471341335739, "br": 0.0}, "Litho_FE_98": {"avail": 1.0, "util": 0.028428976167990668, "br": 0.0}, "Litho_REG_BE_63": {"avail": 1.0, "util": 0.9630784400866619, "br": 0.0}, "Litho_REG_FE_64": {"avail": 1.0, "util": 0.9709877229042831, "br": 0.0}, "Planar_BE_75": {"avail": 1.0, "util": 0.8525716825255739, "br": 0.0}, "Planar_FE_76": {"avail": 1.0, "util": 0.9281706571857119, "br": 0.0}, "Planar_FE_77": {"avail": 1.0, "util": 0.8670629409477252, "br": 0.0}, "Planar_FE_78": {"avail": 1.0, "util": 0.3418421198822288, "br": 0.0}, "Planar_FE_79": {"avail": 1.0, "util": 0.25984667518471194, "br": 0.0}, "Planar_FE_80": {"avail": 1.0, "util": 0.25387478473418146, "br": 0.0}, "TF_BE_2": {"avail": 1.0, "util": 0.64058941169935, "br": 0.0}, "TF_BE_23": {"avail": 1.0, "util": 0.6180013808756656, "br": 0.0}, "TF_BE_24": {"avail": 1.0, "util": 0.8680767735125826, "br": 0.0}, "TF_BE_26": {"avail": 1.0, "util": 0.7181566836030476, "br": 0.0}, "TF_BE_40": {"avail": 1.0, "util": 0.711257871294732, "br": 0.0}, "TF_FE_103": {"avail": 1.0, "util": 0.6282190671946797, "br": 0.0}, "TF_FE_104": {"avail": 1.0, "util": 0.69288372868174, "br": 0.0}, "TF_FE_113": {"avail": 1.0, "util": 0.1791196785363776, "br": 0.0}, "TF_FE_131": {"avail": 1.0, "util": 0.8553691461585468, "br": 0.0}, "TF_FE_3": {"avail": 1.0, "util": 0.35620243319815564, "br": 0.0}, "TF_FE_5": {"avail": 1.0, "util": 0.29166898135288777, "br": 0.0}, "TF_Met_FE_45": {"avail": 1.0, "util": 0.07116271318260096, "br": 0.0}, "TF_Met_FE_61": {"avail": 1.0, "util": 0.9816676851286039, "br": 0.0}, "WE_BE_14": {"avail": 1.0, "util": 0.04025331926004111, "br": 0.0}, "WE_BE_16": {"avail": 1.0, "util": 0.03585217487917338, "br": 0.0}, "WE_BE_17": {"avail": 1.0, "util": 0.03302594300316649, "br": 0.0}, "WE_BE_7": {"avail": 1.0, "util": 0.027165157491250487, "br": 0.0}, "WE_BE_81": {"avail": 1.0, "util": 0.040275540247764016, "br": 0.0}, "WE_BE_82": {"avail": 1.0, "util": 0.04276922887000105, "br": 0.0}, "WE_BE_9": {"avail": 1.0, "util": 0.04855285817454586, "br": 0.0}, "WE_FE_108": {"avail": 1.0, "util": 0.03843273074867488, "br": 0.0}, "WE_FE_41": {"avail": 1.0, "util": 0.03429809455030276, "br": 0.0}, "WE_FE_47": {"avail": 1.0, "util": 0.03764235320259986, "br": 0.0}, "WE_FE_8": {"avail": 1.0, "util": 0.028859507805121937, "br": 0.0}, "WE_FE_83": {"avail": 1.0, "util": 0.03885895228042886, "br": 0.0}, "WE_FE_84": {"avail": 1.0, "util": 0.03557318711052, "br": 0.0}, "WE_FE_85": {"avail": 1.0, "util": 0.029970557191267153, "br": 0.0}}, "plugins": {"cost": 428825.13016203704}}