{"lots": {}, "machines": {"DE_BE_11": {"avail": 1.0, "util": 0.5948931446017208, "br": 0.0}, "DE_BE_12": {"avail": 1.0, "util": 0.9478932165582179, "br": 0.0}, "DE_BE_13": {"avail": 1.0, "util": 0.7039768446929147, "br": 0.0}, "DE_BE_48": {"avail": 1.0, "util": 0.649653066888704, "br": 0.0}, "DE_BE_50": {"avail": 1.0, "util": 0.9516246749108254, "br": 0.0}, "DE_BE_65": {"avail": 1.0, "util": 0.7387797750240812, "br": 0.0}, "DE_BE_66": {"avail": 1.0, "util": 0.6662819969713347, "br": 0.0}, "DE_BE_67": {"avail": 1.0, "util": 0.5949208992506245, "br": 0.0}, "DE_BE_69": {"avail": 1.0, "util": 0.7278194097511334, "br": 0.0}, "DE_FE_1": {"avail": 1.0, "util": 0.7504064073589469, "br": 0.0}, "DE_FE_51": {"avail": 1.0, "util": 0.6735225518695435, "br": 0.0}, "DE_FE_53": {"avail": 1.0, "util": 0.3601443241742992, "br": 0.0}, "DE_FE_54": {"avail": 1.0, "util": 0.5463780183180683, "br": 0.0}, "DE_FE_56": {"avail": 1.0, "util": 0.604727541863262, "br": 0.0}, "DE_FE_58": {"avail": 1.0, "util": 0.6500447158232336, "br": 0.0}, "DE_FE_59": {"avail": 1.0, "util": 0.759435038702316, "br": 0.0}, "DE_FE_62": {"avail": 1.0, "util": 0.6772993404966761, "br": 0.0}, "DE_FE_70": {"avail": 1.0, "util": 0.7397823750862885, "br": 0.0}, "DE_FE_71": {"avail": 1.0, "util": 0.8279410015463304, "br": 0.0}, "DE_FE_72": {"avail": 1.0, "util": 0.8652152013239995, "br": 0.0}, "DE_FE_86": {"avail": 1.0, "util": 0.7553568185634056, "br": 0.0}, "DefMEt_FE_118": {"avail": 1.0, "util": 0.5017577944305671, "br": 0.0}, "DefMet_BE_33": {"avail": 1.0, "util": 0.8798686279951892, "br": 0.0}, "DefMet_BE_42": {"avail": 1.0, "util": 0.9879729854750671, "br": 0.0}, "DefMet_FE_10": {"avail": 1.0, "util": 0.7355907114441669, "br": 0.0}, "DefMet_FE_106": {"avail": 1.0, "util": 0.6107873068739014, "br": 0.0}, "DefMet_FE_34": {"avail": 1.0, "util": 0.7098251457119067, "br": 0.0}, "DefMet_FE_43": {"avail": 1.0, "util": 0.9491473155086811, "br": 0.0}, "Delay_32": {"avail": 1.0, "util": 0.2080451475622167, "br": 0.0}, "Dielectric_BE_20": {"avail": 1.0, "util": 0.8959570728096956, "br": 0.0}, "Dielectric_BE_21": {"avail": 1.0, "util": 0.8534438893514664, "br": 0.0}, "Dielectric_BE_27": {"avail": 1.0, "util": 0.7665032226231226, "br": 0.0}, "Dielectric_BE_28": {"avail": 1.0, "util": 0.8459848274585993, "br": 0.0}, "Dielectric_BE_60": {"avail": 1.0, "util": 0.8514432417429919, "br": 0.0}, "Dielectric_FE_112": {"avail": 1.0, "util": 0.7901100934406512, "br": 0.0}, "Dielectric_FE_130": {"avail": 1.0, "util": 0.8773244518456842, "br": 0.0}, "Dielectric_FE_29": {"avail": 1.0, "util": 0.7734912264470964, "br": 0.0}, "Dielectric_FE_30": {"avail": 1.0, "util": 0.9263114071606994, "br": 0.0}, "Dielectric_FE_31": {"avail": 1.0, "util": 0.8980016652789342, "br": 0.0}, "Diffusion_BE_123": {"avail": 1.0, "util": 0.0, "br": 0.0}, "Diffusion_FE_100": {"avail": 1.0, "util": 0.0, "br": 0.0}, "Diffusion_FE_101": {"avail": 1.0, "util": 0.0, "br": 0.0}, "Diffusion_FE_120": {"avail": 1.0, "util": 0.0, "br": 0.0}, "Diffusion_FE_122": {"avail": 1.0, "util": 0.0, "br": 0.0}, "Diffusion_FE_125": {"avail": 1.0, "util": 0.0, "br": 0.0}, "Diffusion_FE_126": {"avail": 1.0, "util": 0.0, "br": 0.0}, "Diffusion_FE_127": {"avail": 1.0, "util": 0.0, "br": 0.0}, "Diffusion_FE_44": {"avail": 1.0, "util": 0.0, "br": 0.0}, "Diffusion_FE_94": {"avail": 1.0, "util": 0.0, "br": 0.0}, "EPI_36": {"avail": 1.0, "util": 0.011934499028587288, "br": 0.0}, "EPI_38": {"avail": 1.0, "util": 0.011749468035896013, "br": 0.0}, "Implant_119": {"avail": 1.0, "util": 0.027477102414654453, "br": 0.0}, "Implant_128": {"avail": 1.0, "util": 0.06511240632805995, "br": 0.0}, "Implant_132": {"avail": 1.0, "util": 0.02992876306781386, "br": 0.0}, "Implant_74": {"avail": 1.0, "util": 0.011333148302340642, "br": 0.0}, "Implant_88": {"avail": 1.0, "util": 0.0023591451568137664, "br": 0.0}, "Implant_90": {"avail": 1.0, "util": 0.026644462947543714, "br": 0.0}, "Implant_91": {"avail": 1.0, "util": 0.04958830604126191, "br": 0.0}, "LithoMet_BE_18": {"avail": 1.0, "util": 0.9470170869005173, "br": 0.0}, "LithoMet_FE_19": {"avail": 1.0, "util": 0.9345041683370853, "br": 0.0}, "LithoTrack_BE_117": {"avail": 1.0, "util": 0.10720695716532519, "br": 0.0}, "LithoTrack_FE_115": {"avail": 1.0, "util": 0.0620905962533038, "br": 0.0}, "LithoTrack_FE_95": {"avail": 1.0, "util": 0.07186377187566673, "br": 0.0}, "LithoTrack_FE_96": {"avail": 1.0, "util": 0.0, "br": 0.0}, "Litho_BE_110": {"avail": 1.0, "util": 0.0916233826308764, "br": 0.0}, "Litho_BE_93": {"avail": 1.0, "util": 0.07666450797175194, "br": 0.0}, "Litho_BE_99": {"avail": 1.0, "util": 0.21642458445122892, "br": 0.0}, "Litho_FE_111": {"avail": 1.0, "util": 0.1337816129656263, "br": 0.0}, "Litho_FE_35": {"avail": 1.0, "util": 0.050282172263854195, "br": 0.0}, "Litho_FE_92": {"avail": 1.0, "util": 0.12747513996473198, "br": 0.0}, "Litho_FE_98": {"avail": 1.0, "util": 0.15013414746970116, "br": 0.0}, "Litho_REG_BE_63": {"avail": 1.0, "util": 0.9203672865204922, "br": 0.0}, "Litho_REG_FE_64": {"avail": 1.0, "util": 0.950695848697514, "br": 0.0}, "Planar_BE_75": {"avail": 1.0, "util": 0.719807567767601, "br": 0.0}, "Planar_FE_76": {"avail": 1.0, "util": 0.9278070743516205, "br": 0.0}, "Planar_FE_77": {"avail": 1.0, "util": 0.9646128226477935, "br": 0.0}, "Planar_FE_78": {"avail": 1.0, "util": 0.8358312517346655, "br": 0.0}, "Planar_FE_79": {"avail": 1.0, "util": 0.8579702100101766, "br": 0.0}, "Planar_FE_80": {"avail": 1.0, "util": 0.5370987140346007, "br": 0.0}, "TF_BE_2": {"avail": 1.0, "util": 0.4479600333055787, "br": 0.0}, "TF_BE_23": {"avail": 1.0, "util": 0.6941340306080216, "br": 0.0}, "TF_BE_24": {"avail": 1.0, "util": 0.38638171893792206, "br": 0.0}, "TF_BE_26": {"avail": 1.0, "util": 0.5998889814043852, "br": 0.0}, "TF_BE_40": {"avail": 1.0, "util": 0.8482822956178494, "br": 0.0}, "TF_FE_103": {"avail": 1.0, "util": 0.9843186233694143, "br": 0.0}, "TF_FE_104": {"avail": 1.0, "util": 0.7716347488204275, "br": 0.0}, "TF_FE_113": {"avail": 1.0, "util": 0.6675455638819502, "br": 0.0}, "TF_FE_131": {"avail": 1.0, "util": 0.15386868967218675, "br": 0.0}, "TF_FE_3": {"avail": 1.0, "util": 0.8915718382829124, "br": 0.0}, "TF_FE_5": {"avail": 1.0, "util": 0.2692663521139791, "br": 0.0}, "TF_Met_FE_45": {"avail": 1.0, "util": 0.1432602460912203, "br": 0.0}, "TF_Met_FE_61": {"avail": 1.0, "util": 0.9879729854750671, "br": 0.0}, "WE_BE_14": {"avail": 1.0, "util": 0.03661763345360348, "br": 0.0}, "WE_BE_16": {"avail": 1.0, "util": 0.04628858667160082, "br": 0.0}, "WE_BE_17": {"avail": 1.0, "util": 0.04579517069109076, "br": 0.0}, "WE_BE_7": {"avail": 1.0, "util": 0.00749375520399667, "br": 0.0}, "WE_BE_81": {"avail": 1.0, "util": 0.021895334135134302, "br": 0.0}, "WE_BE_82": {"avail": 1.0, "util": 0.07360532889258951, "br": 0.0}, "WE_BE_9": {"avail": 1.0, "util": 0.06131134107820202, "br": 0.0}, "WE_FE_108": {"avail": 1.0, "util": 0.041539457859191414, "br": 0.0}, "WE_FE_41": {"avail": 1.0, "util": 0.040928855583310206, "br": 0.0}, "WE_FE_47": {"avail": 1.0, "util": 0.04041385265365282, "br": 0.0}, "WE_FE_8": {"avail": 1.0, "util": 0.04611897492830049, "br": 0.0}, "WE_FE_83": {"avail": 1.0, "util": 0.04927111005379115, "br": 0.0}, "WE_FE_84": {"avail": 1.0, "util": 0.04928506080324009, "br": 0.0}, "WE_FE_85": {"avail": 1.0, "util": 0.03177907299472662, "br": 0.0}}, "plugins": {"cost": 448600.0}}