{"lots": {}, "machines": {"DE_BE_11": {"avail": 1.0, "util": 0.6803453224089246, "br": 0.0}, "DE_BE_12": {"avail": 1.0, "util": 0.943608655176493, "br": 0.0}, "DE_BE_13": {"avail": 1.0, "util": 0.8577468296951702, "br": 0.0}, "DE_BE_48": {"avail": 1.0, "util": 0.916668981160024, "br": 0.0}, "DE_BE_50": {"avail": 1.0, "util": 0.8798109316092929, "br": 0.0}, "DE_BE_65": {"avail": 1.0, "util": 0.657912435908956, "br": 0.0}, "DE_BE_66": {"avail": 1.0, "util": 0.6695536925914286, "br": 0.0}, "DE_BE_67": {"avail": 1.0, "util": 0.9227283247697079, "br": 0.0}, "DE_BE_69": {"avail": 1.0, "util": 0.9156598620561959, "br": 0.0}, "DE_FE_1": {"avail": 1.0, "util": 0.7495916572433723, "br": 0.0}, "DE_FE_51": {"avail": 1.0, "util": 0.514999135110377, "br": 0.0}, "DE_FE_53": {"avail": 1.0, "util": 0.8171642827385086, "br": 0.0}, "DE_FE_54": {"avail": 1.0, "util": 0.8075452483451373, "br": 0.0}, "DE_FE_56": {"avail": 1.0, "util": 0.8024348470119891, "br": 0.0}, "DE_FE_58": {"avail": 1.0, "util": 0.6571155240784459, "br": 0.0}, "DE_FE_59": {"avail": 1.0, "util": 0.8362912558440958, "br": 0.0}, "DE_FE_62": {"avail": 1.0, "util": 0.8645690744010421, "br": 0.0}, "DE_FE_70": {"avail": 1.0, "util": 0.760136590715677, "br": 0.0}, "DE_FE_71": {"avail": 1.0, "util": 0.8110629476064833, "br": 0.0}, "DE_FE_72": {"avail": 1.0, "util": 0.8675492601336234, "br": 0.0}, "DE_FE_86": {"avail": 1.0, "util": 0.7204794944460732, "br": 0.0}, "DefMEt_FE_118": {"avail": 1.0, "util": 0.2507985002083044, "br": 0.0}, "DefMet_BE_33": {"avail": 1.0, "util": 0.9402629264454011, "br": 0.0}, "DefMet_BE_42": {"avail": 1.0, "util": 0.976068138684442, "br": 0.0}, "DefMet_FE_10": {"avail": 1.0, "util": 0.6566912002962552, "br": 0.0}, "DefMet_FE_106": {"avail": 1.0, "util": 0.2584826181548859, "br": 0.0}, "DefMet_FE_34": {"avail": 1.0, "util": 0.6243808730268944, "br": 0.0}, "DefMet_FE_43": {"avail": 1.0, "util": 0.967612522952059, "br": 0.0}, "Delay_32": {"avail": 1.0, "util": 0.40797319816692124, "br": 0.0}, "Dielectric_BE_20": {"avail": 1.0, "util": 0.9315743183817062, "br": 0.0}, "Dielectric_BE_21": {"avail": 1.0, "util": 0.9443537934546128, "br": 0.0}, "Dielectric_BE_27": {"avail": 1.0, "util": 0.7610486197904612, "br": 0.0}, "Dielectric_BE_28": {"avail": 1.0, "util": 0.7091723371753923, "br": 0.0}, "Dielectric_BE_60": {"avail": 1.0, "util": 0.9196176456973568, "br": 0.0}, "Dielectric_FE_112": {"avail": 1.0, "util": 0.9562514465583485, "br": 0.0}, "Dielectric_FE_130": {"avail": 1.0, "util": 0.9597278155811693, "br": 0.0}, "Dielectric_FE_29": {"avail": 1.0, "util": 0.9047817432763968, "br": 0.0}, "Dielectric_FE_30": {"avail": 1.0, "util": 0.9309586631486367, "br": 0.0}, "Dielectric_FE_31": {"avail": 1.0, "util": 0.9117830856825441, "br": 0.0}, "Diffusion_BE_123": {"avail": 1.0, "util": 0.0, "br": 0.0}, "Diffusion_FE_100": {"avail": 1.0, "util": 0.0, "br": 0.0}, "Diffusion_FE_101": {"avail": 1.0, "util": 0.0, "br": 0.0}, "Diffusion_FE_120": {"avail": 1.0, "util": 0.0, "br": 0.0}, "Diffusion_FE_122": {"avail": 1.0, "util": 0.0, "br": 0.0}, "Diffusion_FE_125": {"avail": 1.0, "util": 0.0, "br": 0.0}, "Diffusion_FE_126": {"avail": 1.0, "util": 0.0, "br": 0.0}, "Diffusion_FE_127": {"avail": 1.0, "util": 0.6895132877635307, "br": 0.0}, "Diffusion_FE_44": {"avail": 1.0, "util": 0.5284030416650887, "br": 0.0}, "Diffusion_FE_94": {"avail": 1.0, "util": 0.0, "br": 0.0}, "EPI_36": {"avail": 1.0, "util": 0.012104800259223256, "br": 0.0}, "EPI_38": {"avail": 1.0, "util": 0.029486645373327777, "br": 0.0}, "Implant_119": {"avail": 1.0, "util": 0.015599685228903393, "br": 0.0}, "Implant_128": {"avail": 1.0, "util": 0.04574827570244873, "br": 0.0}, "Implant_132": {"avail": 1.0, "util": 0.03226982363560617, "br": 0.0}, "Implant_74": {"avail": 1.0, "util": 0.005716798592788039, "br": 0.0}, "Implant_88": {"avail": 1.0, "util": 0.026061195204369763, "br": 0.0}, "Implant_90": {"avail": 1.0, "util": 0.044739156598620565, "br": 0.0}, "Implant_91": {"avail": 1.0, "util": 0.03773395670354426, "br": 0.0}, "LithoMet_BE_18": {"avail": 1.0, "util": 0.962120645636824, "br": 0.0}, "LithoMet_FE_19": {"avail": 1.0, "util": 0.9665967175340874, "br": 0.0}, "LithoTrack_BE_117": {"avail": 1.0, "util": 0.07694301717354071, "br": 0.0}, "LithoTrack_FE_115": {"avail": 1.0, "util": 0.04095564069260533, "br": 0.0}, "LithoTrack_FE_95": {"avail": 1.0, "util": 0.04627191801592182, "br": 0.0}, "LithoTrack_FE_96": {"avail": 1.0, "util": 0.009998611303985558, "br": 0.0}, "Litho_BE_110": {"avail": 1.0, "util": 0.053230040801211465, "br": 0.0}, "Litho_BE_93": {"avail": 1.0, "util": 0.04906725917696616, "br": 0.0}, "Litho_BE_99": {"avail": 1.0, "util": 0.13893132126710797, "br": 0.0}, "Litho_FE_111": {"avail": 1.0, "util": 0.08159220310310437, "br": 0.0}, "Litho_FE_35": {"avail": 1.0, "util": 0.047794287830393925, "br": 0.0}, "Litho_FE_92": {"avail": 1.0, "util": 0.07792828998217138, "br": 0.0}, "Litho_FE_98": {"avail": 1.0, "util": 0.08305327963708745, "br": 0.0}, "Litho_REG_BE_63": {"avail": 1.0, "util": 0.9722434384113318, "br": 0.0}, "Litho_REG_FE_64": {"avail": 1.0, "util": 0.9640393860641049, "br": 0.0}, "Planar_BE_75": {"avail": 1.0, "util": 0.6487802620006481, "br": 0.0}, "Planar_FE_76": {"avail": 1.0, "util": 0.6713265132929068, "br": 0.0}, "Planar_FE_77": {"avail": 1.0, "util": 0.962968106281535, "br": 0.0}, "Planar_FE_78": {"avail": 1.0, "util": 0.5634865527935935, "br": 0.0}, "Planar_FE_79": {"avail": 1.0, "util": 0.9060408276628247, "br": 0.0}, "Planar_FE_80": {"avail": 1.0, "util": 0.9667175855205296, "br": 0.0}, "TF_BE_2": {"avail": 1.0, "util": 0.39729435726519463, "br": 0.0}, "TF_BE_23": {"avail": 1.0, "util": 0.5656646128583506, "br": 0.0}, "TF_BE_24": {"avail": 1.0, "util": 0.19383418969587557, "br": 0.0}, "TF_BE_26": {"avail": 1.0, "util": 0.6113471894335663, "br": 0.0}, "TF_BE_40": {"avail": 1.0, "util": 0.6074657840731997, "br": 0.0}, "TF_FE_103": {"avail": 1.0, "util": 0.7386589825487201, "br": 0.0}, "TF_FE_104": {"avail": 1.0, "util": 0.6228857103180114, "br": 0.0}, "TF_FE_113": {"avail": 1.0, "util": 0.4404017960468454, "br": 0.0}, "TF_FE_131": {"avail": 1.0, "util": 0.537618232035674, "br": 0.0}, "TF_FE_3": {"avail": 1.0, "util": 0.898625190945702, "br": 0.0}, "TF_FE_5": {"avail": 1.0, "util": 0.540966532426052, "br": 0.0}, "TF_Met_FE_45": {"avail": 1.0, "util": 0.0707309170022682, "br": 0.0}, "TF_Met_FE_61": {"avail": 1.0, "util": 0.9937045780678609, "br": 0.0}, "WE_BE_14": {"avail": 1.0, "util": 0.044077211498403004, "br": 0.0}, "WE_BE_16": {"avail": 1.0, "util": 0.04533320989368761, "br": 0.0}, "WE_BE_17": {"avail": 1.0, "util": 0.05054853492570476, "br": 0.0}, "WE_BE_7": {"avail": 1.0, "util": 0.01513678655742258, "br": 0.0}, "WE_BE_81": {"avail": 1.0, "util": 0.04354333503062846, "br": 0.0}, "WE_BE_82": {"avail": 1.0, "util": 0.05485812155719113, "br": 0.0}, "WE_BE_9": {"avail": 1.0, "util": 0.04408779203946542, "br": 0.0}, "WE_FE_108": {"avail": 1.0, "util": 0.04192671652746642, "br": 0.0}, "WE_FE_41": {"avail": 1.0, "util": 0.03919825950099523, "br": 0.0}, "WE_FE_47": {"avail": 1.0, "util": 0.034354796401734326, "br": 0.0}, "WE_FE_8": {"avail": 1.0, "util": 0.047886867564690086, "br": 0.0}, "WE_FE_83": {"avail": 1.0, "util": 0.03780559578365438, "br": 0.0}, "WE_FE_84": {"avail": 1.0, "util": 0.035933795203341105, "br": 0.0}, "WE_FE_85": {"avail": 1.0, "util": 0.02231171596537518, "br": 0.0}}, "plugins": {"cost": 447000.0}}