{"lots": {}, "machines": {"DE_BE_11": {"avail": 1.0, "util": 0.7793931819759773, "br": 0.0}, "DE_BE_12": {"avail": 1.0, "util": 0.7078617880534148, "br": 0.0}, "DE_BE_13": {"avail": 1.0, "util": 0.8259324280986434, "br": 0.0}, "DE_BE_48": {"avail": 1.0, "util": 0.8404499062695272, "br": 0.0}, "DE_BE_50": {"avail": 1.0, "util": 0.7990387805009759, "br": 0.0}, "DE_BE_65": {"avail": 1.0, "util": 0.825771591702709, "br": 0.0}, "DE_BE_66": {"avail": 1.0, "util": 0.6916358799519106, "br": 0.0}, "DE_BE_67": {"avail": 1.0, "util": 0.7650420051378185, "br": 0.0}, "DE_BE_69": {"avail": 1.0, "util": 0.8314587238769701, "br": 0.0}, "DE_FE_1": {"avail": 1.0, "util": 0.5631267295503912, "br": 0.0}, "DE_FE_51": {"avail": 1.0, "util": 0.5374611283467992, "br": 0.0}, "DE_FE_53": {"avail": 1.0, "util": 0.6795667569256404, "br": 0.0}, "DE_FE_54": {"avail": 1.0, "util": 0.8192321044226897, "br": 0.0}, "DE_FE_56": {"avail": 1.0, "util": 0.7445323890856071, "br": 0.0}, "DE_FE_58": {"avail": 1.0, "util": 0.7332037307042515, "br": 0.0}, "DE_FE_59": {"avail": 1.0, "util": 0.7259506121409891, "br": 0.0}, "DE_FE_62": {"avail": 1.0, "util": 0.7745757332301803, "br": 0.0}, "DE_FE_70": {"avail": 1.0, "util": 0.8784281052558495, "br": 0.0}, "DE_FE_71": {"avail": 1.0, "util": 0.6984804752978051, "br": 0.0}, "DE_FE_72": {"avail": 1.0, "util": 0.7992470704405717, "br": 0.0}, "DE_FE_86": {"avail": 1.0, "util": 0.6592474304478748, "br": 0.0}, "DefMEt_FE_118": {"avail": 1.0, "util": 0.3765882107894189, "br": 0.0}, "DefMet_BE_33": {"avail": 1.0, "util": 0.9227591473998472, "br": 0.0}, "DefMet_BE_42": {"avail": 1.0, "util": 0.9218912726515309, "br": 0.0}, "DefMet_FE_10": {"avail": 1.0, "util": 0.6723252100256891, "br": 0.0}, "DefMet_FE_106": {"avail": 1.0, "util": 0.38922446712490455, "br": 0.0}, "DefMet_FE_34": {"avail": 1.0, "util": 0.5889398042074567, "br": 0.0}, "DefMet_FE_43": {"avail": 1.0, "util": 0.9301302969288805, "br": 0.0}, "Delay_32": {"avail": 1.0, "util": 0.4068119488995348, "br": 0.0}, "Dielectric_BE_20": {"avail": 1.0, "util": 0.9208359369575783, "br": 0.0}, "Dielectric_BE_21": {"avail": 1.0, "util": 0.9232017635214885, "br": 0.0}, "Dielectric_BE_27": {"avail": 1.0, "util": 0.8016292901941725, "br": 0.0}, "Dielectric_BE_28": {"avail": 1.0, "util": 0.8276400749843783, "br": 0.0}, "Dielectric_BE_60": {"avail": 1.0, "util": 0.9233145872387697, "br": 0.0}, "Dielectric_FE_112": {"avail": 1.0, "util": 0.8960424911476776, "br": 0.0}, "Dielectric_FE_130": {"avail": 1.0, "util": 0.8634138721099771, "br": 0.0}, "Dielectric_FE_29": {"avail": 1.0, "util": 0.967691916036011, "br": 0.0}, "Dielectric_FE_30": {"avail": 1.0, "util": 0.9804207456779838, "br": 0.0}, "Dielectric_FE_31": {"avail": 1.0, "util": 0.8487294313684649, "br": 0.0}, "Diffusion_BE_123": {"avail": 1.0, "util": 0.0, "br": 0.0}, "Diffusion_FE_100": {"avail": 1.0, "util": 0.0, "br": 0.0}, "Diffusion_FE_101": {"avail": 1.0, "util": 0.0, "br": 0.0}, "Diffusion_FE_120": {"avail": 1.0, "util": 0.0, "br": 0.0}, "Diffusion_FE_122": {"avail": 1.0, "util": 0.0, "br": 0.0}, "Diffusion_FE_125": {"avail": 1.0, "util": 0.0, "br": 0.0}, "Diffusion_FE_126": {"avail": 1.0, "util": 0.0, "br": 0.0}, "Diffusion_FE_127": {"avail": 1.0, "util": 0.0, "br": 0.0}, "Diffusion_FE_44": {"avail": 1.0, "util": 0.0, "br": 0.0}, "Diffusion_FE_94": {"avail": 1.0, "util": 0.0, "br": 0.0}, "EPI_36": {"avail": 1.0, "util": 0.008956467402624454, "br": 0.0}, "EPI_38": {"avail": 1.0, "util": 0.03082691106019579, "br": 0.0}, "Implant_119": {"avail": 1.0, "util": 0.02069013399986114, "br": 0.0}, "Implant_128": {"avail": 1.0, "util": 0.055051031035200995, "br": 0.0}, "Implant_132": {"avail": 1.0, "util": 0.03451537874054016, "br": 0.0}, "Implant_74": {"avail": 1.0, "util": 0.008609317503297924, "br": 0.0}, "Implant_88": {"avail": 1.0, "util": 0.017669929875720337, "br": 0.0}, "Implant_90": {"avail": 1.0, "util": 0.048114976046656946, "br": 0.0}, "Implant_91": {"avail": 1.0, "util": 0.045337776852044716, "br": 0.0}, "LithoMet_BE_18": {"avail": 1.0, "util": 0.9652422839258915, "br": 0.0}, "LithoMet_FE_19": {"avail": 1.0, "util": 0.9501145594667778, "br": 0.0}, "LithoTrack_BE_117": {"avail": 1.0, "util": 0.09874331736443796, "br": 0.0}, "LithoTrack_FE_115": {"avail": 1.0, "util": 0.05115492006703396, "br": 0.0}, "LithoTrack_FE_95": {"avail": 1.0, "util": 0.05919118324272012, "br": 0.0}, "LithoTrack_FE_96": {"avail": 1.0, "util": 0.0037145039227938622, "br": 0.0}, "Litho_BE_110": {"avail": 1.0, "util": 0.0730800130925105, "br": 0.0}, "Litho_BE_93": {"avail": 1.0, "util": 0.06028836584970724, "br": 0.0}, "Litho_BE_99": {"avail": 1.0, "util": 0.18604920271239786, "br": 0.0}, "Litho_FE_111": {"avail": 1.0, "util": 0.11203158432902235, "br": 0.0}, "Litho_FE_35": {"avail": 1.0, "util": 0.05478025411372631, "br": 0.0}, "Litho_FE_92": {"avail": 1.0, "util": 0.10314139099808751, "br": 0.0}, "Litho_FE_98": {"avail": 1.0, "util": 0.11841977365826563, "br": 0.0}, "Litho_REG_BE_63": {"avail": 1.0, "util": 0.957569603554815, "br": 0.0}, "Litho_REG_FE_64": {"avail": 1.0, "util": 0.9448378809970145, "br": 0.0}, "Planar_BE_75": {"avail": 1.0, "util": 0.8017878219815316, "br": 0.0}, "Planar_FE_76": {"avail": 1.0, "util": 0.8423939457057558, "br": 0.0}, "Planar_FE_77": {"avail": 1.0, "util": 0.8978684996181351, "br": 0.0}, "Planar_FE_78": {"avail": 1.0, "util": 0.6349024508782892, "br": 0.0}, "Planar_FE_79": {"avail": 1.0, "util": 0.9553009789627162, "br": 0.0}, "Planar_FE_80": {"avail": 1.0, "util": 0.8099007151287926, "br": 0.0}, "TF_BE_2": {"avail": 1.0, "util": 0.3314413663820037, "br": 0.0}, "TF_BE_23": {"avail": 1.0, "util": 0.5599235539379588, "br": 0.0}, "TF_BE_24": {"avail": 1.0, "util": 0.2874540026383392, "br": 0.0}, "TF_BE_26": {"avail": 1.0, "util": 0.6146450970862551, "br": 0.0}, "TF_BE_40": {"avail": 1.0, "util": 0.694458909023583, "br": 0.0}, "TF_FE_103": {"avail": 1.0, "util": 0.744948968964799, "br": 0.0}, "TF_FE_104": {"avail": 1.0, "util": 0.8140803999166841, "br": 0.0}, "TF_FE_113": {"avail": 1.0, "util": 0.4893772130806082, "br": 0.0}, "TF_FE_131": {"avail": 1.0, "util": 0.45719641741303896, "br": 0.0}, "TF_FE_3": {"avail": 1.0, "util": 0.8330903284038048, "br": 0.0}, "TF_FE_5": {"avail": 1.0, "util": 0.40630424217176975, "br": 0.0}, "TF_Met_FE_45": {"avail": 1.0, "util": 0.10633201416371589, "br": 0.0}, "TF_Met_FE_61": {"avail": 1.0, "util": 0.9899326529195307, "br": 0.0}, "WE_BE_14": {"avail": 1.0, "util": 0.037464417135319034, "br": 0.0}, "WE_BE_16": {"avail": 1.0, "util": 0.044296327154065125, "br": 0.0}, "WE_BE_17": {"avail": 1.0, "util": 0.037145039227938624, "br": 0.0}, "WE_BE_7": {"avail": 1.0, "util": 0.005693258348955079, "br": 0.0}, "WE_BE_81": {"avail": 1.0, "util": 0.04175056122567058, "br": 0.0}, "WE_BE_82": {"avail": 1.0, "util": 0.06503506213983198, "br": 0.0}, "WE_BE_9": {"avail": 1.0, "util": 0.05314369030261553, "br": 0.0}, "WE_FE_108": {"avail": 1.0, "util": 0.04269745390345265, "br": 0.0}, "WE_FE_41": {"avail": 1.0, "util": 0.03764493508296883, "br": 0.0}, "WE_FE_47": {"avail": 1.0, "util": 0.03205350737114953, "br": 0.0}, "WE_FE_8": {"avail": 1.0, "util": 0.048774560855377354, "br": 0.0}, "WE_FE_83": {"avail": 1.0, "util": 0.04230269487507563, "br": 0.0}, "WE_FE_84": {"avail": 1.0, "util": 0.043555740702168534, "br": 0.0}, "WE_FE_85": {"avail": 1.0, "util": 0.023849198083732554, "br": 0.0}}, "plugins": {"cost": 448200.0}}