{"lots": {}, "machines": {"DE_BE_11": {"avail": 1.0, "util": 0.8883071795583947, "br": 0.0}, "DE_BE_12": {"avail": 1.0, "util": 0.0, "br": 0.0}, "DE_BE_13": {"avail": 1.0, "util": 0.7274188108794413, "br": 0.0}, "DE_BE_48": {"avail": 1.0, "util": 0.48902930148590473, "br": 0.0}, "DE_BE_50": {"avail": 1.0, "util": 0.6864941597617614, "br": 0.0}, "DE_BE_65": {"avail": 1.0, "util": 0.4284862396562569, "br": 0.0}, "DE_BE_66": {"avail": 1.0, "util": 0.7729701284178367, "br": 0.0}, "DE_BE_67": {"avail": 1.0, "util": 0.422774614636856, "br": 0.0}, "DE_BE_69": {"avail": 1.0, "util": 0.5587418414109151, "br": 0.0}, "DE_FE_1": {"avail": 1.0, "util": 0.0, "br": 0.0}, "DE_FE_51": {"avail": 1.0, "util": 0.1887457151419028, "br": 0.0}, "DE_FE_53": {"avail": 1.0, "util": 0.0, "br": 0.0}, "DE_FE_54": {"avail": 1.0, "util": 0.8175531176225524, "br": 0.0}, "DE_FE_56": {"avail": 1.0, "util": 0.3055825579780586, "br": 0.0}, "DE_FE_58": {"avail": 1.0, "util": 0.7372587140674907, "br": 0.0}, "DE_FE_59": {"avail": 1.0, "util": 0.5119844466046383, "br": 0.0}, "DE_FE_62": {"avail": 1.0, "util": 0.264804491439681, "br": 0.0}, "DE_FE_70": {"avail": 1.0, "util": 0.26821061177400574, "br": 0.0}, "DE_FE_71": {"avail": 1.0, "util": 0.23834487273592955, "br": 0.0}, "DE_FE_72": {"avail": 1.0, "util": 0.1154932185344628, "br": 0.0}, "DE_FE_86": {"avail": 1.0, "util": 0.1740375565122128, "br": 0.0}, "DefMEt_FE_118": {"avail": 1.0, "util": 0.7456603249548673, "br": 0.0}, "DefMet_BE_33": {"avail": 1.0, "util": 0.809818080822108, "br": 0.0}, "DefMet_BE_42": {"avail": 1.0, "util": 0.9725038189140397, "br": 0.0}, "DefMet_FE_10": {"avail": 1.0, "util": 0.9104291070684627, "br": 0.0}, "DefMet_FE_106": {"avail": 1.0, "util": 0.7697542008054437, "br": 0.0}, "DefMet_FE_34": {"avail": 1.0, "util": 0.8305790862380225, "br": 0.0}, "DefMet_FE_43": {"avail": 1.0, "util": 0.8602046012127945, "br": 0.0}, "Delay_32": {"avail": 1.0, "util": 0.1010863074572976, "br": 0.0}, "Dielectric_BE_20": {"avail": 1.0, "util": 0.8549368143313428, "br": 0.0}, "Dielectric_BE_21": {"avail": 1.0, "util": 0.8758852937092071, "br": 0.0}, "Dielectric_BE_27": {"avail": 1.0, "util": 0.7754293385177985, "br": 0.0}, "Dielectric_BE_28": {"avail": 1.0, "util": 0.7924940980419386, "br": 0.0}, "Dielectric_BE_60": {"avail": 1.0, "util": 0.8484238300236079, "br": 0.0}, "Dielectric_FE_112": {"avail": 1.0, "util": 0.796694903485627, "br": 0.0}, "Dielectric_FE_130": {"avail": 1.0, "util": 0.8325926954589641, "br": 0.0}, "Dielectric_FE_29": {"avail": 1.0, "util": 0.7772994491505809, "br": 0.0}, "Dielectric_FE_30": {"avail": 1.0, "util": 0.8307873906401889, "br": 0.0}, "Dielectric_FE_31": {"avail": 1.0, "util": 0.8936258852937092, "br": 0.0}, "Diffusion_BE_123": {"avail": 1.0, "util": 0.0, "br": 0.0}, "Diffusion_FE_100": {"avail": 1.0, "util": 0.0, "br": 0.0}, "Diffusion_FE_101": {"avail": 1.0, "util": 0.0, "br": 0.0}, "Diffusion_FE_120": {"avail": 1.0, "util": 0.0, "br": 0.0}, "Diffusion_FE_122": {"avail": 1.0, "util": 0.0, "br": 0.0}, "Diffusion_FE_125": {"avail": 1.0, "util": 0.0, "br": 0.0}, "Diffusion_FE_126": {"avail": 1.0, "util": 0.0, "br": 0.0}, "Diffusion_FE_127": {"avail": 1.0, "util": 0.0, "br": 0.0}, "Diffusion_FE_44": {"avail": 1.0, "util": 0.0, "br": 0.0}, "Diffusion_FE_94": {"avail": 1.0, "util": 0.0, "br": 0.0}, "EPI_36": {"avail": 1.0, "util": 0.01437300374947924, "br": 0.0}, "EPI_38": {"avail": 1.0, "util": 0.017914178586307457, "br": 0.0}, "Implant_119": {"avail": 1.0, "util": 0.04152201083182891, "br": 0.0}, "Implant_128": {"avail": 1.0, "util": 0.08051659491737258, "br": 0.0}, "Implant_132": {"avail": 1.0, "util": 0.036487987779475074, "br": 0.0}, "Implant_74": {"avail": 1.0, "util": 0.0, "br": 0.0}, "Implant_88": {"avail": 1.0, "util": 0.0035411748368282185, "br": 0.0}, "Implant_90": {"avail": 1.0, "util": 0.04186918483543952, "br": 0.0}, "Implant_91": {"avail": 1.0, "util": 0.04721566449104291, "br": 0.0}, "LithoMet_BE_18": {"avail": 1.0, "util": 0.8803371326631985, "br": 0.0}, "LithoMet_FE_19": {"avail": 1.0, "util": 0.9029070036568995, "br": 0.0}, "LithoTrack_BE_117": {"avail": 1.0, "util": 0.1846132481599778, "br": 0.0}, "LithoTrack_FE_115": {"avail": 1.0, "util": 0.08111346191024667, "br": 0.0}, "LithoTrack_FE_95": {"avail": 1.0, "util": 0.0982403237645565, "br": 0.0}, "LithoTrack_FE_96": {"avail": 1.0, "util": 0.0, "br": 0.0}, "Litho_BE_110": {"avail": 1.0, "util": 0.1249429642708354, "br": 0.0}, "Litho_BE_93": {"avail": 1.0, "util": 0.1085960283293987, "br": 0.0}, "Litho_BE_99": {"avail": 1.0, "util": 0.35883905013192613, "br": 0.0}, "Litho_FE_111": {"avail": 1.0, "util": 0.16694650995442553, "br": 0.0}, "Litho_FE_35": {"avail": 1.0, "util": 0.07554506318566866, "br": 0.0}, "Litho_FE_92": {"avail": 1.0, "util": 0.18514684408310295, "br": 0.0}, "Litho_FE_98": {"avail": 1.0, "util": 0.1934453548118317, "br": 0.0}, "Litho_REG_BE_63": {"avail": 1.0, "util": 0.9022010831828913, "br": 0.0}, "Litho_REG_FE_64": {"avail": 1.0, "util": 0.8823179320332494, "br": 0.0}, "Planar_BE_75": {"avail": 1.0, "util": 0.6823566171365087, "br": 0.0}, "Planar_FE_76": {"avail": 1.0, "util": 0.3131046613896218, "br": 0.0}, "Planar_FE_77": {"avail": 1.0, "util": 0.7253853631440078, "br": 0.0}, "Planar_FE_78": {"avail": 1.0, "util": 0.637828079433412, "br": 0.0}, "Planar_FE_79": {"avail": 1.0, "util": 0.6394945146507429, "br": 0.0}, "Planar_FE_80": {"avail": 1.0, "util": 0.9663241216497709, "br": 0.0}, "TF_BE_2": {"avail": 1.0, "util": 0.535307596167199, "br": 0.0}, "TF_BE_23": {"avail": 1.0, "util": 0.6071671332198013, "br": 0.0}, "TF_BE_24": {"avail": 1.0, "util": 0.5816692126093599, "br": 0.0}, "TF_BE_26": {"avail": 1.0, "util": 0.5594315604314216, "br": 0.0}, "TF_BE_40": {"avail": 1.0, "util": 0.6362021478498358, "br": 0.0}, "TF_FE_103": {"avail": 1.0, "util": 0.7276419941674768, "br": 0.0}, "TF_FE_104": {"avail": 1.0, "util": 0.5758089154284126, "br": 0.0}, "TF_FE_113": {"avail": 1.0, "util": 0.6587279544507707, "br": 0.0}, "TF_FE_131": {"avail": 1.0, "util": 0.23022265426098226, "br": 0.0}, "TF_FE_3": {"avail": 1.0, "util": 0.674836828218303, "br": 0.0}, "TF_FE_5": {"avail": 1.0, "util": 0.4054992362171921, "br": 0.0}, "TF_Met_FE_45": {"avail": 1.0, "util": 0.21233162060824887, "br": 0.0}, "TF_Met_FE_61": {"avail": 1.0, "util": 0.9683377308707124, "br": 0.0}, "WE_BE_14": {"avail": 1.0, "util": 0.04052214970143036, "br": 0.0}, "WE_BE_16": {"avail": 1.0, "util": 0.045796108565168414, "br": 0.0}, "WE_BE_17": {"avail": 1.0, "util": 0.030829051520622135, "br": 0.0}, "WE_BE_7": {"avail": 1.0, "util": 0.011387307318427997, "br": 0.0}, "WE_BE_81": {"avail": 1.0, "util": 0.05397398509466278, "br": 0.0}, "WE_BE_82": {"avail": 1.0, "util": 0.10688793223163451, "br": 0.0}, "WE_BE_9": {"avail": 1.0, "util": 0.0708433352510564, "br": 0.0}, "WE_FE_108": {"avail": 1.0, "util": 0.03549507012914873, "br": 0.0}, "WE_FE_41": {"avail": 1.0, "util": 0.031301208165532564, "br": 0.0}, "WE_FE_47": {"avail": 1.0, "util": 0.036082951441929356, "br": 0.0}, "WE_FE_8": {"avail": 1.0, "util": 0.059713928621024856, "br": 0.0}, "WE_FE_83": {"avail": 1.0, "util": 0.052393516773464, "br": 0.0}, "WE_FE_84": {"avail": 1.0, "util": 0.0388371985372402, "br": 0.0}, "WE_FE_85": {"avail": 1.0, "util": 0.03846687960005555, "br": 0.0}}, "plugins": {"cost": 448800}}