{"lots": {}, "machines": {"DE_BE_11": {"avail": 1.0, "util": 0.5509535271246065, "br": 0.0}, "DE_BE_12": {"avail": 1.0, "util": 0.9477000144006253, "br": 0.0}, "DE_BE_13": {"avail": 1.0, "util": 0.8566711631884748, "br": 0.0}, "DE_BE_48": {"avail": 1.0, "util": 0.74142751342344, "br": 0.0}, "DE_BE_50": {"avail": 1.0, "util": 0.8910644119401756, "br": 0.0}, "DE_BE_65": {"avail": 1.0, "util": 0.7453167714039883, "br": 0.0}, "DE_BE_66": {"avail": 1.0, "util": 0.7151989397674894, "br": 0.0}, "DE_BE_67": {"avail": 1.0, "util": 0.8761895945195335, "br": 0.0}, "DE_BE_69": {"avail": 1.0, "util": 0.9261710794297352, "br": 0.0}, "DE_FE_1": {"avail": 1.0, "util": 0.7508794667654138, "br": 0.0}, "DE_FE_51": {"avail": 1.0, "util": 0.5570045508141767, "br": 0.0}, "DE_FE_53": {"avail": 1.0, "util": 0.8224125162007037, "br": 0.0}, "DE_FE_54": {"avail": 1.0, "util": 0.8166820959081651, "br": 0.0}, "DE_FE_56": {"avail": 1.0, "util": 0.7935567487502314, "br": 0.0}, "DE_FE_58": {"avail": 1.0, "util": 0.32382892057026474, "br": 0.0}, "DE_FE_59": {"avail": 1.0, "util": 0.7777170894278836, "br": 0.0}, "DE_FE_62": {"avail": 1.0, "util": 0.8199804269050704, "br": 0.0}, "DE_FE_70": {"avail": 1.0, "util": 0.727546893025508, "br": 0.0}, "DE_FE_71": {"avail": 1.0, "util": 0.7839140238580158, "br": 0.0}, "DE_FE_72": {"avail": 1.0, "util": 0.6178845481289473, "br": 0.0}, "DE_FE_86": {"avail": 1.0, "util": 0.7161592160573831, "br": 0.0}, "DefMEt_FE_118": {"avail": 1.0, "util": 0.24555637844843548, "br": 0.0}, "DefMet_BE_33": {"avail": 1.0, "util": 0.9529716719126088, "br": 0.0}, "DefMet_BE_42": {"avail": 1.0, "util": 0.9476485835956304, "br": 0.0}, "DefMet_FE_10": {"avail": 1.0, "util": 0.9489446398815035, "br": 0.0}, "DefMet_FE_106": {"avail": 1.0, "util": 0.2591649694501018, "br": 0.0}, "DefMet_FE_34": {"avail": 1.0, "util": 0.6681864469542678, "br": 0.0}, "DefMet_FE_43": {"avail": 1.0, "util": 0.9657239400111091, "br": 0.0}, "Delay_32": {"avail": 1.0, "util": 0.40273803462321794, "br": 0.0}, "Dielectric_BE_20": {"avail": 1.0, "util": 0.9201907054249213, "br": 0.0}, "Dielectric_BE_21": {"avail": 1.0, "util": 0.9659611645991483, "br": 0.0}, "Dielectric_BE_27": {"avail": 1.0, "util": 0.7568228105906314, "br": 0.0}, "Dielectric_BE_28": {"avail": 1.0, "util": 0.7410780411034994, "br": 0.0}, "Dielectric_BE_60": {"avail": 1.0, "util": 0.9097505091649695, "br": 0.0}, "Dielectric_FE_112": {"avail": 1.0, "util": 0.9326004443621553, "br": 0.0}, "Dielectric_FE_130": {"avail": 1.0, "util": 0.8681147009812997, "br": 0.0}, "Dielectric_FE_29": {"avail": 1.0, "util": 0.9070079614886132, "br": 0.0}, "Dielectric_FE_30": {"avail": 1.0, "util": 0.9272125532308831, "br": 0.0}, "Dielectric_FE_31": {"avail": 1.0, "util": 0.8998449361229401, "br": 0.0}, "Diffusion_BE_123": {"avail": 1.0, "util": 0.0, "br": 0.0}, "Diffusion_FE_100": {"avail": 1.0, "util": 0.0, "br": 0.0}, "Diffusion_FE_101": {"avail": 1.0, "util": 0.0, "br": 0.0}, "Diffusion_FE_120": {"avail": 1.0, "util": 0.0, "br": 0.0}, "Diffusion_FE_122": {"avail": 1.0, "util": 0.0, "br": 0.0}, "Diffusion_FE_125": {"avail": 1.0, "util": 0.0, "br": 0.0}, "Diffusion_FE_126": {"avail": 1.0, "util": 0.0, "br": 0.0}, "Diffusion_FE_127": {"avail": 1.0, "util": 0.0, "br": 0.0}, "Diffusion_FE_44": {"avail": 1.0, "util": 0.7086313982259178, "br": 0.0}, "Diffusion_FE_94": {"avail": 1.0, "util": 0.0, "br": 0.0}, "EPI_36": {"avail": 1.0, "util": 0.012057952231068321, "br": 0.0}, "EPI_38": {"avail": 1.0, "util": 0.029438992779114978, "br": 0.0}, "Implant_119": {"avail": 1.0, "util": 0.010599888909461211, "br": 0.0}, "Implant_128": {"avail": 1.0, "util": 0.046704314015922975, "br": 0.0}, "Implant_132": {"avail": 1.0, "util": 0.03539275134234401, "br": 0.0}, "Implant_74": {"avail": 1.0, "util": 0.0056702462506943154, "br": 0.0}, "Implant_88": {"avail": 1.0, "util": 0.027286613590075913, "br": 0.0}, "Implant_90": {"avail": 1.0, "util": 0.05068505832253287, "br": 0.0}, "Implant_91": {"avail": 1.0, "util": 0.0366367339381596, "br": 0.0}, "LithoMet_BE_18": {"avail": 1.0, "util": 0.973843875065871, "br": 0.0}, "LithoMet_FE_19": {"avail": 1.0, "util": 0.9627769548848978, "br": 0.0}, "LithoTrack_BE_117": {"avail": 1.0, "util": 0.0695704499166821, "br": 0.0}, "LithoTrack_FE_115": {"avail": 1.0, "util": 0.04364841659678128, "br": 0.0}, "LithoTrack_FE_95": {"avail": 1.0, "util": 0.0460440054562836, "br": 0.0}, "LithoTrack_FE_96": {"avail": 1.0, "util": 0.0, "br": 0.0}, "Litho_BE_110": {"avail": 1.0, "util": 0.053821051657100535, "br": 0.0}, "Litho_BE_93": {"avail": 1.0, "util": 0.04414305992717398, "br": 0.0}, "Litho_BE_99": {"avail": 1.0, "util": 0.13025365673023515, "br": 0.0}, "Litho_FE_111": {"avail": 1.0, "util": 0.08534404403224992, "br": 0.0}, "Litho_FE_35": {"avail": 1.0, "util": 0.04746806147009813, "br": 0.0}, "Litho_FE_92": {"avail": 1.0, "util": 0.08143693928733736, "br": 0.0}, "Litho_FE_98": {"avail": 1.0, "util": 0.07512497685613775, "br": 0.0}, "Litho_REG_BE_63": {"avail": 1.0, "util": 0.967199361229402, "br": 0.0}, "Litho_REG_FE_64": {"avail": 1.0, "util": 0.9615844949348004, "br": 0.0}, "Planar_BE_75": {"avail": 1.0, "util": 0.7744075171264581, "br": 0.0}, "Planar_FE_76": {"avail": 1.0, "util": 0.9338857001789792, "br": 0.0}, "Planar_FE_77": {"avail": 1.0, "util": 0.9626920940566561, "br": 0.0}, "Planar_FE_78": {"avail": 1.0, "util": 0.284530642473616, "br": 0.0}, "Planar_FE_79": {"avail": 1.0, "util": 0.8534900944269579, "br": 0.0}, "Planar_FE_80": {"avail": 1.0, "util": 0.5879235326791334, "br": 0.0}, "TF_BE_2": {"avail": 1.0, "util": 0.35198342899463064, "br": 0.0}, "TF_BE_23": {"avail": 1.0, "util": 0.8189102407936152, "br": 0.0}, "TF_BE_24": {"avail": 1.0, "util": 0.19052027402332902, "br": 0.0}, "TF_BE_26": {"avail": 1.0, "util": 0.7052953156822811, "br": 0.0}, "TF_BE_40": {"avail": 1.0, "util": 0.7457550299327285, "br": 0.0}, "TF_FE_103": {"avail": 1.0, "util": 0.7448157748565081, "br": 0.0}, "TF_FE_104": {"avail": 1.0, "util": 0.856184039992594, "br": 0.0}, "TF_FE_113": {"avail": 1.0, "util": 0.21759859285317534, "br": 0.0}, "TF_FE_131": {"avail": 1.0, "util": 0.5369607480096279, "br": 0.0}, "TF_FE_3": {"avail": 1.0, "util": 0.8863867802258841, "br": 0.0}, "TF_FE_5": {"avail": 1.0, "util": 0.312673578966858, "br": 0.0}, "TF_Met_FE_45": {"avail": 1.0, "util": 0.07031105350860951, "br": 0.0}, "TF_Met_FE_61": {"avail": 1.0, "util": 0.9892381040548046, "br": 0.0}, "WE_BE_14": {"avail": 1.0, "util": 0.03941862618033697, "br": 0.0}, "WE_BE_16": {"avail": 1.0, "util": 0.04263613734082166, "br": 0.0}, "WE_BE_17": {"avail": 1.0, "util": 0.05087020922051472, "br": 0.0}, "WE_BE_7": {"avail": 1.0, "util": 0.01717274578781707, "br": 0.0}, "WE_BE_81": {"avail": 1.0, "util": 0.041489230389434056, "br": 0.0}, "WE_BE_82": {"avail": 1.0, "util": 0.053527124606554344, "br": 0.0}, "WE_BE_9": {"avail": 1.0, "util": 0.04898563758034226, "br": 0.0}, "WE_FE_108": {"avail": 1.0, "util": 0.04138916073742958, "br": 0.0}, "WE_FE_41": {"avail": 1.0, "util": 0.03615071283095723, "br": 0.0}, "WE_FE_47": {"avail": 1.0, "util": 0.03362031722520521, "br": 0.0}, "WE_FE_8": {"avail": 1.0, "util": 0.04894926865395297, "br": 0.0}, "WE_FE_83": {"avail": 1.0, "util": 0.037922871425926416, "br": 0.0}, "WE_FE_84": {"avail": 1.0, "util": 0.03524810220329569, "br": 0.0}, "WE_FE_85": {"avail": 1.0, "util": 0.023444732456952416, "br": 0.0}}, "plugins": {"cost": 447200.0}}