{"lots": {}, "machines": {"DE_BE_11": {"avail": 1.0, "util": 0.5504906044617236, "br": 0.0}, "DE_BE_12": {"avail": 1.0, "util": 0.9442644532897241, "br": 0.0}, "DE_BE_13": {"avail": 1.0, "util": 0.8649118631068089, "br": 0.0}, "DE_BE_48": {"avail": 1.0, "util": 0.7422104970841433, "br": 0.0}, "DE_BE_50": {"avail": 1.0, "util": 0.9028150616598271, "br": 0.0}, "DE_BE_65": {"avail": 1.0, "util": 0.7478097042760453, "br": 0.0}, "DE_BE_66": {"avail": 1.0, "util": 0.7159341703328023, "br": 0.0}, "DE_BE_67": {"avail": 1.0, "util": 0.8712626122373415, "br": 0.0}, "DE_BE_69": {"avail": 1.0, "util": 0.9227529389984264, "br": 0.0}, "DE_FE_1": {"avail": 1.0, "util": 0.7529323865063937, "br": 0.0}, "DE_FE_51": {"avail": 1.0, "util": 0.5687796274913888, "br": 0.0}, "DE_FE_53": {"avail": 1.0, "util": 0.9161992039248358, "br": 0.0}, "DE_FE_54": {"avail": 1.0, "util": 0.8150328612422475, "br": 0.0}, "DE_FE_56": {"avail": 1.0, "util": 0.8072294732944553, "br": 0.0}, "DE_FE_58": {"avail": 1.0, "util": 0.32676108488382855, "br": 0.0}, "DE_FE_59": {"avail": 1.0, "util": 0.8094541639667993, "br": 0.0}, "DE_FE_62": {"avail": 1.0, "util": 0.8134347601856626, "br": 0.0}, "DE_FE_70": {"avail": 1.0, "util": 0.7224951758414685, "br": 0.0}, "DE_FE_71": {"avail": 1.0, "util": 0.8004208487060473, "br": 0.0}, "DE_FE_72": {"avail": 1.0, "util": 0.6354973412735145, "br": 0.0}, "DE_FE_86": {"avail": 1.0, "util": 0.7272078057878298, "br": 0.0}, "DefMEt_FE_118": {"avail": 1.0, "util": 0.24905118948440247, "br": 0.0}, "DefMet_BE_33": {"avail": 1.0, "util": 0.9553133388873462, "br": 0.0}, "DefMet_BE_42": {"avail": 1.0, "util": 0.9427936684254373, "br": 0.0}, "DefMet_FE_10": {"avail": 1.0, "util": 0.9406183467555309, "br": 0.0}, "DefMet_FE_106": {"avail": 1.0, "util": 0.2605294825511432, "br": 0.0}, "DefMet_FE_34": {"avail": 1.0, "util": 0.6564611681940202, "br": 0.0}, "DefMet_FE_43": {"avail": 1.0, "util": 0.9581597704341387, "br": 0.0}, "Delay_32": {"avail": 1.0, "util": 0.40236195964084054, "br": 0.0}, "Dielectric_BE_20": {"avail": 1.0, "util": 0.9195223549014163, "br": 0.0}, "Dielectric_BE_21": {"avail": 1.0, "util": 0.9510031935573452, "br": 0.0}, "Dielectric_BE_27": {"avail": 1.0, "util": 0.7639822271591225, "br": 0.0}, "Dielectric_BE_28": {"avail": 1.0, "util": 0.7420045357770989, "br": 0.0}, "Dielectric_BE_60": {"avail": 1.0, "util": 0.9069124317319264, "br": 0.0}, "Dielectric_FE_112": {"avail": 1.0, "util": 0.932703878552254, "br": 0.0}, "Dielectric_FE_130": {"avail": 1.0, "util": 0.8689947236878645, "br": 0.0}, "Dielectric_FE_29": {"avail": 1.0, "util": 0.9002900428893209, "br": 0.0}, "Dielectric_FE_30": {"avail": 1.0, "util": 0.9313153753586967, "br": 0.0}, "Dielectric_FE_31": {"avail": 1.0, "util": 0.8722229936128854, "br": 0.0}, "Diffusion_BE_123": {"avail": 1.0, "util": 0.0, "br": 0.0}, "Diffusion_FE_100": {"avail": 1.0, "util": 0.0, "br": 0.0}, "Diffusion_FE_101": {"avail": 1.0, "util": 0.0, "br": 0.0}, "Diffusion_FE_120": {"avail": 1.0, "util": 0.0, "br": 0.0}, "Diffusion_FE_122": {"avail": 1.0, "util": 0.0, "br": 0.0}, "Diffusion_FE_125": {"avail": 1.0, "util": 0.0, "br": 0.0}, "Diffusion_FE_126": {"avail": 1.0, "util": 0.0, "br": 0.0}, "Diffusion_FE_127": {"avail": 1.0, "util": 0.0, "br": 0.0}, "Diffusion_FE_44": {"avail": 1.0, "util": 0.7053974905960465, "br": 0.0}, "Diffusion_FE_94": {"avail": 1.0, "util": 0.0, "br": 0.0}, "EPI_36": {"avail": 1.0, "util": 0.01196426918448579, "br": 0.0}, "EPI_38": {"avail": 1.0, "util": 0.029528834582986208, "br": 0.0}, "Implant_119": {"avail": 1.0, "util": 0.010645191150606314, "br": 0.0}, "Implant_128": {"avail": 1.0, "util": 0.04585300379524206, "br": 0.0}, "Implant_132": {"avail": 1.0, "util": 0.035412616865685455, "br": 0.0}, "Implant_74": {"avail": 1.0, "util": 0.005692863093585116, "br": 0.0}, "Implant_88": {"avail": 1.0, "util": 0.027330371193187077, "br": 0.0}, "Implant_90": {"avail": 1.0, "util": 0.05014810700731279, "br": 0.0}, "Implant_91": {"avail": 1.0, "util": 0.036587059150236044, "br": 0.0}, "LithoMet_BE_18": {"avail": 1.0, "util": 0.9685913457088131, "br": 0.0}, "LithoMet_FE_19": {"avail": 1.0, "util": 0.967516739177389, "br": 0.0}, "LithoTrack_BE_117": {"avail": 1.0, "util": 0.06887901508840137, "br": 0.0}, "LithoTrack_FE_115": {"avail": 1.0, "util": 0.04343110936867573, "br": 0.0}, "LithoTrack_FE_95": {"avail": 1.0, "util": 0.045956622026761276, "br": 0.0}, "LithoTrack_FE_96": {"avail": 1.0, "util": 0.0, "br": 0.0}, "Litho_BE_110": {"avail": 1.0, "util": 0.05368383121090702, "br": 0.0}, "Litho_BE_93": {"avail": 1.0, "util": 0.0439692677959826, "br": 0.0}, "Litho_BE_99": {"avail": 1.0, "util": 0.12822055601838997, "br": 0.0}, "Litho_FE_111": {"avail": 1.0, "util": 0.08528565297518366, "br": 0.0}, "Litho_FE_35": {"avail": 1.0, "util": 0.04769508469869481, "br": 0.0}, "Litho_FE_92": {"avail": 1.0, "util": 0.0809455285989582, "br": 0.0}, "Litho_FE_98": {"avail": 1.0, "util": 0.07506248264371009, "br": 0.0}, "Litho_REG_BE_63": {"avail": 1.0, "util": 0.9644890308247709, "br": 0.0}, "Litho_REG_FE_64": {"avail": 1.0, "util": 0.9559282474444929, "br": 0.0}, "Planar_BE_75": {"avail": 1.0, "util": 0.7712926964732019, "br": 0.0}, "Planar_FE_76": {"avail": 1.0, "util": 0.9380264741275571, "br": 0.0}, "Planar_FE_77": {"avail": 1.0, "util": 0.9641766176062205, "br": 0.0}, "Planar_FE_78": {"avail": 1.0, "util": 0.28279181708784595, "br": 0.0}, "Planar_FE_79": {"avail": 1.0, "util": 0.8559844487642322, "br": 0.0}, "Planar_FE_80": {"avail": 1.0, "util": 0.5924511709710266, "br": 0.0}, "TF_BE_2": {"avail": 1.0, "util": 0.35594279366842546, "br": 0.0}, "TF_BE_23": {"avail": 1.0, "util": 0.7994416755579591, "br": 0.0}, "TF_BE_24": {"avail": 1.0, "util": 0.19529760251781914, "br": 0.0}, "TF_BE_26": {"avail": 1.0, "util": 0.7028016908883336, "br": 0.0}, "TF_BE_40": {"avail": 1.0, "util": 0.7366009441821716, "br": 0.0}, "TF_FE_103": {"avail": 1.0, "util": 0.7449782467833009, "br": 0.0}, "TF_FE_104": {"avail": 1.0, "util": 0.8497732111450523, "br": 0.0}, "TF_FE_113": {"avail": 1.0, "util": 0.21699990743312042, "br": 0.0}, "TF_FE_131": {"avail": 1.0, "util": 0.5320049986114969, "br": 0.0}, "TF_FE_3": {"avail": 1.0, "util": 0.8937563639729704, "br": 0.0}, "TF_FE_5": {"avail": 1.0, "util": 0.3136975840044432, "br": 0.0}, "TF_Met_FE_45": {"avail": 1.0, "util": 0.0713227807090623, "br": 0.0}, "TF_Met_FE_61": {"avail": 1.0, "util": 0.9859529760251782, "br": 0.0}, "WE_BE_14": {"avail": 1.0, "util": 0.038961399611219104, "br": 0.0}, "WE_BE_16": {"avail": 1.0, "util": 0.0426270480422105, "br": 0.0}, "WE_BE_17": {"avail": 1.0, "util": 0.05077293344441359, "br": 0.0}, "WE_BE_7": {"avail": 1.0, "util": 0.016893455521614368, "br": 0.0}, "WE_BE_81": {"avail": 1.0, "util": 0.03983461384183406, "br": 0.0}, "WE_BE_82": {"avail": 1.0, "util": 0.05343885957604369, "br": 0.0}, "WE_BE_9": {"avail": 1.0, "util": 0.0484785972150593, "br": 0.0}, "WE_FE_108": {"avail": 1.0, "util": 0.04140780999986776, "br": 0.0}, "WE_FE_41": {"avail": 1.0, "util": 0.03619364991206146, "br": 0.0}, "WE_FE_47": {"avail": 1.0, "util": 0.033740627603443485, "br": 0.0}, "WE_FE_8": {"avail": 1.0, "util": 0.049014162732574286, "br": 0.0}, "WE_FE_83": {"avail": 1.0, "util": 0.03826979278242816, "br": 0.0}, "WE_FE_84": {"avail": 1.0, "util": 0.03551482612854454, "br": 0.0}, "WE_FE_85": {"avail": 1.0, "util": 0.02341942053133389, "br": 0.0}}, "plugins": {"cost": 447200.0}}