{"lots": {}, "machines": {"DE_BE_11": {"avail": 1.0, "util": 0.0, "br": 0.0}, "DE_BE_12": {"avail": 1.0, "util": 0.0, "br": 0.0}, "DE_BE_13": {"avail": 1.0, "util": 0.0, "br": 0.0}, "DE_BE_48": {"avail": 1.0, "util": 0.0, "br": 0.0}, "DE_BE_50": {"avail": 1.0, "util": 0.0, "br": 0.0}, "DE_BE_65": {"avail": 1.0, "util": 0.0, "br": 0.0}, "DE_BE_66": {"avail": 1.0, "util": 0.0, "br": 0.0}, "DE_BE_67": {"avail": 1.0, "util": 0.0, "br": 0.0}, "DE_BE_69": {"avail": 1.0, "util": 0.0, "br": 0.0}, "DE_FE_1": {"avail": 1.0, "util": 0.0, "br": 0.0}, "DE_FE_51": {"avail": 1.0, "util": 0.0, "br": 0.0}, "DE_FE_53": {"avail": 1.0, "util": 0.0, "br": 0.0}, "DE_FE_54": {"avail": 1.0, "util": 0.0, "br": 0.0}, "DE_FE_56": {"avail": 1.0, "util": 0.0, "br": 0.0}, "DE_FE_58": {"avail": 1.0, "util": 0.0, "br": 0.0}, "DE_FE_59": {"avail": 1.0, "util": 0.0, "br": 0.0}, "DE_FE_62": {"avail": 1.0, "util": 0.0, "br": 0.0}, "DE_FE_70": {"avail": 1.0, "util": 0.0, "br": 0.0}, "DE_FE_71": {"avail": 1.0, "util": 0.0, "br": 0.0}, "DE_FE_72": {"avail": 1.0, "util": 0.0, "br": 0.0}, "DE_FE_86": {"avail": 1.0, "util": 0.0, "br": 0.0}, "DefMEt_FE_118": {"avail": 1.0, "util": 0.7368128817323709, "br": 0.0}, "DefMet_BE_33": {"avail": 1.0, "util": 0.5506662965019433, "br": 0.0}, "DefMet_BE_42": {"avail": 1.0, "util": 0.7773459189339256, "br": 0.0}, "DefMet_FE_10": {"avail": 1.0, "util": 0.7688784008883953, "br": 0.0}, "DefMet_FE_106": {"avail": 1.0, "util": 0.7826207662409772, "br": 0.0}, "DefMet_FE_34": {"avail": 1.0, "util": 0.7473625763464742, "br": 0.0}, "DefMet_FE_43": {"avail": 1.0, "util": 0.939894503053859, "br": 0.0}, "Delay_32": {"avail": 1.0, "util": 0.0, "br": 0.0}, "Dielectric_BE_20": {"avail": 1.0, "util": 0.7888395335924486, "br": 0.0}, "Dielectric_BE_21": {"avail": 1.0, "util": 0.6493614658523043, "br": 0.0}, "Dielectric_BE_27": {"avail": 1.0, "util": 0.6891171571349249, "br": 0.0}, "Dielectric_BE_28": {"avail": 1.0, "util": 0.6708078845086063, "br": 0.0}, "Dielectric_BE_60": {"avail": 1.0, "util": 0.8486257634647418, "br": 0.0}, "Dielectric_FE_112": {"avail": 1.0, "util": 0.6447806774014436, "br": 0.0}, "Dielectric_FE_130": {"avail": 1.0, "util": 0.8562604108828429, "br": 0.0}, "Dielectric_FE_29": {"avail": 1.0, "util": 0.7786414954654821, "br": 0.0}, "Dielectric_FE_30": {"avail": 1.0, "util": 0.5463631315935591, "br": 0.0}, "Dielectric_FE_31": {"avail": 1.0, "util": 0.6130621876735147, "br": 0.0}, "Diffusion_BE_123": {"avail": 1.0, "util": 0.0, "br": 0.0}, "Diffusion_FE_100": {"avail": 1.0, "util": 0.0, "br": 0.0}, "Diffusion_FE_101": {"avail": 1.0, "util": 0.0, "br": 0.0}, "Diffusion_FE_120": {"avail": 1.0, "util": 0.0, "br": 0.0}, "Diffusion_FE_122": {"avail": 1.0, "util": 0.0, "br": 0.0}, "Diffusion_FE_125": {"avail": 1.0, "util": 0.0, "br": 0.0}, "Diffusion_FE_126": {"avail": 1.0, "util": 0.0, "br": 0.0}, "Diffusion_FE_127": {"avail": 1.0, "util": 0.0, "br": 0.0}, "Diffusion_FE_44": {"avail": 1.0, "util": 0.0, "br": 0.0}, "Diffusion_FE_94": {"avail": 1.0, "util": 0.0, "br": 0.0}, "EPI_36": {"avail": 1.0, "util": 0.014436424208772903, "br": 0.0}, "EPI_38": {"avail": 1.0, "util": 0.03553581343697946, "br": 0.0}, "Implant_119": {"avail": 1.0, "util": 0.04566907273736813, "br": 0.0}, "Implant_128": {"avail": 1.0, "util": 0.11679622431982231, "br": 0.0}, "Implant_132": {"avail": 1.0, "util": 0.05087451415880067, "br": 0.0}, "Implant_74": {"avail": 1.0, "util": 0.0, "br": 0.0}, "Implant_88": {"avail": 1.0, "util": 0.007218212104386452, "br": 0.0}, "Implant_90": {"avail": 1.0, "util": 0.05372015546918379, "br": 0.0}, "Implant_91": {"avail": 1.0, "util": 0.07139552100684805, "br": 0.0}, "LithoMet_BE_18": {"avail": 1.0, "util": 0.8307777730320762, "br": 0.0}, "LithoMet_FE_19": {"avail": 1.0, "util": 0.8071441791597261, "br": 0.0}, "LithoTrack_BE_117": {"avail": 1.0, "util": 0.2631315935591338, "br": 0.0}, "LithoTrack_FE_115": {"avail": 1.0, "util": 0.1277939271210983, "br": 0.0}, "LithoTrack_FE_95": {"avail": 1.0, "util": 0.14961642624845609, "br": 0.0}, "LithoTrack_FE_96": {"avail": 1.0, "util": 0.0, "br": 0.0}, "Litho_BE_110": {"avail": 1.0, "util": 0.21013127627508527, "br": 0.0}, "Litho_BE_93": {"avail": 1.0, "util": 0.2076624097723487, "br": 0.0}, "Litho_BE_99": {"avail": 1.0, "util": 0.6125300758837683, "br": 0.0}, "Litho_FE_111": {"avail": 1.0, "util": 0.3119226692241684, "br": 0.0}, "Litho_FE_35": {"avail": 1.0, "util": 0.13409217101610216, "br": 0.0}, "Litho_FE_92": {"avail": 1.0, "util": 0.3310450423165582, "br": 0.0}, "Litho_FE_98": {"avail": 1.0, "util": 0.3755691282620766, "br": 0.0}, "Litho_REG_BE_63": {"avail": 1.0, "util": 0.7881385341476957, "br": 0.0}, "Litho_REG_FE_64": {"avail": 1.0, "util": 0.8112358213690807, "br": 0.0}, "Planar_BE_75": {"avail": 1.0, "util": 0.21903109383675737, "br": 0.0}, "Planar_FE_76": {"avail": 1.0, "util": 0.9287432907643902, "br": 0.0}, "Planar_FE_77": {"avail": 1.0, "util": 0.7148806218767352, "br": 0.0}, "Planar_FE_78": {"avail": 1.0, "util": 0.8364797334813993, "br": 0.0}, "Planar_FE_79": {"avail": 1.0, "util": 0.0, "br": 0.0}, "Planar_FE_80": {"avail": 1.0, "util": 0.6371460299833426, "br": 0.0}, "TF_BE_2": {"avail": 1.0, "util": 0.0, "br": 0.0}, "TF_BE_23": {"avail": 1.0, "util": 0.051842543616119695, "br": 0.0}, "TF_BE_24": {"avail": 1.0, "util": 0.0, "br": 0.0}, "TF_BE_26": {"avail": 1.0, "util": 0.33076068850638535, "br": 0.0}, "TF_BE_40": {"avail": 1.0, "util": 0.0, "br": 0.0}, "TF_FE_103": {"avail": 1.0, "util": 0.0, "br": 0.0}, "TF_FE_104": {"avail": 1.0, "util": 0.0, "br": 0.0}, "TF_FE_113": {"avail": 1.0, "util": 0.0, "br": 0.0}, "TF_FE_131": {"avail": 1.0, "util": 0.0, "br": 0.0}, "TF_FE_3": {"avail": 1.0, "util": 0.0, "br": 0.0}, "TF_FE_5": {"avail": 1.0, "util": 0.0, "br": 0.0}, "TF_Met_FE_45": {"avail": 1.0, "util": 0.21640755136035536, "br": 0.0}, "TF_Met_FE_61": {"avail": 1.0, "util": 0.924069961132704, "br": 0.0}, "WE_BE_14": {"avail": 1.0, "util": 0.021488062187673518, "br": 0.0}, "WE_BE_16": {"avail": 1.0, "util": 0.02520204824480227, "br": 0.0}, "WE_BE_17": {"avail": 1.0, "util": 0.0421987784564131, "br": 0.0}, "WE_BE_7": {"avail": 1.0, "util": 0.011382565241532482, "br": 0.0}, "WE_BE_81": {"avail": 1.0, "util": 0.022487506940588563, "br": 0.0}, "WE_BE_82": {"avail": 1.0, "util": 0.1591893392559689, "br": 0.0}, "WE_BE_9": {"avail": 1.0, "util": 0.0817006425001983, "br": 0.0}, "WE_FE_108": {"avail": 1.0, "util": 0.04194495121757754, "br": 0.0}, "WE_FE_41": {"avail": 1.0, "util": 0.03775680177679067, "br": 0.0}, "WE_FE_47": {"avail": 1.0, "util": 0.03863594299463261, "br": 0.0}, "WE_FE_8": {"avail": 1.0, "util": 0.08620210993892283, "br": 0.0}, "WE_FE_83": {"avail": 1.0, "util": 0.06306020464821131, "br": 0.0}, "WE_FE_84": {"avail": 1.0, "util": 0.055339626133629465, "br": 0.0}, "WE_FE_85": {"avail": 1.0, "util": 0.038034425319267075, "br": 0.0}}, "plugins": {"cost": 448800}}