{"lots": {}, "machines": {"DE_BE_11": {"avail": 1.0, "util": 0.6884497917630726, "br": 0.0}, "DE_BE_12": {"avail": 1.0, "util": 0.9462645894390457, "br": 0.0}, "DE_BE_13": {"avail": 1.0, "util": 0.850175183446817, "br": 0.0}, "DE_BE_48": {"avail": 1.0, "util": 0.8135631652012957, "br": 0.0}, "DE_BE_50": {"avail": 1.0, "util": 0.8303871664352923, "br": 0.0}, "DE_BE_65": {"avail": 1.0, "util": 0.7031330810899094, "br": 0.0}, "DE_BE_66": {"avail": 1.0, "util": 0.5880367276358411, "br": 0.0}, "DE_BE_67": {"avail": 1.0, "util": 0.863317908375752, "br": 0.0}, "DE_BE_69": {"avail": 1.0, "util": 0.9202683942619158, "br": 0.0}, "DE_FE_1": {"avail": 1.0, "util": 0.7508560851457659, "br": 0.0}, "DE_FE_51": {"avail": 1.0, "util": 0.48957841155410503, "br": 0.0}, "DE_FE_53": {"avail": 1.0, "util": 0.8194076816288756, "br": 0.0}, "DE_FE_54": {"avail": 1.0, "util": 0.8176214715409532, "br": 0.0}, "DE_FE_56": {"avail": 1.0, "util": 0.8026145303100416, "br": 0.0}, "DE_FE_58": {"avail": 1.0, "util": 0.7283202221193892, "br": 0.0}, "DE_FE_59": {"avail": 1.0, "util": 0.8216689804103039, "br": 0.0}, "DE_FE_62": {"avail": 1.0, "util": 0.8218186024988431, "br": 0.0}, "DE_FE_70": {"avail": 1.0, "util": 0.728156480261987, "br": 0.0}, "DE_FE_71": {"avail": 1.0, "util": 0.7164341905202618, "br": 0.0}, "DE_FE_72": {"avail": 1.0, "util": 0.8063396575659417, "br": 0.0}, "DE_FE_86": {"avail": 1.0, "util": 0.761870533189367, "br": 0.0}, "DefMEt_FE_118": {"avail": 1.0, "util": 0.24747801943544656, "br": 0.0}, "DefMet_BE_33": {"avail": 1.0, "util": 0.9368116612679315, "br": 0.0}, "DefMet_BE_42": {"avail": 1.0, "util": 0.9371124479407682, "br": 0.0}, "DefMet_FE_10": {"avail": 1.0, "util": 0.7343822304488663, "br": 0.0}, "DefMet_FE_106": {"avail": 1.0, "util": 0.3008792225821379, "br": 0.0}, "DefMet_FE_34": {"avail": 1.0, "util": 0.71298010180472, "br": 0.0}, "DefMet_FE_43": {"avail": 1.0, "util": 0.9702838192194971, "br": 0.0}, "Delay_32": {"avail": 1.0, "util": 0.3990242943081907, "br": 0.0}, "Dielectric_BE_20": {"avail": 1.0, "util": 0.9499953725127257, "br": 0.0}, "Dielectric_BE_21": {"avail": 1.0, "util": 0.9720673299398427, "br": 0.0}, "Dielectric_BE_27": {"avail": 1.0, "util": 0.7495202838192195, "br": 0.0}, "Dielectric_BE_28": {"avail": 1.0, "util": 0.7029384544192504, "br": 0.0}, "Dielectric_BE_60": {"avail": 1.0, "util": 0.9011337343822304, "br": 0.0}, "Dielectric_FE_112": {"avail": 1.0, "util": 0.9379083757519667, "br": 0.0}, "Dielectric_FE_130": {"avail": 1.0, "util": 0.9012609902822767, "br": 0.0}, "Dielectric_FE_29": {"avail": 1.0, "util": 0.9037482646922721, "br": 0.0}, "Dielectric_FE_30": {"avail": 1.0, "util": 0.9279731605738084, "br": 0.0}, "Dielectric_FE_31": {"avail": 1.0, "util": 0.9431050439611292, "br": 0.0}, "Diffusion_BE_123": {"avail": 1.0, "util": 0.0, "br": 0.0}, "Diffusion_FE_100": {"avail": 1.0, "util": 0.0, "br": 0.0}, "Diffusion_FE_101": {"avail": 1.0, "util": 0.0, "br": 0.0}, "Diffusion_FE_120": {"avail": 1.0, "util": 0.0, "br": 0.0}, "Diffusion_FE_122": {"avail": 1.0, "util": 0.0, "br": 0.0}, "Diffusion_FE_125": {"avail": 1.0, "util": 0.0, "br": 0.0}, "Diffusion_FE_126": {"avail": 1.0, "util": 0.0, "br": 0.0}, "Diffusion_FE_127": {"avail": 1.0, "util": 0.3949868887860558, "br": 0.0}, "Diffusion_FE_44": {"avail": 1.0, "util": 0.44826048546548314, "br": 0.0}, "Diffusion_FE_94": {"avail": 1.0, "util": 0.0, "br": 0.0}, "EPI_36": {"avail": 1.0, "util": 0.011985192040721888, "br": 0.0}, "EPI_38": {"avail": 1.0, "util": 0.02956964368347987, "br": 0.0}, "Implant_119": {"avail": 1.0, "util": 0.013766774641369736, "br": 0.0}, "Implant_128": {"avail": 1.0, "util": 0.04610365571494678, "br": 0.0}, "Implant_132": {"avail": 1.0, "util": 0.03534821841739935, "br": 0.0}, "Implant_74": {"avail": 1.0, "util": 0.005691809347524294, "br": 0.0}, "Implant_88": {"avail": 1.0, "util": 0.027255900046274872, "br": 0.0}, "Implant_90": {"avail": 1.0, "util": 0.044747801943544656, "br": 0.0}, "Implant_91": {"avail": 1.0, "util": 0.03654943698904828, "br": 0.0}, "LithoMet_BE_18": {"avail": 1.0, "util": 0.9640622219058129, "br": 0.0}, "LithoMet_FE_19": {"avail": 1.0, "util": 0.9672399609234408, "br": 0.0}, "LithoTrack_BE_117": {"avail": 1.0, "util": 0.08428505321610366, "br": 0.0}, "LithoTrack_FE_115": {"avail": 1.0, "util": 0.04109662374899058, "br": 0.0}, "LithoTrack_FE_95": {"avail": 1.0, "util": 0.045584527193570624, "br": 0.0}, "LithoTrack_FE_96": {"avail": 1.0, "util": 0.01772327626099028, "br": 0.0}, "Litho_BE_110": {"avail": 1.0, "util": 0.05223772063198255, "br": 0.0}, "Litho_BE_93": {"avail": 1.0, "util": 0.04380687953108129, "br": 0.0}, "Litho_BE_99": {"avail": 1.0, "util": 0.14772481875674842, "br": 0.0}, "Litho_FE_111": {"avail": 1.0, "util": 0.08605233267426696, "br": 0.0}, "Litho_FE_35": {"avail": 1.0, "util": 0.03898658028690421, "br": 0.0}, "Litho_FE_92": {"avail": 1.0, "util": 0.07690322942521, "br": 0.0}, "Litho_FE_98": {"avail": 1.0, "util": 0.08674687644608976, "br": 0.0}, "Litho_REG_BE_63": {"avail": 1.0, "util": 0.9635180472003702, "br": 0.0}, "Litho_REG_FE_64": {"avail": 1.0, "util": 0.9626198188669267, "br": 0.0}, "Planar_BE_75": {"avail": 1.0, "util": 0.6498218417399352, "br": 0.0}, "Planar_FE_76": {"avail": 1.0, "util": 0.773237698596329, "br": 0.0}, "Planar_FE_77": {"avail": 1.0, "util": 0.9543035631652013, "br": 0.0}, "Planar_FE_78": {"avail": 1.0, "util": 0.5688107357704766, "br": 0.0}, "Planar_FE_79": {"avail": 1.0, "util": 0.8668671911152245, "br": 0.0}, "Planar_FE_80": {"avail": 1.0, "util": 0.8030772790374826, "br": 0.0}, "TF_BE_2": {"avail": 1.0, "util": 0.48868579361406755, "br": 0.0}, "TF_BE_23": {"avail": 1.0, "util": 0.5747387905209577, "br": 0.0}, "TF_BE_24": {"avail": 1.0, "util": 0.19654789449329013, "br": 0.0}, "TF_BE_26": {"avail": 1.0, "util": 0.6711800092549746, "br": 0.0}, "TF_BE_40": {"avail": 1.0, "util": 0.5874055221348141, "br": 0.0}, "TF_FE_103": {"avail": 1.0, "util": 0.7411036557149467, "br": 0.0}, "TF_FE_104": {"avail": 1.0, "util": 0.693623322535863, "br": 0.0}, "TF_FE_113": {"avail": 1.0, "util": 0.43674224895881536, "br": 0.0}, "TF_FE_131": {"avail": 1.0, "util": 0.5335647076970539, "br": 0.0}, "TF_FE_3": {"avail": 1.0, "util": 0.8853540027764923, "br": 0.0}, "TF_FE_5": {"avail": 1.0, "util": 0.4917862100879223, "br": 0.0}, "TF_Met_FE_45": {"avail": 1.0, "util": 0.07112447940768163, "br": 0.0}, "TF_Met_FE_61": {"avail": 1.0, "util": 0.9927579824155484, "br": 0.0}, "WE_BE_14": {"avail": 1.0, "util": 0.04243405830633966, "br": 0.0}, "WE_BE_16": {"avail": 1.0, "util": 0.04562188287315543, "br": 0.0}, "WE_BE_17": {"avail": 1.0, "util": 0.05071726052753355, "br": 0.0}, "WE_BE_7": {"avail": 1.0, "util": 0.015178158260064785, "br": 0.0}, "WE_BE_81": {"avail": 1.0, "util": 0.044053678852383156, "br": 0.0}, "WE_BE_82": {"avail": 1.0, "util": 0.055289217954650624, "br": 0.0}, "WE_BE_9": {"avail": 1.0, "util": 0.043273616711839755, "br": 0.0}, "WE_FE_108": {"avail": 1.0, "util": 0.04149798373768758, "br": 0.0}, "WE_FE_41": {"avail": 1.0, "util": 0.03918556223970384, "br": 0.0}, "WE_FE_47": {"avail": 1.0, "util": 0.035886163813049515, "br": 0.0}, "WE_FE_8": {"avail": 1.0, "util": 0.05034706154558075, "br": 0.0}, "WE_FE_83": {"avail": 1.0, "util": 0.03904277120380776, "br": 0.0}, "WE_FE_84": {"avail": 1.0, "util": 0.03734639313075222, "br": 0.0}, "WE_FE_85": {"avail": 1.0, "util": 0.023877834335955576, "br": 0.0}}, "plugins": {"cost": 446600.0}}