{"lots": {}, "machines": {"DE_BE_11": {"avail": 1.0, "util": 0.5516063327469678, "br": 0.0}, "DE_BE_12": {"avail": 1.0, "util": 0.942597907601148, "br": 0.0}, "DE_BE_13": {"avail": 1.0, "util": 0.8774915021095929, "br": 0.0}, "DE_BE_48": {"avail": 1.0, "util": 0.8443338579761133, "br": 0.0}, "DE_BE_50": {"avail": 1.0, "util": 0.8974220493987182, "br": 0.0}, "DE_BE_65": {"avail": 1.0, "util": 0.681753323494012, "br": 0.0}, "DE_BE_66": {"avail": 1.0, "util": 0.7304830449422325, "br": 0.0}, "DE_BE_67": {"avail": 1.0, "util": 0.8630728636237385, "br": 0.0}, "DE_BE_69": {"avail": 1.0, "util": 0.9148689936117026, "br": 0.0}, "DE_FE_1": {"avail": 1.0, "util": 0.7478804872564709, "br": 0.0}, "DE_FE_51": {"avail": 1.0, "util": 0.5697547498038681, "br": 0.0}, "DE_FE_53": {"avail": 1.0, "util": 0.9104342190537914, "br": 0.0}, "DE_FE_54": {"avail": 1.0, "util": 0.8128969539857421, "br": 0.0}, "DE_FE_56": {"avail": 1.0, "util": 0.7973567262290528, "br": 0.0}, "DE_FE_58": {"avail": 1.0, "util": 0.7310279912353794, "br": 0.0}, "DE_FE_59": {"avail": 1.0, "util": 0.8153782057216924, "br": 0.0}, "DE_FE_62": {"avail": 1.0, "util": 0.9108415887417831, "br": 0.0}, "DE_FE_70": {"avail": 1.0, "util": 0.8519902003375757, "br": 0.0}, "DE_FE_71": {"avail": 1.0, "util": 0.7774147896358803, "br": 0.0}, "DE_FE_72": {"avail": 1.0, "util": 0.8074098077338518, "br": 0.0}, "DE_FE_86": {"avail": 1.0, "util": 0.7594718596014771, "br": 0.0}, "DefMEt_FE_118": {"avail": 1.0, "util": 0.24763910749004722, "br": 0.0}, "DefMet_BE_33": {"avail": 1.0, "util": 0.9563929265808722, "br": 0.0}, "DefMet_BE_42": {"avail": 1.0, "util": 0.9940746227201185, "br": 0.0}, "DefMet_FE_10": {"avail": 1.0, "util": 0.7377557633552448, "br": 0.0}, "DefMet_FE_106": {"avail": 1.0, "util": 0.2996944727340061, "br": 0.0}, "DefMet_FE_34": {"avail": 1.0, "util": 0.6493148782520137, "br": 0.0}, "DefMet_FE_43": {"avail": 1.0, "util": 0.9633058667407338, "br": 0.0}, "Delay_32": {"avail": 1.0, "util": 0.4117284279233404, "br": 0.0}, "Dielectric_BE_20": {"avail": 1.0, "util": 0.9704842144245904, "br": 0.0}, "Dielectric_BE_21": {"avail": 1.0, "util": 0.9432865012498842, "br": 0.0}, "Dielectric_BE_27": {"avail": 1.0, "util": 0.7947072801901058, "br": 0.0}, "Dielectric_BE_28": {"avail": 1.0, "util": 0.707098879733358, "br": 0.0}, "Dielectric_BE_60": {"avail": 1.0, "util": 0.9158064068141839, "br": 0.0}, "Dielectric_FE_112": {"avail": 1.0, "util": 0.920400888806592, "br": 0.0}, "Dielectric_FE_130": {"avail": 1.0, "util": 0.9279117674289418, "br": 0.0}, "Dielectric_FE_29": {"avail": 1.0, "util": 0.9044841527019104, "br": 0.0}, "Dielectric_FE_30": {"avail": 1.0, "util": 0.9295204147764096, "br": 0.0}, "Dielectric_FE_31": {"avail": 1.0, "util": 0.9496690121285066, "br": 0.0}, "Diffusion_BE_123": {"avail": 1.0, "util": 0.0, "br": 0.0}, "Diffusion_FE_100": {"avail": 1.0, "util": 0.0, "br": 0.0}, "Diffusion_FE_101": {"avail": 1.0, "util": 0.0, "br": 0.0}, "Diffusion_FE_120": {"avail": 1.0, "util": 0.0, "br": 0.0}, "Diffusion_FE_122": {"avail": 1.0, "util": 0.0, "br": 0.0}, "Diffusion_FE_125": {"avail": 1.0, "util": 0.0, "br": 0.0}, "Diffusion_FE_126": {"avail": 1.0, "util": 0.0, "br": 0.0}, "Diffusion_FE_127": {"avail": 1.0, "util": 0.8797282144657388, "br": 0.0}, "Diffusion_FE_44": {"avail": 1.0, "util": 0.9700995699051435, "br": 0.0}, "Diffusion_FE_94": {"avail": 1.0, "util": 0.0, "br": 0.0}, "EPI_36": {"avail": 1.0, "util": 0.011943338579761133, "br": 0.0}, "EPI_38": {"avail": 1.0, "util": 0.032450699009350985, "br": 0.0}, "Implant_119": {"avail": 1.0, "util": 0.017058605684658827, "br": 0.0}, "Implant_128": {"avail": 1.0, "util": 0.03968614017220627, "br": 0.0}, "Implant_132": {"avail": 1.0, "util": 0.042854828256642906, "br": 0.0}, "Implant_74": {"avail": 1.0, "util": 0.005647625219887048, "br": 0.0}, "Implant_88": {"avail": 1.0, "util": 0.024835663364503286, "br": 0.0}, "Implant_90": {"avail": 1.0, "util": 0.038931580409221365, "br": 0.0}, "Implant_91": {"avail": 1.0, "util": 0.03657840323426843, "br": 0.0}, "LithoMet_BE_18": {"avail": 1.0, "util": 0.9808885217180746, "br": 0.0}, "LithoMet_FE_19": {"avail": 1.0, "util": 0.9599599831291341, "br": 0.0}, "LithoTrack_BE_117": {"avail": 1.0, "util": 0.09158411258216832, "br": 0.0}, "LithoTrack_FE_115": {"avail": 1.0, "util": 0.041487625510346716, "br": 0.0}, "LithoTrack_FE_95": {"avail": 1.0, "util": 0.04795568815434701, "br": 0.0}, "LithoTrack_FE_96": {"avail": 1.0, "util": 0.012730302749745393, "br": 0.0}, "Litho_BE_110": {"avail": 1.0, "util": 0.05242735461002288, "br": 0.0}, "Litho_BE_93": {"avail": 1.0, "util": 0.047912230349041754, "br": 0.0}, "Litho_BE_99": {"avail": 1.0, "util": 0.1562046724068759, "br": 0.0}, "Litho_FE_111": {"avail": 1.0, "util": 0.08507629764920756, "br": 0.0}, "Litho_FE_35": {"avail": 1.0, "util": 0.05316637348393667, "br": 0.0}, "Litho_FE_92": {"avail": 1.0, "util": 0.07852387405206589, "br": 0.0}, "Litho_FE_98": {"avail": 1.0, "util": 0.09300064808813999, "br": 0.0}, "Litho_REG_BE_63": {"avail": 1.0, "util": 0.9740186093880197, "br": 0.0}, "Litho_REG_FE_64": {"avail": 1.0, "util": 0.9707996614070126, "br": 0.0}, "Planar_BE_75": {"avail": 1.0, "util": 0.7489121377650217, "br": 0.0}, "Planar_FE_76": {"avail": 1.0, "util": 0.722649137425547, "br": 0.0}, "Planar_FE_77": {"avail": 1.0, "util": 0.9559068604758819, "br": 0.0}, "Planar_FE_78": {"avail": 1.0, "util": 0.7767104897694658, "br": 0.0}, "Planar_FE_79": {"avail": 1.0, "util": 0.8784464401444311, "br": 0.0}, "Planar_FE_80": {"avail": 1.0, "util": 0.9119757429867605, "br": 0.0}, "TF_BE_2": {"avail": 1.0, "util": 0.1783746875289325, "br": 0.0}, "TF_BE_23": {"avail": 1.0, "util": 0.843827813214176, "br": 0.0}, "TF_BE_24": {"avail": 1.0, "util": 0.19212109989815757, "br": 0.0}, "TF_BE_26": {"avail": 1.0, "util": 0.5970866895040583, "br": 0.0}, "TF_BE_40": {"avail": 1.0, "util": 0.7023230873684536, "br": 0.0}, "TF_FE_103": {"avail": 1.0, "util": 0.7432760855476345, "br": 0.0}, "TF_FE_104": {"avail": 1.0, "util": 0.694648643644107, "br": 0.0}, "TF_FE_113": {"avail": 1.0, "util": 0.32700675863345985, "br": 0.0}, "TF_FE_131": {"avail": 1.0, "util": 0.5345955621393081, "br": 0.0}, "TF_FE_3": {"avail": 1.0, "util": 0.8959124155170818, "br": 0.0}, "TF_FE_5": {"avail": 1.0, "util": 0.5375428201092491, "br": 0.0}, "TF_Met_FE_45": {"avail": 1.0, "util": 0.07182205351356356, "br": 0.0}, "TF_Met_FE_61": {"avail": 1.0, "util": 0.9872696972502546, "br": 0.0}, "WE_BE_14": {"avail": 1.0, "util": 0.04351448939912971, "br": 0.0}, "WE_BE_16": {"avail": 1.0, "util": 0.04576736721908465, "br": 0.0}, "WE_BE_17": {"avail": 1.0, "util": 0.05068975094898621, "br": 0.0}, "WE_BE_7": {"avail": 1.0, "util": 0.015183779279696325, "br": 0.0}, "WE_BE_81": {"avail": 1.0, "util": 0.052927198098941454, "br": 0.0}, "WE_BE_82": {"avail": 1.0, "util": 0.056953059901860933, "br": 0.0}, "WE_BE_9": {"avail": 1.0, "util": 0.04633830200907323, "br": 0.0}, "WE_FE_108": {"avail": 1.0, "util": 0.044268387847686066, "br": 0.0}, "WE_FE_41": {"avail": 1.0, "util": 0.03932043329321359, "br": 0.0}, "WE_FE_47": {"avail": 1.0, "util": 0.034819306854303615, "br": 0.0}, "WE_FE_8": {"avail": 1.0, "util": 0.05011110082399778, "br": 0.0}, "WE_FE_83": {"avail": 1.0, "util": 0.0391762667477879, "br": 0.0}, "WE_FE_84": {"avail": 1.0, "util": 0.039240193809215194, "br": 0.0}, "WE_FE_85": {"avail": 1.0, "util": 0.02356263308952875, "br": 0.0}}, "plugins": {"cost": 447400.0}}