{"lots": {}, "machines": {"DE_BE_11": {"avail": 1.0, "util": 0.7890481304546408, "br": 0.0}, "DE_BE_12": {"avail": 1.0, "util": 0.5620565968860602, "br": 0.0}, "DE_BE_13": {"avail": 1.0, "util": 0.8034150051703657, "br": 0.0}, "DE_BE_48": {"avail": 1.0, "util": 0.7165415963882801, "br": 0.0}, "DE_BE_50": {"avail": 1.0, "util": 0.8227696922564159, "br": 0.0}, "DE_BE_65": {"avail": 1.0, "util": 0.8172980779913342, "br": 0.0}, "DE_BE_66": {"avail": 1.0, "util": 0.7694177771097329, "br": 0.0}, "DE_BE_67": {"avail": 1.0, "util": 0.7252678995263153, "br": 0.0}, "DE_BE_69": {"avail": 1.0, "util": 0.2937636558900863, "br": 0.0}, "DE_FE_1": {"avail": 1.0, "util": 0.8989890012220865, "br": 0.0}, "DE_FE_51": {"avail": 1.0, "util": 0.5378180202199755, "br": 0.0}, "DE_FE_53": {"avail": 1.0, "util": 0.1104877235862682, "br": 0.0}, "DE_FE_54": {"avail": 1.0, "util": 0.9869829278228346, "br": 0.0}, "DE_FE_56": {"avail": 1.0, "util": 0.9537551383179647, "br": 0.0}, "DE_FE_58": {"avail": 1.0, "util": 0.8774580602155316, "br": 0.0}, "DE_FE_59": {"avail": 1.0, "util": 0.9600530496611488, "br": 0.0}, "DE_FE_62": {"avail": 1.0, "util": 0.6903252579778717, "br": 0.0}, "DE_FE_70": {"avail": 1.0, "util": 0.962186019735181, "br": 0.0}, "DE_FE_71": {"avail": 1.0, "util": 0.9063746003530472, "br": 0.0}, "DE_FE_72": {"avail": 1.0, "util": 0.35780367837917, "br": 0.0}, "DE_FE_86": {"avail": 1.0, "util": 0.7604414010496009, "br": 0.0}, "DefMEt_FE_118": {"avail": 1.0, "util": 0.24791689812243084, "br": 0.0}, "DefMet_BE_33": {"avail": 1.0, "util": 0.9307299188979002, "br": 0.0}, "DefMet_BE_42": {"avail": 1.0, "util": 0.9940006665926008, "br": 0.0}, "DefMet_FE_10": {"avail": 1.0, "util": 0.2804132874125097, "br": 0.0}, "DefMet_FE_106": {"avail": 1.0, "util": 0.10143317409176758, "br": 0.0}, "DefMet_FE_34": {"avail": 1.0, "util": 0.5168592378624597, "br": 0.0}, "DefMet_FE_43": {"avail": 1.0, "util": 0.8845350516609265, "br": 0.0}, "Delay_32": {"avail": 1.0, "util": 0.30760596044883903, "br": 0.0}, "Dielectric_BE_20": {"avail": 1.0, "util": 0.7576047105877125, "br": 0.0}, "Dielectric_BE_21": {"avail": 1.0, "util": 0.9163426285968226, "br": 0.0}, "Dielectric_BE_27": {"avail": 1.0, "util": 0.947950227752472, "br": 0.0}, "Dielectric_BE_28": {"avail": 1.0, "util": 0.9355997481761287, "br": 0.0}, "Dielectric_BE_60": {"avail": 1.0, "util": 0.9182868570158871, "br": 0.0}, "Dielectric_FE_112": {"avail": 1.0, "util": 0.4736634201138145, "br": 0.0}, "Dielectric_FE_130": {"avail": 1.0, "util": 0.3496000444395067, "br": 0.0}, "Dielectric_FE_29": {"avail": 1.0, "util": 0.9258971225419398, "br": 0.0}, "Dielectric_FE_30": {"avail": 1.0, "util": 0.8921786468170203, "br": 0.0}, "Dielectric_FE_31": {"avail": 1.0, "util": 0.3222558604599489, "br": 0.0}, "Diffusion_BE_123": {"avail": 1.0, "util": 0.0, "br": 0.0}, "Diffusion_FE_100": {"avail": 1.0, "util": 0.0, "br": 0.0}, "Diffusion_FE_101": {"avail": 1.0, "util": 0.0, "br": 0.0}, "Diffusion_FE_120": {"avail": 1.0, "util": 0.0, "br": 0.0}, "Diffusion_FE_122": {"avail": 1.0, "util": 0.0, "br": 0.0}, "Diffusion_FE_125": {"avail": 1.0, "util": 0.0, "br": 0.0}, "Diffusion_FE_126": {"avail": 1.0, "util": 0.0, "br": 0.0}, "Diffusion_FE_127": {"avail": 1.0, "util": 0.0, "br": 0.0}, "Diffusion_FE_44": {"avail": 1.0, "util": 0.0, "br": 0.0}, "Diffusion_FE_94": {"avail": 1.0, "util": 0.0, "br": 0.0}, "EPI_36": {"avail": 1.0, "util": 0.008721253194089545, "br": 0.0}, "EPI_38": {"avail": 1.0, "util": 0.26485946005999333, "br": 0.0}, "Implant_119": {"avail": 1.0, "util": 0.07451949783357405, "br": 0.0}, "Implant_128": {"avail": 1.0, "util": 0.0327741362070881, "br": 0.0}, "Implant_132": {"avail": 1.0, "util": 0.030441062104210645, "br": 0.0}, "Implant_74": {"avail": 1.0, "util": 0.013554049550049994, "br": 0.0}, "Implant_88": {"avail": 1.0, "util": 0.005721586490389957, "br": 0.0}, "Implant_90": {"avail": 1.0, "util": 0.0429396733696256, "br": 0.0}, "Implant_91": {"avail": 1.0, "util": 0.047502658434777086, "br": 0.0}, "LithoMet_BE_18": {"avail": 1.0, "util": 0.9695387381200069, "br": 0.0}, "LithoMet_FE_19": {"avail": 1.0, "util": 0.9669282778104021, "br": 0.0}, "LithoTrack_BE_117": {"avail": 1.0, "util": 0.06764803910676591, "br": 0.0}, "LithoTrack_FE_115": {"avail": 1.0, "util": 0.045229391856189426, "br": 0.0}, "LithoTrack_FE_95": {"avail": 1.0, "util": 0.0643192423064104, "br": 0.0}, "LithoTrack_FE_96": {"avail": 1.0, "util": 0.01216531496500389, "br": 0.0}, "Litho_BE_110": {"avail": 1.0, "util": 0.06367166933142694, "br": 0.0}, "Litho_BE_93": {"avail": 1.0, "util": 0.06154871680924342, "br": 0.0}, "Litho_BE_99": {"avail": 1.0, "util": 0.10171092100877681, "br": 0.0}, "Litho_FE_111": {"avail": 1.0, "util": 0.0912593045217198, "br": 0.0}, "Litho_FE_35": {"avail": 1.0, "util": 0.046717031440951004, "br": 0.0}, "Litho_FE_92": {"avail": 1.0, "util": 0.06931067488227804, "br": 0.0}, "Litho_FE_98": {"avail": 1.0, "util": 0.031107654705032774, "br": 0.0}, "Litho_REG_BE_63": {"avail": 1.0, "util": 0.9614348405732697, "br": 0.0}, "Litho_REG_FE_64": {"avail": 1.0, "util": 0.967207347331778, "br": 0.0}, "Planar_BE_75": {"avail": 1.0, "util": 0.8733037598996937, "br": 0.0}, "Planar_FE_76": {"avail": 1.0, "util": 0.9257026997000334, "br": 0.0}, "Planar_FE_77": {"avail": 1.0, "util": 0.862320853238529, "br": 0.0}, "Planar_FE_78": {"avail": 1.0, "util": 0.4273414065103877, "br": 0.0}, "Planar_FE_79": {"avail": 1.0, "util": 0.25272191978669034, "br": 0.0}, "Planar_FE_80": {"avail": 1.0, "util": 0.2568047994667259, "br": 0.0}, "TF_BE_2": {"avail": 1.0, "util": 0.4256610376624819, "br": 0.0}, "TF_BE_23": {"avail": 1.0, "util": 0.6031512371641246, "br": 0.0}, "TF_BE_24": {"avail": 1.0, "util": 0.8697089212309743, "br": 0.0}, "TF_BE_26": {"avail": 1.0, "util": 0.6728995923529864, "br": 0.0}, "TF_BE_40": {"avail": 1.0, "util": 0.752223609141468, "br": 0.0}, "TF_FE_103": {"avail": 1.0, "util": 0.6274064786452299, "br": 0.0}, "TF_FE_104": {"avail": 1.0, "util": 0.6923897344739474, "br": 0.0}, "TF_FE_113": {"avail": 1.0, "util": 0.08643484057326964, "br": 0.0}, "TF_FE_131": {"avail": 1.0, "util": 0.8564233603673667, "br": 0.0}, "TF_FE_3": {"avail": 1.0, "util": 0.3589786320038514, "br": 0.0}, "TF_FE_5": {"avail": 1.0, "util": 0.3596637410658075, "br": 0.0}, "TF_Met_FE_45": {"avail": 1.0, "util": 0.0711865348294634, "br": 0.0}, "TF_Met_FE_61": {"avail": 1.0, "util": 0.9803077435840463, "br": 0.0}, "WE_BE_14": {"avail": 1.0, "util": 0.03909565603821797, "br": 0.0}, "WE_BE_16": {"avail": 1.0, "util": 0.0352530274413954, "br": 0.0}, "WE_BE_17": {"avail": 1.0, "util": 0.0330241084323964, "br": 0.0}, "WE_BE_7": {"avail": 1.0, "util": 0.025108321297633598, "br": 0.0}, "WE_BE_81": {"avail": 1.0, "util": 0.041884235084990555, "br": 0.0}, "WE_BE_82": {"avail": 1.0, "util": 0.045889962843634655, "br": 0.0}, "WE_BE_9": {"avail": 1.0, "util": 0.05104988334629486, "br": 0.0}, "WE_FE_108": {"avail": 1.0, "util": 0.04794869535568845, "br": 0.0}, "WE_FE_41": {"avail": 1.0, "util": 0.026308187979113433, "br": 0.0}, "WE_FE_47": {"avail": 1.0, "util": 0.03538495722697478, "br": 0.0}, "WE_FE_8": {"avail": 1.0, "util": 0.030552160871014332, "br": 0.0}, "WE_FE_83": {"avail": 1.0, "util": 0.04131022478983817, "br": 0.0}, "WE_FE_84": {"avail": 1.0, "util": 0.04241032042191391, "br": 0.0}, "WE_FE_85": {"avail": 1.0, "util": 0.0301355404955005, "br": 0.0}}, "plugins": {"cost": 428825.1299537037}}