{"lots": {}, "machines": {"DE_BE_11": {"avail": 1.0, "util": 0.6350134097845186, "br": 0.0}, "DE_BE_12": {"avail": 1.0, "util": 0.9489297861627465, "br": 0.0}, "DE_BE_13": {"avail": 1.0, "util": 0.5823281499782008, "br": 0.0}, "DE_BE_48": {"avail": 1.0, "util": 0.6555997410524369, "br": 0.0}, "DE_BE_50": {"avail": 1.0, "util": 0.8473339704265442, "br": 0.0}, "DE_BE_65": {"avail": 1.0, "util": 0.7677088036731385, "br": 0.0}, "DE_BE_66": {"avail": 1.0, "util": 0.664161559915696, "br": 0.0}, "DE_BE_67": {"avail": 1.0, "util": 0.7588365855914176, "br": 0.0}, "DE_BE_69": {"avail": 1.0, "util": 0.7377693517062794, "br": 0.0}, "DE_FE_1": {"avail": 1.0, "util": 0.7519123806000714, "br": 0.0}, "DE_FE_51": {"avail": 1.0, "util": 0.6722415026746558, "br": 0.0}, "DE_FE_53": {"avail": 1.0, "util": 0.5471007121057986, "br": 0.0}, "DE_FE_54": {"avail": 1.0, "util": 0.5464718394525109, "br": 0.0}, "DE_FE_56": {"avail": 1.0, "util": 0.5982613520762046, "br": 0.0}, "DE_FE_58": {"avail": 1.0, "util": 0.646998982706002, "br": 0.0}, "DE_FE_59": {"avail": 1.0, "util": 0.6889793150220413, "br": 0.0}, "DE_FE_62": {"avail": 1.0, "util": 0.8374773751172531, "br": 0.0}, "DE_FE_70": {"avail": 1.0, "util": 0.6782434249372195, "br": 0.0}, "DE_FE_71": {"avail": 1.0, "util": 0.7598129235972573, "br": 0.0}, "DE_FE_72": {"avail": 1.0, "util": 0.8688307284441567, "br": 0.0}, "DE_FE_86": {"avail": 1.0, "util": 0.7757027720405136, "br": 0.0}, "DefMEt_FE_118": {"avail": 1.0, "util": 0.4906131508369555, "br": 0.0}, "DefMet_BE_33": {"avail": 1.0, "util": 0.8894848793119393, "br": 0.0}, "DefMet_BE_42": {"avail": 1.0, "util": 0.9644871913437529, "br": 0.0}, "DefMet_FE_10": {"avail": 1.0, "util": 0.8837510404143161, "br": 0.0}, "DefMet_FE_106": {"avail": 1.0, "util": 0.5178026449643948, "br": 0.0}, "DefMet_FE_34": {"avail": 1.0, "util": 0.6339128826412651, "br": 0.0}, "DefMet_FE_43": {"avail": 1.0, "util": 0.9493973303739327, "br": 0.0}, "Delay_32": {"avail": 1.0, "util": 0.24063141588828263, "br": 0.0}, "Dielectric_BE_20": {"avail": 1.0, "util": 0.8768889299916767, "br": 0.0}, "Dielectric_BE_21": {"avail": 1.0, "util": 0.8765606214741515, "br": 0.0}, "Dielectric_BE_27": {"avail": 1.0, "util": 0.7747649434322883, "br": 0.0}, "Dielectric_BE_28": {"avail": 1.0, "util": 0.9056228613705725, "br": 0.0}, "Dielectric_BE_60": {"avail": 1.0, "util": 0.8277536298899473, "br": 0.0}, "Dielectric_FE_112": {"avail": 1.0, "util": 0.8791269767872006, "br": 0.0}, "Dielectric_FE_130": {"avail": 1.0, "util": 0.8855313049107556, "br": 0.0}, "Dielectric_FE_29": {"avail": 1.0, "util": 0.778569006442862, "br": 0.0}, "Dielectric_FE_30": {"avail": 1.0, "util": 0.9237029501525941, "br": 0.0}, "Dielectric_FE_31": {"avail": 1.0, "util": 0.8263895311199482, "br": 0.0}, "Diffusion_BE_123": {"avail": 1.0, "util": 0.0, "br": 0.0}, "Diffusion_FE_100": {"avail": 1.0, "util": 0.0, "br": 0.0}, "Diffusion_FE_101": {"avail": 1.0, "util": 0.0, "br": 0.0}, "Diffusion_FE_120": {"avail": 1.0, "util": 0.0, "br": 0.0}, "Diffusion_FE_122": {"avail": 1.0, "util": 0.0, "br": 0.0}, "Diffusion_FE_125": {"avail": 1.0, "util": 0.0, "br": 0.0}, "Diffusion_FE_126": {"avail": 1.0, "util": 0.0, "br": 0.0}, "Diffusion_FE_127": {"avail": 1.0, "util": 0.0, "br": 0.0}, "Diffusion_FE_44": {"avail": 1.0, "util": 0.0, "br": 0.0}, "Diffusion_FE_94": {"avail": 1.0, "util": 0.0, "br": 0.0}, "EPI_36": {"avail": 1.0, "util": 0.012115046703042634, "br": 0.0}, "EPI_38": {"avail": 1.0, "util": 0.011930084157958014, "br": 0.0}, "Implant_119": {"avail": 1.0, "util": 0.021178211412189032, "br": 0.0}, "Implant_128": {"avail": 1.0, "util": 0.06371034865439748, "br": 0.0}, "Implant_132": {"avail": 1.0, "util": 0.03160547489133451, "br": 0.0}, "Implant_74": {"avail": 1.0, "util": 0.011328955886432998, "br": 0.0}, "Implant_88": {"avail": 1.0, "util": 0.0023582724498289096, "br": 0.0}, "Implant_90": {"avail": 1.0, "util": 0.06154628687690743, "br": 0.0}, "Implant_91": {"avail": 1.0, "util": 0.051989888714202036, "br": 0.0}, "LithoMet_BE_18": {"avail": 1.0, "util": 0.9451159217181597, "br": 0.0}, "LithoMet_FE_19": {"avail": 1.0, "util": 0.9285273898702179, "br": 0.0}, "LithoTrack_BE_117": {"avail": 1.0, "util": 0.10737075742162212, "br": 0.0}, "LithoTrack_FE_115": {"avail": 1.0, "util": 0.05657859185475725, "br": 0.0}, "LithoTrack_FE_95": {"avail": 1.0, "util": 0.0747871515201845, "br": 0.0}, "LithoTrack_FE_96": {"avail": 1.0, "util": 0.0, "br": 0.0}, "Litho_BE_110": {"avail": 1.0, "util": 0.0913252566355313, "br": 0.0}, "Litho_BE_93": {"avail": 1.0, "util": 0.0844354018311292, "br": 0.0}, "Litho_BE_99": {"avail": 1.0, "util": 0.2167452757483276, "br": 0.0}, "Litho_FE_111": {"avail": 1.0, "util": 0.132790496288138, "br": 0.0}, "Litho_FE_35": {"avail": 1.0, "util": 0.07800795338943864, "br": 0.0}, "Litho_FE_92": {"avail": 1.0, "util": 0.12841445061920415, "br": 0.0}, "Litho_FE_98": {"avail": 1.0, "util": 0.15009710533616943, "br": 0.0}, "Litho_REG_BE_63": {"avail": 1.0, "util": 0.9230555812447979, "br": 0.0}, "Litho_REG_FE_64": {"avail": 1.0, "util": 0.9163044483492093, "br": 0.0}, "Planar_BE_75": {"avail": 1.0, "util": 0.7341764542680107, "br": 0.0}, "Planar_FE_76": {"avail": 1.0, "util": 0.9372360430346188, "br": 0.0}, "Planar_FE_77": {"avail": 1.0, "util": 0.962452603347822, "br": 0.0}, "Planar_FE_78": {"avail": 1.0, "util": 0.0, "br": 0.0}, "Planar_FE_79": {"avail": 1.0, "util": 0.8542495144733192, "br": 0.0}, "Planar_FE_80": {"avail": 1.0, "util": 0.531906039027097, "br": 0.0}, "TF_BE_2": {"avail": 1.0, "util": 0.44217608434292055, "br": 0.0}, "TF_BE_23": {"avail": 1.0, "util": 0.7712208014719125, "br": 0.0}, "TF_BE_24": {"avail": 1.0, "util": 0.3806529177841487, "br": 0.0}, "TF_BE_26": {"avail": 1.0, "util": 0.7008662412528129, "br": 0.0}, "TF_BE_40": {"avail": 1.0, "util": 0.8246786275779154, "br": 0.0}, "TF_FE_103": {"avail": 1.0, "util": 0.9922315731064459, "br": 0.0}, "TF_FE_104": {"avail": 1.0, "util": 0.7803939702210302, "br": 0.0}, "TF_FE_113": {"avail": 1.0, "util": 0.4347544622214002, "br": 0.0}, "TF_FE_131": {"avail": 1.0, "util": 0.15114522642498227, "br": 0.0}, "TF_FE_3": {"avail": 1.0, "util": 0.8828724683251642, "br": 0.0}, "TF_FE_5": {"avail": 1.0, "util": 0.4468926292425784, "br": 0.0}, "TF_Met_FE_45": {"avail": 1.0, "util": 0.14047905299176916, "br": 0.0}, "TF_Met_FE_61": {"avail": 1.0, "util": 0.9901045038379728, "br": 0.0}, "WE_BE_14": {"avail": 1.0, "util": 0.03726995283455101, "br": 0.0}, "WE_BE_16": {"avail": 1.0, "util": 0.04021907785895579, "br": 0.0}, "WE_BE_17": {"avail": 1.0, "util": 0.04573198927217238, "br": 0.0}, "WE_BE_7": {"avail": 1.0, "util": 0.0076759456210117455, "br": 0.0}, "WE_BE_81": {"avail": 1.0, "util": 0.03261506211658806, "br": 0.0}, "WE_BE_82": {"avail": 1.0, "util": 0.07622306482937205, "br": 0.0}, "WE_BE_9": {"avail": 1.0, "util": 0.062120991927706065, "br": 0.0}, "WE_FE_108": {"avail": 1.0, "util": 0.044034297340502834, "br": 0.0}, "WE_FE_41": {"avail": 1.0, "util": 0.040950707481734946, "br": 0.0}, "WE_FE_47": {"avail": 1.0, "util": 0.0328154382070964, "br": 0.0}, "WE_FE_8": {"avail": 1.0, "util": 0.046194395634883936, "br": 0.0}, "WE_FE_83": {"avail": 1.0, "util": 0.04605567372607047, "br": 0.0}, "WE_FE_84": {"avail": 1.0, "util": 0.04699589999691729, "br": 0.0}, "WE_FE_85": {"avail": 1.0, "util": 0.03199852029963932, "br": 0.0}}, "plugins": {"cost": 448600.0}}