{"lots": {}, "machines": {"DE_BE_11": {"avail": 1.0, "util": 0.8160018499248468, "br": 0.0}, "DE_BE_12": {"avail": 1.0, "util": 0.7019176453099449, "br": 0.0}, "DE_BE_13": {"avail": 1.0, "util": 0.8477067157608261, "br": 0.0}, "DE_BE_48": {"avail": 1.0, "util": 0.5745404092958724, "br": 0.0}, "DE_BE_50": {"avail": 1.0, "util": 0.6827887617065557, "br": 0.0}, "DE_BE_65": {"avail": 1.0, "util": 0.8276479677104026, "br": 0.0}, "DE_BE_66": {"avail": 1.0, "util": 0.7450776356328171, "br": 0.0}, "DE_BE_67": {"avail": 1.0, "util": 0.7532746823069404, "br": 0.0}, "DE_BE_69": {"avail": 1.0, "util": 0.3627240143369176, "br": 0.0}, "DE_FE_1": {"avail": 1.0, "util": 0.5595421436004162, "br": 0.0}, "DE_FE_51": {"avail": 1.0, "util": 0.44379812695109266, "br": 0.0}, "DE_FE_53": {"avail": 1.0, "util": 0.13798126951092612, "br": 0.0}, "DE_FE_54": {"avail": 1.0, "util": 0.8136431957451729, "br": 0.0}, "DE_FE_56": {"avail": 1.0, "util": 0.9009712105445716, "br": 0.0}, "DE_FE_58": {"avail": 1.0, "util": 0.7375303503295179, "br": 0.0}, "DE_FE_59": {"avail": 1.0, "util": 0.7142819979188345, "br": 0.0}, "DE_FE_62": {"avail": 1.0, "util": 0.686286751953643, "br": 0.0}, "DE_FE_70": {"avail": 1.0, "util": 0.7706555671175859, "br": 0.0}, "DE_FE_71": {"avail": 1.0, "util": 0.6363548772497784, "br": 0.0}, "DE_FE_72": {"avail": 1.0, "util": 0.23424463153911645, "br": 0.0}, "DE_FE_86": {"avail": 1.0, "util": 0.6415815681640475, "br": 0.0}, "DefMEt_FE_118": {"avail": 1.0, "util": 0.30974679153659385, "br": 0.0}, "DefMet_BE_33": {"avail": 1.0, "util": 0.8834894207422823, "br": 0.0}, "DefMet_BE_42": {"avail": 1.0, "util": 0.9636489767603191, "br": 0.0}, "DefMet_FE_10": {"avail": 1.0, "util": 0.5093305584460631, "br": 0.0}, "DefMet_FE_106": {"avail": 1.0, "util": 0.13159902878945542, "br": 0.0}, "DefMet_FE_34": {"avail": 1.0, "util": 0.689871661463753, "br": 0.0}, "DefMet_FE_43": {"avail": 1.0, "util": 0.851363163371488, "br": 0.0}, "Delay_32": {"avail": 1.0, "util": 0.29358064516129034, "br": 0.0}, "Dielectric_BE_20": {"avail": 1.0, "util": 0.8770863683662852, "br": 0.0}, "Dielectric_BE_21": {"avail": 1.0, "util": 0.9570008093421204, "br": 0.0}, "Dielectric_BE_27": {"avail": 1.0, "util": 0.8707827494508036, "br": 0.0}, "Dielectric_BE_28": {"avail": 1.0, "util": 0.9112498554746213, "br": 0.0}, "Dielectric_BE_60": {"avail": 1.0, "util": 0.8834316105908198, "br": 0.0}, "Dielectric_FE_112": {"avail": 1.0, "util": 0.5334104135352835, "br": 0.0}, "Dielectric_FE_130": {"avail": 1.0, "util": 0.4318591744710371, "br": 0.0}, "Dielectric_FE_29": {"avail": 1.0, "util": 0.9679038039079663, "br": 0.0}, "Dielectric_FE_30": {"avail": 1.0, "util": 0.9661810613943809, "br": 0.0}, "Dielectric_FE_31": {"avail": 1.0, "util": 0.2896462018730489, "br": 0.0}, "Diffusion_BE_123": {"avail": 1.0, "util": 0.0, "br": 0.0}, "Diffusion_FE_100": {"avail": 1.0, "util": 0.0, "br": 0.0}, "Diffusion_FE_101": {"avail": 1.0, "util": 0.0, "br": 0.0}, "Diffusion_FE_120": {"avail": 1.0, "util": 0.0, "br": 0.0}, "Diffusion_FE_122": {"avail": 1.0, "util": 0.0, "br": 0.0}, "Diffusion_FE_125": {"avail": 1.0, "util": 0.0, "br": 0.0}, "Diffusion_FE_126": {"avail": 1.0, "util": 0.0, "br": 0.0}, "Diffusion_FE_127": {"avail": 1.0, "util": 0.0, "br": 0.0}, "Diffusion_FE_44": {"avail": 1.0, "util": 0.0, "br": 0.0}, "Diffusion_FE_94": {"avail": 1.0, "util": 0.0, "br": 0.0}, "EPI_36": {"avail": 1.0, "util": 0.009018383628165106, "br": 0.0}, "EPI_38": {"avail": 1.0, "util": 0.30808185917447106, "br": 0.0}, "Implant_119": {"avail": 1.0, "util": 0.04505723204994797, "br": 0.0}, "Implant_128": {"avail": 1.0, "util": 0.03554378330653044, "br": 0.0}, "Implant_132": {"avail": 1.0, "util": 0.03888806302958228, "br": 0.0}, "Implant_74": {"avail": 1.0, "util": 0.01682275407561568, "br": 0.0}, "Implant_88": {"avail": 1.0, "util": 0.001803676725633021, "br": 0.0}, "Implant_90": {"avail": 1.0, "util": 0.0533125216788068, "br": 0.0}, "Implant_91": {"avail": 1.0, "util": 0.04660819582775878, "br": 0.0}, "LithoMet_BE_18": {"avail": 1.0, "util": 0.9576199035096018, "br": 0.0}, "LithoMet_FE_19": {"avail": 1.0, "util": 0.939076358951489, "br": 0.0}, "LithoTrack_BE_117": {"avail": 1.0, "util": 0.07594866458550122, "br": 0.0}, "LithoTrack_FE_115": {"avail": 1.0, "util": 0.04635753745674814, "br": 0.0}, "LithoTrack_FE_95": {"avail": 1.0, "util": 0.0769545612209504, "br": 0.0}, "LithoTrack_FE_96": {"avail": 1.0, "util": 0.015261879986125564, "br": 0.0}, "Litho_BE_110": {"avail": 1.0, "util": 0.07124523066250434, "br": 0.0}, "Litho_BE_93": {"avail": 1.0, "util": 0.06909469302809573, "br": 0.0}, "Litho_BE_99": {"avail": 1.0, "util": 0.12350560758469187, "br": 0.0}, "Litho_FE_111": {"avail": 1.0, "util": 0.09687825182101976, "br": 0.0}, "Litho_FE_35": {"avail": 1.0, "util": 0.06333680194242108, "br": 0.0}, "Litho_FE_92": {"avail": 1.0, "util": 0.07579444488913792, "br": 0.0}, "Litho_FE_98": {"avail": 1.0, "util": 0.03194588969823101, "br": 0.0}, "Litho_REG_BE_63": {"avail": 1.0, "util": 0.9376083940339923, "br": 0.0}, "Litho_REG_FE_64": {"avail": 1.0, "util": 0.9421493814313794, "br": 0.0}, "Planar_BE_75": {"avail": 1.0, "util": 0.8295079530251227, "br": 0.0}, "Planar_FE_76": {"avail": 1.0, "util": 0.9281651057925772, "br": 0.0}, "Planar_FE_77": {"avail": 1.0, "util": 0.8972597988206729, "br": 0.0}, "Planar_FE_78": {"avail": 1.0, "util": 0.21352757544224765, "br": 0.0}, "Planar_FE_79": {"avail": 1.0, "util": 0.3198057578910857, "br": 0.0}, "Planar_FE_80": {"avail": 1.0, "util": 0.3208116545265349, "br": 0.0}, "TF_BE_2": {"avail": 1.0, "util": 0.46444675685050296, "br": 0.0}, "TF_BE_23": {"avail": 1.0, "util": 0.7073038997076457, "br": 0.0}, "TF_BE_24": {"avail": 1.0, "util": 0.7209330558446063, "br": 0.0}, "TF_BE_26": {"avail": 1.0, "util": 0.7169188078657381, "br": 0.0}, "TF_BE_40": {"avail": 1.0, "util": 0.7417518516251453, "br": 0.0}, "TF_FE_103": {"avail": 1.0, "util": 0.7313909122441901, "br": 0.0}, "TF_FE_104": {"avail": 1.0, "util": 0.7407839056538328, "br": 0.0}, "TF_FE_113": {"avail": 1.0, "util": 0.1079431148109608, "br": 0.0}, "TF_FE_131": {"avail": 1.0, "util": 0.7080934212047635, "br": 0.0}, "TF_FE_3": {"avail": 1.0, "util": 0.446571858018268, "br": 0.0}, "TF_FE_5": {"avail": 1.0, "util": 0.3589779165221413, "br": 0.0}, "TF_Met_FE_45": {"avail": 1.0, "util": 0.08858827610128339, "br": 0.0}, "TF_Met_FE_61": {"avail": 1.0, "util": 0.9842525147415886, "br": 0.0}, "WE_BE_14": {"avail": 1.0, "util": 0.037932708983697536, "br": 0.0}, "WE_BE_16": {"avail": 1.0, "util": 0.0379986125563649, "br": 0.0}, "WE_BE_17": {"avail": 1.0, "util": 0.03236212278876171, "br": 0.0}, "WE_BE_7": {"avail": 1.0, "util": 0.0171349288935137, "br": 0.0}, "WE_BE_81": {"avail": 1.0, "util": 0.04798242571395537, "br": 0.0}, "WE_BE_82": {"avail": 1.0, "util": 0.04412841561644891, "br": 0.0}, "WE_BE_9": {"avail": 1.0, "util": 0.05444328824141519, "br": 0.0}, "WE_FE_108": {"avail": 1.0, "util": 0.03990096523018408, "br": 0.0}, "WE_FE_41": {"avail": 1.0, "util": 0.03181408255289629, "br": 0.0}, "WE_FE_47": {"avail": 1.0, "util": 0.034894207422823446, "br": 0.0}, "WE_FE_8": {"avail": 1.0, "util": 0.029795352063822406, "br": 0.0}, "WE_FE_83": {"avail": 1.0, "util": 0.03654757775465372, "br": 0.0}, "WE_FE_84": {"avail": 1.0, "util": 0.03625308604190896, "br": 0.0}, "WE_FE_85": {"avail": 1.0, "util": 0.025320846340617414, "br": 0.0}}, "plugins": {"cost": 429025.12820601853}}