{"lots": {}, "machines": {"DE_BE_11": {"avail": 1.0, "util": 0.8740704742509797, "br": 0.0}, "DE_BE_12": {"avail": 1.0, "util": 0.7030090847780378, "br": 0.0}, "DE_BE_13": {"avail": 1.0, "util": 0.8794084976395445, "br": 0.0}, "DE_BE_48": {"avail": 1.0, "util": 0.6621519274948878, "br": 0.0}, "DE_BE_50": {"avail": 1.0, "util": 0.6799916689808386, "br": 0.0}, "DE_BE_65": {"avail": 1.0, "util": 0.8330514251091868, "br": 0.0}, "DE_BE_66": {"avail": 1.0, "util": 0.6944272015943284, "br": 0.0}, "DE_BE_67": {"avail": 1.0, "util": 0.8010148696069274, "br": 0.0}, "DE_BE_69": {"avail": 1.0, "util": 0.18277330371193187, "br": 0.0}, "DE_FE_1": {"avail": 1.0, "util": 0.5620522077200778, "br": 0.0}, "DE_FE_51": {"avail": 1.0, "util": 0.30122188281033047, "br": 0.0}, "DE_FE_53": {"avail": 1.0, "util": 0.1387531241321855, "br": 0.0}, "DE_FE_54": {"avail": 1.0, "util": 0.822017032305841, "br": 0.0}, "DE_FE_56": {"avail": 1.0, "util": 0.9016939738961399, "br": 0.0}, "DE_FE_58": {"avail": 1.0, "util": 0.7313593446264927, "br": 0.0}, "DE_FE_59": {"avail": 1.0, "util": 0.8193383782282699, "br": 0.0}, "DE_FE_62": {"avail": 1.0, "util": 0.7407256154336214, "br": 0.0}, "DE_FE_70": {"avail": 1.0, "util": 0.8150703087526193, "br": 0.0}, "DE_FE_71": {"avail": 1.0, "util": 0.6796607423863742, "br": 0.0}, "DE_FE_72": {"avail": 1.0, "util": 0.5360379692509656, "br": 0.0}, "DE_FE_86": {"avail": 1.0, "util": 0.648121519916784, "br": 0.0}, "DefMEt_FE_118": {"avail": 1.0, "util": 0.3151555123576784, "br": 0.0}, "DefMet_BE_33": {"avail": 1.0, "util": 0.9103374062760344, "br": 0.0}, "DefMet_BE_42": {"avail": 1.0, "util": 0.9405026381560677, "br": 0.0}, "DefMet_FE_10": {"avail": 1.0, "util": 0.47632602054984724, "br": 0.0}, "DefMet_FE_106": {"avail": 1.0, "util": 0.13031102471535685, "br": 0.0}, "DefMet_FE_34": {"avail": 1.0, "util": 0.5370730352679811, "br": 0.0}, "DefMet_FE_43": {"avail": 1.0, "util": 0.8511941127464594, "br": 0.0}, "Delay_32": {"avail": 1.0, "util": 0.2917203554568175, "br": 0.0}, "Dielectric_BE_20": {"avail": 1.0, "util": 0.7348792002221606, "br": 0.0}, "Dielectric_BE_21": {"avail": 1.0, "util": 0.9471790243450893, "br": 0.0}, "Dielectric_BE_27": {"avail": 1.0, "util": 0.9021394520040729, "br": 0.0}, "Dielectric_BE_28": {"avail": 1.0, "util": 0.8762612237341478, "br": 0.0}, "Dielectric_BE_60": {"avail": 1.0, "util": 0.9313848005183745, "br": 0.0}, "Dielectric_FE_112": {"avail": 1.0, "util": 0.6405319510012651, "br": 0.0}, "Dielectric_FE_130": {"avail": 1.0, "util": 0.4336469036378784, "br": 0.0}, "Dielectric_FE_29": {"avail": 1.0, "util": 0.7794362677034157, "br": 0.0}, "Dielectric_FE_30": {"avail": 1.0, "util": 0.9771244098861427, "br": 0.0}, "Dielectric_FE_31": {"avail": 1.0, "util": 0.4029783393501805, "br": 0.0}, "Diffusion_BE_123": {"avail": 1.0, "util": 0.0, "br": 0.0}, "Diffusion_FE_100": {"avail": 1.0, "util": 0.0, "br": 0.0}, "Diffusion_FE_101": {"avail": 1.0, "util": 0.0, "br": 0.0}, "Diffusion_FE_120": {"avail": 1.0, "util": 0.0, "br": 0.0}, "Diffusion_FE_122": {"avail": 1.0, "util": 0.0, "br": 0.0}, "Diffusion_FE_125": {"avail": 1.0, "util": 0.0, "br": 0.0}, "Diffusion_FE_126": {"avail": 1.0, "util": 0.0, "br": 0.0}, "Diffusion_FE_127": {"avail": 1.0, "util": 0.0, "br": 0.0}, "Diffusion_FE_44": {"avail": 1.0, "util": 0.0, "br": 0.0}, "Diffusion_FE_94": {"avail": 1.0, "util": 0.0, "br": 0.0}, "EPI_36": {"avail": 1.0, "util": 0.009025270758122744, "br": 0.0}, "EPI_38": {"avail": 1.0, "util": 0.31414884754234934, "br": 0.0}, "Implant_119": {"avail": 1.0, "util": 0.025930297139683423, "br": 0.0}, "Implant_128": {"avail": 1.0, "util": 0.039136855923859536, "br": 0.0}, "Implant_132": {"avail": 1.0, "util": 0.027938667830364583, "br": 0.0}, "Implant_74": {"avail": 1.0, "util": 0.01711330186059428, "br": 0.0}, "Implant_88": {"avail": 1.0, "util": 0.007185504026659261, "br": 0.0}, "Implant_90": {"avail": 1.0, "util": 0.03620522077200777, "br": 0.0}, "Implant_91": {"avail": 1.0, "util": 0.0457115087078986, "br": 0.0}, "LithoMet_BE_18": {"avail": 1.0, "util": 0.9398336320718992, "br": 0.0}, "LithoMet_FE_19": {"avail": 1.0, "util": 0.944003649779823, "br": 0.0}, "LithoTrack_BE_117": {"avail": 1.0, "util": 0.068717023049153, "br": 0.0}, "LithoTrack_FE_115": {"avail": 1.0, "util": 0.048810967143273216, "br": 0.0}, "LithoTrack_FE_95": {"avail": 1.0, "util": 0.07638156067758956, "br": 0.0}, "LithoTrack_FE_96": {"avail": 1.0, "util": 0.015099972229936129, "br": 0.0}, "Litho_BE_110": {"avail": 1.0, "util": 0.07120606594786473, "br": 0.0}, "Litho_BE_93": {"avail": 1.0, "util": 0.06692585392946404, "br": 0.0}, "Litho_BE_99": {"avail": 1.0, "util": 0.11732851985559567, "br": 0.0}, "Litho_FE_111": {"avail": 1.0, "util": 0.09957303526798111, "br": 0.0}, "Litho_FE_35": {"avail": 1.0, "util": 0.05859483476811997, "br": 0.0}, "Litho_FE_92": {"avail": 1.0, "util": 0.07753722256638113, "br": 0.0}, "Litho_FE_98": {"avail": 1.0, "util": 0.031900860871980005, "br": 0.0}, "Litho_REG_BE_63": {"avail": 1.0, "util": 0.9360854623715634, "br": 0.0}, "Litho_REG_FE_64": {"avail": 1.0, "util": 0.9356313061186707, "br": 0.0}, "Planar_BE_75": {"avail": 1.0, "util": 0.792884912921014, "br": 0.0}, "Planar_FE_76": {"avail": 1.0, "util": 0.9267217439600111, "br": 0.0}, "Planar_FE_77": {"avail": 1.0, "util": 0.8941960566509303, "br": 0.0}, "Planar_FE_78": {"avail": 1.0, "util": 0.5244029436267703, "br": 0.0}, "Planar_FE_79": {"avail": 1.0, "util": 0.31933837822826994, "br": 0.0}, "Planar_FE_80": {"avail": 1.0, "util": 0.32362538183837825, "br": 0.0}, "TF_BE_2": {"avail": 1.0, "util": 0.66634268258817, "br": 0.0}, "TF_BE_23": {"avail": 1.0, "util": 0.5623437933907248, "br": 0.0}, "TF_BE_24": {"avail": 1.0, "util": 0.720407525687309, "br": 0.0}, "TF_BE_26": {"avail": 1.0, "util": 0.7899782111806549, "br": 0.0}, "TF_BE_40": {"avail": 1.0, "util": 0.7424367414280347, "br": 0.0}, "TF_FE_103": {"avail": 1.0, "util": 0.734270242392986, "br": 0.0}, "TF_FE_104": {"avail": 1.0, "util": 0.7489030824770897, "br": 0.0}, "TF_FE_113": {"avail": 1.0, "util": 0.326552809404795, "br": 0.0}, "TF_FE_131": {"avail": 1.0, "util": 0.7120822919559382, "br": 0.0}, "TF_FE_3": {"avail": 1.0, "util": 0.44258539294640376, "br": 0.0}, "TF_FE_5": {"avail": 1.0, "util": 0.36179764880125886, "br": 0.0}, "TF_Met_FE_45": {"avail": 1.0, "util": 0.08917661760622049, "br": 0.0}, "TF_Met_FE_61": {"avail": 1.0, "util": 0.9761177450708136, "br": 0.0}, "WE_BE_14": {"avail": 1.0, "util": 0.03742016106637045, "br": 0.0}, "WE_BE_16": {"avail": 1.0, "util": 0.03934670924743127, "br": 0.0}, "WE_BE_17": {"avail": 1.0, "util": 0.03256039988891975, "br": 0.0}, "WE_BE_7": {"avail": 1.0, "util": 0.017078589280755344, "br": 0.0}, "WE_BE_81": {"avail": 1.0, "util": 0.04028973433305563, "br": 0.0}, "WE_BE_82": {"avail": 1.0, "util": 0.04261162022894875, "br": 0.0}, "WE_BE_9": {"avail": 1.0, "util": 0.053957234101638434, "br": 0.0}, "WE_FE_108": {"avail": 1.0, "util": 0.03760449683517031, "br": 0.0}, "WE_FE_41": {"avail": 1.0, "util": 0.03192168841988337, "br": 0.0}, "WE_FE_47": {"avail": 1.0, "util": 0.034018328242154956, "br": 0.0}, "WE_FE_8": {"avail": 1.0, "util": 0.027214662593723966, "br": 0.0}, "WE_FE_83": {"avail": 1.0, "util": 0.03967647875590114, "br": 0.0}, "WE_FE_84": {"avail": 1.0, "util": 0.03661972981361387, "br": 0.0}, "WE_FE_85": {"avail": 1.0, "util": 0.02527075812274368, "br": 0.0}}, "plugins": {"cost": 429025.1320138889}}