{"lots": {}, "machines": {"DE_BE_11": {"avail": 1.0, "util": 0.7909563736650194, "br": 0.0}, "DE_BE_12": {"avail": 1.0, "util": 0.5686045865955911, "br": 0.0}, "DE_BE_13": {"avail": 1.0, "util": 0.7999290952814191, "br": 0.0}, "DE_BE_48": {"avail": 1.0, "util": 0.7497110030843164, "br": 0.0}, "DE_BE_50": {"avail": 1.0, "util": 0.8225720473096786, "br": 0.0}, "DE_BE_65": {"avail": 1.0, "util": 0.819620492783911, "br": 0.0}, "DE_BE_66": {"avail": 1.0, "util": 0.7870182555780934, "br": 0.0}, "DE_BE_67": {"avail": 1.0, "util": 0.7494888919176775, "br": 0.0}, "DE_BE_69": {"avail": 1.0, "util": 0.2962037499768634, "br": 0.0}, "DE_FE_1": {"avail": 1.0, "util": 0.8983064023543784, "br": 0.0}, "DE_FE_51": {"avail": 1.0, "util": 0.5137042589816203, "br": 0.0}, "DE_FE_53": {"avail": 1.0, "util": 0.10910100505302904, "br": 0.0}, "DE_FE_54": {"avail": 1.0, "util": 0.9756973365169267, "br": 0.0}, "DE_FE_56": {"avail": 1.0, "util": 0.961324893109001, "br": 0.0}, "DE_FE_58": {"avail": 1.0, "util": 0.8774223999111556, "br": 0.0}, "DE_FE_59": {"avail": 1.0, "util": 0.8939974457215837, "br": 0.0}, "DE_FE_62": {"avail": 1.0, "util": 0.6946461409817967, "br": 0.0}, "DE_FE_70": {"avail": 1.0, "util": 0.9588589543612032, "br": 0.0}, "DE_FE_71": {"avail": 1.0, "util": 0.904378057884638, "br": 0.0}, "DE_FE_72": {"avail": 1.0, "util": 0.35966360254216323, "br": 0.0}, "DE_FE_86": {"avail": 1.0, "util": 0.7668049214564093, "br": 0.0}, "DefMEt_FE_118": {"avail": 1.0, "util": 0.24893109001055028, "br": 0.0}, "DefMet_BE_33": {"avail": 1.0, "util": 0.9230662446554501, "br": 0.0}, "DefMet_BE_42": {"avail": 1.0, "util": 0.9833971902937421, "br": 0.0}, "DefMet_FE_10": {"avail": 1.0, "util": 0.2805819312565939, "br": 0.0}, "DefMet_FE_106": {"avail": 1.0, "util": 0.10450330390360375, "br": 0.0}, "DefMet_FE_34": {"avail": 1.0, "util": 0.5183241712477095, "br": 0.0}, "DefMet_FE_43": {"avail": 1.0, "util": 0.8838247542895219, "br": 0.0}, "Delay_32": {"avail": 1.0, "util": 0.3077373813093453, "br": 0.0}, "Dielectric_BE_20": {"avail": 1.0, "util": 0.758309734021878, "br": 0.0}, "Dielectric_BE_21": {"avail": 1.0, "util": 0.9142280711496104, "br": 0.0}, "Dielectric_BE_27": {"avail": 1.0, "util": 0.9478501489995742, "br": 0.0}, "Dielectric_BE_28": {"avail": 1.0, "util": 0.9699409554482019, "br": 0.0}, "Dielectric_BE_60": {"avail": 1.0, "util": 0.9210302256279267, "br": 0.0}, "Dielectric_FE_112": {"avail": 1.0, "util": 0.48694788408265005, "br": 0.0}, "Dielectric_FE_130": {"avail": 1.0, "util": 0.3471319895607752, "br": 0.0}, "Dielectric_FE_29": {"avail": 1.0, "util": 0.9321820571195885, "br": 0.0}, "Dielectric_FE_30": {"avail": 1.0, "util": 0.8918873896385141, "br": 0.0}, "Dielectric_FE_31": {"avail": 1.0, "util": 0.32437947692820257, "br": 0.0}, "Diffusion_BE_123": {"avail": 1.0, "util": 0.0, "br": 0.0}, "Diffusion_FE_100": {"avail": 1.0, "util": 0.0, "br": 0.0}, "Diffusion_FE_101": {"avail": 1.0, "util": 0.0, "br": 0.0}, "Diffusion_FE_120": {"avail": 1.0, "util": 0.0, "br": 0.0}, "Diffusion_FE_122": {"avail": 1.0, "util": 0.0, "br": 0.0}, "Diffusion_FE_125": {"avail": 1.0, "util": 0.0, "br": 0.0}, "Diffusion_FE_126": {"avail": 1.0, "util": 0.0, "br": 0.0}, "Diffusion_FE_127": {"avail": 1.0, "util": 0.0, "br": 0.0}, "Diffusion_FE_44": {"avail": 1.0, "util": 0.0, "br": 0.0}, "Diffusion_FE_94": {"avail": 1.0, "util": 0.0, "br": 0.0}, "EPI_36": {"avail": 1.0, "util": 0.010106058082070076, "br": 0.0}, "EPI_38": {"avail": 1.0, "util": 0.26425676050863456, "br": 0.0}, "Implant_119": {"avail": 1.0, "util": 0.07418512965739353, "br": 0.0}, "Implant_128": {"avail": 1.0, "util": 0.03250899802623941, "br": 0.0}, "Implant_132": {"avail": 1.0, "util": 0.03049269016285508, "br": 0.0}, "Implant_74": {"avail": 1.0, "util": 0.01346548947748348, "br": 0.0}, "Implant_88": {"avail": 1.0, "util": 0.0057193625409517465, "br": 0.0}, "Implant_90": {"avail": 1.0, "util": 0.04297851074462768, "br": 0.0}, "Implant_91": {"avail": 1.0, "util": 0.04743659916073709, "br": 0.0}, "LithoMet_BE_18": {"avail": 1.0, "util": 0.9584399719332254, "br": 0.0}, "LithoMet_FE_19": {"avail": 1.0, "util": 0.9658940371084299, "br": 0.0}, "LithoTrack_BE_117": {"avail": 1.0, "util": 0.06767727247487366, "br": 0.0}, "LithoTrack_FE_115": {"avail": 1.0, "util": 0.0453025519760445, "br": 0.0}, "LithoTrack_FE_95": {"avail": 1.0, "util": 0.06444139041590316, "br": 0.0}, "LithoTrack_FE_96": {"avail": 1.0, "util": 0.012160586373479927, "br": 0.0}, "Litho_BE_110": {"avail": 1.0, "util": 0.06456916469301581, "br": 0.0}, "Litho_BE_93": {"avail": 1.0, "util": 0.06156643900272086, "br": 0.0}, "Litho_BE_99": {"avail": 1.0, "util": 0.10143076609843227, "br": 0.0}, "Litho_FE_111": {"avail": 1.0, "util": 0.09127103115109113, "br": 0.0}, "Litho_FE_35": {"avail": 1.0, "util": 0.047059803431617524, "br": 0.0}, "Litho_FE_92": {"avail": 1.0, "util": 0.06949943831503051, "br": 0.0}, "Litho_FE_98": {"avail": 1.0, "util": 0.030942861902382143, "br": 0.0}, "Litho_REG_BE_63": {"avail": 1.0, "util": 0.9606585596090843, "br": 0.0}, "Litho_REG_FE_64": {"avail": 1.0, "util": 0.9669563366464916, "br": 0.0}, "Planar_BE_75": {"avail": 1.0, "util": 0.8703743366412032, "br": 0.0}, "Planar_FE_76": {"avail": 1.0, "util": 0.9275639957798878, "br": 0.0}, "Planar_FE_77": {"avail": 1.0, "util": 0.9302015658837248, "br": 0.0}, "Planar_FE_78": {"avail": 1.0, "util": 0.42495418957188075, "br": 0.0}, "Planar_FE_79": {"avail": 1.0, "util": 0.26000888444666553, "br": 0.0}, "Planar_FE_80": {"avail": 1.0, "util": 0.2574268421344883, "br": 0.0}, "TF_BE_2": {"avail": 1.0, "util": 0.4245099672386029, "br": 0.0}, "TF_BE_23": {"avail": 1.0, "util": 0.6024329105288626, "br": 0.0}, "TF_BE_24": {"avail": 1.0, "util": 0.8665111888500194, "br": 0.0}, "TF_BE_26": {"avail": 1.0, "util": 0.6687639086439686, "br": 0.0}, "TF_BE_40": {"avail": 1.0, "util": 0.763219697340872, "br": 0.0}, "TF_FE_103": {"avail": 1.0, "util": 0.6265597360050134, "br": 0.0}, "TF_FE_104": {"avail": 1.0, "util": 0.6910766838802821, "br": 0.0}, "TF_FE_113": {"avail": 1.0, "util": 0.08734521628074851, "br": 0.0}, "TF_FE_131": {"avail": 1.0, "util": 0.8503248375812094, "br": 0.0}, "TF_FE_3": {"avail": 1.0, "util": 0.3580061820941381, "br": 0.0}, "TF_FE_5": {"avail": 1.0, "util": 0.3557850704277491, "br": 0.0}, "TF_Met_FE_45": {"avail": 1.0, "util": 0.07021489255372314, "br": 0.0}, "TF_Met_FE_61": {"avail": 1.0, "util": 0.9794547170859015, "br": 0.0}, "WE_BE_14": {"avail": 1.0, "util": 0.03920262091176634, "br": 0.0}, "WE_BE_16": {"avail": 1.0, "util": 0.035246265756010885, "br": 0.0}, "WE_BE_17": {"avail": 1.0, "util": 0.03284468876672775, "br": 0.0}, "WE_BE_7": {"avail": 1.0, "util": 0.025209617413515465, "br": 0.0}, "WE_BE_81": {"avail": 1.0, "util": 0.04112758435597016, "br": 0.0}, "WE_BE_82": {"avail": 1.0, "util": 0.046057218304428035, "br": 0.0}, "WE_BE_9": {"avail": 1.0, "util": 0.05130767949358654, "br": 0.0}, "WE_FE_108": {"avail": 1.0, "util": 0.047694543532831285, "br": 0.0}, "WE_FE_41": {"avail": 1.0, "util": 0.027430729079904494, "br": 0.0}, "WE_FE_47": {"avail": 1.0, "util": 0.035759897828863345, "br": 0.0}, "WE_FE_8": {"avail": 1.0, "util": 0.030762396579488035, "br": 0.0}, "WE_FE_83": {"avail": 1.0, "util": 0.04082218150184167, "br": 0.0}, "WE_FE_84": {"avail": 1.0, "util": 0.04216845825453286, "br": 0.0}, "WE_FE_85": {"avail": 1.0, "util": 0.029985007496251874, "br": 0.0}}, "plugins": {"cost": 428825.1310300926}}