{"lots": {}, "machines": {"DE_BE_11": {"avail": 1.0, "util": 0.63704526520411, "br": 0.0}, "DE_BE_12": {"avail": 1.0, "util": 0.9470517448856799, "br": 0.0}, "DE_BE_13": {"avail": 1.0, "util": 0.6339549555322952, "br": 0.0}, "DE_BE_48": {"avail": 1.0, "util": 0.7688436713707472, "br": 0.0}, "DE_BE_50": {"avail": 1.0, "util": 0.8703600851615292, "br": 0.0}, "DE_BE_65": {"avail": 1.0, "util": 0.6789612313078017, "br": 0.0}, "DE_BE_66": {"avail": 1.0, "util": 0.7084524451268983, "br": 0.0}, "DE_BE_67": {"avail": 1.0, "util": 0.6314660069172705, "br": 0.0}, "DE_BE_69": {"avail": 1.0, "util": 0.36736708938875, "br": 0.0}, "DE_FE_1": {"avail": 1.0, "util": 0.7481255206886975, "br": 0.0}, "DE_FE_51": {"avail": 1.0, "util": 0.4718318985467, "br": 0.0}, "DE_FE_53": {"avail": 1.0, "util": 0.17845043043599, "br": 0.0}, "DE_FE_54": {"avail": 1.0, "util": 0.5372890246536456, "br": 0.0}, "DE_FE_56": {"avail": 1.0, "util": 0.8069517726557438, "br": 0.0}, "DE_FE_58": {"avail": 1.0, "util": 0.7499768582801074, "br": 0.0}, "DE_FE_59": {"avail": 1.0, "util": 0.898315282791817, "br": 0.0}, "DE_FE_62": {"avail": 1.0, "util": 0.8852824106593484, "br": 0.0}, "DE_FE_70": {"avail": 1.0, "util": 0.8008297358477864, "br": 0.0}, "DE_FE_71": {"avail": 1.0, "util": 0.829676941590299, "br": 0.0}, "DE_FE_72": {"avail": 1.0, "util": 0.2614593589322831, "br": 0.0}, "DE_FE_86": {"avail": 1.0, "util": 0.7672445036454093, "br": 0.0}, "DefMEt_FE_118": {"avail": 1.0, "util": 0.4183097287790429, "br": 0.0}, "DefMet_BE_33": {"avail": 1.0, "util": 0.9038230121262613, "br": 0.0}, "DefMet_BE_42": {"avail": 1.0, "util": 0.9594557067481255, "br": 0.0}, "DefMet_FE_10": {"avail": 1.0, "util": 0.23835971489401092, "br": 0.0}, "DefMet_FE_106": {"avail": 1.0, "util": 0.17393316671295012, "br": 0.0}, "DefMet_FE_34": {"avail": 1.0, "util": 0.49375173562899194, "br": 0.0}, "DefMet_FE_43": {"avail": 1.0, "util": 0.832324354346015, "br": 0.0}, "Delay_32": {"avail": 1.0, "util": 0.1984918541145978, "br": 0.0}, "Dielectric_BE_20": {"avail": 1.0, "util": 0.8200314727390539, "br": 0.0}, "Dielectric_BE_21": {"avail": 1.0, "util": 0.8522324045789749, "br": 0.0}, "Dielectric_BE_27": {"avail": 1.0, "util": 0.9349177697553148, "br": 0.0}, "Dielectric_BE_28": {"avail": 1.0, "util": 0.915609861458237, "br": 0.0}, "Dielectric_BE_60": {"avail": 1.0, "util": 0.9352031843006572, "br": 0.0}, "Dielectric_FE_112": {"avail": 1.0, "util": 0.6472070515391815, "br": 0.0}, "Dielectric_FE_130": {"avail": 1.0, "util": 0.577223919281681, "br": 0.0}, "Dielectric_FE_29": {"avail": 1.0, "util": 0.7781789009225831, "br": 0.0}, "Dielectric_FE_30": {"avail": 1.0, "util": 0.9267795982597427, "br": 0.0}, "Dielectric_FE_31": {"avail": 1.0, "util": 0.3841062667777469, "br": 0.0}, "Diffusion_BE_123": {"avail": 1.0, "util": 0.0, "br": 0.0}, "Diffusion_FE_100": {"avail": 1.0, "util": 0.0, "br": 0.0}, "Diffusion_FE_101": {"avail": 1.0, "util": 0.0, "br": 0.0}, "Diffusion_FE_120": {"avail": 1.0, "util": 0.0, "br": 0.0}, "Diffusion_FE_122": {"avail": 1.0, "util": 0.0, "br": 0.0}, "Diffusion_FE_125": {"avail": 1.0, "util": 0.0, "br": 0.0}, "Diffusion_FE_126": {"avail": 1.0, "util": 0.0, "br": 0.0}, "Diffusion_FE_127": {"avail": 1.0, "util": 0.0, "br": 0.0}, "Diffusion_FE_44": {"avail": 1.0, "util": 0.0, "br": 0.0}, "Diffusion_FE_94": {"avail": 1.0, "util": 0.0, "br": 0.0}, "EPI_36": {"avail": 1.0, "util": 0.011941127464593169, "br": 0.0}, "EPI_38": {"avail": 1.0, "util": 0.40775710450800706, "br": 0.0}, "Implant_119": {"avail": 1.0, "util": 0.07567342404887531, "br": 0.0}, "Implant_128": {"avail": 1.0, "util": 0.0394334906970286, "br": 0.0}, "Implant_132": {"avail": 1.0, "util": 0.0394334906970286, "br": 0.0}, "Implant_74": {"avail": 1.0, "util": 0.022725168934555215, "br": 0.0}, "Implant_88": {"avail": 1.0, "util": 0.0, "br": 0.0}, "Implant_90": {"avail": 1.0, "util": 0.05947422012403962, "br": 0.0}, "Implant_91": {"avail": 1.0, "util": 0.050713426164689705, "br": 0.0}, "LithoMet_BE_18": {"avail": 1.0, "util": 0.9554837460974646, "br": 0.0}, "LithoMet_FE_19": {"avail": 1.0, "util": 0.968639663585512, "br": 0.0}, "LithoTrack_BE_117": {"avail": 1.0, "util": 0.0923817458113487, "br": 0.0}, "LithoTrack_FE_115": {"avail": 1.0, "util": 0.05859709249688998, "br": 0.0}, "LithoTrack_FE_95": {"avail": 1.0, "util": 0.09676015921503285, "br": 0.0}, "LithoTrack_FE_96": {"avail": 1.0, "util": 0.02036471350550773, "br": 0.0}, "Litho_BE_110": {"avail": 1.0, "util": 0.08564851148433003, "br": 0.0}, "Litho_BE_93": {"avail": 1.0, "util": 0.08692029991668981, "br": 0.0}, "Litho_BE_99": {"avail": 1.0, "util": 0.16007899040390014, "br": 0.0}, "Litho_FE_111": {"avail": 1.0, "util": 0.12545589188188466, "br": 0.0}, "Litho_FE_35": {"avail": 1.0, "util": 0.050356382486346385, "br": 0.0}, "Litho_FE_92": {"avail": 1.0, "util": 0.0926665669792579, "br": 0.0}, "Litho_FE_98": {"avail": 1.0, "util": 0.037975562343793394, "br": 0.0}, "Litho_REG_BE_63": {"avail": 1.0, "util": 0.9511478293066741, "br": 0.0}, "Litho_REG_FE_64": {"avail": 1.0, "util": 0.9571106791323397, "br": 0.0}, "Planar_BE_75": {"avail": 1.0, "util": 0.8269197709630923, "br": 0.0}, "Planar_FE_76": {"avail": 1.0, "util": 0.9224752383597149, "br": 0.0}, "Planar_FE_77": {"avail": 1.0, "util": 0.9638063500879386, "br": 0.0}, "Planar_FE_78": {"avail": 1.0, "util": 0.28718874386744425, "br": 0.0}, "Planar_FE_79": {"avail": 1.0, "util": 0.2125104137739517, "br": 0.0}, "Planar_FE_80": {"avail": 1.0, "util": 0.4303434231232065, "br": 0.0}, "TF_BE_2": {"avail": 1.0, "util": 0.7087383134314542, "br": 0.0}, "TF_BE_23": {"avail": 1.0, "util": 0.6604382380555666, "br": 0.0}, "TF_BE_24": {"avail": 1.0, "util": 0.9644774599648246, "br": 0.0}, "TF_BE_26": {"avail": 1.0, "util": 0.7695369519862716, "br": 0.0}, "TF_BE_40": {"avail": 1.0, "util": 0.8192549999727745, "br": 0.0}, "TF_FE_103": {"avail": 1.0, "util": 0.9082133269858901, "br": 0.0}, "TF_FE_104": {"avail": 1.0, "util": 0.6880311024715356, "br": 0.0}, "TF_FE_113": {"avail": 1.0, "util": 0.14937208800024684, "br": 0.0}, "TF_FE_131": {"avail": 1.0, "util": 0.953793699281064, "br": 0.0}, "TF_FE_3": {"avail": 1.0, "util": 0.6002345027615785, "br": 0.0}, "TF_FE_5": {"avail": 1.0, "util": 0.4735721558826252, "br": 0.0}, "TF_Met_FE_45": {"avail": 1.0, "util": 0.11848560585022679, "br": 0.0}, "TF_Met_FE_61": {"avail": 1.0, "util": 0.9786633342590021, "br": 0.0}, "WE_BE_14": {"avail": 1.0, "util": 0.04639452004072943, "br": 0.0}, "WE_BE_16": {"avail": 1.0, "util": 0.03790613718411552, "br": 0.0}, "WE_BE_17": {"avail": 1.0, "util": 0.04165509580672035, "br": 0.0}, "WE_BE_7": {"avail": 1.0, "util": 0.02286401925391095, "br": 0.0}, "WE_BE_81": {"avail": 1.0, "util": 0.04690055231571477, "br": 0.0}, "WE_BE_82": {"avail": 1.0, "util": 0.05065465354274018, "br": 0.0}, "WE_BE_9": {"avail": 1.0, "util": 0.05874294177543275, "br": 0.0}, "WE_FE_108": {"avail": 1.0, "util": 0.041220989061148405, "br": 0.0}, "WE_FE_41": {"avail": 1.0, "util": 0.03821160788669814, "br": 0.0}, "WE_FE_47": {"avail": 1.0, "util": 0.03787836712024437, "br": 0.0}, "WE_FE_8": {"avail": 1.0, "util": 0.021892067018420808, "br": 0.0}, "WE_FE_83": {"avail": 1.0, "util": 0.042441914283069516, "br": 0.0}, "WE_FE_84": {"avail": 1.0, "util": 0.0461636473528595, "br": 0.0}, "WE_FE_85": {"avail": 1.0, "util": 0.03383319448301398, "br": 0.0}}, "plugins": {"cost": 429200}}