{"lots": {}, "machines": {"DE_BE_11": {"avail": 1.0, "util": 0.5507822625439733, "br": 0.0}, "DE_BE_12": {"avail": 1.0, "util": 0.9443775843979509, "br": 0.0}, "DE_BE_13": {"avail": 1.0, "util": 0.8559503971927598, "br": 0.0}, "DE_BE_48": {"avail": 1.0, "util": 0.8763654878726161, "br": 0.0}, "DE_BE_50": {"avail": 1.0, "util": 0.7853278199510378, "br": 0.0}, "DE_BE_65": {"avail": 1.0, "util": 0.6387188646982584, "br": 0.0}, "DE_BE_66": {"avail": 1.0, "util": 0.657224782934934, "br": 0.0}, "DE_BE_67": {"avail": 1.0, "util": 0.835673949268654, "br": 0.0}, "DE_BE_69": {"avail": 1.0, "util": 0.9320264765784114, "br": 0.0}, "DE_FE_1": {"avail": 1.0, "util": 0.7535443171899384, "br": 0.0}, "DE_FE_51": {"avail": 1.0, "util": 0.5549727633284285, "br": 0.0}, "DE_FE_53": {"avail": 1.0, "util": 0.8154971301610813, "br": 0.0}, "DE_FE_54": {"avail": 1.0, "util": 0.8183391964451028, "br": 0.0}, "DE_FE_56": {"avail": 1.0, "util": 0.8079290872060729, "br": 0.0}, "DE_FE_58": {"avail": 1.0, "util": 0.735326791334938, "br": 0.0}, "DE_FE_59": {"avail": 1.0, "util": 0.8067765228661359, "br": 0.0}, "DE_FE_62": {"avail": 1.0, "util": 0.8436565979845001, "br": 0.0}, "DE_FE_70": {"avail": 1.0, "util": 0.7259517468275106, "br": 0.0}, "DE_FE_71": {"avail": 1.0, "util": 0.8509584865236596, "br": 0.0}, "DE_FE_72": {"avail": 1.0, "util": 0.7621685284618076, "br": 0.0}, "DE_FE_86": {"avail": 1.0, "util": 0.7878921598880865, "br": 0.0}, "DefMEt_FE_118": {"avail": 1.0, "util": 0.24773190149972227, "br": 0.0}, "DefMet_BE_33": {"avail": 1.0, "util": 0.9318644695426773, "br": 0.0}, "DefMet_BE_42": {"avail": 1.0, "util": 0.9619052027402333, "br": 0.0}, "DefMet_FE_10": {"avail": 1.0, "util": 0.794019625995186, "br": 0.0}, "DefMet_FE_106": {"avail": 1.0, "util": 0.25967413441955195, "br": 0.0}, "DefMet_FE_34": {"avail": 1.0, "util": 0.6381920014812071, "br": 0.0}, "DefMet_FE_43": {"avail": 1.0, "util": 0.967112571745973, "br": 0.0}, "Delay_32": {"avail": 1.0, "util": 0.4074495463803, "br": 0.0}, "Dielectric_BE_20": {"avail": 1.0, "util": 0.9189501944084428, "br": 0.0}, "Dielectric_BE_21": {"avail": 1.0, "util": 0.9620324939825958, "br": 0.0}, "Dielectric_BE_27": {"avail": 1.0, "util": 0.7656483367277664, "br": 0.0}, "Dielectric_BE_28": {"avail": 1.0, "util": 0.7067094056656175, "br": 0.0}, "Dielectric_BE_60": {"avail": 1.0, "util": 0.9133493797444917, "br": 0.0}, "Dielectric_FE_112": {"avail": 1.0, "util": 0.9196907980003703, "br": 0.0}, "Dielectric_FE_130": {"avail": 1.0, "util": 0.8944061284947232, "br": 0.0}, "Dielectric_FE_29": {"avail": 1.0, "util": 0.9039375424304141, "br": 0.0}, "Dielectric_FE_30": {"avail": 1.0, "util": 0.923856693204962, "br": 0.0}, "Dielectric_FE_31": {"avail": 1.0, "util": 0.9548694686169228, "br": 0.0}, "Diffusion_BE_123": {"avail": 1.0, "util": 0.0, "br": 0.0}, "Diffusion_FE_100": {"avail": 1.0, "util": 0.0, "br": 0.0}, "Diffusion_FE_101": {"avail": 1.0, "util": 0.0, "br": 0.0}, "Diffusion_FE_120": {"avail": 1.0, "util": 0.0, "br": 0.0}, "Diffusion_FE_122": {"avail": 1.0, "util": 0.0, "br": 0.0}, "Diffusion_FE_125": {"avail": 1.0, "util": 0.0, "br": 0.0}, "Diffusion_FE_126": {"avail": 1.0, "util": 0.0, "br": 0.0}, "Diffusion_FE_127": {"avail": 1.0, "util": 0.49182764508630095, "br": 0.0}, "Diffusion_FE_44": {"avail": 1.0, "util": 0.35551917994984095, "br": 0.0}, "Diffusion_FE_94": {"avail": 1.0, "util": 0.0, "br": 0.0}, "EPI_36": {"avail": 1.0, "util": 0.013053138307720792, "br": 0.0}, "EPI_38": {"avail": 1.0, "util": 0.029392705054619515, "br": 0.0}, "Implant_119": {"avail": 1.0, "util": 0.013816885761895945, "br": 0.0}, "Implant_128": {"avail": 1.0, "util": 0.045695241621921866, "br": 0.0}, "Implant_132": {"avail": 1.0, "util": 0.034270274023329016, "br": 0.0}, "Implant_74": {"avail": 1.0, "util": 0.00571653397518978, "br": 0.0}, "Implant_88": {"avail": 1.0, "util": 0.024995371227550453, "br": 0.0}, "Implant_90": {"avail": 1.0, "util": 0.04253841881133123, "br": 0.0}, "Implant_91": {"avail": 1.0, "util": 0.03662130469666111, "br": 0.0}, "LithoMet_BE_18": {"avail": 1.0, "util": 0.9699628273966359, "br": 0.0}, "LithoMet_FE_19": {"avail": 1.0, "util": 0.9678840338208974, "br": 0.0}, "LithoTrack_BE_117": {"avail": 1.0, "util": 0.07872616182188484, "br": 0.0}, "LithoTrack_FE_115": {"avail": 1.0, "util": 0.04139665494044313, "br": 0.0}, "LithoTrack_FE_95": {"avail": 1.0, "util": 0.045490442057215405, "br": 0.0}, "LithoTrack_FE_96": {"avail": 1.0, "util": 0.010113867802258841, "br": 0.0}, "Litho_BE_110": {"avail": 1.0, "util": 0.05149674663422117, "br": 0.0}, "Litho_BE_93": {"avail": 1.0, "util": 0.04573227180151824, "br": 0.0}, "Litho_BE_99": {"avail": 1.0, "util": 0.13917175831636117, "br": 0.0}, "Litho_FE_111": {"avail": 1.0, "util": 0.08548921916816751, "br": 0.0}, "Litho_FE_35": {"avail": 1.0, "util": 0.04735234215885947, "br": 0.0}, "Litho_FE_92": {"avail": 1.0, "util": 0.07740008864800571, "br": 0.0}, "Litho_FE_98": {"avail": 1.0, "util": 0.08763192001481207, "br": 0.0}, "Litho_REG_BE_63": {"avail": 1.0, "util": 0.9636352064432513, "br": 0.0}, "Litho_REG_FE_64": {"avail": 1.0, "util": 0.9672745787817071, "br": 0.0}, "Planar_BE_75": {"avail": 1.0, "util": 0.654756063691909, "br": 0.0}, "Planar_FE_76": {"avail": 1.0, "util": 0.7783280873912238, "br": 0.0}, "Planar_FE_77": {"avail": 1.0, "util": 0.9559340862803185, "br": 0.0}, "Planar_FE_78": {"avail": 1.0, "util": 0.6301610812812443, "br": 0.0}, "Planar_FE_79": {"avail": 1.0, "util": 0.9012590261062766, "br": 0.0}, "Planar_FE_80": {"avail": 1.0, "util": 0.8588918718755786, "br": 0.0}, "TF_BE_2": {"avail": 1.0, "util": 0.44311238659507496, "br": 0.0}, "TF_BE_23": {"avail": 1.0, "util": 0.6372601565012327, "br": 0.0}, "TF_BE_24": {"avail": 1.0, "util": 0.19332531012775414, "br": 0.0}, "TF_BE_26": {"avail": 1.0, "util": 0.6352403875825464, "br": 0.0}, "TF_BE_40": {"avail": 1.0, "util": 0.6306509596988212, "br": 0.0}, "TF_FE_103": {"avail": 1.0, "util": 0.7461002592112572, "br": 0.0}, "TF_FE_104": {"avail": 1.0, "util": 0.6931031290501759, "br": 0.0}, "TF_FE_113": {"avail": 1.0, "util": 0.21949638955748935, "br": 0.0}, "TF_FE_131": {"avail": 1.0, "util": 0.535070665926063, "br": 0.0}, "TF_FE_3": {"avail": 1.0, "util": 0.8943251249768561, "br": 0.0}, "TF_FE_5": {"avail": 1.0, "util": 0.40165015737826326, "br": 0.0}, "TF_Met_FE_45": {"avail": 1.0, "util": 0.07151453434549157, "br": 0.0}, "TF_Met_FE_61": {"avail": 1.0, "util": 0.9857896685798926, "br": 0.0}, "WE_BE_14": {"avail": 1.0, "util": 0.04114978707646732, "br": 0.0}, "WE_BE_16": {"avail": 1.0, "util": 0.0445030755621387, "br": 0.0}, "WE_BE_17": {"avail": 1.0, "util": 0.05061562673578967, "br": 0.0}, "WE_BE_7": {"avail": 1.0, "util": 0.01703388261433068, "br": 0.0}, "WE_BE_81": {"avail": 1.0, "util": 0.0418132444609023, "br": 0.0}, "WE_BE_82": {"avail": 1.0, "util": 0.052527309757452324, "br": 0.0}, "WE_BE_9": {"avail": 1.0, "util": 0.042637606792392944, "br": 0.0}, "WE_FE_108": {"avail": 1.0, "util": 0.041635146930462615, "br": 0.0}, "WE_FE_41": {"avail": 1.0, "util": 0.040927605998889095, "br": 0.0}, "WE_FE_47": {"avail": 1.0, "util": 0.03456921557736222, "br": 0.0}, "WE_FE_8": {"avail": 1.0, "util": 0.04779207554156638, "br": 0.0}, "WE_FE_83": {"avail": 1.0, "util": 0.03984711825852356, "br": 0.0}, "WE_FE_84": {"avail": 1.0, "util": 0.03757791766956737, "br": 0.0}, "WE_FE_85": {"avail": 1.0, "util": 0.02601370116645066, "br": 0.0}}, "plugins": {"cost": 447200.0}}