{"lots": {}, "machines": {"DE_BE_11": {"avail": 1.0, "util": 0.0, "br": 0.0}, "DE_BE_12": {"avail": 1.0, "util": 0.0, "br": 0.0}, "DE_BE_13": {"avail": 1.0, "util": 0.0, "br": 0.0}, "DE_BE_48": {"avail": 1.0, "util": 0.0, "br": 0.0}, "DE_BE_50": {"avail": 1.0, "util": 0.0, "br": 0.0}, "DE_BE_65": {"avail": 1.0, "util": 0.0, "br": 0.0}, "DE_BE_66": {"avail": 1.0, "util": 0.0, "br": 0.0}, "DE_BE_67": {"avail": 1.0, "util": 0.0, "br": 0.0}, "DE_BE_69": {"avail": 1.0, "util": 0.0, "br": 0.0}, "DE_FE_1": {"avail": 1.0, "util": 0.0, "br": 0.0}, "DE_FE_51": {"avail": 1.0, "util": 0.0, "br": 0.0}, "DE_FE_53": {"avail": 1.0, "util": 0.0, "br": 0.0}, "DE_FE_54": {"avail": 1.0, "util": 0.0, "br": 0.0}, "DE_FE_56": {"avail": 1.0, "util": 0.0, "br": 0.0}, "DE_FE_58": {"avail": 1.0, "util": 0.0, "br": 0.0}, "DE_FE_59": {"avail": 1.0, "util": 0.0, "br": 0.0}, "DE_FE_62": {"avail": 1.0, "util": 0.0, "br": 0.0}, "DE_FE_70": {"avail": 1.0, "util": 0.0, "br": 0.0}, "DE_FE_71": {"avail": 1.0, "util": 0.0, "br": 0.0}, "DE_FE_72": {"avail": 1.0, "util": 0.0, "br": 0.0}, "DE_FE_86": {"avail": 1.0, "util": 0.0, "br": 0.0}, "DefMEt_FE_118": {"avail": 1.0, "util": 0.7463204665370731, "br": 0.0}, "DefMet_BE_33": {"avail": 1.0, "util": 0.5827547903360177, "br": 0.0}, "DefMet_BE_42": {"avail": 1.0, "util": 0.7739516800888642, "br": 0.0}, "DefMet_FE_10": {"avail": 1.0, "util": 0.6324632046653708, "br": 0.0}, "DefMet_FE_106": {"avail": 1.0, "util": 0.7800610941405165, "br": 0.0}, "DefMet_FE_34": {"avail": 1.0, "util": 0.7413218550402666, "br": 0.0}, "DefMet_FE_43": {"avail": 1.0, "util": 0.7656669443673053, "br": 0.0}, "Delay_32": {"avail": 1.0, "util": 0.0, "br": 0.0}, "Dielectric_BE_20": {"avail": 1.0, "util": 0.8923076923076922, "br": 0.0}, "Dielectric_BE_21": {"avail": 1.0, "util": 0.6328103304637601, "br": 0.0}, "Dielectric_BE_27": {"avail": 1.0, "util": 0.7408867907062853, "br": 0.0}, "Dielectric_BE_28": {"avail": 1.0, "util": 0.7618022771452374, "br": 0.0}, "Dielectric_BE_60": {"avail": 1.0, "util": 0.8664259927797834, "br": 0.0}, "Dielectric_FE_112": {"avail": 1.0, "util": 0.6124132185504028, "br": 0.0}, "Dielectric_FE_130": {"avail": 1.0, "util": 0.8931546792557623, "br": 0.0}, "Dielectric_FE_29": {"avail": 1.0, "util": 0.7693233361103398, "br": 0.0}, "Dielectric_FE_30": {"avail": 1.0, "util": 0.5580394334906971, "br": 0.0}, "Dielectric_FE_31": {"avail": 1.0, "util": 0.6169813940572063, "br": 0.0}, "Diffusion_BE_123": {"avail": 1.0, "util": 0.0, "br": 0.0}, "Diffusion_FE_100": {"avail": 1.0, "util": 0.0, "br": 0.0}, "Diffusion_FE_101": {"avail": 1.0, "util": 0.0, "br": 0.0}, "Diffusion_FE_120": {"avail": 1.0, "util": 0.0, "br": 0.0}, "Diffusion_FE_122": {"avail": 1.0, "util": 0.0, "br": 0.0}, "Diffusion_FE_125": {"avail": 1.0, "util": 0.0, "br": 0.0}, "Diffusion_FE_126": {"avail": 1.0, "util": 0.0, "br": 0.0}, "Diffusion_FE_127": {"avail": 1.0, "util": 0.0, "br": 0.0}, "Diffusion_FE_44": {"avail": 1.0, "util": 0.0, "br": 0.0}, "Diffusion_FE_94": {"avail": 1.0, "util": 0.0, "br": 0.0}, "EPI_36": {"avail": 1.0, "util": 0.01444043321299639, "br": 0.0}, "EPI_38": {"avail": 1.0, "util": 0.03526798111635657, "br": 0.0}, "Implant_119": {"avail": 1.0, "util": 0.0466537073035268, "br": 0.0}, "Implant_128": {"avail": 1.0, "util": 0.11871702304915302, "br": 0.0}, "Implant_132": {"avail": 1.0, "util": 0.05290197167453485, "br": 0.0}, "Implant_74": {"avail": 1.0, "util": 0.0, "br": 0.0}, "Implant_88": {"avail": 1.0, "util": 0.007220216606498195, "br": 0.0}, "Implant_90": {"avail": 1.0, "util": 0.07720077756178839, "br": 0.0}, "Implant_91": {"avail": 1.0, "util": 0.06766638896602795, "br": 0.0}, "LithoMet_BE_18": {"avail": 1.0, "util": 0.8322047294554932, "br": 0.0}, "LithoMet_FE_19": {"avail": 1.0, "util": 0.7999475454349101, "br": 0.0}, "LithoTrack_BE_117": {"avail": 1.0, "util": 0.2630380449875035, "br": 0.0}, "LithoTrack_FE_115": {"avail": 1.0, "util": 0.12895655346281806, "br": 0.0}, "LithoTrack_FE_95": {"avail": 1.0, "util": 0.15089345929985434, "br": 0.0}, "LithoTrack_FE_96": {"avail": 1.0, "util": 0.0, "br": 0.0}, "Litho_BE_110": {"avail": 1.0, "util": 0.20435791645177925, "br": 0.0}, "Litho_BE_93": {"avail": 1.0, "util": 0.20614644080348052, "br": 0.0}, "Litho_BE_99": {"avail": 1.0, "util": 0.613625844672776, "br": 0.0}, "Litho_FE_111": {"avail": 1.0, "util": 0.3120345358612507, "br": 0.0}, "Litho_FE_35": {"avail": 1.0, "util": 0.15176339905581782, "br": 0.0}, "Litho_FE_92": {"avail": 1.0, "util": 0.33253389210067913, "br": 0.0}, "Litho_FE_98": {"avail": 1.0, "util": 0.3761177450708137, "br": 0.0}, "Litho_REG_BE_63": {"avail": 1.0, "util": 0.7998819772285476, "br": 0.0}, "Litho_REG_FE_64": {"avail": 1.0, "util": 0.83268536517634, "br": 0.0}, "Planar_BE_75": {"avail": 1.0, "util": 0.21798111635656764, "br": 0.0}, "Planar_FE_76": {"avail": 1.0, "util": 0.9324261779135425, "br": 0.0}, "Planar_FE_77": {"avail": 1.0, "util": 0.721188558733685, "br": 0.0}, "Planar_FE_78": {"avail": 1.0, "util": 0.0, "br": 0.0}, "Planar_FE_79": {"avail": 1.0, "util": 0.0, "br": 0.0}, "Planar_FE_80": {"avail": 1.0, "util": 0.6513468480977507, "br": 0.0}, "TF_BE_2": {"avail": 1.0, "util": 0.0, "br": 0.0}, "TF_BE_23": {"avail": 1.0, "util": 0.052441573247197414, "br": 0.0}, "TF_BE_24": {"avail": 1.0, "util": 0.0, "br": 0.0}, "TF_BE_26": {"avail": 1.0, "util": 0.13268536517633991, "br": 0.0}, "TF_BE_40": {"avail": 1.0, "util": 0.0, "br": 0.0}, "TF_FE_103": {"avail": 1.0, "util": 0.0, "br": 0.0}, "TF_FE_104": {"avail": 1.0, "util": 0.0, "br": 0.0}, "TF_FE_113": {"avail": 1.0, "util": 0.0, "br": 0.0}, "TF_FE_131": {"avail": 1.0, "util": 0.0, "br": 0.0}, "TF_FE_3": {"avail": 1.0, "util": 0.0, "br": 0.0}, "TF_FE_5": {"avail": 1.0, "util": 0.0, "br": 0.0}, "TF_Met_FE_45": {"avail": 1.0, "util": 0.21216328797556233, "br": 0.0}, "TF_Met_FE_61": {"avail": 1.0, "util": 0.937239655651208, "br": 0.0}, "WE_BE_14": {"avail": 1.0, "util": 0.021660649819494584, "br": 0.0}, "WE_BE_16": {"avail": 1.0, "util": 0.025239902496220185, "br": 0.0}, "WE_BE_17": {"avail": 1.0, "util": 0.04207164676478756, "br": 0.0}, "WE_BE_7": {"avail": 1.0, "util": 0.011108025548458762, "br": 0.0}, "WE_BE_81": {"avail": 1.0, "util": 0.02258631861519948, "br": 0.0}, "WE_BE_82": {"avail": 1.0, "util": 0.1492640933074146, "br": 0.0}, "WE_BE_9": {"avail": 1.0, "util": 0.08168365930098782, "br": 0.0}, "WE_FE_108": {"avail": 1.0, "util": 0.040131709445788866, "br": 0.0}, "WE_FE_41": {"avail": 1.0, "util": 0.03726742571507914, "br": 0.0}, "WE_FE_47": {"avail": 1.0, "util": 0.03883180597982042, "br": 0.0}, "WE_FE_8": {"avail": 1.0, "util": 0.0860871980005554, "br": 0.0}, "WE_FE_83": {"avail": 1.0, "util": 0.061649541793946126, "br": 0.0}, "WE_FE_84": {"avail": 1.0, "util": 0.05446018081397143, "br": 0.0}, "WE_FE_85": {"avail": 1.0, "util": 0.03804498750347126, "br": 0.0}}, "plugins": {"cost": 448800}}