{"lots": {}, "machines": {"DE_BE_11": {"avail": 1.0, "util": 0.6543164211002198, "br": 0.0}, "DE_BE_12": {"avail": 1.0, "util": 0.9469206584057703, "br": 0.0}, "DE_BE_13": {"avail": 1.0, "util": 0.6334950420395214, "br": 0.0}, "DE_BE_48": {"avail": 1.0, "util": 0.7662962153437463, "br": 0.0}, "DE_BE_50": {"avail": 1.0, "util": 0.7673108932864806, "br": 0.0}, "DE_BE_65": {"avail": 1.0, "util": 0.6453250836457791, "br": 0.0}, "DE_BE_66": {"avail": 1.0, "util": 0.7306868003350776, "br": 0.0}, "DE_BE_67": {"avail": 1.0, "util": 0.5558955562654471, "br": 0.0}, "DE_BE_69": {"avail": 1.0, "util": 0.37069231243449846, "br": 0.0}, "DE_FE_1": {"avail": 1.0, "util": 0.747937858331792, "br": 0.0}, "DE_FE_51": {"avail": 1.0, "util": 0.4855372665063806, "br": 0.0}, "DE_FE_53": {"avail": 1.0, "util": 0.18169040133160716, "br": 0.0}, "DE_FE_54": {"avail": 1.0, "util": 0.542167560569632, "br": 0.0}, "DE_FE_56": {"avail": 1.0, "util": 0.8027094507120399, "br": 0.0}, "DE_FE_58": {"avail": 1.0, "util": 0.9760958017384872, "br": 0.0}, "DE_FE_59": {"avail": 1.0, "util": 0.6891529498797855, "br": 0.0}, "DE_FE_62": {"avail": 1.0, "util": 0.8618185576431423, "br": 0.0}, "DE_FE_70": {"avail": 1.0, "util": 0.7323503202918775, "br": 0.0}, "DE_FE_71": {"avail": 1.0, "util": 0.7389289604011261, "br": 0.0}, "DE_FE_72": {"avail": 1.0, "util": 0.31571868117087276, "br": 0.0}, "DE_FE_86": {"avail": 1.0, "util": 0.773332121261516, "br": 0.0}, "DefMEt_FE_118": {"avail": 1.0, "util": 0.41621971518402073, "br": 0.0}, "DefMet_BE_33": {"avail": 1.0, "util": 0.8769188089513593, "br": 0.0}, "DefMet_BE_42": {"avail": 1.0, "util": 0.9437765859071574, "br": 0.0}, "DefMet_FE_10": {"avail": 1.0, "util": 0.310939522840762, "br": 0.0}, "DefMet_FE_106": {"avail": 1.0, "util": 0.17116700573330867, "br": 0.0}, "DefMet_FE_34": {"avail": 1.0, "util": 0.701081930830405, "br": 0.0}, "DefMet_FE_43": {"avail": 1.0, "util": 0.7708156093952284, "br": 0.0}, "Delay_32": {"avail": 1.0, "util": 0.1950663491769928, "br": 0.0}, "Dielectric_BE_20": {"avail": 1.0, "util": 0.8400591825411503, "br": 0.0}, "Dielectric_BE_21": {"avail": 1.0, "util": 0.8431200295912705, "br": 0.0}, "Dielectric_BE_27": {"avail": 1.0, "util": 0.8655600764441156, "br": 0.0}, "Dielectric_BE_28": {"avail": 1.0, "util": 0.9486159916158067, "br": 0.0}, "Dielectric_BE_60": {"avail": 1.0, "util": 0.8577153073176746, "br": 0.0}, "Dielectric_FE_112": {"avail": 1.0, "util": 0.6432813431148922, "br": 0.0}, "Dielectric_FE_130": {"avail": 1.0, "util": 0.5795034214906603, "br": 0.0}, "Dielectric_FE_29": {"avail": 1.0, "util": 0.7724246347327538, "br": 0.0}, "Dielectric_FE_30": {"avail": 1.0, "util": 0.9183928241168855, "br": 0.0}, "Dielectric_FE_31": {"avail": 1.0, "util": 0.3884547808396523, "br": 0.0}, "Diffusion_BE_123": {"avail": 1.0, "util": 0.0, "br": 0.0}, "Diffusion_FE_100": {"avail": 1.0, "util": 0.0, "br": 0.0}, "Diffusion_FE_101": {"avail": 1.0, "util": 0.0, "br": 0.0}, "Diffusion_FE_120": {"avail": 1.0, "util": 0.0, "br": 0.0}, "Diffusion_FE_122": {"avail": 1.0, "util": 0.0, "br": 0.0}, "Diffusion_FE_125": {"avail": 1.0, "util": 0.0, "br": 0.0}, "Diffusion_FE_126": {"avail": 1.0, "util": 0.0, "br": 0.0}, "Diffusion_FE_127": {"avail": 1.0, "util": 0.0, "br": 0.0}, "Diffusion_FE_44": {"avail": 1.0, "util": 0.0, "br": 0.0}, "Diffusion_FE_94": {"avail": 1.0, "util": 0.0, "br": 0.0}, "EPI_36": {"avail": 1.0, "util": 0.011928980950619568, "br": 0.0}, "EPI_38": {"avail": 1.0, "util": 0.40623266136489733, "br": 0.0}, "Implant_119": {"avail": 1.0, "util": 0.05340299611614574, "br": 0.0}, "Implant_128": {"avail": 1.0, "util": 0.037897002202532074, "br": 0.0}, "Implant_132": {"avail": 1.0, "util": 0.040014267219741606, "br": 0.0}, "Implant_74": {"avail": 1.0, "util": 0.022655816534122433, "br": 0.0}, "Implant_88": {"avail": 1.0, "util": 0.0, "br": 0.0}, "Implant_90": {"avail": 1.0, "util": 0.056223414092842615, "br": 0.0}, "Implant_91": {"avail": 1.0, "util": 0.05082036513514227, "br": 0.0}, "LithoMet_BE_18": {"avail": 1.0, "util": 0.917800158044286, "br": 0.0}, "LithoMet_FE_19": {"avail": 1.0, "util": 0.9476736505587994, "br": 0.0}, "LithoTrack_BE_117": {"avail": 1.0, "util": 0.09617162936933604, "br": 0.0}, "LithoTrack_FE_115": {"avail": 1.0, "util": 0.05725414661211528, "br": 0.0}, "LithoTrack_FE_95": {"avail": 1.0, "util": 0.09819678194932496, "br": 0.0}, "LithoTrack_FE_96": {"avail": 1.0, "util": 0.020112816719067873, "br": 0.0}, "Litho_BE_110": {"avail": 1.0, "util": 0.08717363160476355, "br": 0.0}, "Litho_BE_93": {"avail": 1.0, "util": 0.09228777510634363, "br": 0.0}, "Litho_BE_99": {"avail": 1.0, "util": 0.16494050921644782, "br": 0.0}, "Litho_FE_111": {"avail": 1.0, "util": 0.12338172739041983, "br": 0.0}, "Litho_FE_35": {"avail": 1.0, "util": 0.07832439430368042, "br": 0.0}, "Litho_FE_92": {"avail": 1.0, "util": 0.09258653312657382, "br": 0.0}, "Litho_FE_98": {"avail": 1.0, "util": 0.040503051599778066, "br": 0.0}, "Litho_REG_BE_63": {"avail": 1.0, "util": 0.8867555945995931, "br": 0.0}, "Litho_REG_FE_64": {"avail": 1.0, "util": 0.9392145983601504, "br": 0.0}, "Planar_BE_75": {"avail": 1.0, "util": 0.7798488731538481, "br": 0.0}, "Planar_FE_76": {"avail": 1.0, "util": 0.9310153504716109, "br": 0.0}, "Planar_FE_77": {"avail": 1.0, "util": 0.9457647493989273, "br": 0.0}, "Planar_FE_78": {"avail": 1.0, "util": 0.28278157943406695, "br": 0.0}, "Planar_FE_79": {"avail": 1.0, "util": 0.3195857222119475, "br": 0.0}, "Planar_FE_80": {"avail": 1.0, "util": 0.429674496023673, "br": 0.0}, "TF_BE_2": {"avail": 1.0, "util": 0.6185269095616793, "br": 0.0}, "TF_BE_23": {"avail": 1.0, "util": 0.6395545456947344, "br": 0.0}, "TF_BE_24": {"avail": 1.0, "util": 0.9614157573515812, "br": 0.0}, "TF_BE_26": {"avail": 1.0, "util": 0.7822623095417621, "br": 0.0}, "TF_BE_40": {"avail": 1.0, "util": 0.8208640215842208, "br": 0.0}, "TF_FE_103": {"avail": 1.0, "util": 0.9693915294987978, "br": 0.0}, "TF_FE_104": {"avail": 1.0, "util": 0.7616053264287035, "br": 0.0}, "TF_FE_113": {"avail": 1.0, "util": 0.14545958942112078, "br": 0.0}, "TF_FE_131": {"avail": 1.0, "util": 0.940601689168362, "br": 0.0}, "TF_FE_3": {"avail": 1.0, "util": 0.5945687688798471, "br": 0.0}, "TF_FE_5": {"avail": 1.0, "util": 0.4768509956229579, "br": 0.0}, "TF_Met_FE_45": {"avail": 1.0, "util": 0.11891991862400592, "br": 0.0}, "TF_Met_FE_61": {"avail": 1.0, "util": 0.9747087109302756, "br": 0.0}, "WE_BE_14": {"avail": 1.0, "util": 0.04503421490660255, "br": 0.0}, "WE_BE_16": {"avail": 1.0, "util": 0.0377635472535602, "br": 0.0}, "WE_BE_17": {"avail": 1.0, "util": 0.04156648788607361, "br": 0.0}, "WE_BE_7": {"avail": 1.0, "util": 0.022933234695764748, "br": 0.0}, "WE_BE_81": {"avail": 1.0, "util": 0.05274027495222243, "br": 0.0}, "WE_BE_82": {"avail": 1.0, "util": 0.05251423052421758, "br": 0.0}, "WE_BE_9": {"avail": 1.0, "util": 0.05405955243203255, "br": 0.0}, "WE_FE_108": {"avail": 1.0, "util": 0.039294528803658094, "br": 0.0}, "WE_FE_41": {"avail": 1.0, "util": 0.036989088218975404, "br": 0.0}, "WE_FE_47": {"avail": 1.0, "util": 0.03891252080636212, "br": 0.0}, "WE_FE_8": {"avail": 1.0, "util": 0.021823562049195486, "br": 0.0}, "WE_FE_83": {"avail": 1.0, "util": 0.04118118488379261, "br": 0.0}, "WE_FE_84": {"avail": 1.0, "util": 0.04266800117494751, "br": 0.0}, "WE_FE_85": {"avail": 1.0, "util": 0.033983724801183654, "br": 0.0}}, "plugins": {"cost": 429200}}