{"lots": {}, "machines": {"DE_BE_11": {"avail": 1.0, "util": 0.6361738744240271, "br": 0.0}, "DE_BE_12": {"avail": 1.0, "util": 0.5696318091255081, "br": 0.0}, "DE_BE_13": {"avail": 1.0, "util": 0.9031175896772966, "br": 0.0}, "DE_BE_48": {"avail": 1.0, "util": 0.8596236051740409, "br": 0.0}, "DE_BE_50": {"avail": 1.0, "util": 0.8317573110778019, "br": 0.0}, "DE_BE_65": {"avail": 1.0, "util": 0.7193236257474177, "br": 0.0}, "DE_BE_66": {"avail": 1.0, "util": 0.6801053040640239, "br": 0.0}, "DE_BE_67": {"avail": 1.0, "util": 0.7901682118469994, "br": 0.0}, "DE_BE_69": {"avail": 1.0, "util": 0.8851385110753345, "br": 0.0}, "DE_FE_1": {"avail": 1.0, "util": 0.9032286205994083, "br": 0.0}, "DE_FE_51": {"avail": 1.0, "util": 0.5423422265206124, "br": 0.0}, "DE_FE_53": {"avail": 1.0, "util": 0.5521678787542331, "br": 0.0}, "DE_FE_54": {"avail": 1.0, "util": 0.982368289568645, "br": 0.0}, "DE_FE_56": {"avail": 1.0, "util": 0.8400599566979404, "br": 0.0}, "DE_FE_58": {"avail": 1.0, "util": 0.6850052739688003, "br": 0.0}, "DE_FE_59": {"avail": 1.0, "util": 0.7859397842299081, "br": 0.0}, "DE_FE_62": {"avail": 1.0, "util": 0.950642789731226, "br": 0.0}, "DE_FE_70": {"avail": 1.0, "util": 0.9140834183858667, "br": 0.0}, "DE_FE_71": {"avail": 1.0, "util": 0.7165876232244965, "br": 0.0}, "DE_FE_72": {"avail": 1.0, "util": 0.8370867953391686, "br": 0.0}, "DE_FE_86": {"avail": 1.0, "util": 0.7793646975127018, "br": 0.0}, "DefMEt_FE_118": {"avail": 1.0, "util": 0.29573086104480095, "br": 0.0}, "DefMet_BE_33": {"avail": 1.0, "util": 0.9213623494143118, "br": 0.0}, "DefMet_BE_42": {"avail": 1.0, "util": 0.9900072170099372, "br": 0.0}, "DefMet_FE_10": {"avail": 1.0, "util": 0.6570532393271526, "br": 0.0}, "DefMet_FE_106": {"avail": 1.0, "util": 0.36101704324654416, "br": 0.0}, "DefMet_FE_34": {"avail": 1.0, "util": 0.5615666463109976, "br": 0.0}, "DefMet_FE_43": {"avail": 1.0, "util": 0.9438831214493237, "br": 0.0}, "Delay_32": {"avail": 1.0, "util": 0.45438572142341643, "br": 0.0}, "Dielectric_BE_20": {"avail": 1.0, "util": 0.9463609615277855, "br": 0.0}, "Dielectric_BE_21": {"avail": 1.0, "util": 0.939189751845889, "br": 0.0}, "Dielectric_BE_27": {"avail": 1.0, "util": 0.8444641832750421, "br": 0.0}, "Dielectric_BE_28": {"avail": 1.0, "util": 0.7784933103869428, "br": 0.0}, "Dielectric_BE_60": {"avail": 1.0, "util": 0.9278715372231167, "br": 0.0}, "Dielectric_FE_112": {"avail": 1.0, "util": 0.8944540054405151, "br": 0.0}, "Dielectric_FE_130": {"avail": 1.0, "util": 0.851801476711264, "br": 0.0}, "Dielectric_FE_29": {"avail": 1.0, "util": 0.933566498269768, "br": 0.0}, "Dielectric_FE_30": {"avail": 1.0, "util": 0.8920779437073225, "br": 0.0}, "Dielectric_FE_31": {"avail": 1.0, "util": 0.9695358907455727, "br": 0.0}, "Diffusion_BE_123": {"avail": 1.0, "util": 0.0, "br": 0.0}, "Diffusion_FE_100": {"avail": 1.0, "util": 0.0, "br": 0.0}, "Diffusion_FE_101": {"avail": 1.0, "util": 0.0, "br": 0.0}, "Diffusion_FE_120": {"avail": 1.0, "util": 0.0, "br": 0.0}, "Diffusion_FE_122": {"avail": 1.0, "util": 0.0, "br": 0.0}, "Diffusion_FE_125": {"avail": 1.0, "util": 0.0, "br": 0.0}, "Diffusion_FE_126": {"avail": 1.0, "util": 0.0, "br": 0.0}, "Diffusion_FE_127": {"avail": 1.0, "util": 0.0, "br": 0.0}, "Diffusion_FE_44": {"avail": 1.0, "util": 0.0, "br": 0.0}, "Diffusion_FE_94": {"avail": 1.0, "util": 0.0, "br": 0.0}, "EPI_36": {"avail": 1.0, "util": 0.010048298451118636, "br": 0.0}, "EPI_38": {"avail": 1.0, "util": 0.035529895075778604, "br": 0.0}, "Implant_119": {"avail": 1.0, "util": 0.018347859878976296, "br": 0.0}, "Implant_128": {"avail": 1.0, "util": 0.05006939432631988, "br": 0.0}, "Implant_132": {"avail": 1.0, "util": 0.045571254094265254, "br": 0.0}, "Implant_74": {"avail": 1.0, "util": 0.0067728862488202965, "br": 0.0}, "Implant_88": {"avail": 1.0, "util": 0.02126242158441126, "br": 0.0}, "Implant_90": {"avail": 1.0, "util": 0.04266363182146228, "br": 0.0}, "Implant_91": {"avail": 1.0, "util": 0.04108144118136901, "br": 0.0}, "LithoMet_BE_18": {"avail": 1.0, "util": 0.9795105244502902, "br": 0.0}, "LithoMet_FE_19": {"avail": 1.0, "util": 0.9653429313397115, "br": 0.0}, "LithoTrack_BE_117": {"avail": 1.0, "util": 0.10318103591850329, "br": 0.0}, "LithoTrack_FE_115": {"avail": 1.0, "util": 0.04697369982245938, "br": 0.0}, "LithoTrack_FE_95": {"avail": 1.0, "util": 0.05478243037624754, "br": 0.0}, "LithoTrack_FE_96": {"avail": 1.0, "util": 0.0030255926275467716, "br": 0.0}, "Litho_BE_110": {"avail": 1.0, "util": 0.06000626531631916, "br": 0.0}, "Litho_BE_93": {"avail": 1.0, "util": 0.05279520346416477, "br": 0.0}, "Litho_BE_99": {"avail": 1.0, "util": 0.17933344436425544, "br": 0.0}, "Litho_FE_111": {"avail": 1.0, "util": 0.09900425450306091, "br": 0.0}, "Litho_FE_35": {"avail": 1.0, "util": 0.050546827291400656, "br": 0.0}, "Litho_FE_92": {"avail": 1.0, "util": 0.09058104500285148, "br": 0.0}, "Litho_FE_98": {"avail": 1.0, "util": 0.09558652084605562, "br": 0.0}, "Litho_REG_BE_63": {"avail": 1.0, "util": 0.9647823793926609, "br": 0.0}, "Litho_REG_FE_64": {"avail": 1.0, "util": 0.9773219341586632, "br": 0.0}, "Planar_BE_75": {"avail": 1.0, "util": 0.7734247487925388, "br": 0.0}, "Planar_FE_76": {"avail": 1.0, "util": 0.6180721330890654, "br": 0.0}, "Planar_FE_77": {"avail": 1.0, "util": 0.8574918114694943, "br": 0.0}, "Planar_FE_78": {"avail": 1.0, "util": 0.672486537500694, "br": 0.0}, "Planar_FE_79": {"avail": 1.0, "util": 0.9615721978571031, "br": 0.0}, "Planar_FE_80": {"avail": 1.0, "util": 0.9058735357797146, "br": 0.0}, "TF_BE_2": {"avail": 1.0, "util": 0.26496141675456614, "br": 0.0}, "TF_BE_23": {"avail": 1.0, "util": 0.7864524743825366, "br": 0.0}, "TF_BE_24": {"avail": 1.0, "util": 0.22850163770610116, "br": 0.0}, "TF_BE_26": {"avail": 1.0, "util": 0.6683691408057144, "br": 0.0}, "TF_BE_40": {"avail": 1.0, "util": 0.6793126260663596, "br": 0.0}, "TF_FE_103": {"avail": 1.0, "util": 0.7431160828290679, "br": 0.0}, "TF_FE_104": {"avail": 1.0, "util": 0.7006717370787765, "br": 0.0}, "TF_FE_113": {"avail": 1.0, "util": 0.39493698995170157, "br": 0.0}, "TF_FE_131": {"avail": 1.0, "util": 0.3661429708173726, "br": 0.0}, "TF_FE_3": {"avail": 1.0, "util": 0.798617665019708, "br": 0.0}, "TF_FE_5": {"avail": 1.0, "util": 0.644659412646422, "br": 0.0}, "TF_Met_FE_45": {"avail": 1.0, "util": 0.08479986676289347, "br": 0.0}, "TF_Met_FE_61": {"avail": 1.0, "util": 0.9854549492033531, "br": 0.0}, "WE_BE_14": {"avail": 1.0, "util": 0.04148115250097152, "br": 0.0}, "WE_BE_16": {"avail": 1.0, "util": 0.04442470561384679, "br": 0.0}, "WE_BE_17": {"avail": 1.0, "util": 0.04152556486981624, "br": 0.0}, "WE_BE_7": {"avail": 1.0, "util": 0.018264586687392437, "br": 0.0}, "WE_BE_81": {"avail": 1.0, "util": 0.055904069283295395, "br": 0.0}, "WE_BE_82": {"avail": 1.0, "util": 0.06349303280963749, "br": 0.0}, "WE_BE_9": {"avail": 1.0, "util": 0.05101870871037584, "br": 0.0}, "WE_FE_108": {"avail": 1.0, "util": 0.043798526461047975, "br": 0.0}, "WE_FE_41": {"avail": 1.0, "util": 0.038183534114250815, "br": 0.0}, "WE_FE_47": {"avail": 1.0, "util": 0.04024870926553045, "br": 0.0}, "WE_FE_8": {"avail": 1.0, "util": 0.05468272914006551, "br": 0.0}, "WE_FE_83": {"avail": 1.0, "util": 0.043032413098476496, "br": 0.0}, "WE_FE_84": {"avail": 1.0, "util": 0.04114312502698668, "br": 0.0}, "WE_FE_85": {"avail": 1.0, "util": 0.02703602953422528, "br": 0.0}}, "plugins": {"cost": 447800.0}}