{"lots": {}, "machines": {"DE_BE_11": {"avail": 1.0, "util": 0.8468376780083116, "br": 0.0}, "DE_BE_12": {"avail": 1.0, "util": 0.7122733626099111, "br": 0.0}, "DE_BE_13": {"avail": 1.0, "util": 0.8599467287275212, "br": 0.0}, "DE_BE_48": {"avail": 1.0, "util": 0.6820736684729468, "br": 0.0}, "DE_BE_50": {"avail": 1.0, "util": 0.7764277288182638, "br": 0.0}, "DE_BE_65": {"avail": 1.0, "util": 0.7709388661439178, "br": 0.0}, "DE_BE_66": {"avail": 1.0, "util": 0.6360664035234522, "br": 0.0}, "DE_BE_67": {"avail": 1.0, "util": 0.7569533374127088, "br": 0.0}, "DE_BE_69": {"avail": 1.0, "util": 0.36585478685263567, "br": 0.0}, "DE_FE_1": {"avail": 1.0, "util": 0.5602248282561931, "br": 0.0}, "DE_FE_51": {"avail": 1.0, "util": 0.27406495038512246, "br": 0.0}, "DE_FE_53": {"avail": 1.0, "util": 0.13524391090139476, "br": 0.0}, "DE_FE_54": {"avail": 1.0, "util": 0.8077625887632133, "br": 0.0}, "DE_FE_56": {"avail": 1.0, "util": 0.8993477204912914, "br": 0.0}, "DE_FE_58": {"avail": 1.0, "util": 0.7364513219068767, "br": 0.0}, "DE_FE_59": {"avail": 1.0, "util": 0.8098587884255083, "br": 0.0}, "DE_FE_62": {"avail": 1.0, "util": 0.6566062689040643, "br": 0.0}, "DE_FE_70": {"avail": 1.0, "util": 0.8147564045142285, "br": 0.0}, "DE_FE_71": {"avail": 1.0, "util": 0.6588100139553891, "br": 0.0}, "DE_FE_72": {"avail": 1.0, "util": 0.5832350287974464, "br": 0.0}, "DE_FE_86": {"avail": 1.0, "util": 0.6725088768113812, "br": 0.0}, "DefMEt_FE_118": {"avail": 1.0, "util": 0.31135937825272364, "br": 0.0}, "DefMet_BE_33": {"avail": 1.0, "util": 0.8847061272638956, "br": 0.0}, "DefMet_BE_42": {"avail": 1.0, "util": 0.9963222538338768, "br": 0.0}, "DefMet_FE_10": {"avail": 1.0, "util": 0.4662410658524738, "br": 0.0}, "DefMet_FE_106": {"avail": 1.0, "util": 0.12851294150301854, "br": 0.0}, "DefMet_FE_34": {"avail": 1.0, "util": 0.4860176254250225, "br": 0.0}, "DefMet_FE_43": {"avail": 1.0, "util": 0.8201790299077094, "br": 0.0}, "Delay_32": {"avail": 1.0, "util": 0.27715581847200055, "br": 0.0}, "Dielectric_BE_20": {"avail": 1.0, "util": 0.5116508222885295, "br": 0.0}, "Dielectric_BE_21": {"avail": 1.0, "util": 0.961649665764578, "br": 0.0}, "Dielectric_BE_27": {"avail": 1.0, "util": 0.9068072999791825, "br": 0.0}, "Dielectric_BE_28": {"avail": 1.0, "util": 0.8823121226840608, "br": 0.0}, "Dielectric_BE_60": {"avail": 1.0, "util": 0.9123354844678833, "br": 0.0}, "Dielectric_FE_112": {"avail": 1.0, "util": 0.6371830160602626, "br": 0.0}, "Dielectric_FE_130": {"avail": 1.0, "util": 0.43336687252793005, "br": 0.0}, "Dielectric_FE_29": {"avail": 1.0, "util": 0.32144426711077184, "br": 0.0}, "Dielectric_FE_30": {"avail": 1.0, "util": 0.9732149052806883, "br": 0.0}, "Dielectric_FE_31": {"avail": 1.0, "util": 0.352890153355076, "br": 0.0}, "Diffusion_BE_123": {"avail": 1.0, "util": 0.0, "br": 0.0}, "Diffusion_FE_100": {"avail": 1.0, "util": 0.0, "br": 0.0}, "Diffusion_FE_101": {"avail": 1.0, "util": 0.0, "br": 0.0}, "Diffusion_FE_120": {"avail": 1.0, "util": 0.0, "br": 0.0}, "Diffusion_FE_122": {"avail": 1.0, "util": 0.0, "br": 0.0}, "Diffusion_FE_125": {"avail": 1.0, "util": 0.0, "br": 0.0}, "Diffusion_FE_126": {"avail": 1.0, "util": 0.0, "br": 0.0}, "Diffusion_FE_127": {"avail": 1.0, "util": 0.0, "br": 0.0}, "Diffusion_FE_44": {"avail": 1.0, "util": 0.0, "br": 0.0}, "Diffusion_FE_94": {"avail": 1.0, "util": 0.0, "br": 0.0}, "EPI_36": {"avail": 1.0, "util": 0.009020886822566096, "br": 0.0}, "EPI_38": {"avail": 1.0, "util": 0.31330233849143013, "br": 0.0}, "Implant_119": {"avail": 1.0, "util": 0.009055582541114427, "br": 0.0}, "Implant_128": {"avail": 1.0, "util": 0.03958466070741416, "br": 0.0}, "Implant_132": {"avail": 1.0, "util": 0.016376379154812295, "br": 0.0}, "Implant_74": {"avail": 1.0, "util": 0.017000902088682258, "br": 0.0}, "Implant_88": {"avail": 1.0, "util": 0.001804177364513219, "br": 0.0}, "Implant_90": {"avail": 1.0, "util": 0.021823606966900284, "br": 0.0}, "Implant_91": {"avail": 1.0, "util": 0.04658148041674515, "br": 0.0}, "LithoMet_BE_18": {"avail": 1.0, "util": 0.9506248383494932, "br": 0.0}, "LithoMet_FE_19": {"avail": 1.0, "util": 0.9660824568533958, "br": 0.0}, "LithoTrack_BE_117": {"avail": 1.0, "util": 0.06705988481021442, "br": 0.0}, "LithoTrack_FE_115": {"avail": 1.0, "util": 0.0474045063814735, "br": 0.0}, "LithoTrack_FE_95": {"avail": 1.0, "util": 0.07524980917354798, "br": 0.0}, "LithoTrack_FE_96": {"avail": 1.0, "util": 0.01495385469433072, "br": 0.0}, "Litho_BE_110": {"avail": 1.0, "util": 0.07163609923578909, "br": 0.0}, "Litho_BE_93": {"avail": 1.0, "util": 0.0731038789813337, "br": 0.0}, "Litho_BE_99": {"avail": 1.0, "util": 0.10723290079337543, "br": 0.0}, "Litho_FE_111": {"avail": 1.0, "util": 0.10255707445701201, "br": 0.0}, "Litho_FE_35": {"avail": 1.0, "util": 0.029560752203178126, "br": 0.0}, "Litho_FE_92": {"avail": 1.0, "util": 0.07368036168952137, "br": 0.0}, "Litho_FE_98": {"avail": 1.0, "util": 0.03728054958018181, "br": 0.0}, "Litho_REG_BE_63": {"avail": 1.0, "util": 0.9598136839913954, "br": 0.0}, "Litho_REG_FE_64": {"avail": 1.0, "util": 0.936807531283973, "br": 0.0}, "Planar_BE_75": {"avail": 1.0, "util": 0.8480971876641851, "br": 0.0}, "Planar_FE_76": {"avail": 1.0, "util": 0.927069599611408, "br": 0.0}, "Planar_FE_77": {"avail": 1.0, "util": 0.8982721532162931, "br": 0.0}, "Planar_FE_78": {"avail": 1.0, "util": 0.5298730136701131, "br": 0.0}, "Planar_FE_79": {"avail": 1.0, "util": 0.3237110540559295, "br": 0.0}, "Planar_FE_80": {"avail": 1.0, "util": 0.32468253417528276, "br": 0.0}, "TF_BE_2": {"avail": 1.0, "util": 0.5951530081187981, "br": 0.0}, "TF_BE_23": {"avail": 1.0, "util": 0.5360885038214855, "br": 0.0}, "TF_BE_24": {"avail": 1.0, "util": 0.7189646797585177, "br": 0.0}, "TF_BE_26": {"avail": 1.0, "util": 0.8083622019504331, "br": 0.0}, "TF_BE_40": {"avail": 1.0, "util": 0.8313339075134599, "br": 0.0}, "TF_FE_103": {"avail": 1.0, "util": 0.7300276574442142, "br": 0.0}, "TF_FE_104": {"avail": 1.0, "util": 0.7447505377836375, "br": 0.0}, "TF_FE_113": {"avail": 1.0, "util": 0.10797307612240649, "br": 0.0}, "TF_FE_131": {"avail": 1.0, "util": 0.7154025859875558, "br": 0.0}, "TF_FE_3": {"avail": 1.0, "util": 0.4458168528670229, "br": 0.0}, "TF_FE_5": {"avail": 1.0, "util": 0.3560705942220063, "br": 0.0}, "TF_Met_FE_45": {"avail": 1.0, "util": 0.0884740822982444, "br": 0.0}, "TF_Met_FE_61": {"avail": 1.0, "util": 0.9873707584484075, "br": 0.0}, "WE_BE_14": {"avail": 1.0, "util": 0.03672194851155368, "br": 0.0}, "WE_BE_16": {"avail": 1.0, "util": 0.03826937755880924, "br": 0.0}, "WE_BE_17": {"avail": 1.0, "util": 0.03268336687252793, "br": 0.0}, "WE_BE_7": {"avail": 1.0, "util": 0.017000902088682258, "br": 0.0}, "WE_BE_81": {"avail": 1.0, "util": 0.03425623944671894, "br": 0.0}, "WE_BE_82": {"avail": 1.0, "util": 0.042305646149931764, "br": 0.0}, "WE_BE_9": {"avail": 1.0, "util": 0.049836930122822844, "br": 0.0}, "WE_FE_108": {"avail": 1.0, "util": 0.03639700516128724, "br": 0.0}, "WE_FE_41": {"avail": 1.0, "util": 0.03244743598639928, "br": 0.0}, "WE_FE_47": {"avail": 1.0, "util": 0.029449725903823467, "br": 0.0}, "WE_FE_8": {"avail": 1.0, "util": 0.02709735618624662, "br": 0.0}, "WE_FE_83": {"avail": 1.0, "util": 0.04163486225799736, "br": 0.0}, "WE_FE_84": {"avail": 1.0, "util": 0.03691624453542433, "br": 0.0}, "WE_FE_85": {"avail": 1.0, "util": 0.025258483103185066, "br": 0.0}}, "plugins": {"cost": 429025.1273958333}}