{"lots": {}, "machines": {"DE_BE_11": {"avail": 1.0, "util": 0.7305171815341895, "br": 0.0}, "DE_BE_12": {"avail": 1.0, "util": 0.7130240271510664, "br": 0.0}, "DE_BE_13": {"avail": 1.0, "util": 0.8129816036098577, "br": 0.0}, "DE_BE_48": {"avail": 1.0, "util": 0.7923776466504686, "br": 0.0}, "DE_BE_50": {"avail": 1.0, "util": 0.6329515214624551, "br": 0.0}, "DE_BE_65": {"avail": 1.0, "util": 0.7972558547889825, "br": 0.0}, "DE_BE_66": {"avail": 1.0, "util": 0.7205685160488865, "br": 0.0}, "DE_BE_67": {"avail": 1.0, "util": 0.8932939951405762, "br": 0.0}, "DE_BE_69": {"avail": 1.0, "util": 0.8265532801110725, "br": 0.0}, "DE_FE_1": {"avail": 1.0, "util": 0.5606684187038231, "br": 0.0}, "DE_FE_51": {"avail": 1.0, "util": 0.5897367507627103, "br": 0.0}, "DE_FE_53": {"avail": 1.0, "util": 0.6838181187087816, "br": 0.0}, "DE_FE_54": {"avail": 1.0, "util": 0.8188406803193335, "br": 0.0}, "DE_FE_56": {"avail": 1.0, "util": 0.7648385977091288, "br": 0.0}, "DE_FE_58": {"avail": 1.0, "util": 0.7343977785491149, "br": 0.0}, "DE_FE_59": {"avail": 1.0, "util": 0.7226240888580354, "br": 0.0}, "DE_FE_62": {"avail": 1.0, "util": 0.7897357068478207, "br": 0.0}, "DE_FE_70": {"avail": 1.0, "util": 0.8297492857715002, "br": 0.0}, "DE_FE_71": {"avail": 1.0, "util": 0.7116006347002529, "br": 0.0}, "DE_FE_72": {"avail": 1.0, "util": 0.8965174129353234, "br": 0.0}, "DE_FE_86": {"avail": 1.0, "util": 0.650285523287953, "br": 0.0}, "DefMEt_FE_118": {"avail": 1.0, "util": 0.3706004859423811, "br": 0.0}, "DefMet_BE_33": {"avail": 1.0, "util": 0.9159666782367234, "br": 0.0}, "DefMet_BE_42": {"avail": 1.0, "util": 0.9824366539396043, "br": 0.0}, "DefMet_FE_10": {"avail": 1.0, "util": 0.8127386324192989, "br": 0.0}, "DefMet_FE_106": {"avail": 1.0, "util": 0.3861853523082263, "br": 0.0}, "DefMet_FE_34": {"avail": 1.0, "util": 0.6943422422769872, "br": 0.0}, "DefMet_FE_43": {"avail": 1.0, "util": 0.9440587758880018, "br": 0.0}, "Delay_32": {"avail": 1.0, "util": 0.3918575147518223, "br": 0.0}, "Dielectric_BE_20": {"avail": 1.0, "util": 0.9448524817771607, "br": 0.0}, "Dielectric_BE_21": {"avail": 1.0, "util": 0.9514057618882332, "br": 0.0}, "Dielectric_BE_27": {"avail": 1.0, "util": 0.8199838019206295, "br": 0.0}, "Dielectric_BE_28": {"avail": 1.0, "util": 0.9179625130163138, "br": 0.0}, "Dielectric_BE_60": {"avail": 1.0, "util": 0.9290871225269004, "br": 0.0}, "Dielectric_FE_112": {"avail": 1.0, "util": 0.8916209649427281, "br": 0.0}, "Dielectric_FE_130": {"avail": 1.0, "util": 0.8484380423464075, "br": 0.0}, "Dielectric_FE_29": {"avail": 1.0, "util": 0.969848432257318, "br": 0.0}, "Dielectric_FE_30": {"avail": 1.0, "util": 0.973759111419646, "br": 0.0}, "Dielectric_FE_31": {"avail": 1.0, "util": 0.8867407150295037, "br": 0.0}, "Diffusion_BE_123": {"avail": 1.0, "util": 0.0, "br": 0.0}, "Diffusion_FE_100": {"avail": 1.0, "util": 0.0, "br": 0.0}, "Diffusion_FE_101": {"avail": 1.0, "util": 0.0, "br": 0.0}, "Diffusion_FE_120": {"avail": 1.0, "util": 0.0, "br": 0.0}, "Diffusion_FE_122": {"avail": 1.0, "util": 0.0, "br": 0.0}, "Diffusion_FE_125": {"avail": 1.0, "util": 0.0, "br": 0.0}, "Diffusion_FE_126": {"avail": 1.0, "util": 0.0, "br": 0.0}, "Diffusion_FE_127": {"avail": 1.0, "util": 0.0, "br": 0.0}, "Diffusion_FE_44": {"avail": 1.0, "util": 0.0, "br": 0.0}, "Diffusion_FE_94": {"avail": 1.0, "util": 0.0, "br": 0.0}, "EPI_36": {"avail": 1.0, "util": 0.008920513710517181, "br": 0.0}, "EPI_38": {"avail": 1.0, "util": 0.022075668170774037, "br": 0.0}, "Implant_119": {"avail": 1.0, "util": 0.020826102047900034, "br": 0.0}, "Implant_128": {"avail": 1.0, "util": 0.05444637278722665, "br": 0.0}, "Implant_132": {"avail": 1.0, "util": 0.037417563346060397, "br": 0.0}, "Implant_74": {"avail": 1.0, "util": 0.008538701839639014, "br": 0.0}, "Implant_88": {"avail": 1.0, "util": 0.014265879902811524, "br": 0.0}, "Implant_90": {"avail": 1.0, "util": 0.05085039916695592, "br": 0.0}, "Implant_91": {"avail": 1.0, "util": 0.04533148212426241, "br": 0.0}, "LithoMet_BE_18": {"avail": 1.0, "util": 0.9740741729634474, "br": 0.0}, "LithoMet_FE_19": {"avail": 1.0, "util": 0.9513401982336379, "br": 0.0}, "LithoTrack_BE_117": {"avail": 1.0, "util": 0.10208955223880596, "br": 0.0}, "LithoTrack_FE_115": {"avail": 1.0, "util": 0.05248449952698886, "br": 0.0}, "LithoTrack_FE_95": {"avail": 1.0, "util": 0.05947056365065984, "br": 0.0}, "LithoTrack_FE_96": {"avail": 1.0, "util": 0.0, "br": 0.0}, "Litho_BE_110": {"avail": 1.0, "util": 0.07056577577230129, "br": 0.0}, "Litho_BE_93": {"avail": 1.0, "util": 0.06027999537197733, "br": 0.0}, "Litho_BE_99": {"avail": 1.0, "util": 0.19166955918084, "br": 0.0}, "Litho_FE_111": {"avail": 1.0, "util": 0.10861758858982046, "br": 0.0}, "Litho_FE_35": {"avail": 1.0, "util": 0.06296424852481777, "br": 0.0}, "Litho_FE_92": {"avail": 1.0, "util": 0.10419993057965984, "br": 0.0}, "Litho_FE_98": {"avail": 1.0, "util": 0.12083304408191599, "br": 0.0}, "Litho_REG_BE_63": {"avail": 1.0, "util": 0.9263450190905935, "br": 0.0}, "Litho_REG_FE_64": {"avail": 1.0, "util": 0.9540834035801061, "br": 0.0}, "Planar_BE_75": {"avail": 1.0, "util": 0.8142971190558834, "br": 0.0}, "Planar_FE_76": {"avail": 1.0, "util": 0.5386092791854681, "br": 0.0}, "Planar_FE_77": {"avail": 1.0, "util": 0.8986810135369663, "br": 0.0}, "Planar_FE_78": {"avail": 1.0, "util": 0.5255813953488372, "br": 0.0}, "Planar_FE_79": {"avail": 1.0, "util": 0.9265949323151683, "br": 0.0}, "Planar_FE_80": {"avail": 1.0, "util": 0.9620617841027421, "br": 0.0}, "TF_BE_2": {"avail": 1.0, "util": 0.3999826449149601, "br": 0.0}, "TF_BE_23": {"avail": 1.0, "util": 0.587975666343923, "br": 0.0}, "TF_BE_24": {"avail": 1.0, "util": 0.29138493578618535, "br": 0.0}, "TF_BE_26": {"avail": 1.0, "util": 0.7000902464422075, "br": 0.0}, "TF_BE_40": {"avail": 1.0, "util": 0.6933067222029389, "br": 0.0}, "TF_FE_103": {"avail": 1.0, "util": 0.7416174939257202, "br": 0.0}, "TF_FE_104": {"avail": 1.0, "util": 0.638333911836168, "br": 0.0}, "TF_FE_113": {"avail": 1.0, "util": 0.489170426935092, "br": 0.0}, "TF_FE_131": {"avail": 1.0, "util": 0.28742334837440703, "br": 0.0}, "TF_FE_3": {"avail": 1.0, "util": 0.8362721277334259, "br": 0.0}, "TF_FE_5": {"avail": 1.0, "util": 0.3323325234293648, "br": 0.0}, "TF_Met_FE_45": {"avail": 1.0, "util": 0.10503297466157584, "br": 0.0}, "TF_Met_FE_61": {"avail": 1.0, "util": 0.9912183269698022, "br": 0.0}, "WE_BE_14": {"avail": 1.0, "util": 0.03471017007983339, "br": 0.0}, "WE_BE_16": {"avail": 1.0, "util": 0.04439816421767133, "br": 0.0}, "WE_BE_17": {"avail": 1.0, "util": 0.03700104130510239, "br": 0.0}, "WE_BE_7": {"avail": 1.0, "util": 0.005623047552933009, "br": 0.0}, "WE_BE_81": {"avail": 1.0, "util": 0.039083651509892396, "br": 0.0}, "WE_BE_82": {"avail": 1.0, "util": 0.06365150989239847, "br": 0.0}, "WE_BE_9": {"avail": 1.0, "util": 0.05253136311796499, "br": 0.0}, "WE_FE_108": {"avail": 1.0, "util": 0.04209054395795111, "br": 0.0}, "WE_FE_41": {"avail": 1.0, "util": 0.03744533148212426, "br": 0.0}, "WE_FE_47": {"avail": 1.0, "util": 0.03133171352539627, "br": 0.0}, "WE_FE_8": {"avail": 1.0, "util": 0.050780978826796254, "br": 0.0}, "WE_FE_83": {"avail": 1.0, "util": 0.04371497991768731, "br": 0.0}, "WE_FE_84": {"avail": 1.0, "util": 0.04250067491997377, "br": 0.0}, "WE_FE_85": {"avail": 1.0, "util": 0.02384588684484554, "br": 0.0}}, "plugins": {"cost": 448200.0}}