{"lots": {}, "machines": {"DE_BE_11": {"avail": 1.0, "util": 0.6343113661606813, "br": 0.0}, "DE_BE_12": {"avail": 1.0, "util": 0.9497202682134188, "br": 0.0}, "DE_BE_13": {"avail": 1.0, "util": 0.6674468010084449, "br": 0.0}, "DE_BE_48": {"avail": 1.0, "util": 0.7825064790818216, "br": 0.0}, "DE_BE_50": {"avail": 1.0, "util": 0.9091797276728784, "br": 0.0}, "DE_BE_65": {"avail": 1.0, "util": 0.7399547008733148, "br": 0.0}, "DE_BE_66": {"avail": 1.0, "util": 0.6681492234844795, "br": 0.0}, "DE_BE_67": {"avail": 1.0, "util": 0.5930025916327286, "br": 0.0}, "DE_BE_69": {"avail": 1.0, "util": 0.7422713809700111, "br": 0.0}, "DE_FE_1": {"avail": 1.0, "util": 0.7547865869783678, "br": 0.0}, "DE_FE_51": {"avail": 1.0, "util": 0.6739511681833239, "br": 0.0}, "DE_FE_53": {"avail": 1.0, "util": 0.365605331358756, "br": 0.0}, "DE_FE_54": {"avail": 1.0, "util": 0.5469270640503517, "br": 0.0}, "DE_FE_56": {"avail": 1.0, "util": 0.594918548685672, "br": 0.0}, "DE_FE_58": {"avail": 1.0, "util": 0.6509009009009009, "br": 0.0}, "DE_FE_59": {"avail": 1.0, "util": 0.791990620757744, "br": 0.0}, "DE_FE_62": {"avail": 1.0, "util": 0.6771301634315332, "br": 0.0}, "DE_FE_70": {"avail": 1.0, "util": 0.7426665337624242, "br": 0.0}, "DE_FE_71": {"avail": 1.0, "util": 0.7859721267255514, "br": 0.0}, "DE_FE_72": {"avail": 1.0, "util": 0.8668702949524867, "br": 0.0}, "DE_FE_86": {"avail": 1.0, "util": 0.7634600353778436, "br": 0.0}, "DefMEt_FE_118": {"avail": 1.0, "util": 0.490605331358756, "br": 0.0}, "DefMet_BE_33": {"avail": 1.0, "util": 0.862550907071455, "br": 0.0}, "DefMet_BE_42": {"avail": 1.0, "util": 0.9838022954461311, "br": 0.0}, "DefMet_FE_10": {"avail": 1.0, "util": 0.753517215845983, "br": 0.0}, "DefMet_FE_106": {"avail": 1.0, "util": 0.6046834505738615, "br": 0.0}, "DefMet_FE_34": {"avail": 1.0, "util": 0.7078859681599408, "br": 0.0}, "DefMet_FE_43": {"avail": 1.0, "util": 0.9435857089966679, "br": 0.0}, "Delay_32": {"avail": 1.0, "util": 0.22873796741947425, "br": 0.0}, "Dielectric_BE_20": {"avail": 1.0, "util": 0.8525360977415771, "br": 0.0}, "Dielectric_BE_21": {"avail": 1.0, "util": 0.8585361902998889, "br": 0.0}, "Dielectric_BE_27": {"avail": 1.0, "util": 0.7738923855362212, "br": 0.0}, "Dielectric_BE_28": {"avail": 1.0, "util": 0.8468391336542022, "br": 0.0}, "Dielectric_BE_60": {"avail": 1.0, "util": 0.8248333950388745, "br": 0.0}, "Dielectric_FE_112": {"avail": 1.0, "util": 0.820890410958904, "br": 0.0}, "Dielectric_FE_130": {"avail": 1.0, "util": 0.8258052573121066, "br": 0.0}, "Dielectric_FE_29": {"avail": 1.0, "util": 0.7800197457731705, "br": 0.0}, "Dielectric_FE_30": {"avail": 1.0, "util": 0.9236856719733432, "br": 0.0}, "Dielectric_FE_31": {"avail": 1.0, "util": 0.9030220288781933, "br": 0.0}, "Diffusion_BE_123": {"avail": 1.0, "util": 0.0, "br": 0.0}, "Diffusion_FE_100": {"avail": 1.0, "util": 0.0, "br": 0.0}, "Diffusion_FE_101": {"avail": 1.0, "util": 0.0, "br": 0.0}, "Diffusion_FE_120": {"avail": 1.0, "util": 0.0, "br": 0.0}, "Diffusion_FE_122": {"avail": 1.0, "util": 0.0, "br": 0.0}, "Diffusion_FE_125": {"avail": 1.0, "util": 0.0, "br": 0.0}, "Diffusion_FE_126": {"avail": 1.0, "util": 0.0, "br": 0.0}, "Diffusion_FE_127": {"avail": 1.0, "util": 0.0, "br": 0.0}, "Diffusion_FE_44": {"avail": 1.0, "util": 0.0, "br": 0.0}, "Diffusion_FE_94": {"avail": 1.0, "util": 0.0, "br": 0.0}, "EPI_36": {"avail": 1.0, "util": 0.011940022213994816, "br": 0.0}, "EPI_38": {"avail": 1.0, "util": 0.011662347278785635, "br": 0.0}, "Implant_119": {"avail": 1.0, "util": 0.0304979637171418, "br": 0.0}, "Implant_128": {"avail": 1.0, "util": 0.06499444650129582, "br": 0.0}, "Implant_132": {"avail": 1.0, "util": 0.03824972232506479, "br": 0.0}, "Implant_74": {"avail": 1.0, "util": 0.011338393187708256, "br": 0.0}, "Implant_88": {"avail": 1.0, "util": 0.002360236949278045, "br": 0.0}, "Implant_90": {"avail": 1.0, "util": 0.03429285449833395, "br": 0.0}, "Implant_91": {"avail": 1.0, "util": 0.04971923978773293, "br": 0.0}, "LithoMet_BE_18": {"avail": 1.0, "util": 0.9451414006208526, "br": 0.0}, "LithoMet_FE_19": {"avail": 1.0, "util": 0.9360216380764326, "br": 0.0}, "LithoTrack_BE_117": {"avail": 1.0, "util": 0.1545538689374306, "br": 0.0}, "LithoTrack_FE_115": {"avail": 1.0, "util": 0.061772691305326276, "br": 0.0}, "LithoTrack_FE_95": {"avail": 1.0, "util": 0.07733152498318839, "br": 0.0}, "LithoTrack_FE_96": {"avail": 1.0, "util": 0.0, "br": 0.0}, "Litho_BE_110": {"avail": 1.0, "util": 0.08992701115988787, "br": 0.0}, "Litho_BE_93": {"avail": 1.0, "util": 0.0761754905590522, "br": 0.0}, "Litho_BE_99": {"avail": 1.0, "util": 0.26952980377637914, "br": 0.0}, "Litho_FE_111": {"avail": 1.0, "util": 0.13274124061795295, "br": 0.0}, "Litho_FE_35": {"avail": 1.0, "util": 0.06742873009996297, "br": 0.0}, "Litho_FE_92": {"avail": 1.0, "util": 0.12968541393198926, "br": 0.0}, "Litho_FE_98": {"avail": 1.0, "util": 0.15040725657164014, "br": 0.0}, "Litho_REG_BE_63": {"avail": 1.0, "util": 0.9450782117734172, "br": 0.0}, "Litho_REG_FE_64": {"avail": 1.0, "util": 0.9464550166604961, "br": 0.0}, "Planar_BE_75": {"avail": 1.0, "util": 0.7548084042947056, "br": 0.0}, "Planar_FE_76": {"avail": 1.0, "util": 0.20476983833148218, "br": 0.0}, "Planar_FE_77": {"avail": 1.0, "util": 0.948306182895224, "br": 0.0}, "Planar_FE_78": {"avail": 1.0, "util": 0.7104313217326916, "br": 0.0}, "Planar_FE_79": {"avail": 1.0, "util": 0.8561828952239912, "br": 0.0}, "Planar_FE_80": {"avail": 1.0, "util": 0.861347649018882, "br": 0.0}, "TF_BE_2": {"avail": 1.0, "util": 0.4454137356534617, "br": 0.0}, "TF_BE_23": {"avail": 1.0, "util": 0.6927258909955377, "br": 0.0}, "TF_BE_24": {"avail": 1.0, "util": 0.3809700111069974, "br": 0.0}, "TF_BE_26": {"avail": 1.0, "util": 0.6568863383931877, "br": 0.0}, "TF_BE_40": {"avail": 1.0, "util": 0.8449995372084413, "br": 0.0}, "TF_FE_103": {"avail": 1.0, "util": 0.741993706034802, "br": 0.0}, "TF_FE_104": {"avail": 1.0, "util": 0.6234912995186968, "br": 0.0}, "TF_FE_113": {"avail": 1.0, "util": 0.655775638652351, "br": 0.0}, "TF_FE_131": {"avail": 1.0, "util": 0.15042268295692954, "br": 0.0}, "TF_FE_3": {"avail": 1.0, "util": 0.8966586449463162, "br": 0.0}, "TF_FE_5": {"avail": 1.0, "util": 0.2696686412439837, "br": 0.0}, "TF_Met_FE_45": {"avail": 1.0, "util": 0.14142910033320993, "br": 0.0}, "TF_Met_FE_61": {"avail": 1.0, "util": 0.975333209922251, "br": 0.0}, "WE_BE_14": {"avail": 1.0, "util": 0.044427989633469084, "br": 0.0}, "WE_BE_16": {"avail": 1.0, "util": 0.04447941091776708, "br": 0.0}, "WE_BE_17": {"avail": 1.0, "util": 0.046094039244724175, "br": 0.0}, "WE_BE_7": {"avail": 1.0, "util": 0.007589781562384302, "br": 0.0}, "WE_BE_81": {"avail": 1.0, "util": 0.05963840552881649, "br": 0.0}, "WE_BE_82": {"avail": 1.0, "util": 0.08546834505738615, "br": 0.0}, "WE_BE_9": {"avail": 1.0, "util": 0.06126037975353044, "br": 0.0}, "WE_FE_108": {"avail": 1.0, "util": 0.04336489131009679, "br": 0.0}, "WE_FE_41": {"avail": 1.0, "util": 0.041910403554239174, "br": 0.0}, "WE_FE_47": {"avail": 1.0, "util": 0.04058681969640874, "br": 0.0}, "WE_FE_8": {"avail": 1.0, "util": 0.04651055164753795, "br": 0.0}, "WE_FE_83": {"avail": 1.0, "util": 0.048513777965832755, "br": 0.0}, "WE_FE_84": {"avail": 1.0, "util": 0.04845427619400222, "br": 0.0}, "WE_FE_85": {"avail": 1.0, "util": 0.031978896704924105, "br": 0.0}}, "plugins": {"cost": 448600.0}}