{"lots": {}, "machines": {"DE_BE_11": {"avail": 1.0, "util": 0.886729594669628, "br": 0.0}, "DE_BE_12": {"avail": 1.0, "util": 0.0, "br": 0.0}, "DE_BE_13": {"avail": 1.0, "util": 0.7906123582136908, "br": 0.0}, "DE_BE_48": {"avail": 1.0, "util": 0.9840366463076069, "br": 0.0}, "DE_BE_50": {"avail": 1.0, "util": 0.6841415263125424, "br": 0.0}, "DE_BE_65": {"avail": 1.0, "util": 0.46934709475128195, "br": 0.0}, "DE_BE_66": {"avail": 1.0, "util": 0.7743797305590461, "br": 0.0}, "DE_BE_67": {"avail": 1.0, "util": 0.4231260410882843, "br": 0.0}, "DE_BE_69": {"avail": 1.0, "util": 0.5510133259300388, "br": 0.0}, "DE_FE_1": {"avail": 1.0, "util": 0.0, "br": 0.0}, "DE_FE_51": {"avail": 1.0, "util": 0.19015020894824514, "br": 0.0}, "DE_FE_53": {"avail": 1.0, "util": 0.0, "br": 0.0}, "DE_FE_54": {"avail": 1.0, "util": 0.8202387562465298, "br": 0.0}, "DE_FE_56": {"avail": 1.0, "util": 0.29553026096612994, "br": 0.0}, "DE_FE_58": {"avail": 1.0, "util": 0.7270035165648713, "br": 0.0}, "DE_FE_59": {"avail": 1.0, "util": 0.6873681288173238, "br": 0.0}, "DE_FE_62": {"avail": 1.0, "util": 0.41305425557230113, "br": 0.0}, "DE_FE_70": {"avail": 1.0, "util": 0.31405629351215136, "br": 0.0}, "DE_FE_71": {"avail": 1.0, "util": 0.389505830094392, "br": 0.0}, "DE_FE_72": {"avail": 1.0, "util": 0.11674069961132703, "br": 0.0}, "DE_FE_86": {"avail": 1.0, "util": 0.18549057108190925, "br": 0.0}, "DefMEt_FE_118": {"avail": 1.0, "util": 0.7381315935591338, "br": 0.0}, "DefMet_BE_33": {"avail": 1.0, "util": 0.8103831204886174, "br": 0.0}, "DefMet_BE_42": {"avail": 1.0, "util": 0.9436424208772904, "br": 0.0}, "DefMet_FE_10": {"avail": 1.0, "util": 0.8683370349805664, "br": 0.0}, "DefMet_FE_106": {"avail": 1.0, "util": 0.7715158245419211, "br": 0.0}, "DefMet_FE_34": {"avail": 1.0, "util": 0.8293309272626319, "br": 0.0}, "DefMet_FE_43": {"avail": 1.0, "util": 0.9074356838793264, "br": 0.0}, "Delay_32": {"avail": 1.0, "util": 0.09362402831760133, "br": 0.0}, "Dielectric_BE_20": {"avail": 1.0, "util": 0.9004164353137146, "br": 0.0}, "Dielectric_BE_21": {"avail": 1.0, "util": 0.886035535813437, "br": 0.0}, "Dielectric_BE_27": {"avail": 1.0, "util": 0.7779751989635388, "br": 0.0}, "Dielectric_BE_28": {"avail": 1.0, "util": 0.7950791227096058, "br": 0.0}, "Dielectric_BE_60": {"avail": 1.0, "util": 0.8563992226540811, "br": 0.0}, "Dielectric_FE_112": {"avail": 1.0, "util": 0.8371876735147141, "br": 0.0}, "Dielectric_FE_130": {"avail": 1.0, "util": 0.8486257634647418, "br": 0.0}, "Dielectric_FE_29": {"avail": 1.0, "util": 0.779011660188784, "br": 0.0}, "Dielectric_FE_30": {"avail": 1.0, "util": 0.8347445863409217, "br": 0.0}, "Dielectric_FE_31": {"avail": 1.0, "util": 0.8524083842309828, "br": 0.0}, "Diffusion_BE_123": {"avail": 1.0, "util": 0.0, "br": 0.0}, "Diffusion_FE_100": {"avail": 1.0, "util": 0.0, "br": 0.0}, "Diffusion_FE_101": {"avail": 1.0, "util": 0.0, "br": 0.0}, "Diffusion_FE_120": {"avail": 1.0, "util": 0.0, "br": 0.0}, "Diffusion_FE_122": {"avail": 1.0, "util": 0.0, "br": 0.0}, "Diffusion_FE_125": {"avail": 1.0, "util": 0.0, "br": 0.0}, "Diffusion_FE_126": {"avail": 1.0, "util": 0.0, "br": 0.0}, "Diffusion_FE_127": {"avail": 1.0, "util": 0.0, "br": 0.0}, "Diffusion_FE_44": {"avail": 1.0, "util": 0.0, "br": 0.0}, "Diffusion_FE_94": {"avail": 1.0, "util": 0.0, "br": 0.0}, "EPI_36": {"avail": 1.0, "util": 0.007287617990005552, "br": 0.0}, "EPI_38": {"avail": 1.0, "util": 0.017490283176013324, "br": 0.0}, "Implant_119": {"avail": 1.0, "util": 0.036646307606885066, "br": 0.0}, "Implant_128": {"avail": 1.0, "util": 0.08277345918933925, "br": 0.0}, "Implant_132": {"avail": 1.0, "util": 0.03975222098833981, "br": 0.0}, "Implant_74": {"avail": 1.0, "util": 0.0, "br": 0.0}, "Implant_88": {"avail": 1.0, "util": 0.0035397001665741254, "br": 0.0}, "Implant_90": {"avail": 1.0, "util": 0.05372015546918379, "br": 0.0}, "Implant_91": {"avail": 1.0, "util": 0.04553026096612993, "br": 0.0}, "LithoMet_BE_18": {"avail": 1.0, "util": 0.9507538546961091, "br": 0.0}, "LithoMet_FE_19": {"avail": 1.0, "util": 0.9373804676414338, "br": 0.0}, "LithoTrack_BE_117": {"avail": 1.0, "util": 0.19272626318711827, "br": 0.0}, "LithoTrack_FE_115": {"avail": 1.0, "util": 0.0798630390523783, "br": 0.0}, "LithoTrack_FE_95": {"avail": 1.0, "util": 0.09964985438928486, "br": 0.0}, "LithoTrack_FE_96": {"avail": 1.0, "util": 0.0, "br": 0.0}, "Litho_BE_110": {"avail": 1.0, "util": 0.12371103355278813, "br": 0.0}, "Litho_BE_93": {"avail": 1.0, "util": 0.10961502868776606, "br": 0.0}, "Litho_BE_99": {"avail": 1.0, "util": 0.3767351471404775, "br": 0.0}, "Litho_FE_111": {"avail": 1.0, "util": 0.1669653222956943, "br": 0.0}, "Litho_FE_35": {"avail": 1.0, "util": 0.07551360355358135, "br": 0.0}, "Litho_FE_92": {"avail": 1.0, "util": 0.18382043645786011, "br": 0.0}, "Litho_FE_98": {"avail": 1.0, "util": 0.19425319267073848, "br": 0.0}, "Litho_REG_BE_63": {"avail": 1.0, "util": 0.915897418101055, "br": 0.0}, "Litho_REG_FE_64": {"avail": 1.0, "util": 0.9203121281827557, "br": 0.0}, "Planar_BE_75": {"avail": 1.0, "util": 0.677387562465297, "br": 0.0}, "Planar_FE_76": {"avail": 1.0, "util": 0.6250231352952064, "br": 0.0}, "Planar_FE_77": {"avail": 1.0, "util": 0.7100916157690172, "br": 0.0}, "Planar_FE_78": {"avail": 1.0, "util": 0.42004441976679624, "br": 0.0}, "Planar_FE_79": {"avail": 1.0, "util": 0.6413381454747362, "br": 0.0}, "Planar_FE_80": {"avail": 1.0, "util": 0.9632842865074959, "br": 0.0}, "TF_BE_2": {"avail": 1.0, "util": 0.5316490838423098, "br": 0.0}, "TF_BE_23": {"avail": 1.0, "util": 0.6079663344925335, "br": 0.0}, "TF_BE_24": {"avail": 1.0, "util": 0.5713492504164354, "br": 0.0}, "TF_BE_26": {"avail": 1.0, "util": 0.569415139737183, "br": 0.0}, "TF_BE_40": {"avail": 1.0, "util": 0.6345086063298168, "br": 0.0}, "TF_FE_103": {"avail": 1.0, "util": 0.738964464186563, "br": 0.0}, "TF_FE_104": {"avail": 1.0, "util": 0.5886174347584675, "br": 0.0}, "TF_FE_113": {"avail": 1.0, "util": 0.6525541365907829, "br": 0.0}, "TF_FE_131": {"avail": 1.0, "util": 0.2255228576716639, "br": 0.0}, "TF_FE_3": {"avail": 1.0, "util": 0.66511660188784, "br": 0.0}, "TF_FE_5": {"avail": 1.0, "util": 0.4044280955024986, "br": 0.0}, "TF_Met_FE_45": {"avail": 1.0, "util": 0.21217379233759023, "br": 0.0}, "TF_Met_FE_61": {"avail": 1.0, "util": 0.9798722931704609, "br": 0.0}, "WE_BE_14": {"avail": 1.0, "util": 0.04677956690727374, "br": 0.0}, "WE_BE_16": {"avail": 1.0, "util": 0.04782836695662903, "br": 0.0}, "WE_BE_17": {"avail": 1.0, "util": 0.030885619100499723, "br": 0.0}, "WE_BE_7": {"avail": 1.0, "util": 0.011521377012770683, "br": 0.0}, "WE_BE_81": {"avail": 1.0, "util": 0.05677401443642421, "br": 0.0}, "WE_BE_82": {"avail": 1.0, "util": 0.10974458634092171, "br": 0.0}, "WE_BE_9": {"avail": 1.0, "util": 0.0723011025620687, "br": 0.0}, "WE_FE_108": {"avail": 1.0, "util": 0.036848576187832154, "br": 0.0}, "WE_FE_41": {"avail": 1.0, "util": 0.031204886174347586, "br": 0.0}, "WE_FE_47": {"avail": 1.0, "util": 0.042892837312604105, "br": 0.0}, "WE_FE_8": {"avail": 1.0, "util": 0.0561493614658523, "br": 0.0}, "WE_FE_83": {"avail": 1.0, "util": 0.050130879670024595, "br": 0.0}, "WE_FE_84": {"avail": 1.0, "util": 0.0377413782466531, "br": 0.0}, "WE_FE_85": {"avail": 1.0, "util": 0.038173237090505276, "br": 0.0}}, "plugins": {"cost": 448800}}