{"lots": {}, "machines": {"DE_BE_11": {"avail": 1.0, "util": 0.763229882663334, "br": 0.0}, "DE_BE_12": {"avail": 1.0, "util": 0.7113641448155091, "br": 0.0}, "DE_BE_13": {"avail": 1.0, "util": 0.8226989747506307, "br": 0.0}, "DE_BE_48": {"avail": 1.0, "util": 0.9158786363951954, "br": 0.0}, "DE_BE_50": {"avail": 1.0, "util": 0.9068326814629668, "br": 0.0}, "DE_BE_65": {"avail": 1.0, "util": 0.6717187187309833, "br": 0.0}, "DE_BE_66": {"avail": 1.0, "util": 0.7209572567118693, "br": 0.0}, "DE_BE_67": {"avail": 1.0, "util": 0.821106713879053, "br": 0.0}, "DE_BE_69": {"avail": 1.0, "util": 0.8284385197528292, "br": 0.0}, "DE_FE_1": {"avail": 1.0, "util": 0.5632755080786741, "br": 0.0}, "DE_FE_51": {"avail": 1.0, "util": 0.5895993890161771, "br": 0.0}, "DE_FE_53": {"avail": 1.0, "util": 0.6814274803860307, "br": 0.0}, "DE_FE_54": {"avail": 1.0, "util": 0.8157606054294244, "br": 0.0}, "DE_FE_56": {"avail": 1.0, "util": 0.7503992223842255, "br": 0.0}, "DE_FE_58": {"avail": 1.0, "util": 0.48783818186026057, "br": 0.0}, "DE_FE_59": {"avail": 1.0, "util": 0.719405679372353, "br": 0.0}, "DE_FE_62": {"avail": 1.0, "util": 0.9249213953442239, "br": 0.0}, "DE_FE_70": {"avail": 1.0, "util": 0.9054577304941812, "br": 0.0}, "DE_FE_71": {"avail": 1.0, "util": 0.7137302744467918, "br": 0.0}, "DE_FE_72": {"avail": 1.0, "util": 0.9239973153741119, "br": 0.0}, "DE_FE_86": {"avail": 1.0, "util": 0.6470663262026173, "br": 0.0}, "DefMEt_FE_118": {"avail": 1.0, "util": 0.376275775880025, "br": 0.0}, "DefMet_BE_33": {"avail": 1.0, "util": 0.9343192390474206, "br": 0.0}, "DefMet_BE_42": {"avail": 1.0, "util": 0.9258487815038534, "br": 0.0}, "DefMet_FE_10": {"avail": 1.0, "util": 0.6663542317572728, "br": 0.0}, "DefMet_FE_106": {"avail": 1.0, "util": 0.3867249878497535, "br": 0.0}, "DefMet_FE_34": {"avail": 1.0, "util": 0.6442407831701729, "br": 0.0}, "DefMet_FE_43": {"avail": 1.0, "util": 0.9769839616746511, "br": 0.0}, "Delay_32": {"avail": 1.0, "util": 0.37891984308824556, "br": 0.0}, "Dielectric_BE_20": {"avail": 1.0, "util": 0.9520655419009929, "br": 0.0}, "Dielectric_BE_21": {"avail": 1.0, "util": 0.9696243838089287, "br": 0.0}, "Dielectric_BE_27": {"avail": 1.0, "util": 0.823083153972552, "br": 0.0}, "Dielectric_BE_28": {"avail": 1.0, "util": 0.8259737554676109, "br": 0.0}, "Dielectric_BE_60": {"avail": 1.0, "util": 0.967194334513643, "br": 0.0}, "Dielectric_FE_112": {"avail": 1.0, "util": 0.8863500659584809, "br": 0.0}, "Dielectric_FE_130": {"avail": 1.0, "util": 0.8675796709018955, "br": 0.0}, "Dielectric_FE_29": {"avail": 1.0, "util": 0.9716262815617117, "br": 0.0}, "Dielectric_FE_30": {"avail": 1.0, "util": 0.9700062486981879, "br": 0.0}, "Dielectric_FE_31": {"avail": 1.0, "util": 0.9155557869888218, "br": 0.0}, "Diffusion_BE_123": {"avail": 1.0, "util": 0.0, "br": 0.0}, "Diffusion_FE_100": {"avail": 1.0, "util": 0.0, "br": 0.0}, "Diffusion_FE_101": {"avail": 1.0, "util": 0.0, "br": 0.0}, "Diffusion_FE_120": {"avail": 1.0, "util": 0.0, "br": 0.0}, "Diffusion_FE_122": {"avail": 1.0, "util": 0.0, "br": 0.0}, "Diffusion_FE_125": {"avail": 1.0, "util": 0.0, "br": 0.0}, "Diffusion_FE_126": {"avail": 1.0, "util": 0.0, "br": 0.0}, "Diffusion_FE_127": {"avail": 1.0, "util": 0.0, "br": 0.0}, "Diffusion_FE_44": {"avail": 1.0, "util": 0.0, "br": 0.0}, "Diffusion_FE_94": {"avail": 1.0, "util": 0.0, "br": 0.0}, "EPI_36": {"avail": 1.0, "util": 0.008887037422759148, "br": 0.0}, "EPI_38": {"avail": 1.0, "util": 0.022148163577032563, "br": 0.0}, "Implant_119": {"avail": 1.0, "util": 0.020898423939457057, "br": 0.0}, "Implant_128": {"avail": 1.0, "util": 0.05166284801777408, "br": 0.0}, "Implant_132": {"avail": 1.0, "util": 0.04574567798375338, "br": 0.0}, "Implant_74": {"avail": 1.0, "util": 0.00843574255363466, "br": 0.0}, "Implant_88": {"avail": 1.0, "util": 0.012462681385822398, "br": 0.0}, "Implant_90": {"avail": 1.0, "util": 0.042664722627230436, "br": 0.0}, "Implant_91": {"avail": 1.0, "util": 0.04670323312272906, "br": 0.0}, "LithoMet_BE_18": {"avail": 1.0, "util": 0.9741132990456048, "br": 0.0}, "LithoMet_FE_19": {"avail": 1.0, "util": 0.9629861062895847, "br": 0.0}, "LithoTrack_BE_117": {"avail": 1.0, "util": 0.11360133305561342, "br": 0.0}, "LithoTrack_FE_115": {"avail": 1.0, "util": 0.05268237962407069, "br": 0.0}, "LithoTrack_FE_95": {"avail": 1.0, "util": 0.06254082553662998, "br": 0.0}, "LithoTrack_FE_96": {"avail": 1.0, "util": 0.0037492189127265154, "br": 0.0}, "Litho_BE_110": {"avail": 1.0, "util": 0.0711508515091102, "br": 0.0}, "Litho_BE_93": {"avail": 1.0, "util": 0.060658659075655534, "br": 0.0}, "Litho_BE_99": {"avail": 1.0, "util": 0.20842879955564814, "br": 0.0}, "Litho_FE_111": {"avail": 1.0, "util": 0.10798571004778044, "br": 0.0}, "Litho_FE_35": {"avail": 1.0, "util": 0.06720822050961606, "br": 0.0}, "Litho_FE_92": {"avail": 1.0, "util": 0.10561141513026537, "br": 0.0}, "Litho_FE_98": {"avail": 1.0, "util": 0.11265708532944525, "br": 0.0}, "Litho_REG_BE_63": {"avail": 1.0, "util": 0.9506005693258349, "br": 0.0}, "Litho_REG_FE_64": {"avail": 1.0, "util": 0.9760069826722607, "br": 0.0}, "Planar_BE_75": {"avail": 1.0, "util": 0.8006075123238214, "br": 0.0}, "Planar_FE_76": {"avail": 1.0, "util": 0.9306394501145595, "br": 0.0}, "Planar_FE_77": {"avail": 1.0, "util": 0.8988058043463167, "br": 0.0}, "Planar_FE_78": {"avail": 1.0, "util": 0.736339651461501, "br": 0.0}, "Planar_FE_79": {"avail": 1.0, "util": 0.9044921196972853, "br": 0.0}, "Planar_FE_80": {"avail": 1.0, "util": 0.6444837880997014, "br": 0.0}, "TF_BE_2": {"avail": 1.0, "util": 0.26897174199819485, "br": 0.0}, "TF_BE_23": {"avail": 1.0, "util": 0.769759224138246, "br": 0.0}, "TF_BE_24": {"avail": 1.0, "util": 0.28996736790946326, "br": 0.0}, "TF_BE_26": {"avail": 1.0, "util": 0.6773959128885185, "br": 0.0}, "TF_BE_40": {"avail": 1.0, "util": 0.7611059038626212, "br": 0.0}, "TF_FE_103": {"avail": 1.0, "util": 0.7422238422550858, "br": 0.0}, "TF_FE_104": {"avail": 1.0, "util": 0.8693188918975213, "br": 0.0}, "TF_FE_113": {"avail": 1.0, "util": 0.5008678747483163, "br": 0.0}, "TF_FE_131": {"avail": 1.0, "util": 0.3449859982873938, "br": 0.0}, "TF_FE_3": {"avail": 1.0, "util": 0.8325001735749497, "br": 0.0}, "TF_FE_5": {"avail": 1.0, "util": 0.6713531903075748, "br": 0.0}, "TF_Met_FE_45": {"avail": 1.0, "util": 0.10699159897243629, "br": 0.0}, "TF_Met_FE_61": {"avail": 1.0, "util": 0.981392765396098, "br": 0.0}, "WE_BE_14": {"avail": 1.0, "util": 0.04307435950843574, "br": 0.0}, "WE_BE_16": {"avail": 1.0, "util": 0.04566949786695673, "br": 0.0}, "WE_BE_17": {"avail": 1.0, "util": 0.03697146427827536, "br": 0.0}, "WE_BE_7": {"avail": 1.0, "util": 0.005623828369089773, "br": 0.0}, "WE_BE_81": {"avail": 1.0, "util": 0.05883033627253582, "br": 0.0}, "WE_BE_82": {"avail": 1.0, "util": 0.07071443449281399, "br": 0.0}, "WE_BE_9": {"avail": 1.0, "util": 0.05310401602840678, "br": 0.0}, "WE_FE_108": {"avail": 1.0, "util": 0.04448081252913579, "br": 0.0}, "WE_FE_41": {"avail": 1.0, "util": 0.03771436506283413, "br": 0.0}, "WE_FE_47": {"avail": 1.0, "util": 0.034217408410284894, "br": 0.0}, "WE_FE_8": {"avail": 1.0, "util": 0.046101506630563074, "br": 0.0}, "WE_FE_83": {"avail": 1.0, "util": 0.042927564693863385, "br": 0.0}, "WE_FE_84": {"avail": 1.0, "util": 0.04293858532558804, "br": 0.0}, "WE_FE_85": {"avail": 1.0, "util": 0.023953343053530515, "br": 0.0}}, "plugins": {"cost": 448200.0}}