{"lots": {}, "machines": {"DE_BE_11": {"avail": 1.0, "util": 0.7627690598527982, "br": 0.0}, "DE_BE_12": {"avail": 1.0, "util": 0.7071548704655218, "br": 0.0}, "DE_BE_13": {"avail": 1.0, "util": 0.818923958973952, "br": 0.0}, "DE_BE_48": {"avail": 1.0, "util": 0.9139425079850021, "br": 0.0}, "DE_BE_50": {"avail": 1.0, "util": 0.912890185005169, "br": 0.0}, "DE_BE_65": {"avail": 1.0, "util": 0.7129769558149603, "br": 0.0}, "DE_BE_66": {"avail": 1.0, "util": 0.7205651261886142, "br": 0.0}, "DE_BE_67": {"avail": 1.0, "util": 0.7821552562144147, "br": 0.0}, "DE_BE_69": {"avail": 1.0, "util": 0.8325232606582419, "br": 0.0}, "DE_FE_1": {"avail": 1.0, "util": 0.5647330727875097, "br": 0.0}, "DE_FE_51": {"avail": 1.0, "util": 0.5894429867196808, "br": 0.0}, "DE_FE_53": {"avail": 1.0, "util": 0.6857936397722538, "br": 0.0}, "DE_FE_54": {"avail": 1.0, "util": 0.8146924038328011, "br": 0.0}, "DE_FE_56": {"avail": 1.0, "util": 0.7510415220108319, "br": 0.0}, "DE_FE_58": {"avail": 1.0, "util": 0.4968985789010785, "br": 0.0}, "DE_FE_59": {"avail": 1.0, "util": 0.6999120492524187, "br": 0.0}, "DE_FE_62": {"avail": 1.0, "util": 0.9213154918959668, "br": 0.0}, "DE_FE_70": {"avail": 1.0, "util": 0.9089335882836785, "br": 0.0}, "DE_FE_71": {"avail": 1.0, "util": 0.6965600015870812, "br": 0.0}, "DE_FE_72": {"avail": 1.0, "util": 0.9306654939900323, "br": 0.0}, "DE_FE_86": {"avail": 1.0, "util": 0.6520766148734487, "br": 0.0}, "DefMEt_FE_118": {"avail": 1.0, "util": 0.37251770587418415, "br": 0.0}, "DefMet_BE_33": {"avail": 1.0, "util": 0.9431676156089432, "br": 0.0}, "DefMet_BE_42": {"avail": 1.0, "util": 0.9243160672128871, "br": 0.0}, "DefMet_FE_10": {"avail": 1.0, "util": 0.6667476739341758, "br": 0.0}, "DefMet_FE_106": {"avail": 1.0, "util": 0.3882099708373837, "br": 0.0}, "DefMet_FE_34": {"avail": 1.0, "util": 0.6424802110817942, "br": 0.0}, "DefMet_FE_43": {"avail": 1.0, "util": 0.952703328241448, "br": 0.0}, "Delay_32": {"avail": 1.0, "util": 0.39418379391751146, "br": 0.0}, "Dielectric_BE_20": {"avail": 1.0, "util": 0.9529232051104013, "br": 0.0}, "Dielectric_BE_21": {"avail": 1.0, "util": 0.9280915845021525, "br": 0.0}, "Dielectric_BE_27": {"avail": 1.0, "util": 0.8242651483590243, "br": 0.0}, "Dielectric_BE_28": {"avail": 1.0, "util": 0.8230801277600334, "br": 0.0}, "Dielectric_BE_60": {"avail": 1.0, "util": 0.8782113595333981, "br": 0.0}, "Dielectric_FE_112": {"avail": 1.0, "util": 0.8885363144007777, "br": 0.0}, "Dielectric_FE_130": {"avail": 1.0, "util": 0.876406054714623, "br": 0.0}, "Dielectric_FE_29": {"avail": 1.0, "util": 0.9710456880988751, "br": 0.0}, "Dielectric_FE_30": {"avail": 1.0, "util": 0.9654909040411054, "br": 0.0}, "Dielectric_FE_31": {"avail": 1.0, "util": 0.9236217192056658, "br": 0.0}, "Diffusion_BE_123": {"avail": 1.0, "util": 0.0, "br": 0.0}, "Diffusion_FE_100": {"avail": 1.0, "util": 0.0, "br": 0.0}, "Diffusion_FE_101": {"avail": 1.0, "util": 0.0, "br": 0.0}, "Diffusion_FE_120": {"avail": 1.0, "util": 0.0, "br": 0.0}, "Diffusion_FE_122": {"avail": 1.0, "util": 0.0, "br": 0.0}, "Diffusion_FE_125": {"avail": 1.0, "util": 0.0, "br": 0.0}, "Diffusion_FE_126": {"avail": 1.0, "util": 0.0, "br": 0.0}, "Diffusion_FE_127": {"avail": 1.0, "util": 0.0, "br": 0.0}, "Diffusion_FE_44": {"avail": 1.0, "util": 0.0, "br": 0.0}, "Diffusion_FE_94": {"avail": 1.0, "util": 0.0, "br": 0.0}, "EPI_36": {"avail": 1.0, "util": 0.008887654492431606, "br": 0.0}, "EPI_38": {"avail": 1.0, "util": 0.026454659075128454, "br": 0.0}, "Implant_119": {"avail": 1.0, "util": 0.02079572281627552, "br": 0.0}, "Implant_128": {"avail": 1.0, "util": 0.05158311345646438, "br": 0.0}, "Implant_132": {"avail": 1.0, "util": 0.044716011665046525, "br": 0.0}, "Implant_74": {"avail": 1.0, "util": 0.008540480488820997, "br": 0.0}, "Implant_88": {"avail": 1.0, "util": 0.014338286349118178, "br": 0.0}, "Implant_90": {"avail": 1.0, "util": 0.04502846826829607, "br": 0.0}, "Implant_91": {"avail": 1.0, "util": 0.04670647595241401, "br": 0.0}, "LithoMet_BE_18": {"avail": 1.0, "util": 0.9732996485530856, "br": 0.0}, "LithoMet_FE_19": {"avail": 1.0, "util": 0.9702163279791386, "br": 0.0}, "LithoTrack_BE_117": {"avail": 1.0, "util": 0.11370642966254686, "br": 0.0}, "LithoTrack_FE_115": {"avail": 1.0, "util": 0.05287119708319379, "br": 0.0}, "LithoTrack_FE_95": {"avail": 1.0, "util": 0.06231702512972971, "br": 0.0}, "LithoTrack_FE_96": {"avail": 1.0, "util": 0.003818914039716706, "br": 0.0}, "Litho_BE_110": {"avail": 1.0, "util": 0.0711260340825679, "br": 0.0}, "Litho_BE_93": {"avail": 1.0, "util": 0.060153682358931634, "br": 0.0}, "Litho_BE_99": {"avail": 1.0, "util": 0.2085358515021062, "br": 0.0}, "Litho_FE_111": {"avail": 1.0, "util": 0.10739985608059487, "br": 0.0}, "Litho_FE_35": {"avail": 1.0, "util": 0.06686571309540341, "br": 0.0}, "Litho_FE_92": {"avail": 1.0, "util": 0.10561874823782891, "br": 0.0}, "Litho_FE_98": {"avail": 1.0, "util": 0.11269268157200389, "br": 0.0}, "Litho_REG_BE_63": {"avail": 1.0, "util": 0.9592938480766561, "br": 0.0}, "Litho_REG_FE_64": {"avail": 1.0, "util": 0.9649304660067054, "br": 0.0}, "Planar_BE_75": {"avail": 1.0, "util": 0.8029232051104014, "br": 0.0}, "Planar_FE_76": {"avail": 1.0, "util": 0.9313984168865436, "br": 0.0}, "Planar_FE_77": {"avail": 1.0, "util": 0.8895986668518261, "br": 0.0}, "Planar_FE_78": {"avail": 1.0, "util": 0.7360783224552145, "br": 0.0}, "Planar_FE_79": {"avail": 1.0, "util": 0.898986251909457, "br": 0.0}, "Planar_FE_80": {"avail": 1.0, "util": 0.6428273850854048, "br": 0.0}, "TF_BE_2": {"avail": 1.0, "util": 0.2632099708373837, "br": 0.0}, "TF_BE_23": {"avail": 1.0, "util": 0.7770412004180707, "br": 0.0}, "TF_BE_24": {"avail": 1.0, "util": 0.29216775447854465, "br": 0.0}, "TF_BE_26": {"avail": 1.0, "util": 0.6586307457297598, "br": 0.0}, "TF_BE_40": {"avail": 1.0, "util": 0.7471589594037865, "br": 0.0}, "TF_FE_103": {"avail": 1.0, "util": 0.742275378419664, "br": 0.0}, "TF_FE_104": {"avail": 1.0, "util": 0.8691292875989446, "br": 0.0}, "TF_FE_113": {"avail": 1.0, "util": 0.49559089015414526, "br": 0.0}, "TF_FE_131": {"avail": 1.0, "util": 0.4602485765865852, "br": 0.0}, "TF_FE_3": {"avail": 1.0, "util": 0.9952784335508957, "br": 0.0}, "TF_FE_5": {"avail": 1.0, "util": 0.6727364254964588, "br": 0.0}, "TF_Met_FE_45": {"avail": 1.0, "util": 0.10564504929870851, "br": 0.0}, "TF_Met_FE_61": {"avail": 1.0, "util": 0.9776419941674768, "br": 0.0}, "WE_BE_14": {"avail": 1.0, "util": 0.043119011248437714, "br": 0.0}, "WE_BE_16": {"avail": 1.0, "util": 0.045441219583699795, "br": 0.0}, "WE_BE_17": {"avail": 1.0, "util": 0.036904596583807805, "br": 0.0}, "WE_BE_7": {"avail": 1.0, "util": 0.005693653659213998, "br": 0.0}, "WE_BE_81": {"avail": 1.0, "util": 0.05413599962968106, "br": 0.0}, "WE_BE_82": {"avail": 1.0, "util": 0.06989307040688793, "br": 0.0}, "WE_BE_9": {"avail": 1.0, "util": 0.05381197055964449, "br": 0.0}, "WE_FE_108": {"avail": 1.0, "util": 0.04449382030273573, "br": 0.0}, "WE_FE_41": {"avail": 1.0, "util": 0.037925288154423, "br": 0.0}, "WE_FE_47": {"avail": 1.0, "util": 0.033282414479470446, "br": 0.0}, "WE_FE_8": {"avail": 1.0, "util": 0.04398694625746424, "br": 0.0}, "WE_FE_83": {"avail": 1.0, "util": 0.04295038387525542, "br": 0.0}, "WE_FE_84": {"avail": 1.0, "util": 0.042825842089833206, "br": 0.0}, "WE_FE_85": {"avail": 1.0, "util": 0.023955006249132067, "br": 0.0}}, "plugins": {"cost": 448200.0}}