{"lots": {}, "machines": {"DE_BE_11": {"avail": 1.0, "util": 0.6274743079344506, "br": 0.0}, "DE_BE_12": {"avail": 1.0, "util": 0.9479934985443734, "br": 0.0}, "DE_BE_13": {"avail": 1.0, "util": 0.8234819527292446, "br": 0.0}, "DE_BE_48": {"avail": 1.0, "util": 0.77950652717341, "br": 0.0}, "DE_BE_50": {"avail": 1.0, "util": 0.715869929739016, "br": 0.0}, "DE_BE_65": {"avail": 1.0, "util": 0.7472102256327029, "br": 0.0}, "DE_BE_66": {"avail": 1.0, "util": 0.6913443686988047, "br": 0.0}, "DE_BE_67": {"avail": 1.0, "util": 0.8844551430423109, "br": 0.0}, "DE_BE_69": {"avail": 1.0, "util": 0.9193593185816128, "br": 0.0}, "DE_FE_1": {"avail": 1.0, "util": 0.7481846918936077, "br": 0.0}, "DE_FE_51": {"avail": 1.0, "util": 0.5285548609046921, "br": 0.0}, "DE_FE_53": {"avail": 1.0, "util": 0.8136561429497268, "br": 0.0}, "DE_FE_54": {"avail": 1.0, "util": 0.8131561892417368, "br": 0.0}, "DE_FE_56": {"avail": 1.0, "util": 0.8005277289139895, "br": 0.0}, "DE_FE_58": {"avail": 1.0, "util": 0.7348393667253033, "br": 0.0}, "DE_FE_59": {"avail": 1.0, "util": 0.8140820294417184, "br": 0.0}, "DE_FE_62": {"avail": 1.0, "util": 0.7475432168979063, "br": 0.0}, "DE_FE_70": {"avail": 1.0, "util": 0.7574085020617749, "br": 0.0}, "DE_FE_71": {"avail": 1.0, "util": 0.7365968098191966, "br": 0.0}, "DE_FE_72": {"avail": 1.0, "util": 0.8235811498935284, "br": 0.0}, "DE_FE_86": {"avail": 1.0, "util": 0.7434582531795753, "br": 0.0}, "DefMEt_FE_118": {"avail": 1.0, "util": 0.2521757244699565, "br": 0.0}, "DefMet_BE_33": {"avail": 1.0, "util": 0.9510693454309787, "br": 0.0}, "DefMet_BE_42": {"avail": 1.0, "util": 0.9523192297009536, "br": 0.0}, "DefMet_FE_10": {"avail": 1.0, "util": 0.5417091010091658, "br": 0.0}, "DefMet_FE_106": {"avail": 1.0, "util": 0.30085177298398297, "br": 0.0}, "DefMet_FE_34": {"avail": 1.0, "util": 0.6118414961577632, "br": 0.0}, "DefMet_FE_43": {"avail": 1.0, "util": 0.9562849118908744, "br": 0.0}, "Delay_32": {"avail": 1.0, "util": 0.40118727432645124, "br": 0.0}, "Dielectric_BE_20": {"avail": 1.0, "util": 0.8934728265901305, "br": 0.0}, "Dielectric_BE_21": {"avail": 1.0, "util": 0.9460408758448292, "br": 0.0}, "Dielectric_BE_27": {"avail": 1.0, "util": 0.7936117026201277, "br": 0.0}, "Dielectric_BE_28": {"avail": 1.0, "util": 0.7078279788908435, "br": 0.0}, "Dielectric_BE_60": {"avail": 1.0, "util": 0.906351263771873, "br": 0.0}, "Dielectric_FE_112": {"avail": 1.0, "util": 0.9388343671882233, "br": 0.0}, "Dielectric_FE_130": {"avail": 1.0, "util": 0.9707203036755856, "br": 0.0}, "Dielectric_FE_29": {"avail": 1.0, "util": 0.9053328395518934, "br": 0.0}, "Dielectric_FE_30": {"avail": 1.0, "util": 0.9281085084714378, "br": 0.0}, "Dielectric_FE_31": {"avail": 1.0, "util": 0.9574923618183502, "br": 0.0}, "Diffusion_BE_123": {"avail": 1.0, "util": 0.0, "br": 0.0}, "Diffusion_FE_100": {"avail": 1.0, "util": 0.0, "br": 0.0}, "Diffusion_FE_101": {"avail": 1.0, "util": 0.0, "br": 0.0}, "Diffusion_FE_120": {"avail": 1.0, "util": 0.0, "br": 0.0}, "Diffusion_FE_122": {"avail": 1.0, "util": 0.0, "br": 0.0}, "Diffusion_FE_125": {"avail": 1.0, "util": 0.0, "br": 0.0}, "Diffusion_FE_126": {"avail": 1.0, "util": 0.0, "br": 0.0}, "Diffusion_FE_127": {"avail": 1.0, "util": 0.8811221183223775, "br": 0.0}, "Diffusion_FE_44": {"avail": 1.0, "util": 0.0, "br": 0.0}, "Diffusion_FE_94": {"avail": 1.0, "util": 0.0, "br": 0.0}, "EPI_36": {"avail": 1.0, "util": 0.013193222849736135, "br": 0.0}, "EPI_38": {"avail": 1.0, "util": 0.02948801036941024, "br": 0.0}, "Implant_119": {"avail": 1.0, "util": 0.017058605684658827, "br": 0.0}, "Implant_128": {"avail": 1.0, "util": 0.04452365521710953, "br": 0.0}, "Implant_132": {"avail": 1.0, "util": 0.03374687528932506, "br": 0.0}, "Implant_74": {"avail": 1.0, "util": 0.005670771224886585, "br": 0.0}, "Implant_88": {"avail": 1.0, "util": 0.024951393389500972, "br": 0.0}, "Implant_90": {"avail": 1.0, "util": 0.04087584482918248, "br": 0.0}, "Implant_91": {"avail": 1.0, "util": 0.03654754189426905, "br": 0.0}, "LithoMet_BE_18": {"avail": 1.0, "util": 0.9697357082321437, "br": 0.0}, "LithoMet_FE_19": {"avail": 1.0, "util": 0.974346511125513, "br": 0.0}, "LithoTrack_BE_117": {"avail": 1.0, "util": 0.08241829460235164, "br": 0.0}, "LithoTrack_FE_115": {"avail": 1.0, "util": 0.04119262740741144, "br": 0.0}, "LithoTrack_FE_95": {"avail": 1.0, "util": 0.04669541180049466, "br": 0.0}, "LithoTrack_FE_96": {"avail": 1.0, "util": 0.0024997685399500047, "br": 0.0}, "Litho_BE_110": {"avail": 1.0, "util": 0.05261252265001917, "br": 0.0}, "Litho_BE_93": {"avail": 1.0, "util": 0.05288090608894238, "br": 0.0}, "Litho_BE_99": {"avail": 1.0, "util": 0.147301175817054, "br": 0.0}, "Litho_FE_111": {"avail": 1.0, "util": 0.08481748322966728, "br": 0.0}, "Litho_FE_35": {"avail": 1.0, "util": 0.04180168502916397, "br": 0.0}, "Litho_FE_92": {"avail": 1.0, "util": 0.0775559502066307, "br": 0.0}, "Litho_FE_98": {"avail": 1.0, "util": 0.08234422738635311, "br": 0.0}, "Litho_REG_BE_63": {"avail": 1.0, "util": 0.9751411906304972, "br": 0.0}, "Litho_REG_FE_64": {"avail": 1.0, "util": 0.9697084925998917, "br": 0.0}, "Planar_BE_75": {"avail": 1.0, "util": 0.6631399870382372, "br": 0.0}, "Planar_FE_76": {"avail": 1.0, "util": 0.2549763910749005, "br": 0.0}, "Planar_FE_77": {"avail": 1.0, "util": 0.9581983149708361, "br": 0.0}, "Planar_FE_78": {"avail": 1.0, "util": 0.7014165355059717, "br": 0.0}, "Planar_FE_79": {"avail": 1.0, "util": 0.8296824368114063, "br": 0.0}, "Planar_FE_80": {"avail": 1.0, "util": 0.9677113230256458, "br": 0.0}, "TF_BE_2": {"avail": 1.0, "util": 0.2227340061105453, "br": 0.0}, "TF_BE_23": {"avail": 1.0, "util": 0.35875089538493027, "br": 0.0}, "TF_BE_24": {"avail": 1.0, "util": 0.1933339505601333, "br": 0.0}, "TF_BE_26": {"avail": 1.0, "util": 0.5725364935345493, "br": 0.0}, "TF_BE_40": {"avail": 1.0, "util": 0.5084830108323304, "br": 0.0}, "TF_FE_103": {"avail": 1.0, "util": 0.7428826034626423, "br": 0.0}, "TF_FE_104": {"avail": 1.0, "util": 0.3081103601518378, "br": 0.0}, "TF_FE_113": {"avail": 1.0, "util": 0.3317748356633645, "br": 0.0}, "TF_FE_131": {"avail": 1.0, "util": 0.5343718174243126, "br": 0.0}, "TF_FE_3": {"avail": 1.0, "util": 0.8898944542172021, "br": 0.0}, "TF_FE_5": {"avail": 1.0, "util": 0.3128066845662439, "br": 0.0}, "TF_Met_FE_45": {"avail": 1.0, "util": 0.07156744745856865, "br": 0.0}, "TF_Met_FE_61": {"avail": 1.0, "util": 0.9890287936302194, "br": 0.0}, "WE_BE_14": {"avail": 1.0, "util": 0.04086658642718267, "br": 0.0}, "WE_BE_16": {"avail": 1.0, "util": 0.044908393255768495, "br": 0.0}, "WE_BE_17": {"avail": 1.0, "util": 0.0508749189889825, "br": 0.0}, "WE_BE_7": {"avail": 1.0, "util": 0.015091195259698176, "br": 0.0}, "WE_BE_81": {"avail": 1.0, "util": 0.045150140419097, "br": 0.0}, "WE_BE_82": {"avail": 1.0, "util": 0.05422183131191556, "br": 0.0}, "WE_BE_9": {"avail": 1.0, "util": 0.04834869787189017, "br": 0.0}, "WE_FE_108": {"avail": 1.0, "util": 0.04256880976629148, "br": 0.0}, "WE_FE_41": {"avail": 1.0, "util": 0.04168132580316637, "br": 0.0}, "WE_FE_47": {"avail": 1.0, "util": 0.03791315618924174, "br": 0.0}, "WE_FE_8": {"avail": 1.0, "util": 0.05145356911397093, "br": 0.0}, "WE_FE_83": {"avail": 1.0, "util": 0.03912997473778883, "br": 0.0}, "WE_FE_84": {"avail": 1.0, "util": 0.03615405980927692, "br": 0.0}, "WE_FE_85": {"avail": 1.0, "util": 0.022289602814554207, "br": 0.0}}, "plugins": {"cost": 447200.0}}