{"lots": {}, "machines": {"DE_BE_11": {"avail": 1.0, "util": 0.0, "br": 0.0}, "DE_BE_12": {"avail": 1.0, "util": 0.0, "br": 0.0}, "DE_BE_13": {"avail": 1.0, "util": 0.0, "br": 0.0}, "DE_BE_48": {"avail": 1.0, "util": 0.0, "br": 0.0}, "DE_BE_50": {"avail": 1.0, "util": 0.0, "br": 0.0}, "DE_BE_65": {"avail": 1.0, "util": 0.0, "br": 0.0}, "DE_BE_66": {"avail": 1.0, "util": 0.0, "br": 0.0}, "DE_BE_67": {"avail": 1.0, "util": 0.0, "br": 0.0}, "DE_BE_69": {"avail": 1.0, "util": 0.0, "br": 0.0}, "DE_FE_1": {"avail": 1.0, "util": 0.0, "br": 0.0}, "DE_FE_51": {"avail": 1.0, "util": 0.0, "br": 0.0}, "DE_FE_53": {"avail": 1.0, "util": 0.0, "br": 0.0}, "DE_FE_54": {"avail": 1.0, "util": 0.0, "br": 0.0}, "DE_FE_56": {"avail": 1.0, "util": 0.0, "br": 0.0}, "DE_FE_58": {"avail": 1.0, "util": 0.0, "br": 0.0}, "DE_FE_59": {"avail": 1.0, "util": 0.0, "br": 0.0}, "DE_FE_62": {"avail": 1.0, "util": 0.0, "br": 0.0}, "DE_FE_70": {"avail": 1.0, "util": 0.0, "br": 0.0}, "DE_FE_71": {"avail": 1.0, "util": 0.0, "br": 0.0}, "DE_FE_72": {"avail": 1.0, "util": 0.0, "br": 0.0}, "DE_FE_86": {"avail": 1.0, "util": 0.0, "br": 0.0}, "DefMEt_FE_118": {"avail": 1.0, "util": 0.9945863409217102, "br": 0.0}, "DefMet_BE_33": {"avail": 1.0, "util": 0.526929483620211, "br": 0.0}, "DefMet_BE_42": {"avail": 1.0, "util": 0.6615769017212659, "br": 0.0}, "DefMet_FE_10": {"avail": 1.0, "util": 0.6579677956690727, "br": 0.0}, "DefMet_FE_106": {"avail": 1.0, "util": 0.2540255413659078, "br": 0.0}, "DefMet_FE_34": {"avail": 1.0, "util": 0.5093003886729595, "br": 0.0}, "DefMet_FE_43": {"avail": 1.0, "util": 0.7720710716268739, "br": 0.0}, "Delay_32": {"avail": 1.0, "util": 0.0, "br": 0.0}, "Dielectric_BE_20": {"avail": 1.0, "util": 0.6935591338145474, "br": 0.0}, "Dielectric_BE_21": {"avail": 1.0, "util": 0.632565241532482, "br": 0.0}, "Dielectric_BE_27": {"avail": 1.0, "util": 0.7633490653340737, "br": 0.0}, "Dielectric_BE_28": {"avail": 1.0, "util": 0.5725522857671664, "br": 0.0}, "Dielectric_BE_60": {"avail": 1.0, "util": 0.7197853044604848, "br": 0.0}, "Dielectric_FE_112": {"avail": 1.0, "util": 0.6432229008575482, "br": 0.0}, "Dielectric_FE_130": {"avail": 1.0, "util": 0.8854108828428651, "br": 0.0}, "Dielectric_FE_29": {"avail": 1.0, "util": 0.0, "br": 0.0}, "Dielectric_FE_30": {"avail": 1.0, "util": 0.556635202665186, "br": 0.0}, "Dielectric_FE_31": {"avail": 1.0, "util": 0.8467518045530261, "br": 0.0}, "Diffusion_BE_123": {"avail": 1.0, "util": 0.0, "br": 0.0}, "Diffusion_FE_100": {"avail": 1.0, "util": 0.0, "br": 0.0}, "Diffusion_FE_101": {"avail": 1.0, "util": 0.0, "br": 0.0}, "Diffusion_FE_120": {"avail": 1.0, "util": 0.0, "br": 0.0}, "Diffusion_FE_122": {"avail": 1.0, "util": 0.0, "br": 0.0}, "Diffusion_FE_125": {"avail": 1.0, "util": 0.0, "br": 0.0}, "Diffusion_FE_126": {"avail": 1.0, "util": 0.0, "br": 0.0}, "Diffusion_FE_127": {"avail": 1.0, "util": 0.0, "br": 0.0}, "Diffusion_FE_44": {"avail": 1.0, "util": 0.0, "br": 0.0}, "Diffusion_FE_94": {"avail": 1.0, "util": 0.0, "br": 0.0}, "EPI_36": {"avail": 1.0, "util": 0.014297612437534702, "br": 0.0}, "EPI_38": {"avail": 1.0, "util": 0.9922265408106608, "br": 0.0}, "Implant_119": {"avail": 1.0, "util": 0.008745141588006662, "br": 0.0}, "Implant_128": {"avail": 1.0, "util": 0.06645298066730604, "br": 0.0}, "Implant_132": {"avail": 1.0, "util": 0.042873007059570076, "br": 0.0}, "Implant_74": {"avail": 1.0, "util": 0.06732370905052748, "br": 0.0}, "Implant_88": {"avail": 1.0, "util": 0.0, "br": 0.0}, "Implant_90": {"avail": 1.0, "util": 0.038173237090505276, "br": 0.0}, "Implant_91": {"avail": 1.0, "util": 0.07079400333148252, "br": 0.0}, "LithoMet_BE_18": {"avail": 1.0, "util": 0.778910706173338, "br": 0.0}, "LithoMet_FE_19": {"avail": 1.0, "util": 0.78317601332593, "br": 0.0}, "LithoTrack_BE_117": {"avail": 1.0, "util": 0.19694614103275956, "br": 0.0}, "LithoTrack_FE_115": {"avail": 1.0, "util": 0.11981825814926667, "br": 0.0}, "LithoTrack_FE_95": {"avail": 1.0, "util": 0.2078567462520822, "br": 0.0}, "LithoTrack_FE_96": {"avail": 1.0, "util": 0.06052193225985564, "br": 0.0}, "Litho_BE_110": {"avail": 1.0, "util": 0.1906308089708616, "br": 0.0}, "Litho_BE_93": {"avail": 1.0, "util": 0.2531926707384786, "br": 0.0}, "Litho_BE_99": {"avail": 1.0, "util": 0.3761799000555247, "br": 0.0}, "Litho_FE_111": {"avail": 1.0, "util": 0.3231954469739034, "br": 0.0}, "Litho_FE_35": {"avail": 1.0, "util": 0.0837034980566352, "br": 0.0}, "Litho_FE_92": {"avail": 1.0, "util": 0.2139836842779652, "br": 0.0}, "Litho_FE_98": {"avail": 1.0, "util": 0.03192670738478623, "br": 0.0}, "Litho_REG_BE_63": {"avail": 1.0, "util": 0.7914700166574126, "br": 0.0}, "Litho_REG_FE_64": {"avail": 1.0, "util": 0.8410373866370534, "br": 0.0}, "Planar_BE_75": {"avail": 1.0, "util": 0.2486912032997541, "br": 0.0}, "Planar_FE_76": {"avail": 1.0, "util": 0.9239311493614658, "br": 0.0}, "Planar_FE_77": {"avail": 1.0, "util": 0.7172404219877846, "br": 0.0}, "Planar_FE_78": {"avail": 1.0, "util": 0.8410605219322599, "br": 0.0}, "Planar_FE_79": {"avail": 1.0, "util": 0.0, "br": 0.0}, "Planar_FE_80": {"avail": 1.0, "util": 0.6357579122709606, "br": 0.0}, "TF_BE_2": {"avail": 1.0, "util": 0.0, "br": 0.0}, "TF_BE_23": {"avail": 1.0, "util": 0.07041722852383596, "br": 0.0}, "TF_BE_24": {"avail": 1.0, "util": 0.0, "br": 0.0}, "TF_BE_26": {"avail": 1.0, "util": 0.07611156195276128, "br": 0.0}, "TF_BE_40": {"avail": 1.0, "util": 0.0, "br": 0.0}, "TF_FE_103": {"avail": 1.0, "util": 0.0, "br": 0.0}, "TF_FE_104": {"avail": 1.0, "util": 0.0, "br": 0.0}, "TF_FE_113": {"avail": 1.0, "util": 0.0, "br": 0.0}, "TF_FE_131": {"avail": 1.0, "util": 0.0, "br": 0.0}, "TF_FE_3": {"avail": 1.0, "util": 0.0, "br": 0.0}, "TF_FE_5": {"avail": 1.0, "util": 0.0, "br": 0.0}, "TF_Met_FE_45": {"avail": 1.0, "util": 0.2812326485285952, "br": 0.0}, "TF_Met_FE_61": {"avail": 1.0, "util": 0.9840366463076069, "br": 0.0}, "WE_BE_14": {"avail": 1.0, "util": 0.029594669627984453, "br": 0.0}, "WE_BE_16": {"avail": 1.0, "util": 0.023320377568017768, "br": 0.0}, "WE_BE_17": {"avail": 1.0, "util": 0.026651860077734593, "br": 0.0}, "WE_BE_7": {"avail": 1.0, "util": 0.011382565241532482, "br": 0.0}, "WE_BE_81": {"avail": 1.0, "util": 0.028595224875069405, "br": 0.0}, "WE_BE_82": {"avail": 1.0, "util": 0.06567339132580664, "br": 0.0}, "WE_BE_9": {"avail": 1.0, "util": 0.07151582454192117, "br": 0.0}, "WE_FE_108": {"avail": 1.0, "util": 0.026297650730437112, "br": 0.0}, "WE_FE_41": {"avail": 1.0, "util": 0.03709050527484731, "br": 0.0}, "WE_FE_47": {"avail": 1.0, "util": 0.03509161576901722, "br": 0.0}, "WE_FE_8": {"avail": 1.0, "util": 0.02637423653525819, "br": 0.0}, "WE_FE_83": {"avail": 1.0, "util": 0.0654266148436054, "br": 0.0}, "WE_FE_84": {"avail": 1.0, "util": 0.03395172616520234, "br": 0.0}, "WE_FE_85": {"avail": 1.0, "util": 0.08661854525263743, "br": 0.0}}, "plugins": {"cost": 429200}}