{"lots": {}, "machines": {"DE_BE_11": {"avail": 1.0, "util": 0.6724731580895964, "br": 0.0}, "DE_BE_12": {"avail": 1.0, "util": 0.94507178411288, "br": 0.0}, "DE_BE_13": {"avail": 1.0, "util": 0.6630348548156767, "br": 0.0}, "DE_BE_48": {"avail": 1.0, "util": 0.7009626064420584, "br": 0.0}, "DE_BE_50": {"avail": 1.0, "util": 0.8435970216792135, "br": 0.0}, "DE_BE_65": {"avail": 1.0, "util": 0.7168151229392163, "br": 0.0}, "DE_BE_66": {"avail": 1.0, "util": 0.6691235215027572, "br": 0.0}, "DE_BE_67": {"avail": 1.0, "util": 0.637624953720844, "br": 0.0}, "DE_BE_69": {"avail": 1.0, "util": 0.7451869677897075, "br": 0.0}, "DE_FE_1": {"avail": 1.0, "util": 0.7490876394985984, "br": 0.0}, "DE_FE_51": {"avail": 1.0, "util": 0.6769471345895283, "br": 0.0}, "DE_FE_53": {"avail": 1.0, "util": 0.9116623472787857, "br": 0.0}, "DE_FE_54": {"avail": 1.0, "util": 0.5428174750092558, "br": 0.0}, "DE_FE_56": {"avail": 1.0, "util": 0.5962143650499815, "br": 0.0}, "DE_FE_58": {"avail": 1.0, "util": 0.6449154634086142, "br": 0.0}, "DE_FE_59": {"avail": 1.0, "util": 0.7820807108478341, "br": 0.0}, "DE_FE_62": {"avail": 1.0, "util": 0.7606970963135348, "br": 0.0}, "DE_FE_70": {"avail": 1.0, "util": 0.6810440577563865, "br": 0.0}, "DE_FE_71": {"avail": 1.0, "util": 0.7527106362722802, "br": 0.0}, "DE_FE_72": {"avail": 1.0, "util": 0.8632605207947673, "br": 0.0}, "DE_FE_86": {"avail": 1.0, "util": 0.7615423642820903, "br": 0.0}, "DefMEt_FE_118": {"avail": 1.0, "util": 0.49500185116623474, "br": 0.0}, "DefMet_BE_33": {"avail": 1.0, "util": 0.8456590151795631, "br": 0.0}, "DefMet_BE_42": {"avail": 1.0, "util": 0.9798222880414661, "br": 0.0}, "DefMet_FE_10": {"avail": 1.0, "util": 0.8047019622362088, "br": 0.0}, "DefMet_FE_106": {"avail": 1.0, "util": 0.5135135135135135, "br": 0.0}, "DefMet_FE_34": {"avail": 1.0, "util": 0.7042299148463532, "br": 0.0}, "DefMet_FE_43": {"avail": 1.0, "util": 0.9125169690238184, "br": 0.0}, "Delay_32": {"avail": 1.0, "util": 0.21544381710477603, "br": 0.0}, "Dielectric_BE_20": {"avail": 1.0, "util": 0.7946131062569419, "br": 0.0}, "Dielectric_BE_21": {"avail": 1.0, "util": 0.8666697519437245, "br": 0.0}, "Dielectric_BE_27": {"avail": 1.0, "util": 0.7710601011970875, "br": 0.0}, "Dielectric_BE_28": {"avail": 1.0, "util": 0.8479266938171047, "br": 0.0}, "Dielectric_BE_60": {"avail": 1.0, "util": 0.805696964087375, "br": 0.0}, "Dielectric_FE_112": {"avail": 1.0, "util": 0.8612550907071455, "br": 0.0}, "Dielectric_FE_130": {"avail": 1.0, "util": 0.8554470566456868, "br": 0.0}, "Dielectric_FE_29": {"avail": 1.0, "util": 0.7731395779340985, "br": 0.0}, "Dielectric_FE_30": {"avail": 1.0, "util": 0.927156608663458, "br": 0.0}, "Dielectric_FE_31": {"avail": 1.0, "util": 0.8819418733802296, "br": 0.0}, "Diffusion_BE_123": {"avail": 1.0, "util": 0.0, "br": 0.0}, "Diffusion_FE_100": {"avail": 1.0, "util": 0.0, "br": 0.0}, "Diffusion_FE_101": {"avail": 1.0, "util": 0.0, "br": 0.0}, "Diffusion_FE_120": {"avail": 1.0, "util": 0.0, "br": 0.0}, "Diffusion_FE_122": {"avail": 1.0, "util": 0.0, "br": 0.0}, "Diffusion_FE_125": {"avail": 1.0, "util": 0.0, "br": 0.0}, "Diffusion_FE_126": {"avail": 1.0, "util": 0.0, "br": 0.0}, "Diffusion_FE_127": {"avail": 1.0, "util": 0.0, "br": 0.0}, "Diffusion_FE_44": {"avail": 1.0, "util": 0.0, "br": 0.0}, "Diffusion_FE_94": {"avail": 1.0, "util": 0.0, "br": 0.0}, "EPI_36": {"avail": 1.0, "util": 0.012032580525731211, "br": 0.0}, "EPI_38": {"avail": 1.0, "util": 0.011847463902258423, "br": 0.0}, "Implant_119": {"avail": 1.0, "util": 0.024620510921880785, "br": 0.0}, "Implant_128": {"avail": 1.0, "util": 0.0622639763050722, "br": 0.0}, "Implant_132": {"avail": 1.0, "util": 0.03775222139948167, "br": 0.0}, "Implant_74": {"avail": 1.0, "util": 0.011384672343576454, "br": 0.0}, "Implant_88": {"avail": 1.0, "util": 0.0023139577934098484, "br": 0.0}, "Implant_90": {"avail": 1.0, "util": 0.057571269900037025, "br": 0.0}, "Implant_91": {"avail": 1.0, "util": 0.04976551894360113, "br": 0.0}, "LithoMet_BE_18": {"avail": 1.0, "util": 0.938135448409421, "br": 0.0}, "LithoMet_FE_19": {"avail": 1.0, "util": 0.9490517915175448, "br": 0.0}, "LithoTrack_BE_117": {"avail": 1.0, "util": 0.13311736393928175, "br": 0.0}, "LithoTrack_FE_115": {"avail": 1.0, "util": 0.057257297587676316, "br": 0.0}, "LithoTrack_FE_95": {"avail": 1.0, "util": 0.07571081005523275, "br": 0.0}, "LithoTrack_FE_96": {"avail": 1.0, "util": 0.00518326545723806, "br": 0.0}, "Litho_BE_110": {"avail": 1.0, "util": 0.09139802718569841, "br": 0.0}, "Litho_BE_93": {"avail": 1.0, "util": 0.07666913488831298, "br": 0.0}, "Litho_BE_99": {"avail": 1.0, "util": 0.25219054671109464, "br": 0.0}, "Litho_FE_111": {"avail": 1.0, "util": 0.13362895897142474, "br": 0.0}, "Litho_FE_35": {"avail": 1.0, "util": 0.055534987041836355, "br": 0.0}, "Litho_FE_92": {"avail": 1.0, "util": 0.1286083717590567, "br": 0.0}, "Litho_FE_98": {"avail": 1.0, "util": 0.14994446501295816, "br": 0.0}, "Litho_REG_BE_63": {"avail": 1.0, "util": 0.9157603665309145, "br": 0.0}, "Litho_REG_FE_64": {"avail": 1.0, "util": 0.9367694504680806, "br": 0.0}, "Planar_BE_75": {"avail": 1.0, "util": 0.7206451314328027, "br": 0.0}, "Planar_FE_76": {"avail": 1.0, "util": 0.7202887819326176, "br": 0.0}, "Planar_FE_77": {"avail": 1.0, "util": 0.9544613106256942, "br": 0.0}, "Planar_FE_78": {"avail": 1.0, "util": 0.14351166234727877, "br": 0.0}, "Planar_FE_79": {"avail": 1.0, "util": 0.8570714550166604, "br": 0.0}, "Planar_FE_80": {"avail": 1.0, "util": 0.8580618289522399, "br": 0.0}, "TF_BE_2": {"avail": 1.0, "util": 0.6232413920770085, "br": 0.0}, "TF_BE_23": {"avail": 1.0, "util": 0.5732038816033048, "br": 0.0}, "TF_BE_24": {"avail": 1.0, "util": 0.39313217326915956, "br": 0.0}, "TF_BE_26": {"avail": 1.0, "util": 0.6836542021473528, "br": 0.0}, "TF_BE_40": {"avail": 1.0, "util": 0.805619832160928, "br": 0.0}, "TF_FE_103": {"avail": 1.0, "util": 0.990373935579415, "br": 0.0}, "TF_FE_104": {"avail": 1.0, "util": 0.7731580895964458, "br": 0.0}, "TF_FE_113": {"avail": 1.0, "util": 0.6503609774157719, "br": 0.0}, "TF_FE_131": {"avail": 1.0, "util": 0.1511477230655313, "br": 0.0}, "TF_FE_3": {"avail": 1.0, "util": 0.8825897815623843, "br": 0.0}, "TF_FE_5": {"avail": 1.0, "util": 0.6269437245464643, "br": 0.0}, "TF_Met_FE_45": {"avail": 1.0, "util": 0.14226212513883746, "br": 0.0}, "TF_Met_FE_61": {"avail": 1.0, "util": 0.9574694557571269, "br": 0.0}, "WE_BE_14": {"avail": 1.0, "util": 0.0402258422806368, "br": 0.0}, "WE_BE_16": {"avail": 1.0, "util": 0.043502406516105145, "br": 0.0}, "WE_BE_17": {"avail": 1.0, "util": 0.04563124768604221, "br": 0.0}, "WE_BE_7": {"avail": 1.0, "util": 0.0074046649389115145, "br": 0.0}, "WE_BE_81": {"avail": 1.0, "util": 0.05016660496112551, "br": 0.0}, "WE_BE_82": {"avail": 1.0, "util": 0.08283043317289893, "br": 0.0}, "WE_BE_9": {"avail": 1.0, "util": 0.060440577563865235, "br": 0.0}, "WE_FE_108": {"avail": 1.0, "util": 0.04107737874861163, "br": 0.0}, "WE_FE_41": {"avail": 1.0, "util": 0.04405775638652351, "br": 0.0}, "WE_FE_47": {"avail": 1.0, "util": 0.03861224237936567, "br": 0.0}, "WE_FE_8": {"avail": 1.0, "util": 0.04586264346538319, "br": 0.0}, "WE_FE_83": {"avail": 1.0, "util": 0.04441476701750674, "br": 0.0}, "WE_FE_84": {"avail": 1.0, "util": 0.04667509975729154, "br": 0.0}, "WE_FE_85": {"avail": 1.0, "util": 0.03179378008145131, "br": 0.0}}, "plugins": {"cost": 448600.0}}