{"lots": {}, "machines": {"DE_BE_11": {"avail": 1.0, "util": 0.8819805858179324, "br": 0.0}, "DE_BE_12": {"avail": 1.0, "util": 0.7030938667882669, "br": 0.0}, "DE_BE_13": {"avail": 1.0, "util": 0.8597865946419135, "br": 0.0}, "DE_BE_48": {"avail": 1.0, "util": 0.6836444382763167, "br": 0.0}, "DE_BE_50": {"avail": 1.0, "util": 0.8032613975435431, "br": 0.0}, "DE_BE_65": {"avail": 1.0, "util": 0.8281678768112741, "br": 0.0}, "DE_BE_66": {"avail": 1.0, "util": 0.6610473208782507, "br": 0.0}, "DE_BE_67": {"avail": 1.0, "util": 0.7514398723197557, "br": 0.0}, "DE_BE_69": {"avail": 1.0, "util": 0.3724469733768186, "br": 0.0}, "DE_FE_1": {"avail": 1.0, "util": 0.5676080771632781, "br": 0.0}, "DE_FE_51": {"avail": 1.0, "util": 0.2810457289570467, "br": 0.0}, "DE_FE_53": {"avail": 1.0, "util": 0.13958781486364583, "br": 0.0}, "DE_FE_54": {"avail": 1.0, "util": 0.8147711239099761, "br": 0.0}, "DE_FE_56": {"avail": 1.0, "util": 0.8936229269308167, "br": 0.0}, "DE_FE_58": {"avail": 1.0, "util": 0.73659010478107, "br": 0.0}, "DE_FE_59": {"avail": 1.0, "util": 0.8114894871972799, "br": 0.0}, "DE_FE_62": {"avail": 1.0, "util": 0.6569409805418247, "br": 0.0}, "DE_FE_70": {"avail": 1.0, "util": 0.816169466506015, "br": 0.0}, "DE_FE_71": {"avail": 1.0, "util": 0.663971965859413, "br": 0.0}, "DE_FE_72": {"avail": 1.0, "util": 0.5852032222860063, "br": 0.0}, "DE_FE_86": {"avail": 1.0, "util": 0.6659149260981195, "br": 0.0}, "DefMEt_FE_118": {"avail": 1.0, "util": 0.30917354798417873, "br": 0.0}, "DefMet_BE_33": {"avail": 1.0, "util": 0.8916799666921102, "br": 0.0}, "DefMet_BE_42": {"avail": 1.0, "util": 0.9838317951564777, "br": 0.0}, "DefMet_FE_10": {"avail": 1.0, "util": 0.46714315453473043, "br": 0.0}, "DefMet_FE_106": {"avail": 1.0, "util": 0.131704947609465, "br": 0.0}, "DefMet_FE_34": {"avail": 1.0, "util": 0.48660745264034416, "br": 0.0}, "DefMet_FE_43": {"avail": 1.0, "util": 0.8114912219832072, "br": 0.0}, "Delay_32": {"avail": 1.0, "util": 0.28426687946707374, "br": 0.0}, "Dielectric_BE_20": {"avail": 1.0, "util": 0.4653250988827979, "br": 0.0}, "Dielectric_BE_21": {"avail": 1.0, "util": 0.9546989568153956, "br": 0.0}, "Dielectric_BE_27": {"avail": 1.0, "util": 0.8890026137441306, "br": 0.0}, "Dielectric_BE_28": {"avail": 1.0, "util": 0.8820345569356741, "br": 0.0}, "Dielectric_BE_60": {"avail": 1.0, "util": 0.9092013045590174, "br": 0.0}, "Dielectric_FE_112": {"avail": 1.0, "util": 0.637059653505424, "br": 0.0}, "Dielectric_FE_130": {"avail": 1.0, "util": 0.4345638748178475, "br": 0.0}, "Dielectric_FE_29": {"avail": 1.0, "util": 0.32350287974463954, "br": 0.0}, "Dielectric_FE_30": {"avail": 1.0, "util": 0.973076122406495, "br": 0.0}, "Dielectric_FE_31": {"avail": 1.0, "util": 0.40307751023523697, "br": 0.0}, "Diffusion_BE_123": {"avail": 1.0, "util": 0.0, "br": 0.0}, "Diffusion_FE_100": {"avail": 1.0, "util": 0.0, "br": 0.0}, "Diffusion_FE_101": {"avail": 1.0, "util": 0.0, "br": 0.0}, "Diffusion_FE_120": {"avail": 1.0, "util": 0.0, "br": 0.0}, "Diffusion_FE_122": {"avail": 1.0, "util": 0.0, "br": 0.0}, "Diffusion_FE_125": {"avail": 1.0, "util": 0.0, "br": 0.0}, "Diffusion_FE_126": {"avail": 1.0, "util": 0.0, "br": 0.0}, "Diffusion_FE_127": {"avail": 1.0, "util": 0.0, "br": 0.0}, "Diffusion_FE_44": {"avail": 1.0, "util": 0.0, "br": 0.0}, "Diffusion_FE_94": {"avail": 1.0, "util": 0.0, "br": 0.0}, "EPI_36": {"avail": 1.0, "util": 0.008951495385469433, "br": 0.0}, "EPI_38": {"avail": 1.0, "util": 0.31739643328013323, "br": 0.0}, "Implant_119": {"avail": 1.0, "util": 0.009298452570952744, "br": 0.0}, "Implant_128": {"avail": 1.0, "util": 0.03927555339671084, "br": 0.0}, "Implant_132": {"avail": 1.0, "util": 0.017179337212645102, "br": 0.0}, "Implant_74": {"avail": 1.0, "util": 0.017035597807230587, "br": 0.0}, "Implant_88": {"avail": 1.0, "util": 0.003538963291929776, "br": 0.0}, "Implant_90": {"avail": 1.0, "util": 0.021719519811255292, "br": 0.0}, "Implant_91": {"avail": 1.0, "util": 0.04641295835522468, "br": 0.0}, "LithoMet_BE_18": {"avail": 1.0, "util": 0.9515016937818964, "br": 0.0}, "LithoMet_FE_19": {"avail": 1.0, "util": 0.9536762592067567, "br": 0.0}, "LithoTrack_BE_117": {"avail": 1.0, "util": 0.06708764138505308, "br": 0.0}, "LithoTrack_FE_115": {"avail": 1.0, "util": 0.04749082255932545, "br": 0.0}, "LithoTrack_FE_95": {"avail": 1.0, "util": 0.0750850045104434, "br": 0.0}, "LithoTrack_FE_96": {"avail": 1.0, "util": 0.015057941849975713, "br": 0.0}, "Litho_BE_110": {"avail": 1.0, "util": 0.0717658310529698, "br": 0.0}, "Litho_BE_93": {"avail": 1.0, "util": 0.07319061827770452, "br": 0.0}, "Litho_BE_99": {"avail": 1.0, "util": 0.10716350935627876, "br": 0.0}, "Litho_FE_111": {"avail": 1.0, "util": 0.10241482201096386, "br": 0.0}, "Litho_FE_35": {"avail": 1.0, "util": 0.029179099299146485, "br": 0.0}, "Litho_FE_92": {"avail": 1.0, "util": 0.0740166432692975, "br": 0.0}, "Litho_FE_98": {"avail": 1.0, "util": 0.03698563597252099, "br": 0.0}, "Litho_REG_BE_63": {"avail": 1.0, "util": 0.9378339462910277, "br": 0.0}, "Litho_REG_FE_64": {"avail": 1.0, "util": 0.9270349038928596, "br": 0.0}, "Planar_BE_75": {"avail": 1.0, "util": 0.8491777114704046, "br": 0.0}, "Planar_FE_76": {"avail": 1.0, "util": 0.9297064742210811, "br": 0.0}, "Planar_FE_77": {"avail": 1.0, "util": 0.8965720630074249, "br": 0.0}, "Planar_FE_78": {"avail": 1.0, "util": 0.5307404066338214, "br": 0.0}, "Planar_FE_79": {"avail": 1.0, "util": 0.32293040038859205, "br": 0.0}, "Planar_FE_80": {"avail": 1.0, "util": 0.32256609534383457, "br": 0.0}, "TF_BE_2": {"avail": 1.0, "util": 0.599750190826452, "br": 0.0}, "TF_BE_23": {"avail": 1.0, "util": 0.5406782517323077, "br": 0.0}, "TF_BE_24": {"avail": 1.0, "util": 0.7295121781972105, "br": 0.0}, "TF_BE_26": {"avail": 1.0, "util": 0.8069850488142072, "br": 0.0}, "TF_BE_40": {"avail": 1.0, "util": 0.8511635311261414, "br": 0.0}, "TF_FE_103": {"avail": 1.0, "util": 0.736847844404572, "br": 0.0}, "TF_FE_104": {"avail": 1.0, "util": 0.7493720074942752, "br": 0.0}, "TF_FE_113": {"avail": 1.0, "util": 0.1102167325885319, "br": 0.0}, "TF_FE_131": {"avail": 1.0, "util": 0.7133902343117525, "br": 0.0}, "TF_FE_3": {"avail": 1.0, "util": 0.44426711077186404, "br": 0.0}, "TF_FE_5": {"avail": 1.0, "util": 0.35648694284458626, "br": 0.0}, "TF_Met_FE_45": {"avail": 1.0, "util": 0.08833529942405108, "br": 0.0}, "TF_Met_FE_61": {"avail": 1.0, "util": 0.9889667615016307, "br": 0.0}, "WE_BE_14": {"avail": 1.0, "util": 0.0373325931580043, "br": 0.0}, "WE_BE_16": {"avail": 1.0, "util": 0.03838213864409132, "br": 0.0}, "WE_BE_17": {"avail": 1.0, "util": 0.03250988827978627, "br": 0.0}, "WE_BE_7": {"avail": 1.0, "util": 0.016862119214488932, "br": 0.0}, "WE_BE_81": {"avail": 1.0, "util": 0.036893114056392104, "br": 0.0}, "WE_BE_82": {"avail": 1.0, "util": 0.04244442902412509, "br": 0.0}, "WE_BE_9": {"avail": 1.0, "util": 0.05128027201443342, "br": 0.0}, "WE_FE_108": {"avail": 1.0, "util": 0.03662192912980745, "br": 0.0}, "WE_FE_41": {"avail": 1.0, "util": 0.032516827423495945, "br": 0.0}, "WE_FE_47": {"avail": 1.0, "util": 0.030337936298660745, "br": 0.0}, "WE_FE_8": {"avail": 1.0, "util": 0.029526056484629797, "br": 0.0}, "WE_FE_83": {"avail": 1.0, "util": 0.0430111257604145, "br": 0.0}, "WE_FE_84": {"avail": 1.0, "util": 0.03680195275667689, "br": 0.0}, "WE_FE_85": {"avail": 1.0, "util": 0.025570744570120048, "br": 0.0}}, "plugins": {"cost": 429025.12796296296}}