{"lots": {}, "machines": {"DE_BE_11": {"avail": 1.0, "util": 0.8114253678758608, "br": 0.0}, "DE_BE_12": {"avail": 1.0, "util": 0.9468063298086905, "br": 0.0}, "DE_BE_13": {"avail": 1.0, "util": 0.8670092116835625, "br": 0.0}, "DE_BE_48": {"avail": 1.0, "util": 0.8084441134017581, "br": 0.0}, "DE_BE_50": {"avail": 1.0, "util": 0.8890663333796232, "br": 0.0}, "DE_BE_65": {"avail": 1.0, "util": 0.8433677140801151, "br": 0.0}, "DE_BE_66": {"avail": 1.0, "util": 0.5474920422272506, "br": 0.0}, "DE_BE_67": {"avail": 1.0, "util": 0.8180471567501147, "br": 0.0}, "DE_BE_69": {"avail": 1.0, "util": 0.061087194679751274, "br": 0.0}, "DE_FE_1": {"avail": 1.0, "util": 0.7539878720548072, "br": 0.0}, "DE_FE_51": {"avail": 1.0, "util": 0.4254316530111559, "br": 0.0}, "DE_FE_53": {"avail": 1.0, "util": 0.17976207008285885, "br": 0.0}, "DE_FE_54": {"avail": 1.0, "util": 0.8164761067135736, "br": 0.0}, "DE_FE_56": {"avail": 1.0, "util": 0.9019349164467898, "br": 0.0}, "DE_FE_58": {"avail": 1.0, "util": 0.9769013562931075, "br": 0.0}, "DE_FE_59": {"avail": 1.0, "util": 0.7559251029949544, "br": 0.0}, "DE_FE_62": {"avail": 1.0, "util": 0.8610568793549915, "br": 0.0}, "DE_FE_70": {"avail": 1.0, "util": 0.8720968889001107, "br": 0.0}, "DE_FE_71": {"avail": 1.0, "util": 0.8080642091890529, "br": 0.0}, "DE_FE_72": {"avail": 1.0, "util": 0.4385922830583294, "br": 0.0}, "DE_FE_86": {"avail": 1.0, "util": 0.7485452036244181, "br": 0.0}, "DefMEt_FE_118": {"avail": 1.0, "util": 0.20596676387538768, "br": 0.0}, "DefMet_BE_33": {"avail": 1.0, "util": 0.9439198259500995, "br": 0.0}, "DefMet_BE_42": {"avail": 1.0, "util": 0.9868536777299449, "br": 0.0}, "DefMet_FE_10": {"avail": 1.0, "util": 0.4029070036568995, "br": 0.0}, "DefMet_FE_106": {"avail": 1.0, "util": 0.1281766421330371, "br": 0.0}, "DefMet_FE_34": {"avail": 1.0, "util": 0.5515669120029626, "br": 0.0}, "DefMet_FE_43": {"avail": 1.0, "util": 0.8745266861084109, "br": 0.0}, "Delay_32": {"avail": 1.0, "util": 0.27500474471138264, "br": 0.0}, "Dielectric_BE_20": {"avail": 1.0, "util": 0.7003194000833217, "br": 0.0}, "Dielectric_BE_21": {"avail": 1.0, "util": 0.9610470767948895, "br": 0.0}, "Dielectric_BE_27": {"avail": 1.0, "util": 0.9261869493434555, "br": 0.0}, "Dielectric_BE_28": {"avail": 1.0, "util": 0.9320001851594686, "br": 0.0}, "Dielectric_BE_60": {"avail": 1.0, "util": 0.9702124704902096, "br": 0.0}, "Dielectric_FE_112": {"avail": 1.0, "util": 0.5158234195867858, "br": 0.0}, "Dielectric_FE_130": {"avail": 1.0, "util": 0.32314956256075544, "br": 0.0}, "Dielectric_FE_29": {"avail": 1.0, "util": 0.8207656344026293, "br": 0.0}, "Dielectric_FE_30": {"avail": 1.0, "util": 0.9245012266814794, "br": 0.0}, "Dielectric_FE_31": {"avail": 1.0, "util": 0.310940610100449, "br": 0.0}, "Diffusion_BE_123": {"avail": 1.0, "util": 0.0, "br": 0.0}, "Diffusion_FE_100": {"avail": 1.0, "util": 0.0, "br": 0.0}, "Diffusion_FE_101": {"avail": 1.0, "util": 0.0, "br": 0.0}, "Diffusion_FE_120": {"avail": 1.0, "util": 0.0, "br": 0.0}, "Diffusion_FE_122": {"avail": 1.0, "util": 0.0, "br": 0.0}, "Diffusion_FE_125": {"avail": 1.0, "util": 0.0, "br": 0.0}, "Diffusion_FE_126": {"avail": 1.0, "util": 0.0, "br": 0.0}, "Diffusion_FE_127": {"avail": 1.0, "util": 0.0, "br": 0.0}, "Diffusion_FE_44": {"avail": 1.0, "util": 0.696464115433703, "br": 0.0}, "Diffusion_FE_94": {"avail": 1.0, "util": 0.0, "br": 0.0}, "EPI_36": {"avail": 1.0, "util": 0.009605147433226867, "br": 0.0}, "EPI_38": {"avail": 1.0, "util": 0.2211266953663843, "br": 0.0}, "Implant_119": {"avail": 1.0, "util": 0.029972688978382633, "br": 0.0}, "Implant_128": {"avail": 1.0, "util": 0.031620187431880255, "br": 0.0}, "Implant_132": {"avail": 1.0, "util": 0.02783343583232488, "br": 0.0}, "Implant_74": {"avail": 1.0, "util": 0.011271582650557792, "br": 0.0}, "Implant_88": {"avail": 1.0, "util": 0.009512567698930705, "br": 0.0}, "Implant_90": {"avail": 1.0, "util": 0.035874647039762994, "br": 0.0}, "Implant_91": {"avail": 1.0, "util": 0.04195845815065368, "br": 0.0}, "LithoMet_BE_18": {"avail": 1.0, "util": 0.9673656436606027, "br": 0.0}, "LithoMet_FE_19": {"avail": 1.0, "util": 0.9573802580329451, "br": 0.0}, "LithoTrack_BE_117": {"avail": 1.0, "util": 0.0683886497245753, "br": 0.0}, "LithoTrack_FE_115": {"avail": 1.0, "util": 0.039925574925795085, "br": 0.0}, "LithoTrack_FE_95": {"avail": 1.0, "util": 0.057731565060408274, "br": 0.0}, "LithoTrack_FE_96": {"avail": 1.0, "util": 0.010044901171133639, "br": 0.0}, "Litho_BE_110": {"avail": 1.0, "util": 0.05313271707431939, "br": 0.0}, "Litho_BE_93": {"avail": 1.0, "util": 0.05656621765495533, "br": 0.0}, "Litho_BE_99": {"avail": 1.0, "util": 0.09549599592649169, "br": 0.0}, "Litho_FE_111": {"avail": 1.0, "util": 0.07772531592834328, "br": 0.0}, "Litho_FE_35": {"avail": 1.0, "util": 0.04189232976901356, "br": 0.0}, "Litho_FE_92": {"avail": 1.0, "util": 0.061246835375428625, "br": 0.0}, "Litho_FE_98": {"avail": 1.0, "util": 0.025887608202564458, "br": 0.0}, "Litho_REG_BE_63": {"avail": 1.0, "util": 0.9699173725871407, "br": 0.0}, "Litho_REG_FE_64": {"avail": 1.0, "util": 0.977838726102856, "br": 0.0}, "Planar_BE_75": {"avail": 1.0, "util": 0.7981860984916116, "br": 0.0}, "Planar_FE_76": {"avail": 1.0, "util": 0.9292459380641578, "br": 0.0}, "Planar_FE_77": {"avail": 1.0, "util": 0.9632227005508495, "br": 0.0}, "Planar_FE_78": {"avail": 1.0, "util": 0.4228579363977225, "br": 0.0}, "Planar_FE_79": {"avail": 1.0, "util": 0.2680183307873906, "br": 0.0}, "Planar_FE_80": {"avail": 1.0, "util": 0.2151553025042818, "br": 0.0}, "TF_BE_2": {"avail": 1.0, "util": 0.4862750543905939, "br": 0.0}, "TF_BE_23": {"avail": 1.0, "util": 0.5545592212721778, "br": 0.0}, "TF_BE_24": {"avail": 1.0, "util": 0.846190343933713, "br": 0.0}, "TF_BE_26": {"avail": 1.0, "util": 0.6628851405965696, "br": 0.0}, "TF_BE_40": {"avail": 1.0, "util": 0.6492208326185633, "br": 0.0}, "TF_FE_103": {"avail": 1.0, "util": 0.5246493542563533, "br": 0.0}, "TF_FE_104": {"avail": 1.0, "util": 0.6557330000462899, "br": 0.0}, "TF_FE_113": {"avail": 1.0, "util": 0.2923668009072814, "br": 0.0}, "TF_FE_131": {"avail": 1.0, "util": 0.9381721674458794, "br": 0.0}, "TF_FE_3": {"avail": 1.0, "util": 0.2957922510762394, "br": 0.0}, "TF_FE_5": {"avail": 1.0, "util": 0.3573732043389035, "br": 0.0}, "TF_Met_FE_45": {"avail": 1.0, "util": 0.05878813127806323, "br": 0.0}, "TF_Met_FE_61": {"avail": 1.0, "util": 0.9898856640281443, "br": 0.0}, "WE_BE_14": {"avail": 1.0, "util": 0.04588251631717817, "br": 0.0}, "WE_BE_16": {"avail": 1.0, "util": 0.040144887284173494, "br": 0.0}, "WE_BE_17": {"avail": 1.0, "util": 0.044808591399342686, "br": 0.0}, "WE_BE_7": {"avail": 1.0, "util": 0.02268203490255983, "br": 0.0}, "WE_BE_81": {"avail": 1.0, "util": 0.04465429184218241, "br": 0.0}, "WE_BE_82": {"avail": 1.0, "util": 0.044510278922166156, "br": 0.0}, "WE_BE_9": {"avail": 1.0, "util": 0.044660463824468824, "br": 0.0}, "WE_FE_108": {"avail": 1.0, "util": 0.03920432506979395, "br": 0.0}, "WE_FE_41": {"avail": 1.0, "util": 0.032041846039901865, "br": 0.0}, "WE_FE_47": {"avail": 1.0, "util": 0.03209739388047956, "br": 0.0}, "WE_FE_8": {"avail": 1.0, "util": 0.02846826829606999, "br": 0.0}, "WE_FE_83": {"avail": 1.0, "util": 0.03648413029054606, "br": 0.0}, "WE_FE_84": {"avail": 1.0, "util": 0.03386784515222559, "br": 0.0}, "WE_FE_85": {"avail": 1.0, "util": 0.025991760403647642, "br": 0.0}}, "plugins": {"cost": 429025.12994212966}}