{"lots": {}, "machines": {"DE_BE_11": {"avail": 1.0, "util": 0.7017230035364751, "br": 0.0}, "DE_BE_12": {"avail": 1.0, "util": 0.9474463360473723, "br": 0.0}, "DE_BE_13": {"avail": 1.0, "util": 0.635248818538974, "br": 0.0}, "DE_BE_48": {"avail": 1.0, "util": 0.7881703788439539, "br": 0.0}, "DE_BE_50": {"avail": 1.0, "util": 0.9343171724648409, "br": 0.0}, "DE_BE_65": {"avail": 1.0, "util": 0.7180371442029474, "br": 0.0}, "DE_BE_66": {"avail": 1.0, "util": 0.7129903774981495, "br": 0.0}, "DE_BE_67": {"avail": 1.0, "util": 0.6310645313235987, "br": 0.0}, "DE_BE_69": {"avail": 1.0, "util": 0.4975326918332099, "br": 0.0}, "DE_FE_1": {"avail": 1.0, "util": 0.7483715766099186, "br": 0.0}, "DE_FE_51": {"avail": 1.0, "util": 0.2851545151739452, "br": 0.0}, "DE_FE_53": {"avail": 1.0, "util": 0.18179126572908955, "br": 0.0}, "DE_FE_54": {"avail": 1.0, "util": 0.5424685418208735, "br": 0.0}, "DE_FE_56": {"avail": 1.0, "util": 0.8003330866025167, "br": 0.0}, "DE_FE_58": {"avail": 1.0, "util": 0.9761750555144337, "br": 0.0}, "DE_FE_59": {"avail": 1.0, "util": 0.7823487231680237, "br": 0.0}, "DE_FE_62": {"avail": 1.0, "util": 0.7685265816171027, "br": 0.0}, "DE_FE_70": {"avail": 1.0, "util": 0.7274493641073951, "br": 0.0}, "DE_FE_71": {"avail": 1.0, "util": 0.8858921375113086, "br": 0.0}, "DE_FE_72": {"avail": 1.0, "util": 0.49486070923894754, "br": 0.0}, "DE_FE_86": {"avail": 1.0, "util": 0.7600035755059028, "br": 0.0}, "DefMEt_FE_118": {"avail": 1.0, "util": 0.4133974833456699, "br": 0.0}, "DefMet_BE_33": {"avail": 1.0, "util": 0.8221687638786085, "br": 0.0}, "DefMet_BE_42": {"avail": 1.0, "util": 0.9614174685418209, "br": 0.0}, "DefMet_FE_10": {"avail": 1.0, "util": 0.41450777202072536, "br": 0.0}, "DefMet_FE_106": {"avail": 1.0, "util": 0.17348260547742414, "br": 0.0}, "DefMet_FE_34": {"avail": 1.0, "util": 0.4914415247964471, "br": 0.0}, "DefMet_FE_43": {"avail": 1.0, "util": 0.8117135455218357, "br": 0.0}, "Delay_32": {"avail": 1.0, "util": 0.20657152109548482, "br": 0.0}, "Dielectric_BE_20": {"avail": 1.0, "util": 0.4922834937083642, "br": 0.0}, "Dielectric_BE_21": {"avail": 1.0, "util": 0.8306038736738218, "br": 0.0}, "Dielectric_BE_27": {"avail": 1.0, "util": 0.8746221934369602, "br": 0.0}, "Dielectric_BE_28": {"avail": 1.0, "util": 0.9363434492968171, "br": 0.0}, "Dielectric_BE_60": {"avail": 1.0, "util": 0.8746144830989391, "br": 0.0}, "Dielectric_FE_112": {"avail": 1.0, "util": 0.6797536804013488, "br": 0.0}, "Dielectric_FE_130": {"avail": 1.0, "util": 0.5736954108068097, "br": 0.0}, "Dielectric_FE_29": {"avail": 1.0, "util": 0.2592215642733777, "br": 0.0}, "Dielectric_FE_30": {"avail": 1.0, "util": 0.9274148778682457, "br": 0.0}, "Dielectric_FE_31": {"avail": 1.0, "util": 0.3837897853441895, "br": 0.0}, "Diffusion_BE_123": {"avail": 1.0, "util": 0.0, "br": 0.0}, "Diffusion_FE_100": {"avail": 1.0, "util": 0.0, "br": 0.0}, "Diffusion_FE_101": {"avail": 1.0, "util": 0.0, "br": 0.0}, "Diffusion_FE_120": {"avail": 1.0, "util": 0.0, "br": 0.0}, "Diffusion_FE_122": {"avail": 1.0, "util": 0.0, "br": 0.0}, "Diffusion_FE_125": {"avail": 1.0, "util": 0.0, "br": 0.0}, "Diffusion_FE_126": {"avail": 1.0, "util": 0.0, "br": 0.0}, "Diffusion_FE_127": {"avail": 1.0, "util": 0.0, "br": 0.0}, "Diffusion_FE_44": {"avail": 1.0, "util": 0.0, "br": 0.0}, "Diffusion_FE_94": {"avail": 1.0, "util": 0.0, "br": 0.0}, "EPI_36": {"avail": 1.0, "util": 0.012028127313101407, "br": 0.0}, "EPI_38": {"avail": 1.0, "util": 0.4072908956328645, "br": 0.0}, "Implant_119": {"avail": 1.0, "util": 0.009021095484826054, "br": 0.0}, "Implant_128": {"avail": 1.0, "util": 0.0439068703317408, "br": 0.0}, "Implant_132": {"avail": 1.0, "util": 0.017447393465158084, "br": 0.0}, "Implant_74": {"avail": 1.0, "util": 0.02271465581051073, "br": 0.0}, "Implant_88": {"avail": 1.0, "util": 0.0, "br": 0.0}, "Implant_90": {"avail": 1.0, "util": 0.025444115470022205, "br": 0.0}, "Implant_91": {"avail": 1.0, "util": 0.050742835994501426, "br": 0.0}, "LithoMet_BE_18": {"avail": 1.0, "util": 0.9516603862458785, "br": 0.0}, "LithoMet_FE_19": {"avail": 1.0, "util": 0.943983292798985, "br": 0.0}, "LithoTrack_BE_117": {"avail": 1.0, "util": 0.08229089563286454, "br": 0.0}, "LithoTrack_FE_115": {"avail": 1.0, "util": 0.05746872235561734, "br": 0.0}, "LithoTrack_FE_95": {"avail": 1.0, "util": 0.09422418578830496, "br": 0.0}, "LithoTrack_FE_96": {"avail": 1.0, "util": 0.0201239822353812, "br": 0.0}, "Litho_BE_110": {"avail": 1.0, "util": 0.08778119267531298, "br": 0.0}, "Litho_BE_93": {"avail": 1.0, "util": 0.09243153219837158, "br": 0.0}, "Litho_BE_99": {"avail": 1.0, "util": 0.14390574882802862, "br": 0.0}, "Litho_FE_111": {"avail": 1.0, "util": 0.12486584011843078, "br": 0.0}, "Litho_FE_35": {"avail": 1.0, "util": 0.03950777202072539, "br": 0.0}, "Litho_FE_92": {"avail": 1.0, "util": 0.09074830609804703, "br": 0.0}, "Litho_FE_98": {"avail": 1.0, "util": 0.03571428571428571, "br": 0.0}, "Litho_REG_BE_63": {"avail": 1.0, "util": 0.9120558845299778, "br": 0.0}, "Litho_REG_FE_64": {"avail": 1.0, "util": 0.945009869232667, "br": 0.0}, "Planar_BE_75": {"avail": 1.0, "util": 0.8003727397694829, "br": 0.0}, "Planar_FE_76": {"avail": 1.0, "util": 0.9181624722427831, "br": 0.0}, "Planar_FE_77": {"avail": 1.0, "util": 0.9555884529977794, "br": 0.0}, "Planar_FE_78": {"avail": 1.0, "util": 0.2829385640266469, "br": 0.0}, "Planar_FE_79": {"avail": 1.0, "util": 0.21160251665433014, "br": 0.0}, "Planar_FE_80": {"avail": 1.0, "util": 0.4289415247964471, "br": 0.0}, "TF_BE_2": {"avail": 1.0, "util": 0.7077165062916358, "br": 0.0}, "TF_BE_23": {"avail": 1.0, "util": 0.7168036903880723, "br": 0.0}, "TF_BE_24": {"avail": 1.0, "util": 0.9665062916358254, "br": 0.0}, "TF_BE_26": {"avail": 1.0, "util": 0.7479288845869156, "br": 0.0}, "TF_BE_40": {"avail": 1.0, "util": 0.823823311708103, "br": 0.0}, "TF_FE_103": {"avail": 1.0, "util": 0.9676165803108808, "br": 0.0}, "TF_FE_104": {"avail": 1.0, "util": 0.764840858623242, "br": 0.0}, "TF_FE_113": {"avail": 1.0, "util": 0.14554034048852701, "br": 0.0}, "TF_FE_131": {"avail": 1.0, "util": 0.9486337281026401, "br": 0.0}, "TF_FE_3": {"avail": 1.0, "util": 0.5956081914631137, "br": 0.0}, "TF_FE_5": {"avail": 1.0, "util": 0.47612879348630643, "br": 0.0}, "TF_Met_FE_45": {"avail": 1.0, "util": 0.11745928941524797, "br": 0.0}, "TF_Met_FE_61": {"avail": 1.0, "util": 0.9921354552183568, "br": 0.0}, "WE_BE_14": {"avail": 1.0, "util": 0.04400444115470022, "br": 0.0}, "WE_BE_16": {"avail": 1.0, "util": 0.03852470392301999, "br": 0.0}, "WE_BE_17": {"avail": 1.0, "util": 0.041682087342709104, "br": 0.0}, "WE_BE_7": {"avail": 1.0, "util": 0.02266839378238342, "br": 0.0}, "WE_BE_81": {"avail": 1.0, "util": 0.03682457438934123, "br": 0.0}, "WE_BE_82": {"avail": 1.0, "util": 0.04789661978781149, "br": 0.0}, "WE_BE_9": {"avail": 1.0, "util": 0.056273131014063664, "br": 0.0}, "WE_FE_108": {"avail": 1.0, "util": 0.03445404425840373, "br": 0.0}, "WE_FE_41": {"avail": 1.0, "util": 0.0366580310880829, "br": 0.0}, "WE_FE_47": {"avail": 1.0, "util": 0.03266099185788305, "br": 0.0}, "WE_FE_8": {"avail": 1.0, "util": 0.02160436713545522, "br": 0.0}, "WE_FE_83": {"avail": 1.0, "util": 0.04792746113989637, "br": 0.0}, "WE_FE_84": {"avail": 1.0, "util": 0.04111877911786477, "br": 0.0}, "WE_FE_85": {"avail": 1.0, "util": 0.034048852701702444, "br": 0.0}}, "plugins": {"cost": 429200}}