{"lots": {}, "machines": {"LithoTrack_FE_115": {"avail": 1.0, "util": 0.15708812260536398, "br": 0.0}, "Litho_FE_111": {"avail": 1.0, "util": 0.1381704980842912, "br": 0.0}, "TF_Met_FE_45": {"avail": 1.0, "util": 0.7114463601532567, "br": 0.0}, "WE_FE_108": {"avail": 1.0, "util": 0.11398467432950192, "br": 0.0}, "WE_FE_83": {"avail": 1.0, "util": 0.14846743295019157, "br": 0.0}, "WE_FE_84": {"avail": 1.0, "util": 0.12811302681992337, "br": 0.0}}, "plugins": {"cost": 0.0}}