{"lots": {}, "machines": {"DE_BE_11": {"avail": 1.0, "util": 0.0, "br": 0.0}, "DE_BE_12": {"avail": 1.0, "util": 0.0, "br": 0.0}, "DE_BE_13": {"avail": 1.0, "util": 0.0, "br": 0.0}, "DE_BE_48": {"avail": 1.0, "util": 0.0, "br": 0.0}, "DE_BE_50": {"avail": 1.0, "util": 0.0, "br": 0.0}, "DE_BE_65": {"avail": 1.0, "util": 0.0, "br": 0.0}, "DE_BE_66": {"avail": 1.0, "util": 0.0, "br": 0.0}, "DE_BE_67": {"avail": 1.0, "util": 0.0, "br": 0.0}, "DE_BE_69": {"avail": 1.0, "util": 0.0, "br": 0.0}, "DE_FE_1": {"avail": 1.0, "util": 0.0, "br": 0.0}, "DE_FE_51": {"avail": 1.0, "util": 0.0, "br": 0.0}, "DE_FE_53": {"avail": 1.0, "util": 0.0, "br": 0.0}, "DE_FE_54": {"avail": 1.0, "util": 0.0, "br": 0.0}, "DE_FE_56": {"avail": 1.0, "util": 0.0, "br": 0.0}, "DE_FE_58": {"avail": 1.0, "util": 0.0, "br": 0.0}, "DE_FE_59": {"avail": 1.0, "util": 0.0, "br": 0.0}, "DE_FE_62": {"avail": 1.0, "util": 0.0, "br": 0.0}, "DE_FE_70": {"avail": 1.0, "util": 0.0, "br": 0.0}, "DE_FE_71": {"avail": 1.0, "util": 0.0, "br": 0.0}, "DE_FE_72": {"avail": 1.0, "util": 0.0, "br": 0.0}, "DE_FE_86": {"avail": 1.0, "util": 0.0, "br": 0.0}, "DefMEt_FE_118": {"avail": 1.0, "util": 0.986392668703138, "br": 0.0}, "DefMet_BE_33": {"avail": 1.0, "util": 0.5279089141905027, "br": 0.0}, "DefMet_BE_42": {"avail": 1.0, "util": 0.8947514579283532, "br": 0.0}, "DefMet_FE_10": {"avail": 1.0, "util": 0.658983615662316, "br": 0.0}, "DefMet_FE_106": {"avail": 1.0, "util": 0.25659539016939736, "br": 0.0}, "DefMet_FE_34": {"avail": 1.0, "util": 0.49986114968064427, "br": 0.0}, "DefMet_FE_43": {"avail": 1.0, "util": 0.865981671757845, "br": 0.0}, "Delay_32": {"avail": 1.0, "util": 0.0, "br": 0.0}, "Dielectric_BE_20": {"avail": 1.0, "util": 0.6802554845876145, "br": 0.0}, "Dielectric_BE_21": {"avail": 1.0, "util": 0.6320466537073035, "br": 0.0}, "Dielectric_BE_27": {"avail": 1.0, "util": 0.7861242247523836, "br": 0.0}, "Dielectric_BE_28": {"avail": 1.0, "util": 0.6301953161158937, "br": 0.0}, "Dielectric_BE_60": {"avail": 1.0, "util": 0.7217439600111081, "br": 0.0}, "Dielectric_FE_112": {"avail": 1.0, "util": 0.6508994415131598, "br": 0.0}, "Dielectric_FE_130": {"avail": 1.0, "util": 0.8970424881977228, "br": 0.0}, "Dielectric_FE_29": {"avail": 1.0, "util": 0.7767286864759789, "br": 0.0}, "Dielectric_FE_30": {"avail": 1.0, "util": 0.5676201055262428, "br": 0.0}, "Dielectric_FE_31": {"avail": 1.0, "util": 0.8535823382393779, "br": 0.0}, "Diffusion_BE_123": {"avail": 1.0, "util": 0.0, "br": 0.0}, "Diffusion_FE_100": {"avail": 1.0, "util": 0.0, "br": 0.0}, "Diffusion_FE_101": {"avail": 1.0, "util": 0.0, "br": 0.0}, "Diffusion_FE_120": {"avail": 1.0, "util": 0.0, "br": 0.0}, "Diffusion_FE_122": {"avail": 1.0, "util": 0.0, "br": 0.0}, "Diffusion_FE_125": {"avail": 1.0, "util": 0.0, "br": 0.0}, "Diffusion_FE_126": {"avail": 1.0, "util": 0.0, "br": 0.0}, "Diffusion_FE_127": {"avail": 1.0, "util": 0.0, "br": 0.0}, "Diffusion_FE_44": {"avail": 1.0, "util": 0.0, "br": 0.0}, "Diffusion_FE_94": {"avail": 1.0, "util": 0.0, "br": 0.0}, "EPI_36": {"avail": 1.0, "util": 0.01444043321299639, "br": 0.0}, "EPI_38": {"avail": 1.0, "util": 0.9908358789225216, "br": 0.0}, "Implant_119": {"avail": 1.0, "util": 0.07581227436823104, "br": 0.0}, "Implant_128": {"avail": 1.0, "util": 0.06437605715584055, "br": 0.0}, "Implant_132": {"avail": 1.0, "util": 0.04506684651088983, "br": 0.0}, "Implant_74": {"avail": 1.0, "util": 0.06775895584559845, "br": 0.0}, "Implant_88": {"avail": 1.0, "util": 0.0, "br": 0.0}, "Implant_90": {"avail": 1.0, "util": 0.03818383782282699, "br": 0.0}, "Implant_91": {"avail": 1.0, "util": 0.07315428254056414, "br": 0.0}, "LithoMet_BE_18": {"avail": 1.0, "util": 0.9008103809547854, "br": 0.0}, "LithoMet_FE_19": {"avail": 1.0, "util": 0.8888999087555045, "br": 0.0}, "LithoTrack_BE_117": {"avail": 1.0, "util": 0.19772285476256596, "br": 0.0}, "LithoTrack_FE_115": {"avail": 1.0, "util": 0.1209081488204496, "br": 0.0}, "LithoTrack_FE_95": {"avail": 1.0, "util": 0.2077339627881144, "br": 0.0}, "LithoTrack_FE_96": {"avail": 1.0, "util": 0.06081643987781172, "br": 0.0}, "Litho_BE_110": {"avail": 1.0, "util": 0.19032152904386462, "br": 0.0}, "Litho_BE_93": {"avail": 1.0, "util": 0.25326298250485973, "br": 0.0}, "Litho_BE_99": {"avail": 1.0, "util": 0.37887623808201426, "br": 0.0}, "Litho_FE_111": {"avail": 1.0, "util": 0.32289641766176064, "br": 0.0}, "Litho_FE_35": {"avail": 1.0, "util": 0.10094418217161899, "br": 0.0}, "Litho_FE_92": {"avail": 1.0, "util": 0.21677739089569137, "br": 0.0}, "Litho_FE_98": {"avail": 1.0, "util": 0.031796723132463206, "br": 0.0}, "Litho_REG_BE_63": {"avail": 1.0, "util": 0.8484795890030548, "br": 0.0}, "Litho_REG_FE_64": {"avail": 1.0, "util": 0.8330556326946219, "br": 0.0}, "Planar_BE_75": {"avail": 1.0, "util": 0.2519538223509343, "br": 0.0}, "Planar_FE_76": {"avail": 1.0, "util": 0.927797833935018, "br": 0.0}, "Planar_FE_77": {"avail": 1.0, "util": 0.7231324632046654, "br": 0.0}, "Planar_FE_78": {"avail": 1.0, "util": 0.8487920022216051, "br": 0.0}, "Planar_FE_79": {"avail": 1.0, "util": 0.0, "br": 0.0}, "Planar_FE_80": {"avail": 1.0, "util": 0.6457928353235213, "br": 0.0}, "TF_BE_2": {"avail": 1.0, "util": 0.0, "br": 0.0}, "TF_BE_23": {"avail": 1.0, "util": 0.07029793311381759, "br": 0.0}, "TF_BE_24": {"avail": 1.0, "util": 0.0, "br": 0.0}, "TF_BE_26": {"avail": 1.0, "util": 0.07585499754341742, "br": 0.0}, "TF_BE_40": {"avail": 1.0, "util": 0.0, "br": 0.0}, "TF_FE_103": {"avail": 1.0, "util": 0.0, "br": 0.0}, "TF_FE_104": {"avail": 1.0, "util": 0.0, "br": 0.0}, "TF_FE_113": {"avail": 1.0, "util": 0.0, "br": 0.0}, "TF_FE_131": {"avail": 1.0, "util": 0.0, "br": 0.0}, "TF_FE_3": {"avail": 1.0, "util": 0.0, "br": 0.0}, "TF_FE_5": {"avail": 1.0, "util": 0.0, "br": 0.0}, "TF_Met_FE_45": {"avail": 1.0, "util": 0.282421549569564, "br": 0.0}, "TF_Met_FE_61": {"avail": 1.0, "util": 0.9730630380449875, "br": 0.0}, "WE_BE_14": {"avail": 1.0, "util": 0.029380727575673424, "br": 0.0}, "WE_BE_16": {"avail": 1.0, "util": 0.0234309913912802, "br": 0.0}, "WE_BE_17": {"avail": 1.0, "util": 0.026798111635656763, "br": 0.0}, "WE_BE_7": {"avail": 1.0, "util": 0.011108025548458762, "br": 0.0}, "WE_BE_81": {"avail": 1.0, "util": 0.02860316578728131, "br": 0.0}, "WE_BE_82": {"avail": 1.0, "util": 0.06340831250578544, "br": 0.0}, "WE_BE_9": {"avail": 1.0, "util": 0.07109136351013608, "br": 0.0}, "WE_FE_108": {"avail": 1.0, "util": 0.03312298307941281, "br": 0.0}, "WE_FE_41": {"avail": 1.0, "util": 0.03660094418217162, "br": 0.0}, "WE_FE_47": {"avail": 1.0, "util": 0.03510136073312969, "br": 0.0}, "WE_FE_8": {"avail": 1.0, "util": 0.026103860038878088, "br": 0.0}, "WE_FE_83": {"avail": 1.0, "util": 0.06826807368323615, "br": 0.0}, "WE_FE_84": {"avail": 1.0, "util": 0.03995622131107372, "br": 0.0}, "WE_FE_85": {"avail": 1.0, "util": 0.0856706470424882, "br": 0.0}}, "plugins": {"cost": 429200}}