{"lots": {}, "machines": {"DE_BE_11": {"avail": 1.0, "util": 0.7895519166126993, "br": 0.0}, "DE_BE_12": {"avail": 1.0, "util": 0.5624360651837754, "br": 0.0}, "DE_BE_13": {"avail": 1.0, "util": 0.8003373257328296, "br": 0.0}, "DE_BE_48": {"avail": 1.0, "util": 0.7172760073675977, "br": 0.0}, "DE_BE_50": {"avail": 1.0, "util": 0.8271829031362754, "br": 0.0}, "DE_BE_65": {"avail": 1.0, "util": 0.8169051043322484, "br": 0.0}, "DE_BE_66": {"avail": 1.0, "util": 0.7870565378524432, "br": 0.0}, "DE_BE_67": {"avail": 1.0, "util": 0.7234173542250145, "br": 0.0}, "DE_BE_69": {"avail": 1.0, "util": 0.29586455731335, "br": 0.0}, "DE_FE_1": {"avail": 1.0, "util": 0.901526505689703, "br": 0.0}, "DE_FE_51": {"avail": 1.0, "util": 0.5423674715514849, "br": 0.0}, "DE_FE_53": {"avail": 1.0, "util": 0.11166250346933111, "br": 0.0}, "DE_FE_54": {"avail": 1.0, "util": 0.9754278841705986, "br": 0.0}, "DE_FE_56": {"avail": 1.0, "util": 0.9537052456286428, "br": 0.0}, "DE_FE_58": {"avail": 1.0, "util": 0.8838745489869553, "br": 0.0}, "DE_FE_59": {"avail": 1.0, "util": 0.9577990563419373, "br": 0.0}, "DE_FE_62": {"avail": 1.0, "util": 0.6891903805652153, "br": 0.0}, "DE_FE_70": {"avail": 1.0, "util": 0.964322660409255, "br": 0.0}, "DE_FE_71": {"avail": 1.0, "util": 0.9033706479168594, "br": 0.0}, "DE_FE_72": {"avail": 1.0, "util": 0.37957257840688313, "br": 0.0}, "DE_FE_86": {"avail": 1.0, "util": 0.763210036833712, "br": 0.0}, "DefMEt_FE_118": {"avail": 1.0, "util": 0.24679433805162365, "br": 0.0}, "DefMet_BE_33": {"avail": 1.0, "util": 0.9260616153205662, "br": 0.0}, "DefMet_BE_42": {"avail": 1.0, "util": 0.9948931446017207, "br": 0.0}, "DefMet_FE_10": {"avail": 1.0, "util": 0.28967527060782683, "br": 0.0}, "DefMet_FE_106": {"avail": 1.0, "util": 0.10535664723841244, "br": 0.0}, "DefMet_FE_34": {"avail": 1.0, "util": 0.5167082986400222, "br": 0.0}, "DefMet_FE_43": {"avail": 1.0, "util": 0.894632250902026, "br": 0.0}, "Delay_32": {"avail": 1.0, "util": 0.3106684707188454, "br": 0.0}, "Dielectric_BE_20": {"avail": 1.0, "util": 0.7563030807660283, "br": 0.0}, "Dielectric_BE_21": {"avail": 1.0, "util": 0.9132019613285225, "br": 0.0}, "Dielectric_BE_27": {"avail": 1.0, "util": 0.9482005735960772, "br": 0.0}, "Dielectric_BE_28": {"avail": 1.0, "util": 0.9717642705153112, "br": 0.0}, "Dielectric_BE_60": {"avail": 1.0, "util": 0.9188454066056064, "br": 0.0}, "Dielectric_FE_112": {"avail": 1.0, "util": 0.48441113886576, "br": 0.0}, "Dielectric_FE_130": {"avail": 1.0, "util": 0.34847349431029695, "br": 0.0}, "Dielectric_FE_29": {"avail": 1.0, "util": 0.9271903043759829, "br": 0.0}, "Dielectric_FE_30": {"avail": 1.0, "util": 0.9960033305578685, "br": 0.0}, "Dielectric_FE_31": {"avail": 1.0, "util": 0.32209270052733835, "br": 0.0}, "Diffusion_BE_123": {"avail": 1.0, "util": 0.0, "br": 0.0}, "Diffusion_FE_100": {"avail": 1.0, "util": 0.0, "br": 0.0}, "Diffusion_FE_101": {"avail": 1.0, "util": 0.0, "br": 0.0}, "Diffusion_FE_120": {"avail": 1.0, "util": 0.0, "br": 0.0}, "Diffusion_FE_122": {"avail": 1.0, "util": 0.0, "br": 0.0}, "Diffusion_FE_125": {"avail": 1.0, "util": 0.0, "br": 0.0}, "Diffusion_FE_126": {"avail": 1.0, "util": 0.0, "br": 0.0}, "Diffusion_FE_127": {"avail": 1.0, "util": 0.0, "br": 0.0}, "Diffusion_FE_44": {"avail": 1.0, "util": 0.0, "br": 0.0}, "Diffusion_FE_94": {"avail": 1.0, "util": 0.0, "br": 0.0}, "EPI_36": {"avail": 1.0, "util": 0.010102692200943657, "br": 0.0}, "EPI_38": {"avail": 1.0, "util": 0.2650568970302526, "br": 0.0}, "Implant_119": {"avail": 1.0, "util": 0.07427144046627811, "br": 0.0}, "Implant_128": {"avail": 1.0, "util": 0.032064188933464535, "br": 0.0}, "Implant_132": {"avail": 1.0, "util": 0.0304032353990722, "br": 0.0}, "Implant_74": {"avail": 1.0, "util": 0.013544268665001387, "br": 0.0}, "Implant_88": {"avail": 1.0, "util": 0.0057174576741604215, "br": 0.0}, "Implant_90": {"avail": 1.0, "util": 0.04288093255620316, "br": 0.0}, "Implant_91": {"avail": 1.0, "util": 0.046730898854129496, "br": 0.0}, "LithoMet_BE_18": {"avail": 1.0, "util": 0.9689854414250751, "br": 0.0}, "LithoMet_FE_19": {"avail": 1.0, "util": 0.9670393719519448, "br": 0.0}, "LithoTrack_BE_117": {"avail": 1.0, "util": 0.06767693588676103, "br": 0.0}, "LithoTrack_FE_115": {"avail": 1.0, "util": 0.0452035228095828, "br": 0.0}, "LithoTrack_FE_95": {"avail": 1.0, "util": 0.06470580072162087, "br": 0.0}, "LithoTrack_FE_96": {"avail": 1.0, "util": 0.012017762975298362, "br": 0.0}, "Litho_BE_110": {"avail": 1.0, "util": 0.06359434770541457, "br": 0.0}, "Litho_BE_93": {"avail": 1.0, "util": 0.061726339161809606, "br": 0.0}, "Litho_BE_99": {"avail": 1.0, "util": 0.10148949949116477, "br": 0.0}, "Litho_FE_111": {"avail": 1.0, "util": 0.09064113238967528, "br": 0.0}, "Litho_FE_35": {"avail": 1.0, "util": 0.047210657785179015, "br": 0.0}, "Litho_FE_92": {"avail": 1.0, "util": 0.06935246269134696, "br": 0.0}, "Litho_FE_98": {"avail": 1.0, "util": 0.03100194282542326, "br": 0.0}, "Litho_REG_BE_63": {"avail": 1.0, "util": 0.9598320843741327, "br": 0.0}, "Litho_REG_FE_64": {"avail": 1.0, "util": 0.9652928115459339, "br": 0.0}, "Planar_BE_75": {"avail": 1.0, "util": 0.8727171801276714, "br": 0.0}, "Planar_FE_76": {"avail": 1.0, "util": 0.9336941437690813, "br": 0.0}, "Planar_FE_77": {"avail": 1.0, "util": 0.8630308076602831, "br": 0.0}, "Planar_FE_78": {"avail": 1.0, "util": 0.4251734665556481, "br": 0.0}, "Planar_FE_79": {"avail": 1.0, "util": 0.2582292533999445, "br": 0.0}, "Planar_FE_80": {"avail": 1.0, "util": 0.2553705245628643, "br": 0.0}, "TF_BE_2": {"avail": 1.0, "util": 0.4248820427421593, "br": 0.0}, "TF_BE_23": {"avail": 1.0, "util": 0.5660679592403156, "br": 0.0}, "TF_BE_24": {"avail": 1.0, "util": 0.8735775742436859, "br": 0.0}, "TF_BE_26": {"avail": 1.0, "util": 0.6719016204445013, "br": 0.0}, "TF_BE_40": {"avail": 1.0, "util": 0.7635826353855447, "br": 0.0}, "TF_FE_103": {"avail": 1.0, "util": 0.6325998176123072, "br": 0.0}, "TF_FE_104": {"avail": 1.0, "util": 0.6901137940605051, "br": 0.0}, "TF_FE_113": {"avail": 1.0, "util": 0.08816726801739291, "br": 0.0}, "TF_FE_131": {"avail": 1.0, "util": 0.855759089647516, "br": 0.0}, "TF_FE_3": {"avail": 1.0, "util": 0.3569432880007401, "br": 0.0}, "TF_FE_5": {"avail": 1.0, "util": 0.3591636599130354, "br": 0.0}, "TF_Met_FE_45": {"avail": 1.0, "util": 0.07121842908687205, "br": 0.0}, "TF_Met_FE_61": {"avail": 1.0, "util": 0.9788509575353872, "br": 0.0}, "WE_BE_14": {"avail": 1.0, "util": 0.03898973077990563, "br": 0.0}, "WE_BE_16": {"avail": 1.0, "util": 0.035102692200943655, "br": 0.0}, "WE_BE_17": {"avail": 1.0, "util": 0.03302803219539273, "br": 0.0}, "WE_BE_7": {"avail": 1.0, "util": 0.02497918401332223, "br": 0.0}, "WE_BE_81": {"avail": 1.0, "util": 0.04222407253214913, "br": 0.0}, "WE_BE_82": {"avail": 1.0, "util": 0.04643661146575385, "br": 0.0}, "WE_BE_9": {"avail": 1.0, "util": 0.05193449902858729, "br": 0.0}, "WE_FE_108": {"avail": 1.0, "util": 0.047810732435614, "br": 0.0}, "WE_FE_41": {"avail": 1.0, "util": 0.02734388009991674, "br": 0.0}, "WE_FE_47": {"avail": 1.0, "util": 0.035803497085761866, "br": 0.0}, "WE_FE_8": {"avail": 1.0, "util": 0.030668887038578962, "br": 0.0}, "WE_FE_83": {"avail": 1.0, "util": 0.041372929965769266, "br": 0.0}, "WE_FE_84": {"avail": 1.0, "util": 0.04231441119328664, "br": 0.0}, "WE_FE_85": {"avail": 1.0, "util": 0.030002775464890368, "br": 0.0}}, "plugins": {"cost": 428825.129525463}}