{"lots": {}, "machines": {"DE_BE_11": {"avail": 1.0, "util": 0.778794611859464, "br": 0.0}, "DE_BE_12": {"avail": 1.0, "util": 0.7093922140443456, "br": 0.0}, "DE_BE_13": {"avail": 1.0, "util": 0.8115440315829151, "br": 0.0}, "DE_BE_48": {"avail": 1.0, "util": 0.900034717400361, "br": 0.0}, "DE_BE_50": {"avail": 1.0, "util": 0.6682405221497014, "br": 0.0}, "DE_BE_65": {"avail": 1.0, "util": 0.7602171267062582, "br": 0.0}, "DE_BE_66": {"avail": 1.0, "util": 0.8364298818146603, "br": 0.0}, "DE_BE_67": {"avail": 1.0, "util": 0.8641299819469519, "br": 0.0}, "DE_BE_69": {"avail": 1.0, "util": 0.8213095403416192, "br": 0.0}, "DE_FE_1": {"avail": 1.0, "util": 0.5562124308131807, "br": 0.0}, "DE_FE_51": {"avail": 1.0, "util": 0.532349308210117, "br": 0.0}, "DE_FE_53": {"avail": 1.0, "util": 0.6778641855297876, "br": 0.0}, "DE_FE_54": {"avail": 1.0, "util": 0.8178864046660187, "br": 0.0}, "DE_FE_56": {"avail": 1.0, "util": 0.7490973475906124, "br": 0.0}, "DE_FE_58": {"avail": 1.0, "util": 0.7418414109151507, "br": 0.0}, "DE_FE_59": {"avail": 1.0, "util": 0.6805165949173725, "br": 0.0}, "DE_FE_62": {"avail": 1.0, "util": 0.7292588330985775, "br": 0.0}, "DE_FE_70": {"avail": 1.0, "util": 0.8383985130270368, "br": 0.0}, "DE_FE_71": {"avail": 1.0, "util": 0.6527144047453727, "br": 0.0}, "DE_FE_72": {"avail": 1.0, "util": 0.8986946257464241, "br": 0.0}, "DE_FE_86": {"avail": 1.0, "util": 0.6547511405308933, "br": 0.0}, "DefMEt_FE_118": {"avail": 1.0, "util": 0.3710595750590196, "br": 0.0}, "DefMet_BE_33": {"avail": 1.0, "util": 0.91688654353562, "br": 0.0}, "DefMet_BE_42": {"avail": 1.0, "util": 0.937300374947924, "br": 0.0}, "DefMet_FE_10": {"avail": 1.0, "util": 0.8358908484932648, "br": 0.0}, "DefMet_FE_106": {"avail": 1.0, "util": 0.39064018886265794, "br": 0.0}, "DefMet_FE_34": {"avail": 1.0, "util": 0.5927996111651159, "br": 0.0}, "DefMet_FE_43": {"avail": 1.0, "util": 0.9488612692681572, "br": 0.0}, "Delay_32": {"avail": 1.0, "util": 0.3824401124843772, "br": 0.0}, "Dielectric_BE_20": {"avail": 1.0, "util": 0.9418552978752951, "br": 0.0}, "Dielectric_BE_21": {"avail": 1.0, "util": 0.9079468129426469, "br": 0.0}, "Dielectric_BE_27": {"avail": 1.0, "util": 0.8008517335555247, "br": 0.0}, "Dielectric_BE_28": {"avail": 1.0, "util": 0.8259963893903625, "br": 0.0}, "Dielectric_BE_60": {"avail": 1.0, "util": 0.9269198722399666, "br": 0.0}, "Dielectric_FE_112": {"avail": 1.0, "util": 0.899902791278989, "br": 0.0}, "Dielectric_FE_130": {"avail": 1.0, "util": 0.8561137342035828, "br": 0.0}, "Dielectric_FE_29": {"avail": 1.0, "util": 0.9722492246447253, "br": 0.0}, "Dielectric_FE_30": {"avail": 1.0, "util": 0.9769823635606166, "br": 0.0}, "Dielectric_FE_31": {"avail": 1.0, "util": 0.9072524649354257, "br": 0.0}, "Diffusion_BE_123": {"avail": 1.0, "util": 0.0, "br": 0.0}, "Diffusion_FE_100": {"avail": 1.0, "util": 0.0, "br": 0.0}, "Diffusion_FE_101": {"avail": 1.0, "util": 0.0, "br": 0.0}, "Diffusion_FE_120": {"avail": 1.0, "util": 0.0, "br": 0.0}, "Diffusion_FE_122": {"avail": 1.0, "util": 0.0, "br": 0.0}, "Diffusion_FE_125": {"avail": 1.0, "util": 0.0, "br": 0.0}, "Diffusion_FE_126": {"avail": 1.0, "util": 0.0, "br": 0.0}, "Diffusion_FE_127": {"avail": 1.0, "util": 0.0, "br": 0.0}, "Diffusion_FE_44": {"avail": 1.0, "util": 0.0, "br": 0.0}, "Diffusion_FE_94": {"avail": 1.0, "util": 0.0, "br": 0.0}, "EPI_36": {"avail": 1.0, "util": 0.008991806693514789, "br": 0.0}, "EPI_38": {"avail": 1.0, "util": 0.02624635467296209, "br": 0.0}, "Implant_119": {"avail": 1.0, "util": 0.020761005415914455, "br": 0.0}, "Implant_128": {"avail": 1.0, "util": 0.054582696847660046, "br": 0.0}, "Implant_132": {"avail": 1.0, "util": 0.03702610748507152, "br": 0.0}, "Implant_74": {"avail": 1.0, "util": 0.008401610887376754, "br": 0.0}, "Implant_88": {"avail": 1.0, "util": 0.007117067074017497, "br": 0.0}, "Implant_90": {"avail": 1.0, "util": 0.05377725315928343, "br": 0.0}, "Implant_91": {"avail": 1.0, "util": 0.04596583807804472, "br": 0.0}, "LithoMet_BE_18": {"avail": 1.0, "util": 0.9451785542606262, "br": 0.0}, "LithoMet_FE_19": {"avail": 1.0, "util": 0.9457058433242296, "br": 0.0}, "LithoTrack_BE_117": {"avail": 1.0, "util": 0.09858353006526871, "br": 0.0}, "LithoTrack_FE_115": {"avail": 1.0, "util": 0.05179699987202213, "br": 0.0}, "LithoTrack_FE_95": {"avail": 1.0, "util": 0.061361942360613174, "br": 0.0}, "LithoTrack_FE_96": {"avail": 1.0, "util": 0.003853631440077767, "br": 0.0}, "Litho_BE_110": {"avail": 1.0, "util": 0.07383151149641916, "br": 0.0}, "Litho_BE_93": {"avail": 1.0, "util": 0.06052400129611628, "br": 0.0}, "Litho_BE_99": {"avail": 1.0, "util": 0.18617784566958293, "br": 0.0}, "Litho_FE_111": {"avail": 1.0, "util": 0.10753872568203911, "br": 0.0}, "Litho_FE_35": {"avail": 1.0, "util": 0.05016664352173309, "br": 0.0}, "Litho_FE_92": {"avail": 1.0, "util": 0.10456460171777489, "br": 0.0}, "Litho_FE_98": {"avail": 1.0, "util": 0.1181085960283294, "br": 0.0}, "Litho_REG_BE_63": {"avail": 1.0, "util": 0.9474552145535342, "br": 0.0}, "Litho_REG_FE_64": {"avail": 1.0, "util": 0.9503243597119448, "br": 0.0}, "Planar_BE_75": {"avail": 1.0, "util": 0.8100298569643105, "br": 0.0}, "Planar_FE_76": {"avail": 1.0, "util": 0.7003888348840439, "br": 0.0}, "Planar_FE_77": {"avail": 1.0, "util": 0.9024788223857797, "br": 0.0}, "Planar_FE_78": {"avail": 1.0, "util": 0.4213303707818359, "br": 0.0}, "Planar_FE_79": {"avail": 1.0, "util": 0.9253437022635744, "br": 0.0}, "Planar_FE_80": {"avail": 1.0, "util": 0.9676781002638523, "br": 0.0}, "TF_BE_2": {"avail": 1.0, "util": 0.4663414803499514, "br": 0.0}, "TF_BE_23": {"avail": 1.0, "util": 0.5955020866984848, "br": 0.0}, "TF_BE_24": {"avail": 1.0, "util": 0.2882099708373837, "br": 0.0}, "TF_BE_26": {"avail": 1.0, "util": 0.6922649631995557, "br": 0.0}, "TF_BE_40": {"avail": 1.0, "util": 0.6869474147109197, "br": 0.0}, "TF_FE_103": {"avail": 1.0, "util": 0.7496354672962089, "br": 0.0}, "TF_FE_104": {"avail": 1.0, "util": 0.7554228579363977, "br": 0.0}, "TF_FE_113": {"avail": 1.0, "util": 0.33030134703513403, "br": 0.0}, "TF_FE_131": {"avail": 1.0, "util": 0.17086747211035505, "br": 0.0}, "TF_FE_3": {"avail": 1.0, "util": 0.8305790862380225, "br": 0.0}, "TF_FE_5": {"avail": 1.0, "util": 0.40355506179697265, "br": 0.0}, "TF_Met_FE_45": {"avail": 1.0, "util": 0.10686015831134564, "br": 0.0}, "TF_Met_FE_61": {"avail": 1.0, "util": 0.9755936675461742, "br": 0.0}, "WE_BE_14": {"avail": 1.0, "util": 0.038216914317455906, "br": 0.0}, "WE_BE_16": {"avail": 1.0, "util": 0.045857828388032526, "br": 0.0}, "WE_BE_17": {"avail": 1.0, "util": 0.037182335786696295, "br": 0.0}, "WE_BE_7": {"avail": 1.0, "util": 0.005624218858491876, "br": 0.0}, "WE_BE_81": {"avail": 1.0, "util": 0.040110169883812434, "br": 0.0}, "WE_BE_82": {"avail": 1.0, "util": 0.06466462991251215, "br": 0.0}, "WE_BE_9": {"avail": 1.0, "util": 0.059039419128295675, "br": 0.0}, "WE_FE_108": {"avail": 1.0, "util": 0.04262304838613685, "br": 0.0}, "WE_FE_41": {"avail": 1.0, "util": 0.038133592556589366, "br": 0.0}, "WE_FE_47": {"avail": 1.0, "util": 0.036152386242651484, "br": 0.0}, "WE_FE_8": {"avail": 1.0, "util": 0.04853492570476323, "br": 0.0}, "WE_FE_83": {"avail": 1.0, "util": 0.043009899418731526, "br": 0.0}, "WE_FE_84": {"avail": 1.0, "util": 0.04192704716937463, "br": 0.0}, "WE_FE_85": {"avail": 1.0, "util": 0.024059158450215248, "br": 0.0}}, "plugins": {"cost": 448200.0}}