{"lots": {}, "machines": {"DE_BE_11": {"avail": 1.0, "util": 0.7396812171149069, "br": 0.0}, "DE_BE_12": {"avail": 1.0, "util": 0.0, "br": 0.0}, "DE_BE_13": {"avail": 1.0, "util": 0.8375759776954055, "br": 0.0}, "DE_BE_48": {"avail": 1.0, "util": 0.6205072527805481, "br": 0.0}, "DE_BE_50": {"avail": 1.0, "util": 0.5149423691154006, "br": 0.0}, "DE_BE_65": {"avail": 1.0, "util": 0.6566133491560515, "br": 0.0}, "DE_BE_66": {"avail": 1.0, "util": 0.7208394258967301, "br": 0.0}, "DE_BE_67": {"avail": 1.0, "util": 0.4131118152781811, "br": 0.0}, "DE_BE_69": {"avail": 1.0, "util": 0.3726334305420544, "br": 0.0}, "DE_FE_1": {"avail": 1.0, "util": 0.0, "br": 0.0}, "DE_FE_51": {"avail": 1.0, "util": 0.030530481877517012, "br": 0.0}, "DE_FE_53": {"avail": 1.0, "util": 0.0, "br": 0.0}, "DE_FE_54": {"avail": 1.0, "util": 0.8060454566495394, "br": 0.0}, "DE_FE_56": {"avail": 1.0, "util": 0.6015136786557422, "br": 0.0}, "DE_FE_58": {"avail": 1.0, "util": 0.7480905429801417, "br": 0.0}, "DE_FE_59": {"avail": 1.0, "util": 0.6951985835300653, "br": 0.0}, "DE_FE_62": {"avail": 1.0, "util": 0.15597506882214074, "br": 0.0}, "DE_FE_70": {"avail": 1.0, "util": 0.583050333918269, "br": 0.0}, "DE_FE_71": {"avail": 1.0, "util": 0.816020923019951, "br": 0.0}, "DE_FE_72": {"avail": 1.0, "util": 0.14798449710267514, "br": 0.0}, "DE_FE_86": {"avail": 1.0, "util": 0.22646101412468608, "br": 0.0}, "DefMEt_FE_118": {"avail": 1.0, "util": 0.6199139008471045, "br": 0.0}, "DefMet_BE_33": {"avail": 1.0, "util": 0.8018330787390641, "br": 0.0}, "DefMet_BE_42": {"avail": 1.0, "util": 0.886682405221497, "br": 0.0}, "DefMet_FE_10": {"avail": 1.0, "util": 0.35890848493264826, "br": 0.0}, "DefMet_FE_106": {"avail": 1.0, "util": 0.2621858075267324, "br": 0.0}, "DefMet_FE_34": {"avail": 1.0, "util": 0.5178447437855853, "br": 0.0}, "DefMet_FE_43": {"avail": 1.0, "util": 0.6860158311345647, "br": 0.0}, "Delay_32": {"avail": 1.0, "util": 0.08900118039161228, "br": 0.0}, "Dielectric_BE_20": {"avail": 1.0, "util": 0.9271212331620609, "br": 0.0}, "Dielectric_BE_21": {"avail": 1.0, "util": 0.9559089015414526, "br": 0.0}, "Dielectric_BE_27": {"avail": 1.0, "util": 0.8921561820117576, "br": 0.0}, "Dielectric_BE_28": {"avail": 1.0, "util": 0.8977456834698885, "br": 0.0}, "Dielectric_BE_60": {"avail": 1.0, "util": 0.8251168819145489, "br": 0.0}, "Dielectric_FE_112": {"avail": 1.0, "util": 0.6637966949034856, "br": 0.0}, "Dielectric_FE_130": {"avail": 1.0, "util": 0.8742882932925983, "br": 0.0}, "Dielectric_FE_29": {"avail": 1.0, "util": 0.7736425496458825, "br": 0.0}, "Dielectric_FE_30": {"avail": 1.0, "util": 0.8336342174697958, "br": 0.0}, "Dielectric_FE_31": {"avail": 1.0, "util": 0.42313567560061105, "br": 0.0}, "Diffusion_BE_123": {"avail": 1.0, "util": 0.0, "br": 0.0}, "Diffusion_FE_100": {"avail": 1.0, "util": 0.0, "br": 0.0}, "Diffusion_FE_101": {"avail": 1.0, "util": 0.0, "br": 0.0}, "Diffusion_FE_120": {"avail": 1.0, "util": 0.0, "br": 0.0}, "Diffusion_FE_122": {"avail": 1.0, "util": 0.0, "br": 0.0}, "Diffusion_FE_125": {"avail": 1.0, "util": 0.0, "br": 0.0}, "Diffusion_FE_126": {"avail": 1.0, "util": 0.0, "br": 0.0}, "Diffusion_FE_127": {"avail": 1.0, "util": 0.0, "br": 0.0}, "Diffusion_FE_44": {"avail": 1.0, "util": 0.0, "br": 0.0}, "Diffusion_FE_94": {"avail": 1.0, "util": 0.0, "br": 0.0}, "EPI_36": {"avail": 1.0, "util": 0.010762394111928898, "br": 0.0}, "EPI_38": {"avail": 1.0, "util": 0.6096375503402305, "br": 0.0}, "Implant_119": {"avail": 1.0, "util": 0.08068323843910567, "br": 0.0}, "Implant_128": {"avail": 1.0, "util": 0.04065091969549684, "br": 0.0}, "Implant_132": {"avail": 1.0, "util": 0.03805027079572282, "br": 0.0}, "Implant_74": {"avail": 1.0, "util": 0.03416192195528399, "br": 0.0}, "Implant_88": {"avail": 1.0, "util": 0.0, "br": 0.0}, "Implant_90": {"avail": 1.0, "util": 0.056381058186363006, "br": 0.0}, "Implant_91": {"avail": 1.0, "util": 0.055349455432777195, "br": 0.0}, "LithoMet_BE_18": {"avail": 1.0, "util": 0.9263612377068842, "br": 0.0}, "LithoMet_FE_19": {"avail": 1.0, "util": 0.9353859582994425, "br": 0.0}, "LithoTrack_BE_117": {"avail": 1.0, "util": 0.1244827107346202, "br": 0.0}, "LithoTrack_FE_115": {"avail": 1.0, "util": 0.0744612028817136, "br": 0.0}, "LithoTrack_FE_95": {"avail": 1.0, "util": 0.13237744757672545, "br": 0.0}, "LithoTrack_FE_96": {"avail": 1.0, "util": 0.030481877517011525, "br": 0.0}, "Litho_BE_110": {"avail": 1.0, "util": 0.11461572366156875, "br": 0.0}, "Litho_BE_93": {"avail": 1.0, "util": 0.13032912095542284, "br": 0.0}, "Litho_BE_99": {"avail": 1.0, "util": 0.22760727676711567, "br": 0.0}, "Litho_FE_111": {"avail": 1.0, "util": 0.17119844466046383, "br": 0.0}, "Litho_FE_35": {"avail": 1.0, "util": 0.05881127621163727, "br": 0.0}, "Litho_FE_92": {"avail": 1.0, "util": 0.12861995662995523, "br": 0.0}, "Litho_FE_98": {"avail": 1.0, "util": 0.022844049437578114, "br": 0.0}, "Litho_REG_BE_63": {"avail": 1.0, "util": 0.9654561866407444, "br": 0.0}, "Litho_REG_FE_64": {"avail": 1.0, "util": 0.9047585983428228, "br": 0.0}, "Planar_BE_75": {"avail": 1.0, "util": 0.6769297914972127, "br": 0.0}, "Planar_FE_76": {"avail": 1.0, "util": 0.9260519372309401, "br": 0.0}, "Planar_FE_77": {"avail": 1.0, "util": 0.7289959727815581, "br": 0.0}, "Planar_FE_78": {"avail": 1.0, "util": 0.43084293848076655, "br": 0.0}, "Planar_FE_79": {"avail": 1.0, "util": 0.3203374531315095, "br": 0.0}, "Planar_FE_80": {"avail": 1.0, "util": 0.4869462574642411, "br": 0.0}, "TF_BE_2": {"avail": 1.0, "util": 0.535863074572976, "br": 0.0}, "TF_BE_23": {"avail": 1.0, "util": 0.6111849544706092, "br": 0.0}, "TF_BE_24": {"avail": 1.0, "util": 0.7244479933342591, "br": 0.0}, "TF_BE_26": {"avail": 1.0, "util": 0.5755931334323225, "br": 0.0}, "TF_BE_40": {"avail": 1.0, "util": 0.5963795878023478, "br": 0.0}, "TF_FE_103": {"avail": 1.0, "util": 0.7246215803360644, "br": 0.0}, "TF_FE_104": {"avail": 1.0, "util": 0.5661158172476045, "br": 0.0}, "TF_FE_113": {"avail": 1.0, "util": 0.2240892468638615, "br": 0.0}, "TF_FE_131": {"avail": 1.0, "util": 0.7160348099800954, "br": 0.0}, "TF_FE_3": {"avail": 1.0, "util": 0.6717122621858075, "br": 0.0}, "TF_FE_5": {"avail": 1.0, "util": 0.5320557330000463, "br": 0.0}, "TF_Met_FE_45": {"avail": 1.0, "util": 0.1757394806276906, "br": 0.0}, "TF_Met_FE_61": {"avail": 1.0, "util": 0.9765310373559228, "br": 0.0}, "WE_BE_14": {"avail": 1.0, "util": 0.04627135120122205, "br": 0.0}, "WE_BE_16": {"avail": 1.0, "util": 0.04101860852659353, "br": 0.0}, "WE_BE_17": {"avail": 1.0, "util": 0.027982224691015137, "br": 0.0}, "WE_BE_7": {"avail": 1.0, "util": 0.03430079155672823, "br": 0.0}, "WE_BE_81": {"avail": 1.0, "util": 0.056010739249178355, "br": 0.0}, "WE_BE_82": {"avail": 1.0, "util": 0.05804749340369393, "br": 0.0}, "WE_BE_9": {"avail": 1.0, "util": 0.0736286626857381, "br": 0.0}, "WE_FE_108": {"avail": 1.0, "util": 0.03483711553471979, "br": 0.0}, "WE_FE_41": {"avail": 1.0, "util": 0.0315511734481322, "br": 0.0}, "WE_FE_47": {"avail": 1.0, "util": 0.035328426607415635, "br": 0.0}, "WE_FE_8": {"avail": 1.0, "util": 0.02631578947368421, "br": 0.0}, "WE_FE_83": {"avail": 1.0, "util": 0.05443688376614359, "br": 0.0}, "WE_FE_84": {"avail": 1.0, "util": 0.03926742200838119, "br": 0.0}, "WE_FE_85": {"avail": 1.0, "util": 0.04763227329537564, "br": 0.0}}, "plugins": {"cost": 429200}}