{"lots": {}, "machines": {"DE_BE_11": {"avail": 1.0, "util": 0.6311794112201444, "br": 0.0}, "DE_BE_12": {"avail": 1.0, "util": 0.9416363224917196, "br": 0.0}, "DE_BE_13": {"avail": 1.0, "util": 0.5830269526807206, "br": 0.0}, "DE_BE_48": {"avail": 1.0, "util": 0.6562581003517867, "br": 0.0}, "DE_BE_50": {"avail": 1.0, "util": 0.8562303277170894, "br": 0.0}, "DE_BE_65": {"avail": 1.0, "util": 0.7691222758312731, "br": 0.0}, "DE_BE_66": {"avail": 1.0, "util": 0.663166665042536, "br": 0.0}, "DE_BE_67": {"avail": 1.0, "util": 0.6344658396593224, "br": 0.0}, "DE_BE_69": {"avail": 1.0, "util": 0.7395389742640252, "br": 0.0}, "DE_FE_1": {"avail": 1.0, "util": 0.7537096304917079, "br": 0.0}, "DE_FE_51": {"avail": 1.0, "util": 0.6701049513248034, "br": 0.0}, "DE_FE_53": {"avail": 1.0, "util": 0.36148861321977416, "br": 0.0}, "DE_FE_54": {"avail": 1.0, "util": 0.5523606739492687, "br": 0.0}, "DE_FE_56": {"avail": 1.0, "util": 0.5986391408998334, "br": 0.0}, "DE_FE_58": {"avail": 1.0, "util": 0.6520397457261001, "br": 0.0}, "DE_FE_59": {"avail": 1.0, "util": 0.6681663889403198, "br": 0.0}, "DE_FE_62": {"avail": 1.0, "util": 0.8400428492078187, "br": 0.0}, "DE_FE_70": {"avail": 1.0, "util": 0.6784071325822852, "br": 0.0}, "DE_FE_71": {"avail": 1.0, "util": 0.7593798767424023, "br": 0.0}, "DE_FE_72": {"avail": 1.0, "util": 0.8715772799275854, "br": 0.0}, "DE_FE_86": {"avail": 1.0, "util": 0.7785691264306336, "br": 0.0}, "DefMEt_FE_118": {"avail": 1.0, "util": 0.501203480836882, "br": 0.0}, "DefMet_BE_33": {"avail": 1.0, "util": 0.9353823366043326, "br": 0.0}, "DefMet_BE_42": {"avail": 1.0, "util": 0.9574152934641733, "br": 0.0}, "DefMet_FE_10": {"avail": 1.0, "util": 0.874652842066284, "br": 0.0}, "DefMet_FE_106": {"avail": 1.0, "util": 0.5214775041658952, "br": 0.0}, "DefMet_FE_34": {"avail": 1.0, "util": 0.6384465839659322, "br": 0.0}, "DefMet_FE_43": {"avail": 1.0, "util": 0.9493612294019625, "br": 0.0}, "Delay_32": {"avail": 1.0, "util": 0.21344565821144232, "br": 0.0}, "Dielectric_BE_20": {"avail": 1.0, "util": 0.8748009627846696, "br": 0.0}, "Dielectric_BE_21": {"avail": 1.0, "util": 0.8777194038141085, "br": 0.0}, "Dielectric_BE_27": {"avail": 1.0, "util": 0.7707276430290687, "br": 0.0}, "Dielectric_BE_28": {"avail": 1.0, "util": 0.9071699685243474, "br": 0.0}, "Dielectric_BE_60": {"avail": 1.0, "util": 0.8156822810590632, "br": 0.0}, "Dielectric_FE_112": {"avail": 1.0, "util": 0.9129605628587298, "br": 0.0}, "Dielectric_FE_130": {"avail": 1.0, "util": 0.8818737270875764, "br": 0.0}, "Dielectric_FE_29": {"avail": 1.0, "util": 0.7755045361970005, "br": 0.0}, "Dielectric_FE_30": {"avail": 1.0, "util": 0.9279300129605629, "br": 0.0}, "Dielectric_FE_31": {"avail": 1.0, "util": 0.8212599518607665, "br": 0.0}, "Diffusion_BE_123": {"avail": 1.0, "util": 0.0, "br": 0.0}, "Diffusion_FE_100": {"avail": 1.0, "util": 0.0, "br": 0.0}, "Diffusion_FE_101": {"avail": 1.0, "util": 0.0, "br": 0.0}, "Diffusion_FE_120": {"avail": 1.0, "util": 0.0, "br": 0.0}, "Diffusion_FE_122": {"avail": 1.0, "util": 0.0, "br": 0.0}, "Diffusion_FE_125": {"avail": 1.0, "util": 0.0, "br": 0.0}, "Diffusion_FE_126": {"avail": 1.0, "util": 0.0, "br": 0.0}, "Diffusion_FE_127": {"avail": 1.0, "util": 0.0, "br": 0.0}, "Diffusion_FE_44": {"avail": 1.0, "util": 0.0, "br": 0.0}, "Diffusion_FE_94": {"avail": 1.0, "util": 0.0, "br": 0.0}, "EPI_36": {"avail": 1.0, "util": 0.012127383817811517, "br": 0.0}, "EPI_38": {"avail": 1.0, "util": 0.011757082021847805, "br": 0.0}, "Implant_119": {"avail": 1.0, "util": 0.021153490094426956, "br": 0.0}, "Implant_128": {"avail": 1.0, "util": 0.06359933345676727, "br": 0.0}, "Implant_132": {"avail": 1.0, "util": 0.03149879651916312, "br": 0.0}, "Implant_74": {"avail": 1.0, "util": 0.011479355674875022, "br": 0.0}, "Implant_88": {"avail": 1.0, "util": 0.00231438622477319, "br": 0.0}, "Implant_90": {"avail": 1.0, "util": 0.061516385854471396, "br": 0.0}, "Implant_91": {"avail": 1.0, "util": 0.052042831574399796, "br": 0.0}, "LithoMet_BE_18": {"avail": 1.0, "util": 0.9481648697534645, "br": 0.0}, "LithoMet_FE_19": {"avail": 1.0, "util": 0.9299100989528688, "br": 0.0}, "LithoTrack_BE_117": {"avail": 1.0, "util": 0.10744306609887057, "br": 0.0}, "LithoTrack_FE_115": {"avail": 1.0, "util": 0.05645287183564408, "br": 0.0}, "LithoTrack_FE_95": {"avail": 1.0, "util": 0.07441365733480951, "br": 0.0}, "LithoTrack_FE_96": {"avail": 1.0, "util": 0.0, "br": 0.0}, "Litho_BE_110": {"avail": 1.0, "util": 0.090604914433835, "br": 0.0}, "Litho_BE_93": {"avail": 1.0, "util": 0.0839042152687774, "br": 0.0}, "Litho_BE_99": {"avail": 1.0, "util": 0.2166265506387706, "br": 0.0}, "Litho_FE_111": {"avail": 1.0, "util": 0.13343488579555973, "br": 0.0}, "Litho_FE_35": {"avail": 1.0, "util": 0.07845769301981115, "br": 0.0}, "Litho_FE_92": {"avail": 1.0, "util": 0.1279504917720063, "br": 0.0}, "Litho_FE_98": {"avail": 1.0, "util": 0.1499907424551009, "br": 0.0}, "Litho_REG_BE_63": {"avail": 1.0, "util": 0.9266918163303092, "br": 0.0}, "Litho_REG_FE_64": {"avail": 1.0, "util": 0.9421932446372365, "br": 0.0}, "Planar_BE_75": {"avail": 1.0, "util": 0.7875393445658212, "br": 0.0}, "Planar_FE_76": {"avail": 1.0, "util": 0.9300438190458558, "br": 0.0}, "Planar_FE_77": {"avail": 1.0, "util": 0.9557952231068321, "br": 0.0}, "Planar_FE_78": {"avail": 1.0, "util": 0.0, "br": 0.0}, "Planar_FE_79": {"avail": 1.0, "util": 0.8583040177744862, "br": 0.0}, "Planar_FE_80": {"avail": 1.0, "util": 0.541612664321422, "br": 0.0}, "TF_BE_2": {"avail": 1.0, "util": 0.44139974078874283, "br": 0.0}, "TF_BE_23": {"avail": 1.0, "util": 0.7777701985012523, "br": 0.0}, "TF_BE_24": {"avail": 1.0, "util": 0.38483614145528605, "br": 0.0}, "TF_BE_26": {"avail": 1.0, "util": 0.7281923100660371, "br": 0.0}, "TF_BE_40": {"avail": 1.0, "util": 0.8264711781768808, "br": 0.0}, "TF_FE_103": {"avail": 1.0, "util": 0.9913210516571005, "br": 0.0}, "TF_FE_104": {"avail": 1.0, "util": 0.7736715423069802, "br": 0.0}, "TF_FE_113": {"avail": 1.0, "util": 0.4376967228291057, "br": 0.0}, "TF_FE_131": {"avail": 1.0, "util": 0.15432327346787633, "br": 0.0}, "TF_FE_3": {"avail": 1.0, "util": 0.8873819663025365, "br": 0.0}, "TF_FE_5": {"avail": 1.0, "util": 0.4479957415293464, "br": 0.0}, "TF_Met_FE_45": {"avail": 1.0, "util": 0.14214960192556933, "br": 0.0}, "TF_Met_FE_61": {"avail": 1.0, "util": 0.9732919829661174, "br": 0.0}, "WE_BE_14": {"avail": 1.0, "util": 0.03725236067394927, "br": 0.0}, "WE_BE_16": {"avail": 1.0, "util": 0.04018803102306157, "br": 0.0}, "WE_BE_17": {"avail": 1.0, "util": 0.04573227180151824, "br": 0.0}, "WE_BE_7": {"avail": 1.0, "util": 0.007406035919274209, "br": 0.0}, "WE_BE_81": {"avail": 1.0, "util": 0.032524841078812566, "br": 0.0}, "WE_BE_82": {"avail": 1.0, "util": 0.07638400296241436, "br": 0.0}, "WE_BE_9": {"avail": 1.0, "util": 0.06206522601634618, "br": 0.0}, "WE_FE_108": {"avail": 1.0, "util": 0.04398127330917555, "br": 0.0}, "WE_FE_41": {"avail": 1.0, "util": 0.04112201444177004, "br": 0.0}, "WE_FE_47": {"avail": 1.0, "util": 0.03292600135777325, "br": 0.0}, "WE_FE_8": {"avail": 1.0, "util": 0.04378818737270876, "br": 0.0}, "WE_FE_83": {"avail": 1.0, "util": 0.04556034596767795, "br": 0.0}, "WE_FE_84": {"avail": 1.0, "util": 0.04759921002283527, "br": 0.0}, "WE_FE_85": {"avail": 1.0, "util": 0.0317070912793927, "br": 0.0}}, "plugins": {"cost": 448600.0}}