{"lots": {}, "machines": {"DE_BE_11": {"avail": 1.0, "util": 0.0, "br": 0.0}, "DE_BE_12": {"avail": 1.0, "util": 0.0, "br": 0.0}, "DE_BE_13": {"avail": 1.0, "util": 0.0, "br": 0.0}, "DE_BE_48": {"avail": 1.0, "util": 0.0, "br": 0.0}, "DE_BE_50": {"avail": 1.0, "util": 0.0, "br": 0.0}, "DE_BE_65": {"avail": 1.0, "util": 0.0, "br": 0.0}, "DE_BE_66": {"avail": 1.0, "util": 0.0, "br": 0.0}, "DE_BE_67": {"avail": 1.0, "util": 0.0, "br": 0.0}, "DE_BE_69": {"avail": 1.0, "util": 0.0, "br": 0.0}, "DE_FE_1": {"avail": 1.0, "util": 0.0, "br": 0.0}, "DE_FE_51": {"avail": 1.0, "util": 0.0, "br": 0.0}, "DE_FE_53": {"avail": 1.0, "util": 0.0, "br": 0.0}, "DE_FE_54": {"avail": 1.0, "util": 0.0, "br": 0.0}, "DE_FE_56": {"avail": 1.0, "util": 0.0, "br": 0.0}, "DE_FE_58": {"avail": 1.0, "util": 0.0, "br": 0.0}, "DE_FE_59": {"avail": 1.0, "util": 0.0, "br": 0.0}, "DE_FE_62": {"avail": 1.0, "util": 0.0, "br": 0.0}, "DE_FE_70": {"avail": 1.0, "util": 0.0, "br": 0.0}, "DE_FE_71": {"avail": 1.0, "util": 0.0, "br": 0.0}, "DE_FE_72": {"avail": 1.0, "util": 0.0, "br": 0.0}, "DE_FE_86": {"avail": 1.0, "util": 0.0, "br": 0.0}, "DefMEt_FE_118": {"avail": 1.0, "util": 0.7452123230641132, "br": 0.0}, "DefMet_BE_33": {"avail": 1.0, "util": 0.6340549542048293, "br": 0.0}, "DefMet_BE_42": {"avail": 1.0, "util": 0.9025811823480433, "br": 0.0}, "DefMet_FE_10": {"avail": 1.0, "util": 0.6572300860394116, "br": 0.0}, "DefMet_FE_106": {"avail": 1.0, "util": 0.2589508742714405, "br": 0.0}, "DefMet_FE_34": {"avail": 1.0, "util": 0.2978073827366084, "br": 0.0}, "DefMet_FE_43": {"avail": 1.0, "util": 0.8857063558145989, "br": 0.0}, "Delay_32": {"avail": 1.0, "util": 0.0, "br": 0.0}, "Dielectric_BE_20": {"avail": 1.0, "util": 0.749542048293089, "br": 0.0}, "Dielectric_BE_21": {"avail": 1.0, "util": 0.6458969377370709, "br": 0.0}, "Dielectric_BE_27": {"avail": 1.0, "util": 0.7266860949208993, "br": 0.0}, "Dielectric_BE_28": {"avail": 1.0, "util": 0.7660283097418817, "br": 0.0}, "Dielectric_BE_60": {"avail": 1.0, "util": 0.6933111296142104, "br": 0.0}, "Dielectric_FE_112": {"avail": 1.0, "util": 0.6483177598914485, "br": 0.0}, "Dielectric_FE_130": {"avail": 1.0, "util": 0.8731612545101305, "br": 0.0}, "Dielectric_FE_29": {"avail": 1.0, "util": 0.0, "br": 0.0}, "Dielectric_FE_30": {"avail": 1.0, "util": 0.5523175131834582, "br": 0.0}, "Dielectric_FE_31": {"avail": 1.0, "util": 0.8438800999167361, "br": 0.0}, "Diffusion_BE_123": {"avail": 1.0, "util": 0.0, "br": 0.0}, "Diffusion_FE_100": {"avail": 1.0, "util": 0.0, "br": 0.0}, "Diffusion_FE_101": {"avail": 1.0, "util": 0.0, "br": 0.0}, "Diffusion_FE_120": {"avail": 1.0, "util": 0.0, "br": 0.0}, "Diffusion_FE_122": {"avail": 1.0, "util": 0.0, "br": 0.0}, "Diffusion_FE_125": {"avail": 1.0, "util": 0.0, "br": 0.0}, "Diffusion_FE_126": {"avail": 1.0, "util": 0.0, "br": 0.0}, "Diffusion_FE_127": {"avail": 1.0, "util": 0.0, "br": 0.0}, "Diffusion_FE_44": {"avail": 1.0, "util": 0.0, "br": 0.0}, "Diffusion_FE_94": {"avail": 1.0, "util": 0.0, "br": 0.0}, "EPI_36": {"avail": 1.0, "util": 0.014571190674437969, "br": 0.0}, "EPI_38": {"avail": 1.0, "util": 0.9916736053288926, "br": 0.0}, "Implant_119": {"avail": 1.0, "util": 0.008603941160144324, "br": 0.0}, "Implant_128": {"avail": 1.0, "util": 0.06651023137284585, "br": 0.0}, "Implant_132": {"avail": 1.0, "util": 0.044962531223980015, "br": 0.0}, "Implant_74": {"avail": 1.0, "util": 0.06744379683597003, "br": 0.0}, "Implant_88": {"avail": 1.0, "util": 0.0, "br": 0.0}, "Implant_90": {"avail": 1.0, "util": 0.03788509575353872, "br": 0.0}, "Implant_91": {"avail": 1.0, "util": 0.0733515721026129, "br": 0.0}, "LithoMet_BE_18": {"avail": 1.0, "util": 0.8426816037140766, "br": 0.0}, "LithoMet_FE_19": {"avail": 1.0, "util": 0.8215970817969153, "br": 0.0}, "LithoTrack_BE_117": {"avail": 1.0, "util": 0.19750208159866778, "br": 0.0}, "LithoTrack_FE_115": {"avail": 1.0, "util": 0.11971730874677605, "br": 0.0}, "LithoTrack_FE_95": {"avail": 1.0, "util": 0.206473771856786, "br": 0.0}, "LithoTrack_FE_96": {"avail": 1.0, "util": 0.06064390785456564, "br": 0.0}, "Litho_BE_110": {"avail": 1.0, "util": 0.18613715623453886, "br": 0.0}, "Litho_BE_93": {"avail": 1.0, "util": 0.2529836247571468, "br": 0.0}, "Litho_BE_99": {"avail": 1.0, "util": 0.3772781940975113, "br": 0.0}, "Litho_FE_111": {"avail": 1.0, "util": 0.3224951429364419, "br": 0.0}, "Litho_FE_35": {"avail": 1.0, "util": 0.09950041631973355, "br": 0.0}, "Litho_FE_92": {"avail": 1.0, "util": 0.21455411089049722, "br": 0.0}, "Litho_FE_98": {"avail": 1.0, "util": 0.03205661948376353, "br": 0.0}, "Litho_REG_BE_63": {"avail": 1.0, "util": 0.8068623369414377, "br": 0.0}, "Litho_REG_FE_64": {"avail": 1.0, "util": 0.8250531964103986, "br": 0.0}, "Planar_BE_75": {"avail": 1.0, "util": 0.2502279846159946, "br": 0.0}, "Planar_FE_76": {"avail": 1.0, "util": 0.9240910352484041, "br": 0.0}, "Planar_FE_77": {"avail": 1.0, "util": 0.7225922842076048, "br": 0.0}, "Planar_FE_78": {"avail": 1.0, "util": 0.8566472384124341, "br": 0.0}, "Planar_FE_79": {"avail": 1.0, "util": 0.0, "br": 0.0}, "Planar_FE_80": {"avail": 1.0, "util": 0.6394671107410491, "br": 0.0}, "TF_BE_2": {"avail": 1.0, "util": 0.0, "br": 0.0}, "TF_BE_23": {"avail": 1.0, "util": 0.0, "br": 0.0}, "TF_BE_24": {"avail": 1.0, "util": 0.0, "br": 0.0}, "TF_BE_26": {"avail": 1.0, "util": 0.0, "br": 0.0}, "TF_BE_40": {"avail": 1.0, "util": 0.0, "br": 0.0}, "TF_FE_103": {"avail": 1.0, "util": 0.0, "br": 0.0}, "TF_FE_104": {"avail": 1.0, "util": 0.0, "br": 0.0}, "TF_FE_113": {"avail": 1.0, "util": 0.0, "br": 0.0}, "TF_FE_131": {"avail": 1.0, "util": 0.0, "br": 0.0}, "TF_FE_3": {"avail": 1.0, "util": 0.0, "br": 0.0}, "TF_FE_5": {"avail": 1.0, "util": 0.0, "br": 0.0}, "TF_Met_FE_45": {"avail": 1.0, "util": 0.21454343602553427, "br": 0.0}, "TF_Met_FE_61": {"avail": 1.0, "util": 0.9320011101859561, "br": 0.0}, "WE_BE_14": {"avail": 1.0, "util": 0.029586455731334997, "br": 0.0}, "WE_BE_16": {"avail": 1.0, "util": 0.023279211767971136, "br": 0.0}, "WE_BE_17": {"avail": 1.0, "util": 0.026644462947543714, "br": 0.0}, "WE_BE_7": {"avail": 1.0, "util": 0.011101859561476548, "br": 0.0}, "WE_BE_81": {"avail": 1.0, "util": 0.028772319363493386, "br": 0.0}, "WE_BE_82": {"avail": 1.0, "util": 0.05779134671724181, "br": 0.0}, "WE_BE_9": {"avail": 1.0, "util": 0.07094088259783514, "br": 0.0}, "WE_FE_108": {"avail": 1.0, "util": 0.026615751241781276, "br": 0.0}, "WE_FE_41": {"avail": 1.0, "util": 0.04257563141826256, "br": 0.0}, "WE_FE_47": {"avail": 1.0, "util": 0.03513738551207327, "br": 0.0}, "WE_FE_8": {"avail": 1.0, "util": 0.025950596724951428, "br": 0.0}, "WE_FE_83": {"avail": 1.0, "util": 0.0680914053103895, "br": 0.0}, "WE_FE_84": {"avail": 1.0, "util": 0.034954531354590125, "br": 0.0}, "WE_FE_85": {"avail": 1.0, "util": 0.08603941160144324, "br": 0.0}}, "plugins": {"cost": 429200}}