{"lots": {}, "machines": {"DE_BE_11": {"avail": 1.0, "util": 0.7778618535230822, "br": 0.0}, "DE_BE_12": {"avail": 1.0, "util": 0.7091673415866404, "br": 0.0}, "DE_BE_13": {"avail": 1.0, "util": 0.8377018561676667, "br": 0.0}, "DE_BE_48": {"avail": 1.0, "util": 0.8649219021173205, "br": 0.0}, "DE_BE_50": {"avail": 1.0, "util": 0.7503336033013228, "br": 0.0}, "DE_BE_65": {"avail": 1.0, "util": 0.7728198950527798, "br": 0.0}, "DE_BE_66": {"avail": 1.0, "util": 0.6727598238915582, "br": 0.0}, "DE_BE_67": {"avail": 1.0, "util": 0.8452342936480389, "br": 0.0}, "DE_BE_69": {"avail": 1.0, "util": 0.8276640055536272, "br": 0.0}, "DE_FE_1": {"avail": 1.0, "util": 0.5628502008231269, "br": 0.0}, "DE_FE_51": {"avail": 1.0, "util": 0.5962147646102414, "br": 0.0}, "DE_FE_53": {"avail": 1.0, "util": 0.6907185005206525, "br": 0.0}, "DE_FE_54": {"avail": 1.0, "util": 0.8171190558833739, "br": 0.0}, "DE_FE_56": {"avail": 1.0, "util": 0.7461298160360986, "br": 0.0}, "DE_FE_58": {"avail": 1.0, "util": 0.7482355663542751, "br": 0.0}, "DE_FE_59": {"avail": 1.0, "util": 0.702982760615527, "br": 0.0}, "DE_FE_62": {"avail": 1.0, "util": 0.7328854068527794, "br": 0.0}, "DE_FE_70": {"avail": 1.0, "util": 0.8349771713881399, "br": 0.0}, "DE_FE_71": {"avail": 1.0, "util": 0.6521074031834184, "br": 0.0}, "DE_FE_72": {"avail": 1.0, "util": 0.9151452042115006, "br": 0.0}, "DE_FE_86": {"avail": 1.0, "util": 0.650137426562279, "br": 0.0}, "DefMEt_FE_118": {"avail": 1.0, "util": 0.36903852828878864, "br": 0.0}, "DefMet_BE_33": {"avail": 1.0, "util": 0.956681707740368, "br": 0.0}, "DefMet_BE_42": {"avail": 1.0, "util": 0.9948628948281847, "br": 0.0}, "DefMet_FE_10": {"avail": 1.0, "util": 0.7264144394307532, "br": 0.0}, "DefMet_FE_106": {"avail": 1.0, "util": 0.4524817771607081, "br": 0.0}, "DefMet_FE_34": {"avail": 1.0, "util": 0.5623741756334606, "br": 0.0}, "DefMet_FE_43": {"avail": 1.0, "util": 0.95206525511975, "br": 0.0}, "Delay_32": {"avail": 1.0, "util": 0.3849007289135717, "br": 0.0}, "Dielectric_BE_20": {"avail": 1.0, "util": 0.9262617146824019, "br": 0.0}, "Dielectric_BE_21": {"avail": 1.0, "util": 0.9508156889968761, "br": 0.0}, "Dielectric_BE_27": {"avail": 1.0, "util": 0.8332662270045124, "br": 0.0}, "Dielectric_BE_28": {"avail": 1.0, "util": 0.8766227004512323, "br": 0.0}, "Dielectric_BE_60": {"avail": 1.0, "util": 0.9290697674418604, "br": 0.0}, "Dielectric_FE_112": {"avail": 1.0, "util": 0.9081846581048247, "br": 0.0}, "Dielectric_FE_130": {"avail": 1.0, "util": 0.8688649774383894, "br": 0.0}, "Dielectric_FE_29": {"avail": 1.0, "util": 0.9672567395580238, "br": 0.0}, "Dielectric_FE_30": {"avail": 1.0, "util": 0.9702880944116626, "br": 0.0}, "Dielectric_FE_31": {"avail": 1.0, "util": 0.8517702186740715, "br": 0.0}, "Diffusion_BE_123": {"avail": 1.0, "util": 0.0, "br": 0.0}, "Diffusion_FE_100": {"avail": 1.0, "util": 0.0, "br": 0.0}, "Diffusion_FE_101": {"avail": 1.0, "util": 0.0, "br": 0.0}, "Diffusion_FE_120": {"avail": 1.0, "util": 0.0, "br": 0.0}, "Diffusion_FE_122": {"avail": 1.0, "util": 0.0, "br": 0.0}, "Diffusion_FE_125": {"avail": 1.0, "util": 0.0, "br": 0.0}, "Diffusion_FE_126": {"avail": 1.0, "util": 0.0, "br": 0.0}, "Diffusion_FE_127": {"avail": 1.0, "util": 0.0, "br": 0.0}, "Diffusion_FE_44": {"avail": 1.0, "util": 0.0, "br": 0.0}, "Diffusion_FE_94": {"avail": 1.0, "util": 0.0, "br": 0.0}, "EPI_36": {"avail": 1.0, "util": 0.009024644220756682, "br": 0.0}, "EPI_38": {"avail": 1.0, "util": 0.021867407150295035, "br": 0.0}, "Implant_119": {"avail": 1.0, "util": 0.018083998611593197, "br": 0.0}, "Implant_128": {"avail": 1.0, "util": 0.050704616452620616, "br": 0.0}, "Implant_132": {"avail": 1.0, "util": 0.031369316209649424, "br": 0.0}, "Implant_74": {"avail": 1.0, "util": 0.00860812217979868, "br": 0.0}, "Implant_88": {"avail": 1.0, "util": 0.017771607080874698, "br": 0.0}, "Implant_90": {"avail": 1.0, "util": 0.04609510586601874, "br": 0.0}, "Implant_91": {"avail": 1.0, "util": 0.045030660650237184, "br": 0.0}, "LithoMet_BE_18": {"avail": 1.0, "util": 0.9449283101487198, "br": 0.0}, "LithoMet_FE_19": {"avail": 1.0, "util": 0.951856994099271, "br": 0.0}, "LithoTrack_BE_117": {"avail": 1.0, "util": 0.10457480041652205, "br": 0.0}, "LithoTrack_FE_115": {"avail": 1.0, "util": 0.050147348074946745, "br": 0.0}, "LithoTrack_FE_95": {"avail": 1.0, "util": 0.060341859756745456, "br": 0.0}, "LithoTrack_FE_96": {"avail": 1.0, "util": 0.0, "br": 0.0}, "Litho_BE_110": {"avail": 1.0, "util": 0.07158724649179353, "br": 0.0}, "Litho_BE_93": {"avail": 1.0, "util": 0.06541710054379267, "br": 0.0}, "Litho_BE_99": {"avail": 1.0, "util": 0.19224806201550387, "br": 0.0}, "Litho_FE_111": {"avail": 1.0, "util": 0.10807484774857215, "br": 0.0}, "Litho_FE_35": {"avail": 1.0, "util": 0.06289482818465811, "br": 0.0}, "Litho_FE_92": {"avail": 1.0, "util": 0.10227930116857573, "br": 0.0}, "Litho_FE_98": {"avail": 1.0, "util": 0.11527941686914266, "br": 0.0}, "Litho_REG_BE_63": {"avail": 1.0, "util": 0.9543040610898993, "br": 0.0}, "Litho_REG_FE_64": {"avail": 1.0, "util": 0.9464769177368969, "br": 0.0}, "Planar_BE_75": {"avail": 1.0, "util": 0.8160846928149948, "br": 0.0}, "Planar_FE_76": {"avail": 1.0, "util": 0.9267615411315515, "br": 0.0}, "Planar_FE_77": {"avail": 1.0, "util": 0.8972578965636931, "br": 0.0}, "Planar_FE_78": {"avail": 1.0, "util": 0.6307532106907324, "br": 0.0}, "Planar_FE_79": {"avail": 1.0, "util": 0.9397431447414092, "br": 0.0}, "Planar_FE_80": {"avail": 1.0, "util": 0.8070461645262061, "br": 0.0}, "TF_BE_2": {"avail": 1.0, "util": 0.5964074973967373, "br": 0.0}, "TF_BE_23": {"avail": 1.0, "util": 0.5297064250351669, "br": 0.0}, "TF_BE_24": {"avail": 1.0, "util": 0.28952447066990633, "br": 0.0}, "TF_BE_26": {"avail": 1.0, "util": 0.6911581626749971, "br": 0.0}, "TF_BE_40": {"avail": 1.0, "util": 0.6705368506305681, "br": 0.0}, "TF_FE_103": {"avail": 1.0, "util": 0.7430579659840333, "br": 0.0}, "TF_FE_104": {"avail": 1.0, "util": 0.8162443595973621, "br": 0.0}, "TF_FE_113": {"avail": 1.0, "util": 0.8285664699757029, "br": 0.0}, "TF_FE_131": {"avail": 1.0, "util": 0.45824366539396044, "br": 0.0}, "TF_FE_3": {"avail": 1.0, "util": 0.6732731690385283, "br": 0.0}, "TF_FE_5": {"avail": 1.0, "util": 0.5393266227004513, "br": 0.0}, "TF_Met_FE_45": {"avail": 1.0, "util": 0.10628254078444985, "br": 0.0}, "TF_Met_FE_61": {"avail": 1.0, "util": 0.9717459215550156, "br": 0.0}, "WE_BE_14": {"avail": 1.0, "util": 0.038625477264838594, "br": 0.0}, "WE_BE_16": {"avail": 1.0, "util": 0.04526206178410274, "br": 0.0}, "WE_BE_17": {"avail": 1.0, "util": 0.03700104130510239, "br": 0.0}, "WE_BE_7": {"avail": 1.0, "util": 0.0057618882332523425, "br": 0.0}, "WE_BE_81": {"avail": 1.0, "util": 0.04378109452736318, "br": 0.0}, "WE_BE_82": {"avail": 1.0, "util": 0.0648316556751128, "br": 0.0}, "WE_BE_9": {"avail": 1.0, "util": 0.05649823969851738, "br": 0.0}, "WE_FE_108": {"avail": 1.0, "util": 0.041311052709872564, "br": 0.0}, "WE_FE_41": {"avail": 1.0, "util": 0.03984727525164873, "br": 0.0}, "WE_FE_47": {"avail": 1.0, "util": 0.031146592618303832, "br": 0.0}, "WE_FE_8": {"avail": 1.0, "util": 0.046338077056577574, "br": 0.0}, "WE_FE_83": {"avail": 1.0, "util": 0.04222740119998017, "br": 0.0}, "WE_FE_84": {"avail": 1.0, "util": 0.04109298468895831, "br": 0.0}, "WE_FE_85": {"avail": 1.0, "util": 0.023984727525164874, "br": 0.0}}, "plugins": {"cost": 448200.0}}