{"lots": {}, "machines": {"DE_BE_11": {"avail": 1.0, "util": 0.0, "br": 0.0}, "DE_BE_12": {"avail": 1.0, "util": 0.0, "br": 0.0}, "DE_BE_13": {"avail": 1.0, "util": 0.0, "br": 0.0}, "DE_BE_48": {"avail": 1.0, "util": 0.0, "br": 0.0}, "DE_BE_50": {"avail": 1.0, "util": 0.0, "br": 0.0}, "DE_BE_65": {"avail": 1.0, "util": 0.0, "br": 0.0}, "DE_BE_66": {"avail": 1.0, "util": 0.0, "br": 0.0}, "DE_BE_67": {"avail": 1.0, "util": 0.0, "br": 0.0}, "DE_BE_69": {"avail": 1.0, "util": 0.0, "br": 0.0}, "DE_FE_1": {"avail": 1.0, "util": 0.0, "br": 0.0}, "DE_FE_51": {"avail": 1.0, "util": 0.0, "br": 0.0}, "DE_FE_53": {"avail": 1.0, "util": 0.0, "br": 0.0}, "DE_FE_54": {"avail": 1.0, "util": 0.0, "br": 0.0}, "DE_FE_56": {"avail": 1.0, "util": 0.0, "br": 0.0}, "DE_FE_58": {"avail": 1.0, "util": 0.0, "br": 0.0}, "DE_FE_59": {"avail": 1.0, "util": 0.0, "br": 0.0}, "DE_FE_62": {"avail": 1.0, "util": 0.0, "br": 0.0}, "DE_FE_70": {"avail": 1.0, "util": 0.0, "br": 0.0}, "DE_FE_71": {"avail": 1.0, "util": 0.0, "br": 0.0}, "DE_FE_72": {"avail": 1.0, "util": 0.0, "br": 0.0}, "DE_FE_86": {"avail": 1.0, "util": 0.0, "br": 0.0}, "DefMEt_FE_118": {"avail": 1.0, "util": 0.7443828016643551, "br": 0.0}, "DefMet_BE_33": {"avail": 1.0, "util": 0.5926490984743412, "br": 0.0}, "DefMet_BE_42": {"avail": 1.0, "util": 0.6624133148404993, "br": 0.0}, "DefMet_FE_10": {"avail": 1.0, "util": 0.9660194174757282, "br": 0.0}, "DefMet_FE_106": {"avail": 1.0, "util": 0.2546463245492372, "br": 0.0}, "DefMet_FE_34": {"avail": 1.0, "util": 0.5029126213592233, "br": 0.0}, "DefMet_FE_43": {"avail": 1.0, "util": 0.8004438280166435, "br": 0.0}, "Delay_32": {"avail": 1.0, "util": 0.0, "br": 0.0}, "Dielectric_BE_20": {"avail": 1.0, "util": 0.7553952843273231, "br": 0.0}, "Dielectric_BE_21": {"avail": 1.0, "util": 0.5930651872399445, "br": 0.0}, "Dielectric_BE_27": {"avail": 1.0, "util": 0.8447757743874248, "br": 0.0}, "Dielectric_BE_28": {"avail": 1.0, "util": 0.7009708737864078, "br": 0.0}, "Dielectric_BE_60": {"avail": 1.0, "util": 0.7740175681923255, "br": 0.0}, "Dielectric_FE_112": {"avail": 1.0, "util": 0.6417629835105564, "br": 0.0}, "Dielectric_FE_130": {"avail": 1.0, "util": 0.8792649098474341, "br": 0.0}, "Dielectric_FE_29": {"avail": 1.0, "util": 0.0, "br": 0.0}, "Dielectric_FE_30": {"avail": 1.0, "util": 0.5525658807212205, "br": 0.0}, "Dielectric_FE_31": {"avail": 1.0, "util": 0.8611650485436894, "br": 0.0}, "Diffusion_BE_123": {"avail": 1.0, "util": 0.0, "br": 0.0}, "Diffusion_FE_100": {"avail": 1.0, "util": 0.0, "br": 0.0}, "Diffusion_FE_101": {"avail": 1.0, "util": 0.0, "br": 0.0}, "Diffusion_FE_120": {"avail": 1.0, "util": 0.0, "br": 0.0}, "Diffusion_FE_122": {"avail": 1.0, "util": 0.0, "br": 0.0}, "Diffusion_FE_125": {"avail": 1.0, "util": 0.0, "br": 0.0}, "Diffusion_FE_126": {"avail": 1.0, "util": 0.0, "br": 0.0}, "Diffusion_FE_127": {"avail": 1.0, "util": 0.0, "br": 0.0}, "Diffusion_FE_44": {"avail": 1.0, "util": 0.0, "br": 0.0}, "Diffusion_FE_94": {"avail": 1.0, "util": 0.0, "br": 0.0}, "EPI_36": {"avail": 1.0, "util": 0.014424410540915394, "br": 0.0}, "EPI_38": {"avail": 1.0, "util": 0.9891816920943135, "br": 0.0}, "Implant_119": {"avail": 1.0, "util": 0.008737864077669903, "br": 0.0}, "Implant_128": {"avail": 1.0, "util": 0.07058378514689195, "br": 0.0}, "Implant_132": {"avail": 1.0, "util": 0.04275807410342778, "br": 0.0}, "Implant_74": {"avail": 1.0, "util": 0.06796116504854369, "br": 0.0}, "Implant_88": {"avail": 1.0, "util": 0.0, "br": 0.0}, "Implant_90": {"avail": 1.0, "util": 0.038002773925104025, "br": 0.0}, "Implant_91": {"avail": 1.0, "util": 0.07339013275212998, "br": 0.0}, "LithoMet_BE_18": {"avail": 1.0, "util": 0.757004160887656, "br": 0.0}, "LithoMet_FE_19": {"avail": 1.0, "util": 0.7872201307707549, "br": 0.0}, "LithoTrack_BE_117": {"avail": 1.0, "util": 0.19750346740638003, "br": 0.0}, "LithoTrack_FE_115": {"avail": 1.0, "util": 0.12074693007679037, "br": 0.0}, "LithoTrack_FE_95": {"avail": 1.0, "util": 0.20983356449375867, "br": 0.0}, "LithoTrack_FE_96": {"avail": 1.0, "util": 0.05977808599167823, "br": 0.0}, "Litho_BE_110": {"avail": 1.0, "util": 0.1888198757763975, "br": 0.0}, "Litho_BE_93": {"avail": 1.0, "util": 0.25235783633841885, "br": 0.0}, "Litho_BE_99": {"avail": 1.0, "util": 0.37706888580674985, "br": 0.0}, "Litho_FE_111": {"avail": 1.0, "util": 0.3230513176144244, "br": 0.0}, "Litho_FE_35": {"avail": 1.0, "util": 0.0840499306518724, "br": 0.0}, "Litho_FE_92": {"avail": 1.0, "util": 0.2161847860876987, "br": 0.0}, "Litho_FE_98": {"avail": 1.0, "util": 0.03176144244105409, "br": 0.0}, "Litho_REG_BE_63": {"avail": 1.0, "util": 0.8134188626907074, "br": 0.0}, "Litho_REG_FE_64": {"avail": 1.0, "util": 0.8571659731853907, "br": 0.0}, "Planar_BE_75": {"avail": 1.0, "util": 0.24957400435902516, "br": 0.0}, "Planar_FE_76": {"avail": 1.0, "util": 0.9263522884882108, "br": 0.0}, "Planar_FE_77": {"avail": 1.0, "util": 0.7104022191400832, "br": 0.0}, "Planar_FE_78": {"avail": 1.0, "util": 0.8486823855755895, "br": 0.0}, "Planar_FE_79": {"avail": 1.0, "util": 0.0, "br": 0.0}, "Planar_FE_80": {"avail": 1.0, "util": 0.6535367545076283, "br": 0.0}, "TF_BE_2": {"avail": 1.0, "util": 0.0, "br": 0.0}, "TF_BE_23": {"avail": 1.0, "util": 0.1424014265900535, "br": 0.0}, "TF_BE_24": {"avail": 1.0, "util": 0.0, "br": 0.0}, "TF_BE_26": {"avail": 1.0, "util": 0.07660300864184359, "br": 0.0}, "TF_BE_40": {"avail": 1.0, "util": 0.0, "br": 0.0}, "TF_FE_103": {"avail": 1.0, "util": 0.0, "br": 0.0}, "TF_FE_104": {"avail": 1.0, "util": 0.0, "br": 0.0}, "TF_FE_113": {"avail": 1.0, "util": 0.0, "br": 0.0}, "TF_FE_131": {"avail": 1.0, "util": 0.0, "br": 0.0}, "TF_FE_3": {"avail": 1.0, "util": 0.0, "br": 0.0}, "TF_FE_5": {"avail": 1.0, "util": 0.0, "br": 0.0}, "TF_Met_FE_45": {"avail": 1.0, "util": 0.21081830790568654, "br": 0.0}, "TF_Met_FE_61": {"avail": 1.0, "util": 0.8968099861303744, "br": 0.0}, "WE_BE_14": {"avail": 1.0, "util": 0.029847434119278777, "br": 0.0}, "WE_BE_16": {"avail": 1.0, "util": 0.02330097087378641, "br": 0.0}, "WE_BE_17": {"avail": 1.0, "util": 0.02662968099861304, "br": 0.0}, "WE_BE_7": {"avail": 1.0, "util": 0.011373092926490984, "br": 0.0}, "WE_BE_81": {"avail": 1.0, "util": 0.028294036061026352, "br": 0.0}, "WE_BE_82": {"avail": 1.0, "util": 0.06367699183233164, "br": 0.0}, "WE_BE_9": {"avail": 1.0, "util": 0.0714008321775312, "br": 0.0}, "WE_FE_108": {"avail": 1.0, "util": 0.026945334544932805, "br": 0.0}, "WE_FE_41": {"avail": 1.0, "util": 0.04266296809986131, "br": 0.0}, "WE_FE_47": {"avail": 1.0, "util": 0.03522884882108183, "br": 0.0}, "WE_FE_8": {"avail": 1.0, "util": 0.02579750346740638, "br": 0.0}, "WE_FE_83": {"avail": 1.0, "util": 0.06833102172907998, "br": 0.0}, "WE_FE_84": {"avail": 1.0, "util": 0.034755649832748634, "br": 0.0}, "WE_FE_85": {"avail": 1.0, "util": 0.08529819694868239, "br": 0.0}}, "plugins": {"cost": 429200}}