{"lots": {}, "machines": {"DE_BE_11": {"avail": 1.0, "util": 0.0, "br": 0.0}, "DE_BE_12": {"avail": 1.0, "util": 0.0, "br": 0.0}, "DE_BE_13": {"avail": 1.0, "util": 0.0, "br": 0.0}, "DE_BE_48": {"avail": 1.0, "util": 0.0, "br": 0.0}, "DE_BE_50": {"avail": 1.0, "util": 0.0, "br": 0.0}, "DE_BE_65": {"avail": 1.0, "util": 0.0, "br": 0.0}, "DE_BE_66": {"avail": 1.0, "util": 0.0, "br": 0.0}, "DE_BE_67": {"avail": 1.0, "util": 0.0, "br": 0.0}, "DE_BE_69": {"avail": 1.0, "util": 0.0, "br": 0.0}, "DE_FE_1": {"avail": 1.0, "util": 0.0, "br": 0.0}, "DE_FE_51": {"avail": 1.0, "util": 0.0, "br": 0.0}, "DE_FE_53": {"avail": 1.0, "util": 0.0, "br": 0.0}, "DE_FE_54": {"avail": 1.0, "util": 0.0, "br": 0.0}, "DE_FE_56": {"avail": 1.0, "util": 0.0, "br": 0.0}, "DE_FE_58": {"avail": 1.0, "util": 0.0, "br": 0.0}, "DE_FE_59": {"avail": 1.0, "util": 0.0, "br": 0.0}, "DE_FE_62": {"avail": 1.0, "util": 0.0, "br": 0.0}, "DE_FE_70": {"avail": 1.0, "util": 0.0, "br": 0.0}, "DE_FE_71": {"avail": 1.0, "util": 0.0, "br": 0.0}, "DE_FE_72": {"avail": 1.0, "util": 0.0, "br": 0.0}, "DE_FE_86": {"avail": 1.0, "util": 0.0, "br": 0.0}, "DefMEt_FE_118": {"avail": 1.0, "util": 0.7462520821765686, "br": 0.0}, "DefMet_BE_33": {"avail": 1.0, "util": 0.7640199888950583, "br": 0.0}, "DefMet_BE_42": {"avail": 1.0, "util": 0.7687395891171571, "br": 0.0}, "DefMet_FE_10": {"avail": 1.0, "util": 0.8470294280955025, "br": 0.0}, "DefMet_FE_106": {"avail": 1.0, "util": 0.7801221543586896, "br": 0.0}, "DefMet_FE_34": {"avail": 1.0, "util": 0.7379233759022765, "br": 0.0}, "DefMet_FE_43": {"avail": 1.0, "util": 0.811863779381825, "br": 0.0}, "Delay_32": {"avail": 1.0, "util": 0.0, "br": 0.0}, "Dielectric_BE_20": {"avail": 1.0, "util": 0.8925041643531372, "br": 0.0}, "Dielectric_BE_21": {"avail": 1.0, "util": 0.6161160466407551, "br": 0.0}, "Dielectric_BE_27": {"avail": 1.0, "util": 0.7949657597630946, "br": 0.0}, "Dielectric_BE_28": {"avail": 1.0, "util": 0.7159911160466408, "br": 0.0}, "Dielectric_BE_60": {"avail": 1.0, "util": 0.883953359244864, "br": 0.0}, "Dielectric_FE_112": {"avail": 1.0, "util": 0.6537201554691837, "br": 0.0}, "Dielectric_FE_130": {"avail": 1.0, "util": 0.8929067184897279, "br": 0.0}, "Dielectric_FE_29": {"avail": 1.0, "util": 0.7718859892652231, "br": 0.0}, "Dielectric_FE_30": {"avail": 1.0, "util": 0.5578845086063298, "br": 0.0}, "Dielectric_FE_31": {"avail": 1.0, "util": 0.930247084952804, "br": 0.0}, "Diffusion_BE_123": {"avail": 1.0, "util": 0.0, "br": 0.0}, "Diffusion_FE_100": {"avail": 1.0, "util": 0.0, "br": 0.0}, "Diffusion_FE_101": {"avail": 1.0, "util": 0.0, "br": 0.0}, "Diffusion_FE_120": {"avail": 1.0, "util": 0.0, "br": 0.0}, "Diffusion_FE_122": {"avail": 1.0, "util": 0.0, "br": 0.0}, "Diffusion_FE_125": {"avail": 1.0, "util": 0.0, "br": 0.0}, "Diffusion_FE_126": {"avail": 1.0, "util": 0.0, "br": 0.0}, "Diffusion_FE_127": {"avail": 1.0, "util": 0.0, "br": 0.0}, "Diffusion_FE_44": {"avail": 1.0, "util": 0.0, "br": 0.0}, "Diffusion_FE_94": {"avail": 1.0, "util": 0.0, "br": 0.0}, "EPI_36": {"avail": 1.0, "util": 0.014436424208772903, "br": 0.0}, "EPI_38": {"avail": 1.0, "util": 0.03553581343697946, "br": 0.0}, "Implant_119": {"avail": 1.0, "util": 0.055108273181565796, "br": 0.0}, "Implant_128": {"avail": 1.0, "util": 0.1181565796779567, "br": 0.0}, "Implant_132": {"avail": 1.0, "util": 0.05077040533037201, "br": 0.0}, "Implant_74": {"avail": 1.0, "util": 0.0, "br": 0.0}, "Implant_88": {"avail": 1.0, "util": 0.007218212104386452, "br": 0.0}, "Implant_90": {"avail": 1.0, "util": 0.0423375902276513, "br": 0.0}, "Implant_91": {"avail": 1.0, "util": 0.07481954469739034, "br": 0.0}, "LithoMet_BE_18": {"avail": 1.0, "util": 0.747917823431427, "br": 0.0}, "LithoMet_FE_19": {"avail": 1.0, "util": 0.7672897772842249, "br": 0.0}, "LithoTrack_BE_117": {"avail": 1.0, "util": 0.26213214880621877, "br": 0.0}, "LithoTrack_FE_115": {"avail": 1.0, "util": 0.13341716475596346, "br": 0.0}, "LithoTrack_FE_95": {"avail": 1.0, "util": 0.15280626409364412, "br": 0.0}, "LithoTrack_FE_96": {"avail": 1.0, "util": 0.0, "br": 0.0}, "Litho_BE_110": {"avail": 1.0, "util": 0.2068493693979535, "br": 0.0}, "Litho_BE_93": {"avail": 1.0, "util": 0.2070146215065704, "br": 0.0}, "Litho_BE_99": {"avail": 1.0, "util": 0.6113270405330372, "br": 0.0}, "Litho_FE_111": {"avail": 1.0, "util": 0.31173338044520715, "br": 0.0}, "Litho_FE_35": {"avail": 1.0, "util": 0.13506385341476956, "br": 0.0}, "Litho_FE_92": {"avail": 1.0, "util": 0.32888294381909045, "br": 0.0}, "Litho_FE_98": {"avail": 1.0, "util": 0.37828983897834534, "br": 0.0}, "Litho_REG_BE_63": {"avail": 1.0, "util": 0.834258745141588, "br": 0.0}, "Litho_REG_FE_64": {"avail": 1.0, "util": 0.8137740937574364, "br": 0.0}, "Planar_BE_75": {"avail": 1.0, "util": 0.21701832315380346, "br": 0.0}, "Planar_FE_76": {"avail": 1.0, "util": 0.9213399962983527, "br": 0.0}, "Planar_FE_77": {"avail": 1.0, "util": 0.720988339811216, "br": 0.0}, "Planar_FE_78": {"avail": 1.0, "util": 0.8409217101610217, "br": 0.0}, "Planar_FE_79": {"avail": 1.0, "util": 0.0, "br": 0.0}, "Planar_FE_80": {"avail": 1.0, "util": 0.6511660188784009, "br": 0.0}, "TF_BE_2": {"avail": 1.0, "util": 0.0, "br": 0.0}, "TF_BE_23": {"avail": 1.0, "util": 0.0, "br": 0.0}, "TF_BE_24": {"avail": 1.0, "util": 0.0, "br": 0.0}, "TF_BE_26": {"avail": 1.0, "util": 0.0665556172496761, "br": 0.0}, "TF_BE_40": {"avail": 1.0, "util": 0.0, "br": 0.0}, "TF_FE_103": {"avail": 1.0, "util": 0.0, "br": 0.0}, "TF_FE_104": {"avail": 1.0, "util": 0.0, "br": 0.0}, "TF_FE_113": {"avail": 1.0, "util": 0.0, "br": 0.0}, "TF_FE_131": {"avail": 1.0, "util": 0.0, "br": 0.0}, "TF_FE_3": {"avail": 1.0, "util": 0.0, "br": 0.0}, "TF_FE_5": {"avail": 1.0, "util": 0.0, "br": 0.0}, "TF_Met_FE_45": {"avail": 1.0, "util": 0.21043864519711272, "br": 0.0}, "TF_Met_FE_61": {"avail": 1.0, "util": 0.9752915047196002, "br": 0.0}, "WE_BE_14": {"avail": 1.0, "util": 0.021599111604664076, "br": 0.0}, "WE_BE_16": {"avail": 1.0, "util": 0.02514035412425196, "br": 0.0}, "WE_BE_17": {"avail": 1.0, "util": 0.0421987784564131, "br": 0.0}, "WE_BE_7": {"avail": 1.0, "util": 0.01110494169905608, "br": 0.0}, "WE_BE_81": {"avail": 1.0, "util": 0.022672589302239497, "br": 0.0}, "WE_BE_82": {"avail": 1.0, "util": 0.15202665186007774, "br": 0.0}, "WE_BE_9": {"avail": 1.0, "util": 0.0814230189577219, "br": 0.0}, "WE_FE_108": {"avail": 1.0, "util": 0.043801062901562625, "br": 0.0}, "WE_FE_41": {"avail": 1.0, "util": 0.037701277068295395, "br": 0.0}, "WE_FE_47": {"avail": 1.0, "util": 0.03877475476587081, "br": 0.0}, "WE_FE_8": {"avail": 1.0, "util": 0.08703498056635203, "br": 0.0}, "WE_FE_83": {"avail": 1.0, "util": 0.06896962005235187, "br": 0.0}, "WE_FE_84": {"avail": 1.0, "util": 0.0585939909926584, "br": 0.0}, "WE_FE_85": {"avail": 1.0, "util": 0.038034425319267075, "br": 0.0}}, "plugins": {"cost": 448800}}