{"lots": {}, "machines": {"DE_BE_11": {"avail": 1.0, "util": 0.0, "br": 0.0}, "DE_BE_12": {"avail": 1.0, "util": 0.0, "br": 0.0}, "DE_BE_13": {"avail": 1.0, "util": 0.0, "br": 0.0}, "DE_BE_48": {"avail": 1.0, "util": 0.0, "br": 0.0}, "DE_BE_50": {"avail": 1.0, "util": 0.0, "br": 0.0}, "DE_BE_65": {"avail": 1.0, "util": 0.0, "br": 0.0}, "DE_BE_66": {"avail": 1.0, "util": 0.0, "br": 0.0}, "DE_BE_67": {"avail": 1.0, "util": 0.0, "br": 0.0}, "DE_BE_69": {"avail": 1.0, "util": 0.0, "br": 0.0}, "DE_FE_1": {"avail": 1.0, "util": 0.0, "br": 0.0}, "DE_FE_51": {"avail": 1.0, "util": 0.0, "br": 0.0}, "DE_FE_53": {"avail": 1.0, "util": 0.0, "br": 0.0}, "DE_FE_54": {"avail": 1.0, "util": 0.0, "br": 0.0}, "DE_FE_56": {"avail": 1.0, "util": 0.0, "br": 0.0}, "DE_FE_58": {"avail": 1.0, "util": 0.0, "br": 0.0}, "DE_FE_59": {"avail": 1.0, "util": 0.0, "br": 0.0}, "DE_FE_62": {"avail": 1.0, "util": 0.0, "br": 0.0}, "DE_FE_70": {"avail": 1.0, "util": 0.0, "br": 0.0}, "DE_FE_71": {"avail": 1.0, "util": 0.0, "br": 0.0}, "DE_FE_72": {"avail": 1.0, "util": 0.0, "br": 0.0}, "DE_FE_86": {"avail": 1.0, "util": 0.0, "br": 0.0}, "DefMEt_FE_118": {"avail": 1.0, "util": 0.7381282976950847, "br": 0.0}, "DefMet_BE_33": {"avail": 1.0, "util": 0.5926131630102749, "br": 0.0}, "DefMet_BE_42": {"avail": 1.0, "util": 0.6528742016106637, "br": 0.0}, "DefMet_FE_10": {"avail": 1.0, "util": 0.9813940572063315, "br": 0.0}, "DefMet_FE_106": {"avail": 1.0, "util": 0.2540960844209942, "br": 0.0}, "DefMet_FE_34": {"avail": 1.0, "util": 0.5080533185226326, "br": 0.0}, "DefMet_FE_43": {"avail": 1.0, "util": 0.7987225770619272, "br": 0.0}, "Delay_32": {"avail": 1.0, "util": 0.0, "br": 0.0}, "Dielectric_BE_20": {"avail": 1.0, "util": 0.7507359066925854, "br": 0.0}, "Dielectric_BE_21": {"avail": 1.0, "util": 0.6000647968156994, "br": 0.0}, "Dielectric_BE_27": {"avail": 1.0, "util": 0.8528186614829214, "br": 0.0}, "Dielectric_BE_28": {"avail": 1.0, "util": 0.704526520410997, "br": 0.0}, "Dielectric_BE_60": {"avail": 1.0, "util": 0.7669628806812923, "br": 0.0}, "Dielectric_FE_112": {"avail": 1.0, "util": 0.641581042303064, "br": 0.0}, "Dielectric_FE_130": {"avail": 1.0, "util": 0.8828797556234379, "br": 0.0}, "Dielectric_FE_29": {"avail": 1.0, "util": 0.0, "br": 0.0}, "Dielectric_FE_30": {"avail": 1.0, "util": 0.5591502360455429, "br": 0.0}, "Dielectric_FE_31": {"avail": 1.0, "util": 0.8539294640377673, "br": 0.0}, "Diffusion_BE_123": {"avail": 1.0, "util": 0.0, "br": 0.0}, "Diffusion_FE_100": {"avail": 1.0, "util": 0.0, "br": 0.0}, "Diffusion_FE_101": {"avail": 1.0, "util": 0.0, "br": 0.0}, "Diffusion_FE_120": {"avail": 1.0, "util": 0.0, "br": 0.0}, "Diffusion_FE_122": {"avail": 1.0, "util": 0.0, "br": 0.0}, "Diffusion_FE_125": {"avail": 1.0, "util": 0.0, "br": 0.0}, "Diffusion_FE_126": {"avail": 1.0, "util": 0.0, "br": 0.0}, "Diffusion_FE_127": {"avail": 1.0, "util": 0.0, "br": 0.0}, "Diffusion_FE_44": {"avail": 1.0, "util": 0.0, "br": 0.0}, "Diffusion_FE_94": {"avail": 1.0, "util": 0.0, "br": 0.0}, "EPI_36": {"avail": 1.0, "util": 0.014301582893640655, "br": 0.0}, "EPI_38": {"avail": 1.0, "util": 0.9866703693418495, "br": 0.0}, "Implant_119": {"avail": 1.0, "util": 0.00888642043876701, "br": 0.0}, "Implant_128": {"avail": 1.0, "util": 0.07010678851834087, "br": 0.0}, "Implant_132": {"avail": 1.0, "util": 0.04272622684175031, "br": 0.0}, "Implant_74": {"avail": 1.0, "util": 0.06775895584559845, "br": 0.0}, "Implant_88": {"avail": 1.0, "util": 0.0, "br": 0.0}, "Implant_90": {"avail": 1.0, "util": 0.038322688142182725, "br": 0.0}, "Implant_91": {"avail": 1.0, "util": 0.07303526798111636, "br": 0.0}, "LithoMet_BE_18": {"avail": 1.0, "util": 0.7597637020019692, "br": 0.0}, "LithoMet_FE_19": {"avail": 1.0, "util": 0.8176696949260126, "br": 0.0}, "LithoTrack_BE_117": {"avail": 1.0, "util": 0.19788947514579283, "br": 0.0}, "LithoTrack_FE_115": {"avail": 1.0, "util": 0.12070495323114853, "br": 0.0}, "LithoTrack_FE_95": {"avail": 1.0, "util": 0.20910163843376842, "br": 0.0}, "LithoTrack_FE_96": {"avail": 1.0, "util": 0.06109414051652319, "br": 0.0}, "Litho_BE_110": {"avail": 1.0, "util": 0.1920360286393876, "br": 0.0}, "Litho_BE_93": {"avail": 1.0, "util": 0.25347125798389336, "br": 0.0}, "Litho_BE_99": {"avail": 1.0, "util": 0.3783208368045913, "br": 0.0}, "Litho_FE_111": {"avail": 1.0, "util": 0.32341016384337684, "br": 0.0}, "Litho_FE_35": {"avail": 1.0, "util": 0.08442099416828659, "br": 0.0}, "Litho_FE_92": {"avail": 1.0, "util": 0.21583748104159103, "br": 0.0}, "Litho_FE_98": {"avail": 1.0, "util": 0.03144959733407387, "br": 0.0}, "Litho_REG_BE_63": {"avail": 1.0, "util": 0.8113371285753957, "br": 0.0}, "Litho_REG_FE_64": {"avail": 1.0, "util": 0.8584652411367213, "br": 0.0}, "Planar_BE_75": {"avail": 1.0, "util": 0.25352084738366326, "br": 0.0}, "Planar_FE_76": {"avail": 1.0, "util": 0.927797833935018, "br": 0.0}, "Planar_FE_77": {"avail": 1.0, "util": 0.7243821160788669, "br": 0.0}, "Planar_FE_78": {"avail": 1.0, "util": 0.8615662316023327, "br": 0.0}, "Planar_FE_79": {"avail": 1.0, "util": 0.0, "br": 0.0}, "Planar_FE_80": {"avail": 1.0, "util": 0.6457928353235213, "br": 0.0}, "TF_BE_2": {"avail": 1.0, "util": 0.0, "br": 0.0}, "TF_BE_23": {"avail": 1.0, "util": 0.07095251319078034, "br": 0.0}, "TF_BE_24": {"avail": 1.0, "util": 0.0, "br": 0.0}, "TF_BE_26": {"avail": 1.0, "util": 0.07666673787195864, "br": 0.0}, "TF_BE_40": {"avail": 1.0, "util": 0.0, "br": 0.0}, "TF_FE_103": {"avail": 1.0, "util": 0.0, "br": 0.0}, "TF_FE_104": {"avail": 1.0, "util": 0.0, "br": 0.0}, "TF_FE_113": {"avail": 1.0, "util": 0.0, "br": 0.0}, "TF_FE_131": {"avail": 1.0, "util": 0.0, "br": 0.0}, "TF_FE_3": {"avail": 1.0, "util": 0.0, "br": 0.0}, "TF_FE_5": {"avail": 1.0, "util": 0.0, "br": 0.0}, "TF_Met_FE_45": {"avail": 1.0, "util": 0.2143848930852541, "br": 0.0}, "TF_Met_FE_61": {"avail": 1.0, "util": 0.9018328242154957, "br": 0.0}, "WE_BE_14": {"avail": 1.0, "util": 0.029713968342127188, "br": 0.0}, "WE_BE_16": {"avail": 1.0, "util": 0.023292141071924465, "br": 0.0}, "WE_BE_17": {"avail": 1.0, "util": 0.026659261316301027, "br": 0.0}, "WE_BE_7": {"avail": 1.0, "util": 0.011385726187170231, "br": 0.0}, "WE_BE_81": {"avail": 1.0, "util": 0.02832546514856984, "br": 0.0}, "WE_BE_82": {"avail": 1.0, "util": 0.06380943565059088, "br": 0.0}, "WE_BE_9": {"avail": 1.0, "util": 0.07136906414884754, "br": 0.0}, "WE_FE_108": {"avail": 1.0, "util": 0.027128479636882474, "br": 0.0}, "WE_FE_41": {"avail": 1.0, "util": 0.04293251874479311, "br": 0.0}, "WE_FE_47": {"avail": 1.0, "util": 0.035156900860871976, "br": 0.0}, "WE_FE_8": {"avail": 1.0, "util": 0.026242710358233824, "br": 0.0}, "WE_FE_83": {"avail": 1.0, "util": 0.06785152272516894, "br": 0.0}, "WE_FE_84": {"avail": 1.0, "util": 0.035055621804400736, "br": 0.0}, "WE_FE_85": {"avail": 1.0, "util": 0.08622604831991114, "br": 0.0}}, "plugins": {"cost": 429200}}