{"lots": {}, "machines": {"DE_BE_11": {"avail": 1.0, "util": 0.7742101242969238, "br": 0.0}, "DE_BE_12": {"avail": 1.0, "util": 0.7107762578216019, "br": 0.0}, "DE_BE_13": {"avail": 1.0, "util": 0.7628835299135972, "br": 0.0}, "DE_BE_48": {"avail": 1.0, "util": 0.8261231858898688, "br": 0.0}, "DE_BE_50": {"avail": 1.0, "util": 0.9155922814002114, "br": 0.0}, "DE_BE_65": {"avail": 1.0, "util": 0.7030720905819449, "br": 0.0}, "DE_BE_66": {"avail": 1.0, "util": 0.7370211863942198, "br": 0.0}, "DE_BE_67": {"avail": 1.0, "util": 0.8095548920213874, "br": 0.0}, "DE_BE_69": {"avail": 1.0, "util": 0.8335185056593292, "br": 0.0}, "DE_FE_1": {"avail": 1.0, "util": 0.5613499062565099, "br": 0.0}, "DE_FE_51": {"avail": 1.0, "util": 0.5314177743504654, "br": 0.0}, "DE_FE_53": {"avail": 1.0, "util": 0.6879522255398931, "br": 0.0}, "DE_FE_54": {"avail": 1.0, "util": 0.8143184501076314, "br": 0.0}, "DE_FE_56": {"avail": 1.0, "util": 0.7489063259495868, "br": 0.0}, "DE_FE_58": {"avail": 1.0, "util": 0.4886466217623776, "br": 0.0}, "DE_FE_59": {"avail": 1.0, "util": 0.8134620280999004, "br": 0.0}, "DE_FE_62": {"avail": 1.0, "util": 0.6386858055492178, "br": 0.0}, "DE_FE_70": {"avail": 1.0, "util": 0.8100399010752458, "br": 0.0}, "DE_FE_71": {"avail": 1.0, "util": 0.6695169978275318, "br": 0.0}, "DE_FE_72": {"avail": 1.0, "util": 0.874383723352545, "br": 0.0}, "DE_FE_86": {"avail": 1.0, "util": 0.6571580677267782, "br": 0.0}, "DefMEt_FE_118": {"avail": 1.0, "util": 0.37285605166307895, "br": 0.0}, "DefMet_BE_33": {"avail": 1.0, "util": 0.9340323588639677, "br": 0.0}, "DefMet_BE_42": {"avail": 1.0, "util": 0.993125477397403, "br": 0.0}, "DefMet_FE_10": {"avail": 1.0, "util": 0.6779043122005416, "br": 0.0}, "DefMet_FE_106": {"avail": 1.0, "util": 0.45017707103673354, "br": 0.0}, "DefMet_FE_34": {"avail": 1.0, "util": 0.6429761822095688, "br": 0.0}, "DefMet_FE_43": {"avail": 1.0, "util": 0.9751637617758027, "br": 0.0}, "Delay_32": {"avail": 1.0, "util": 0.40506683563641416, "br": 0.0}, "Dielectric_BE_20": {"avail": 1.0, "util": 0.9116589125755156, "br": 0.0}, "Dielectric_BE_21": {"avail": 1.0, "util": 0.9322790084021942, "br": 0.0}, "Dielectric_BE_27": {"avail": 1.0, "util": 0.8186607411522347, "br": 0.0}, "Dielectric_BE_28": {"avail": 1.0, "util": 0.8762065134365669, "br": 0.0}, "Dielectric_BE_60": {"avail": 1.0, "util": 0.9214290674258732, "br": 0.0}, "Dielectric_FE_112": {"avail": 1.0, "util": 0.9073050482605375, "br": 0.0}, "Dielectric_FE_130": {"avail": 1.0, "util": 0.8243871953336573, "br": 0.0}, "Dielectric_FE_29": {"avail": 1.0, "util": 0.9747934171238108, "br": 0.0}, "Dielectric_FE_30": {"avail": 1.0, "util": 0.9709047982778973, "br": 0.0}, "Dielectric_FE_31": {"avail": 1.0, "util": 0.9050065967641137, "br": 0.0}, "Diffusion_BE_123": {"avail": 1.0, "util": 0.0, "br": 0.0}, "Diffusion_FE_100": {"avail": 1.0, "util": 0.0, "br": 0.0}, "Diffusion_FE_101": {"avail": 1.0, "util": 0.0, "br": 0.0}, "Diffusion_FE_120": {"avail": 1.0, "util": 0.0, "br": 0.0}, "Diffusion_FE_122": {"avail": 1.0, "util": 0.0, "br": 0.0}, "Diffusion_FE_125": {"avail": 1.0, "util": 0.0, "br": 0.0}, "Diffusion_FE_126": {"avail": 1.0, "util": 0.0, "br": 0.0}, "Diffusion_FE_127": {"avail": 1.0, "util": 0.0, "br": 0.0}, "Diffusion_FE_44": {"avail": 1.0, "util": 0.0, "br": 0.0}, "Diffusion_FE_94": {"avail": 1.0, "util": 0.0, "br": 0.0}, "EPI_36": {"avail": 1.0, "util": 0.008922991458926463, "br": 0.0}, "EPI_38": {"avail": 1.0, "util": 0.02222067911950559, "br": 0.0}, "Implant_119": {"avail": 1.0, "util": 0.022949795153114367, "br": 0.0}, "Implant_128": {"avail": 1.0, "util": 0.056697451565863484, "br": 0.0}, "Implant_132": {"avail": 1.0, "util": 0.03712415804458024, "br": 0.0}, "Implant_74": {"avail": 1.0, "util": 0.008436914103187278, "br": 0.0}, "Implant_88": {"avail": 1.0, "util": 0.010658982015137838, "br": 0.0}, "Implant_90": {"avail": 1.0, "util": 0.03666412054718422, "br": 0.0}, "Implant_91": {"avail": 1.0, "util": 0.046686572691711226, "br": 0.0}, "LithoMet_BE_18": {"avail": 1.0, "util": 0.9428298248519067, "br": 0.0}, "LithoMet_FE_19": {"avail": 1.0, "util": 0.9575878218333603, "br": 0.0}, "LithoTrack_BE_117": {"avail": 1.0, "util": 0.12322755364210818, "br": 0.0}, "LithoTrack_FE_115": {"avail": 1.0, "util": 0.05102314517918826, "br": 0.0}, "LithoTrack_FE_95": {"avail": 1.0, "util": 0.062455980239467496, "br": 0.0}, "LithoTrack_FE_96": {"avail": 1.0, "util": 0.003853899034789251, "br": 0.0}, "Litho_BE_110": {"avail": 1.0, "util": 0.07094497405934112, "br": 0.0}, "Litho_BE_93": {"avail": 1.0, "util": 0.0626113927273569, "br": 0.0}, "Litho_BE_99": {"avail": 1.0, "util": 0.22197532578756105, "br": 0.0}, "Litho_FE_111": {"avail": 1.0, "util": 0.10676973189993119, "br": 0.0}, "Litho_FE_35": {"avail": 1.0, "util": 0.05041316575237831, "br": 0.0}, "Litho_FE_92": {"avail": 1.0, "util": 0.10281693400921232, "br": 0.0}, "Litho_FE_98": {"avail": 1.0, "util": 0.11528366085688495, "br": 0.0}, "Litho_REG_BE_63": {"avail": 1.0, "util": 0.9382594958683425, "br": 0.0}, "Litho_REG_FE_64": {"avail": 1.0, "util": 0.946546370787743, "br": 0.0}, "Planar_BE_75": {"avail": 1.0, "util": 0.8361919311158947, "br": 0.0}, "Planar_FE_76": {"avail": 1.0, "util": 0.15656320162951645, "br": 0.0}, "Planar_FE_77": {"avail": 1.0, "util": 0.9039650024303868, "br": 0.0}, "Planar_FE_78": {"avail": 1.0, "util": 0.7449829872925491, "br": 0.0}, "Planar_FE_79": {"avail": 1.0, "util": 0.9530588153600444, "br": 0.0}, "Planar_FE_80": {"avail": 1.0, "util": 0.9727102284563572, "br": 0.0}, "TF_BE_2": {"avail": 1.0, "util": 0.3345253801819318, "br": 0.0}, "TF_BE_23": {"avail": 1.0, "util": 0.5193023876265903, "br": 0.0}, "TF_BE_24": {"avail": 1.0, "util": 0.2908548017498785, "br": 0.0}, "TF_BE_26": {"avail": 1.0, "util": 0.5889081776728468, "br": 0.0}, "TF_BE_40": {"avail": 1.0, "util": 0.7288180218966276, "br": 0.0}, "TF_FE_103": {"avail": 1.0, "util": 0.737934865634331, "br": 0.0}, "TF_FE_104": {"avail": 1.0, "util": 0.4618845913478231, "br": 0.0}, "TF_FE_113": {"avail": 1.0, "util": 0.4902437330740921, "br": 0.0}, "TF_FE_131": {"avail": 1.0, "util": 0.28668148045274633, "br": 0.0}, "TF_FE_3": {"avail": 1.0, "util": 0.8318866745364906, "br": 0.0}, "TF_FE_5": {"avail": 1.0, "util": 0.20276369696548852, "br": 0.0}, "TF_Met_FE_45": {"avail": 1.0, "util": 0.10617318241788765, "br": 0.0}, "TF_Met_FE_61": {"avail": 1.0, "util": 0.9889243802513714, "br": 0.0}, "WE_BE_14": {"avail": 1.0, "util": 0.04278869522949796, "br": 0.0}, "WE_BE_16": {"avail": 1.0, "util": 0.04512032343432941, "br": 0.0}, "WE_BE_17": {"avail": 1.0, "util": 0.036941879036178044, "br": 0.0}, "WE_BE_7": {"avail": 1.0, "util": 0.005694049024373308, "br": 0.0}, "WE_BE_81": {"avail": 1.0, "util": 0.05916255815568363, "br": 0.0}, "WE_BE_82": {"avail": 1.0, "util": 0.07190472883827512, "br": 0.0}, "WE_BE_9": {"avail": 1.0, "util": 0.053071711289890584, "br": 0.0}, "WE_FE_108": {"avail": 1.0, "util": 0.043602130804408425, "br": 0.0}, "WE_FE_41": {"avail": 1.0, "util": 0.03770571488091105, "br": 0.0}, "WE_FE_47": {"avail": 1.0, "util": 0.038411684373770336, "br": 0.0}, "WE_FE_8": {"avail": 1.0, "util": 0.05308659120894382, "br": 0.0}, "WE_FE_83": {"avail": 1.0, "util": 0.047516541510014186, "br": 0.0}, "WE_FE_84": {"avail": 1.0, "util": 0.04208812659614687, "br": 0.0}, "WE_FE_85": {"avail": 1.0, "util": 0.023956669675716965, "br": 0.0}}, "plugins": {"cost": 448000.0}}