{"lots": {}, "machines": {"DE_BE_11": {"avail": 1.0, "util": 0.777932077334938, "br": 0.0}, "DE_BE_12": {"avail": 1.0, "util": 0.0, "br": 0.0}, "DE_BE_13": {"avail": 1.0, "util": 0.690181919177892, "br": 0.0}, "DE_BE_48": {"avail": 1.0, "util": 0.4404565022534749, "br": 0.0}, "DE_BE_50": {"avail": 1.0, "util": 0.13881405360366617, "br": 0.0}, "DE_BE_65": {"avail": 1.0, "util": 0.5873805405814849, "br": 0.0}, "DE_BE_66": {"avail": 1.0, "util": 0.7233227411225566, "br": 0.0}, "DE_BE_67": {"avail": 1.0, "util": 0.4124932143262931, "br": 0.0}, "DE_BE_69": {"avail": 1.0, "util": 0.18460399018654816, "br": 0.0}, "DE_FE_1": {"avail": 1.0, "util": 0.0, "br": 0.0}, "DE_FE_51": {"avail": 1.0, "util": 0.030884599361199833, "br": 0.0}, "DE_FE_53": {"avail": 1.0, "util": 0.0, "br": 0.0}, "DE_FE_54": {"avail": 1.0, "util": 0.8201638661297042, "br": 0.0}, "DE_FE_56": {"avail": 1.0, "util": 0.5911678933481461, "br": 0.0}, "DE_FE_58": {"avail": 1.0, "util": 0.735245104846549, "br": 0.0}, "DE_FE_59": {"avail": 1.0, "util": 0.21450145813081517, "br": 0.0}, "DE_FE_62": {"avail": 1.0, "util": 0.0918091441548151, "br": 0.0}, "DE_FE_70": {"avail": 1.0, "util": 0.32889371425685826, "br": 0.0}, "DE_FE_71": {"avail": 1.0, "util": 0.09176194664321315, "br": 0.0}, "DE_FE_72": {"avail": 1.0, "util": 0.2834707300753683, "br": 0.0}, "DE_FE_86": {"avail": 1.0, "util": 0.22620916586443973, "br": 0.0}, "DefMEt_FE_118": {"avail": 1.0, "util": 0.6187335092348285, "br": 0.0}, "DefMet_BE_33": {"avail": 1.0, "util": 0.8373142619080683, "br": 0.0}, "DefMet_BE_42": {"avail": 1.0, "util": 0.9112623246771282, "br": 0.0}, "DefMet_FE_10": {"avail": 1.0, "util": 0.5420774892376059, "br": 0.0}, "DefMet_FE_106": {"avail": 1.0, "util": 0.26357450354117484, "br": 0.0}, "DefMet_FE_34": {"avail": 1.0, "util": 0.5154839605610332, "br": 0.0}, "DefMet_FE_43": {"avail": 1.0, "util": 0.6183307873906403, "br": 0.0}, "Delay_32": {"avail": 1.0, "util": 0.10107589223718927, "br": 0.0}, "Dielectric_BE_20": {"avail": 1.0, "util": 0.6302735731148452, "br": 0.0}, "Dielectric_BE_21": {"avail": 1.0, "util": 0.9247558209507939, "br": 0.0}, "Dielectric_BE_27": {"avail": 1.0, "util": 0.8292482525575152, "br": 0.0}, "Dielectric_BE_28": {"avail": 1.0, "util": 0.7381382215433041, "br": 0.0}, "Dielectric_BE_60": {"avail": 1.0, "util": 0.7916493079664861, "br": 0.0}, "Dielectric_FE_112": {"avail": 1.0, "util": 0.6623771389776111, "br": 0.0}, "Dielectric_FE_130": {"avail": 1.0, "util": 0.8696708790445772, "br": 0.0}, "Dielectric_FE_29": {"avail": 1.0, "util": 0.0, "br": 0.0}, "Dielectric_FE_30": {"avail": 1.0, "util": 0.8300236078322455, "br": 0.0}, "Dielectric_FE_31": {"avail": 1.0, "util": 0.42403832800999863, "br": 0.0}, "Diffusion_BE_123": {"avail": 1.0, "util": 0.0, "br": 0.0}, "Diffusion_FE_100": {"avail": 1.0, "util": 0.0, "br": 0.0}, "Diffusion_FE_101": {"avail": 1.0, "util": 0.0, "br": 0.0}, "Diffusion_FE_120": {"avail": 1.0, "util": 0.0, "br": 0.0}, "Diffusion_FE_122": {"avail": 1.0, "util": 0.0, "br": 0.0}, "Diffusion_FE_125": {"avail": 1.0, "util": 0.0, "br": 0.0}, "Diffusion_FE_126": {"avail": 1.0, "util": 0.0, "br": 0.0}, "Diffusion_FE_127": {"avail": 1.0, "util": 0.0, "br": 0.0}, "Diffusion_FE_44": {"avail": 1.0, "util": 0.0, "br": 0.0}, "Diffusion_FE_94": {"avail": 1.0, "util": 0.0, "br": 0.0}, "EPI_36": {"avail": 1.0, "util": 0.01437300374947924, "br": 0.0}, "EPI_38": {"avail": 1.0, "util": 0.6089432023330094, "br": 0.0}, "Implant_119": {"avail": 1.0, "util": 0.008957089293153728, "br": 0.0}, "Implant_128": {"avail": 1.0, "util": 0.0512933809698148, "br": 0.0}, "Implant_132": {"avail": 1.0, "util": 0.02521475191937628, "br": 0.0}, "Implant_74": {"avail": 1.0, "util": 0.03409248715456187, "br": 0.0}, "Implant_88": {"avail": 1.0, "util": 0.0, "br": 0.0}, "Implant_90": {"avail": 1.0, "util": 0.03312039994445216, "br": 0.0}, "Implant_91": {"avail": 1.0, "util": 0.055210585831332946, "br": 0.0}, "LithoMet_BE_18": {"avail": 1.0, "util": 0.924063577028443, "br": 0.0}, "LithoMet_FE_19": {"avail": 1.0, "util": 0.896393358065348, "br": 0.0}, "LithoTrack_BE_117": {"avail": 1.0, "util": 0.11456742119150118, "br": 0.0}, "LithoTrack_FE_115": {"avail": 1.0, "util": 0.07225283751240512, "br": 0.0}, "LithoTrack_FE_95": {"avail": 1.0, "util": 0.12907235106235246, "br": 0.0}, "LithoTrack_FE_96": {"avail": 1.0, "util": 0.030134703513400918, "br": 0.0}, "Litho_BE_110": {"avail": 1.0, "util": 0.11593196597090984, "br": 0.0}, "Litho_BE_93": {"avail": 1.0, "util": 0.13015553395361756, "br": 0.0}, "Litho_BE_99": {"avail": 1.0, "util": 0.2144609544970606, "br": 0.0}, "Litho_FE_111": {"avail": 1.0, "util": 0.1683377308707124, "br": 0.0}, "Litho_FE_35": {"avail": 1.0, "util": 0.05839466740730454, "br": 0.0}, "Litho_FE_92": {"avail": 1.0, "util": 0.12453398566438421, "br": 0.0}, "Litho_FE_98": {"avail": 1.0, "util": 0.022496875433967504, "br": 0.0}, "Litho_REG_BE_63": {"avail": 1.0, "util": 0.8801208165532565, "br": 0.0}, "Litho_REG_FE_64": {"avail": 1.0, "util": 0.8979887052724159, "br": 0.0}, "Planar_BE_75": {"avail": 1.0, "util": 0.7104568809887516, "br": 0.0}, "Planar_FE_76": {"avail": 1.0, "util": 0.9291765032634356, "br": 0.0}, "Planar_FE_77": {"avail": 1.0, "util": 0.7151784474378559, "br": 0.0}, "Planar_FE_78": {"avail": 1.0, "util": 0.42383002360783223, "br": 0.0}, "Planar_FE_79": {"avail": 1.0, "util": 0.32176086654631303, "br": 0.0}, "Planar_FE_80": {"avail": 1.0, "util": 0.4851409526454659, "br": 0.0}, "TF_BE_2": {"avail": 1.0, "util": 0.5350992917650327, "br": 0.0}, "TF_BE_23": {"avail": 1.0, "util": 0.6015731941992184, "br": 0.0}, "TF_BE_24": {"avail": 1.0, "util": 0.7296208859880572, "br": 0.0}, "TF_BE_26": {"avail": 1.0, "util": 0.5306741585036266, "br": 0.0}, "TF_BE_40": {"avail": 1.0, "util": 0.6033475742748148, "br": 0.0}, "TF_FE_103": {"avail": 1.0, "util": 0.7274386493939334, "br": 0.0}, "TF_FE_104": {"avail": 1.0, "util": 0.5719761144285516, "br": 0.0}, "TF_FE_113": {"avail": 1.0, "util": 0.2205712169606073, "br": 0.0}, "TF_FE_131": {"avail": 1.0, "util": 0.7150395778364116, "br": 0.0}, "TF_FE_3": {"avail": 1.0, "util": 0.6648150719807434, "br": 0.0}, "TF_FE_5": {"avail": 1.0, "util": 0.5366847197148544, "br": 0.0}, "TF_Met_FE_45": {"avail": 1.0, "util": 0.17678100263852242, "br": 0.0}, "TF_Met_FE_61": {"avail": 1.0, "util": 0.9909734759061242, "br": 0.0}, "WE_BE_14": {"avail": 1.0, "util": 0.035606165810304125, "br": 0.0}, "WE_BE_16": {"avail": 1.0, "util": 0.03883141230384669, "br": 0.0}, "WE_BE_17": {"avail": 1.0, "util": 0.02339952784335509, "br": 0.0}, "WE_BE_7": {"avail": 1.0, "util": 0.03374531315095126, "br": 0.0}, "WE_BE_81": {"avail": 1.0, "util": 0.0346248206267648, "br": 0.0}, "WE_BE_82": {"avail": 1.0, "util": 0.05008563625422395, "br": 0.0}, "WE_BE_9": {"avail": 1.0, "util": 0.06976808776558811, "br": 0.0}, "WE_FE_108": {"avail": 1.0, "util": 0.026461841985547987, "br": 0.0}, "WE_FE_41": {"avail": 1.0, "util": 0.028607137897514234, "br": 0.0}, "WE_FE_47": {"avail": 1.0, "util": 0.028773781419247326, "br": 0.0}, "WE_FE_8": {"avail": 1.0, "util": 0.026038050270795723, "br": 0.0}, "WE_FE_83": {"avail": 1.0, "util": 0.05446002869971763, "br": 0.0}, "WE_FE_84": {"avail": 1.0, "util": 0.030935245921726556, "br": 0.0}, "WE_FE_85": {"avail": 1.0, "util": 0.047979447298986254, "br": 0.0}}, "plugins": {"cost": 429200}}