{"lots": {}, "machines": {"DE_BE_11": {"avail": 1.0, "util": 0.0, "br": 0.0}, "DE_BE_12": {"avail": 1.0, "util": 0.0, "br": 0.0}, "DE_BE_13": {"avail": 1.0, "util": 0.0, "br": 0.0}, "DE_BE_48": {"avail": 1.0, "util": 0.0, "br": 0.0}, "DE_BE_50": {"avail": 1.0, "util": 0.0, "br": 0.0}, "DE_BE_65": {"avail": 1.0, "util": 0.0, "br": 0.0}, "DE_BE_66": {"avail": 1.0, "util": 0.0, "br": 0.0}, "DE_BE_67": {"avail": 1.0, "util": 0.0, "br": 0.0}, "DE_BE_69": {"avail": 1.0, "util": 0.0, "br": 0.0}, "DE_FE_1": {"avail": 1.0, "util": 0.0, "br": 0.0}, "DE_FE_51": {"avail": 1.0, "util": 0.0, "br": 0.0}, "DE_FE_53": {"avail": 1.0, "util": 0.0, "br": 0.0}, "DE_FE_54": {"avail": 1.0, "util": 0.0, "br": 0.0}, "DE_FE_56": {"avail": 1.0, "util": 0.0, "br": 0.0}, "DE_FE_58": {"avail": 1.0, "util": 0.0, "br": 0.0}, "DE_FE_59": {"avail": 1.0, "util": 0.0, "br": 0.0}, "DE_FE_62": {"avail": 1.0, "util": 0.0, "br": 0.0}, "DE_FE_70": {"avail": 1.0, "util": 0.0, "br": 0.0}, "DE_FE_71": {"avail": 1.0, "util": 0.0, "br": 0.0}, "DE_FE_72": {"avail": 1.0, "util": 0.0, "br": 0.0}, "DE_FE_86": {"avail": 1.0, "util": 0.0, "br": 0.0}, "DefMEt_FE_118": {"avail": 1.0, "util": 0.7471535684532075, "br": 0.0}, "DefMet_BE_33": {"avail": 1.0, "util": 0.5347125798389336, "br": 0.0}, "DefMet_BE_42": {"avail": 1.0, "util": 0.9125242988058873, "br": 0.0}, "DefMet_FE_10": {"avail": 1.0, "util": 0.6627325742849208, "br": 0.0}, "DefMet_FE_106": {"avail": 1.0, "util": 0.2563176895306859, "br": 0.0}, "DefMet_FE_34": {"avail": 1.0, "util": 0.49972229936128854, "br": 0.0}, "DefMet_FE_43": {"avail": 1.0, "util": 0.8660927520133297, "br": 0.0}, "Delay_32": {"avail": 1.0, "util": 0.0, "br": 0.0}, "Dielectric_BE_20": {"avail": 1.0, "util": 0.6806442654818106, "br": 0.0}, "Dielectric_BE_21": {"avail": 1.0, "util": 0.6324169212255856, "br": 0.0}, "Dielectric_BE_27": {"avail": 1.0, "util": 0.7871656021475516, "br": 0.0}, "Dielectric_BE_28": {"avail": 1.0, "util": 0.6339905581782838, "br": 0.0}, "Dielectric_BE_60": {"avail": 1.0, "util": 0.712857539572341, "br": 0.0}, "Dielectric_FE_112": {"avail": 1.0, "util": 0.6468573544385819, "br": 0.0}, "Dielectric_FE_130": {"avail": 1.0, "util": 0.8787836712024437, "br": 0.0}, "Dielectric_FE_29": {"avail": 1.0, "util": 0.7791354253448116, "br": 0.0}, "Dielectric_FE_30": {"avail": 1.0, "util": 0.5665093029713968, "br": 0.0}, "Dielectric_FE_31": {"avail": 1.0, "util": 0.857192446542627, "br": 0.0}, "Diffusion_BE_123": {"avail": 1.0, "util": 0.0, "br": 0.0}, "Diffusion_FE_100": {"avail": 1.0, "util": 0.0, "br": 0.0}, "Diffusion_FE_101": {"avail": 1.0, "util": 0.0, "br": 0.0}, "Diffusion_FE_120": {"avail": 1.0, "util": 0.0, "br": 0.0}, "Diffusion_FE_122": {"avail": 1.0, "util": 0.0, "br": 0.0}, "Diffusion_FE_125": {"avail": 1.0, "util": 0.0, "br": 0.0}, "Diffusion_FE_126": {"avail": 1.0, "util": 0.0, "br": 0.0}, "Diffusion_FE_127": {"avail": 1.0, "util": 0.0, "br": 0.0}, "Diffusion_FE_44": {"avail": 1.0, "util": 0.0, "br": 0.0}, "Diffusion_FE_94": {"avail": 1.0, "util": 0.0, "br": 0.0}, "EPI_36": {"avail": 1.0, "util": 0.01444043321299639, "br": 0.0}, "EPI_38": {"avail": 1.0, "util": 0.9858372674257151, "br": 0.0}, "Implant_119": {"avail": 1.0, "util": 0.05623437933907248, "br": 0.0}, "Implant_128": {"avail": 1.0, "util": 0.06404786549190881, "br": 0.0}, "Implant_132": {"avail": 1.0, "util": 0.04494783195144206, "br": 0.0}, "Implant_74": {"avail": 1.0, "util": 0.06789780616495418, "br": 0.0}, "Implant_88": {"avail": 1.0, "util": 0.0, "br": 0.0}, "Implant_90": {"avail": 1.0, "util": 0.03804498750347126, "br": 0.0}, "Implant_91": {"avail": 1.0, "util": 0.07347165469909152, "br": 0.0}, "LithoMet_BE_18": {"avail": 1.0, "util": 0.8977809194415692, "br": 0.0}, "LithoMet_FE_19": {"avail": 1.0, "util": 0.8899115325108105, "br": 0.0}, "LithoTrack_BE_117": {"avail": 1.0, "util": 0.1972785337406276, "br": 0.0}, "LithoTrack_FE_115": {"avail": 1.0, "util": 0.12088105607520946, "br": 0.0}, "LithoTrack_FE_95": {"avail": 1.0, "util": 0.20802554845876145, "br": 0.0}, "LithoTrack_FE_96": {"avail": 1.0, "util": 0.06067758955845599, "br": 0.0}, "Litho_BE_110": {"avail": 1.0, "util": 0.1912029267232532, "br": 0.0}, "Litho_BE_93": {"avail": 1.0, "util": 0.253124132185504, "br": 0.0}, "Litho_BE_99": {"avail": 1.0, "util": 0.37693233361103395, "br": 0.0}, "Litho_FE_111": {"avail": 1.0, "util": 0.3234795890030547, "br": 0.0}, "Litho_FE_35": {"avail": 1.0, "util": 0.10094418217161899, "br": 0.0}, "Litho_FE_92": {"avail": 1.0, "util": 0.21684147565847092, "br": 0.0}, "Litho_FE_98": {"avail": 1.0, "util": 0.03172729797278534, "br": 0.0}, "Litho_REG_BE_63": {"avail": 1.0, "util": 0.8410858094973619, "br": 0.0}, "Litho_REG_FE_64": {"avail": 1.0, "util": 0.8339813014903267, "br": 0.0}, "Planar_BE_75": {"avail": 1.0, "util": 0.25032729003848136, "br": 0.0}, "Planar_FE_76": {"avail": 1.0, "util": 0.9237711746737017, "br": 0.0}, "Planar_FE_77": {"avail": 1.0, "util": 0.7267425715079144, "br": 0.0}, "Planar_FE_78": {"avail": 1.0, "util": 0.8508747570119412, "br": 0.0}, "Planar_FE_79": {"avail": 1.0, "util": 0.0, "br": 0.0}, "Planar_FE_80": {"avail": 1.0, "util": 0.6573174118300472, "br": 0.0}, "TF_BE_2": {"avail": 1.0, "util": 0.0, "br": 0.0}, "TF_BE_23": {"avail": 1.0, "util": 0.07136906414884754, "br": 0.0}, "TF_BE_24": {"avail": 1.0, "util": 0.0, "br": 0.0}, "TF_BE_26": {"avail": 1.0, "util": 0.07572682801785828, "br": 0.0}, "TF_BE_40": {"avail": 1.0, "util": 0.0, "br": 0.0}, "TF_FE_103": {"avail": 1.0, "util": 0.0, "br": 0.0}, "TF_FE_104": {"avail": 1.0, "util": 0.0, "br": 0.0}, "TF_FE_113": {"avail": 1.0, "util": 0.0, "br": 0.0}, "TF_FE_131": {"avail": 1.0, "util": 0.0, "br": 0.0}, "TF_FE_3": {"avail": 1.0, "util": 0.0, "br": 0.0}, "TF_FE_5": {"avail": 1.0, "util": 0.0, "br": 0.0}, "TF_Met_FE_45": {"avail": 1.0, "util": 0.20980283254651486, "br": 0.0}, "TF_Met_FE_61": {"avail": 1.0, "util": 0.9565398500416551, "br": 0.0}, "WE_BE_14": {"avail": 1.0, "util": 0.029658428214384892, "br": 0.0}, "WE_BE_16": {"avail": 1.0, "util": 0.02336156623160233, "br": 0.0}, "WE_BE_17": {"avail": 1.0, "util": 0.02638156067758956, "br": 0.0}, "WE_BE_7": {"avail": 1.0, "util": 0.011385726187170231, "br": 0.0}, "WE_BE_81": {"avail": 1.0, "util": 0.02860316578728131, "br": 0.0}, "WE_BE_82": {"avail": 1.0, "util": 0.06337745687926194, "br": 0.0}, "WE_BE_9": {"avail": 1.0, "util": 0.07131352402110525, "br": 0.0}, "WE_FE_108": {"avail": 1.0, "util": 0.032356912351932894, "br": 0.0}, "WE_FE_41": {"avail": 1.0, "util": 0.03632324354346015, "br": 0.0}, "WE_FE_47": {"avail": 1.0, "util": 0.035156900860871976, "br": 0.0}, "WE_FE_8": {"avail": 1.0, "util": 0.025965009719522356, "br": 0.0}, "WE_FE_83": {"avail": 1.0, "util": 0.0686383412015181, "br": 0.0}, "WE_FE_84": {"avail": 1.0, "util": 0.03995622131107372, "br": 0.0}, "WE_FE_85": {"avail": 1.0, "util": 0.0860871980005554, "br": 0.0}}, "plugins": {"cost": 429200}}