{"lots": {}, "machines": {"DE_BE_11": {"avail": 1.0, "util": 0.5501342095520177, "br": 0.0}, "DE_BE_12": {"avail": 1.0, "util": 0.9448403883335389, "br": 0.0}, "DE_BE_13": {"avail": 1.0, "util": 0.8575527582376897, "br": 0.0}, "DE_BE_48": {"avail": 1.0, "util": 0.7396751203258053, "br": 0.0}, "DE_BE_50": {"avail": 1.0, "util": 0.8976202229626887, "br": 0.0}, "DE_BE_65": {"avail": 1.0, "util": 0.7543257399220332, "br": 0.0}, "DE_BE_66": {"avail": 1.0, "util": 0.6644103548393383, "br": 0.0}, "DE_BE_67": {"avail": 1.0, "util": 0.867169566827101, "br": 0.0}, "DE_BE_69": {"avail": 1.0, "util": 0.9341910403554239, "br": 0.0}, "DE_FE_1": {"avail": 1.0, "util": 0.749034749034749, "br": 0.0}, "DE_FE_51": {"avail": 1.0, "util": 0.5988547126795144, "br": 0.0}, "DE_FE_53": {"avail": 1.0, "util": 0.8317845242502777, "br": 0.0}, "DE_FE_54": {"avail": 1.0, "util": 0.8123935579415031, "br": 0.0}, "DE_FE_56": {"avail": 1.0, "util": 0.8013698630136986, "br": 0.0}, "DE_FE_58": {"avail": 1.0, "util": 0.32632975441194617, "br": 0.0}, "DE_FE_59": {"avail": 1.0, "util": 0.817734172528693, "br": 0.0}, "DE_FE_62": {"avail": 1.0, "util": 0.8169923837732056, "br": 0.0}, "DE_FE_70": {"avail": 1.0, "util": 0.7616018283826503, "br": 0.0}, "DE_FE_71": {"avail": 1.0, "util": 0.810191000687576, "br": 0.0}, "DE_FE_72": {"avail": 1.0, "util": 0.6185929079764696, "br": 0.0}, "DE_FE_86": {"avail": 1.0, "util": 0.7303190176477847, "br": 0.0}, "DefMEt_FE_118": {"avail": 1.0, "util": 0.2503702332469456, "br": 0.0}, "DefMet_BE_33": {"avail": 1.0, "util": 0.9721862273232136, "br": 0.0}, "DefMet_BE_42": {"avail": 1.0, "util": 0.9470103665309145, "br": 0.0}, "DefMet_FE_10": {"avail": 1.0, "util": 0.9785496112550907, "br": 0.0}, "DefMet_FE_106": {"avail": 1.0, "util": 0.25874676045908923, "br": 0.0}, "DefMet_FE_34": {"avail": 1.0, "util": 0.6667437985931136, "br": 0.0}, "DefMet_FE_43": {"avail": 1.0, "util": 0.9660310995927435, "br": 0.0}, "Delay_32": {"avail": 1.0, "util": 0.39512738337652725, "br": 0.0}, "Dielectric_BE_20": {"avail": 1.0, "util": 0.922611995557201, "br": 0.0}, "Dielectric_BE_21": {"avail": 1.0, "util": 0.9631733617178823, "br": 0.0}, "Dielectric_BE_27": {"avail": 1.0, "util": 0.7549981488337653, "br": 0.0}, "Dielectric_BE_28": {"avail": 1.0, "util": 0.7383376527212143, "br": 0.0}, "Dielectric_BE_60": {"avail": 1.0, "util": 0.9079623287671232, "br": 0.0}, "Dielectric_FE_112": {"avail": 1.0, "util": 0.9512310255460941, "br": 0.0}, "Dielectric_FE_130": {"avail": 1.0, "util": 0.8730794150314698, "br": 0.0}, "Dielectric_FE_29": {"avail": 1.0, "util": 0.9067320745402938, "br": 0.0}, "Dielectric_FE_30": {"avail": 1.0, "util": 0.9233154387263977, "br": 0.0}, "Dielectric_FE_31": {"avail": 1.0, "util": 0.9247385227693447, "br": 0.0}, "Diffusion_BE_123": {"avail": 1.0, "util": 0.0, "br": 0.0}, "Diffusion_FE_100": {"avail": 1.0, "util": 0.0, "br": 0.0}, "Diffusion_FE_101": {"avail": 1.0, "util": 0.0, "br": 0.0}, "Diffusion_FE_120": {"avail": 1.0, "util": 0.0, "br": 0.0}, "Diffusion_FE_122": {"avail": 1.0, "util": 0.0, "br": 0.0}, "Diffusion_FE_125": {"avail": 1.0, "util": 0.0, "br": 0.0}, "Diffusion_FE_126": {"avail": 1.0, "util": 0.0, "br": 0.0}, "Diffusion_FE_127": {"avail": 1.0, "util": 0.0, "br": 0.0}, "Diffusion_FE_44": {"avail": 1.0, "util": 0.7050461108680287, "br": 0.0}, "Diffusion_FE_94": {"avail": 1.0, "util": 0.0, "br": 0.0}, "EPI_36": {"avail": 1.0, "util": 0.011986301369863013, "br": 0.0}, "EPI_38": {"avail": 1.0, "util": 0.02943354313217327, "br": 0.0}, "Implant_119": {"avail": 1.0, "util": 0.010713624583487596, "br": 0.0}, "Implant_128": {"avail": 1.0, "util": 0.045973713439466865, "br": 0.0}, "Implant_132": {"avail": 1.0, "util": 0.034483756016290265, "br": 0.0}, "Implant_74": {"avail": 1.0, "util": 0.005622917437985931, "br": 0.0}, "Implant_88": {"avail": 1.0, "util": 0.026170862643465385, "br": 0.0}, "Implant_90": {"avail": 1.0, "util": 0.05058311736393928, "br": 0.0}, "Implant_91": {"avail": 1.0, "util": 0.03646797482413921, "br": 0.0}, "LithoMet_BE_18": {"avail": 1.0, "util": 0.9733645658303193, "br": 0.0}, "LithoMet_FE_19": {"avail": 1.0, "util": 0.9674580402320128, "br": 0.0}, "LithoTrack_BE_117": {"avail": 1.0, "util": 0.06899296556830803, "br": 0.0}, "LithoTrack_FE_115": {"avail": 1.0, "util": 0.04338444004036269, "br": 0.0}, "LithoTrack_FE_95": {"avail": 1.0, "util": 0.04603548194546237, "br": 0.0}, "LithoTrack_FE_96": {"avail": 1.0, "util": 0.0, "br": 0.0}, "Litho_BE_110": {"avail": 1.0, "util": 0.053890424181520076, "br": 0.0}, "Litho_BE_93": {"avail": 1.0, "util": 0.043672096754288535, "br": 0.0}, "Litho_BE_99": {"avail": 1.0, "util": 0.1261415525114155, "br": 0.0}, "Litho_FE_111": {"avail": 1.0, "util": 0.08474554878664468, "br": 0.0}, "Litho_FE_35": {"avail": 1.0, "util": 0.04780636801184746, "br": 0.0}, "Litho_FE_92": {"avail": 1.0, "util": 0.08089876925493364, "br": 0.0}, "Litho_FE_98": {"avail": 1.0, "util": 0.07507404664938912, "br": 0.0}, "Litho_REG_BE_63": {"avail": 1.0, "util": 0.9757381525360977, "br": 0.0}, "Litho_REG_FE_64": {"avail": 1.0, "util": 0.9502631300576506, "br": 0.0}, "Planar_BE_75": {"avail": 1.0, "util": 0.7750971862273232, "br": 0.0}, "Planar_FE_76": {"avail": 1.0, "util": 0.932725533752931, "br": 0.0}, "Planar_FE_77": {"avail": 1.0, "util": 0.9557571269900037, "br": 0.0}, "Planar_FE_78": {"avail": 1.0, "util": 0.28151610514624215, "br": 0.0}, "Planar_FE_79": {"avail": 1.0, "util": 0.8560810810810812, "br": 0.0}, "Planar_FE_80": {"avail": 1.0, "util": 0.5960292484265087, "br": 0.0}, "TF_BE_2": {"avail": 1.0, "util": 0.3540239726027397, "br": 0.0}, "TF_BE_23": {"avail": 1.0, "util": 0.8279730704027748, "br": 0.0}, "TF_BE_24": {"avail": 1.0, "util": 0.19303035912624955, "br": 0.0}, "TF_BE_26": {"avail": 1.0, "util": 0.6771689497716895, "br": 0.0}, "TF_BE_40": {"avail": 1.0, "util": 0.7642636214982105, "br": 0.0}, "TF_FE_103": {"avail": 1.0, "util": 0.7462629581636431, "br": 0.0}, "TF_FE_104": {"avail": 1.0, "util": 0.8521751203258052, "br": 0.0}, "TF_FE_113": {"avail": 1.0, "util": 0.22153831914105887, "br": 0.0}, "TF_FE_131": {"avail": 1.0, "util": 0.5318863383931877, "br": 0.0}, "TF_FE_3": {"avail": 1.0, "util": 0.8921464272491669, "br": 0.0}, "TF_FE_5": {"avail": 1.0, "util": 0.3127082562014069, "br": 0.0}, "TF_Met_FE_45": {"avail": 1.0, "util": 0.07092280636801185, "br": 0.0}, "TF_Met_FE_61": {"avail": 1.0, "util": 0.985445205479452, "br": 0.0}, "WE_BE_14": {"avail": 1.0, "util": 0.038652350981118105, "br": 0.0}, "WE_BE_16": {"avail": 1.0, "util": 0.04221687440865523, "br": 0.0}, "WE_BE_17": {"avail": 1.0, "util": 0.05074509440947797, "br": 0.0}, "WE_BE_7": {"avail": 1.0, "util": 0.016891891891891893, "br": 0.0}, "WE_BE_81": {"avail": 1.0, "util": 0.039522399111440204, "br": 0.0}, "WE_BE_82": {"avail": 1.0, "util": 0.05318400592373195, "br": 0.0}, "WE_BE_9": {"avail": 1.0, "util": 0.049307134923573276, "br": 0.0}, "WE_FE_108": {"avail": 1.0, "util": 0.04127175120325805, "br": 0.0}, "WE_FE_41": {"avail": 1.0, "util": 0.036079229914846356, "br": 0.0}, "WE_FE_47": {"avail": 1.0, "util": 0.03424657534246575, "br": 0.0}, "WE_FE_8": {"avail": 1.0, "util": 0.05002776749352092, "br": 0.0}, "WE_FE_83": {"avail": 1.0, "util": 0.03779684772835457, "br": 0.0}, "WE_FE_84": {"avail": 1.0, "util": 0.03534441976222798, "br": 0.0}, "WE_FE_85": {"avail": 1.0, "util": 0.022213994816734542, "br": 0.0}}, "plugins": {"cost": 447200.0}}