{"lots": {}, "machines": {"DE_BE_11": {"avail": 1.0, "util": 0.704471381717611, "br": 0.0}, "DE_BE_12": {"avail": 1.0, "util": 0.9362582453171886, "br": 0.0}, "DE_BE_13": {"avail": 1.0, "util": 0.6339623178708956, "br": 0.0}, "DE_BE_48": {"avail": 1.0, "util": 0.7893284655568361, "br": 0.0}, "DE_BE_50": {"avail": 1.0, "util": 0.9356065513093366, "br": 0.0}, "DE_BE_65": {"avail": 1.0, "util": 0.6762199584444426, "br": 0.0}, "DE_BE_66": {"avail": 1.0, "util": 0.7144116830594549, "br": 0.0}, "DE_BE_67": {"avail": 1.0, "util": 0.5991318758044029, "br": 0.0}, "DE_BE_69": {"avail": 1.0, "util": 0.4949878165386632, "br": 0.0}, "DE_FE_1": {"avail": 1.0, "util": 0.7463495882298511, "br": 0.0}, "DE_FE_51": {"avail": 1.0, "util": 0.28556028500046265, "br": 0.0}, "DE_FE_53": {"avail": 1.0, "util": 0.18404737670028684, "br": 0.0}, "DE_FE_54": {"avail": 1.0, "util": 0.5419943863545232, "br": 0.0}, "DE_FE_56": {"avail": 1.0, "util": 0.8007772739890812, "br": 0.0}, "DE_FE_58": {"avail": 1.0, "util": 0.9789488294623855, "br": 0.0}, "DE_FE_59": {"avail": 1.0, "util": 0.7863421856204312, "br": 0.0}, "DE_FE_62": {"avail": 1.0, "util": 0.7733767329454221, "br": 0.0}, "DE_FE_70": {"avail": 1.0, "util": 0.7344482111762578, "br": 0.0}, "DE_FE_71": {"avail": 1.0, "util": 0.8860203777387085, "br": 0.0}, "DE_FE_72": {"avail": 1.0, "util": 0.5057244042161225, "br": 0.0}, "DE_FE_86": {"avail": 1.0, "util": 0.7601248719834758, "br": 0.0}, "DefMEt_FE_118": {"avail": 1.0, "util": 0.4126492088461183, "br": 0.0}, "DefMet_BE_33": {"avail": 1.0, "util": 0.8200240584806144, "br": 0.0}, "DefMet_BE_42": {"avail": 1.0, "util": 0.9439252336448598, "br": 0.0}, "DefMet_FE_10": {"avail": 1.0, "util": 0.38465809197742207, "br": 0.0}, "DefMet_FE_106": {"avail": 1.0, "util": 0.17201813639307856, "br": 0.0}, "DefMet_FE_34": {"avail": 1.0, "util": 0.4913482002405848, "br": 0.0}, "DefMet_FE_43": {"avail": 1.0, "util": 0.8087720921624872, "br": 0.0}, "Delay_32": {"avail": 1.0, "util": 0.2016799296752105, "br": 0.0}, "Dielectric_BE_20": {"avail": 1.0, "util": 0.4932913852132877, "br": 0.0}, "Dielectric_BE_21": {"avail": 1.0, "util": 0.8342586595108109, "br": 0.0}, "Dielectric_BE_27": {"avail": 1.0, "util": 0.8489944788871411, "br": 0.0}, "Dielectric_BE_28": {"avail": 1.0, "util": 0.9451281576755807, "br": 0.0}, "Dielectric_BE_60": {"avail": 1.0, "util": 0.8417229573424632, "br": 0.0}, "Dielectric_FE_112": {"avail": 1.0, "util": 0.6801969916617829, "br": 0.0}, "Dielectric_FE_130": {"avail": 1.0, "util": 0.5784445266956603, "br": 0.0}, "Dielectric_FE_29": {"avail": 1.0, "util": 0.26291601122729097, "br": 0.0}, "Dielectric_FE_30": {"avail": 1.0, "util": 0.9248635143888221, "br": 0.0}, "Dielectric_FE_31": {"avail": 1.0, "util": 0.3830387711668363, "br": 0.0}, "Diffusion_BE_123": {"avail": 1.0, "util": 0.0, "br": 0.0}, "Diffusion_FE_100": {"avail": 1.0, "util": 0.0, "br": 0.0}, "Diffusion_FE_101": {"avail": 1.0, "util": 0.0, "br": 0.0}, "Diffusion_FE_120": {"avail": 1.0, "util": 0.0, "br": 0.0}, "Diffusion_FE_122": {"avail": 1.0, "util": 0.0, "br": 0.0}, "Diffusion_FE_125": {"avail": 1.0, "util": 0.0, "br": 0.0}, "Diffusion_FE_126": {"avail": 1.0, "util": 0.0, "br": 0.0}, "Diffusion_FE_127": {"avail": 1.0, "util": 0.0, "br": 0.0}, "Diffusion_FE_44": {"avail": 1.0, "util": 0.0, "br": 0.0}, "Diffusion_FE_94": {"avail": 1.0, "util": 0.0, "br": 0.0}, "EPI_36": {"avail": 1.0, "util": 0.011936707689460535, "br": 0.0}, "EPI_38": {"avail": 1.0, "util": 0.40658832238364023, "br": 0.0}, "Implant_119": {"avail": 1.0, "util": 0.009068196539280097, "br": 0.0}, "Implant_128": {"avail": 1.0, "util": 0.04396981754250191, "br": 0.0}, "Implant_132": {"avail": 1.0, "util": 0.017607635262858728, "br": 0.0}, "Implant_74": {"avail": 1.0, "util": 0.022624225039326363, "br": 0.0}, "Implant_88": {"avail": 1.0, "util": 0.0, "br": 0.0}, "Implant_90": {"avail": 1.0, "util": 0.025400203571759046, "br": 0.0}, "Implant_91": {"avail": 1.0, "util": 0.05081362608891062, "br": 0.0}, "LithoMet_BE_18": {"avail": 1.0, "util": 0.9522195210175224, "br": 0.0}, "LithoMet_FE_19": {"avail": 1.0, "util": 0.9423918359793255, "br": 0.0}, "LithoTrack_BE_117": {"avail": 1.0, "util": 0.08044785786989914, "br": 0.0}, "LithoTrack_FE_115": {"avail": 1.0, "util": 0.05735668164491398, "br": 0.0}, "LithoTrack_FE_95": {"avail": 1.0, "util": 0.094422596465254, "br": 0.0}, "LithoTrack_FE_96": {"avail": 1.0, "util": 0.020310909595632462, "br": 0.0}, "Litho_BE_110": {"avail": 1.0, "util": 0.08786173213014109, "br": 0.0}, "Litho_BE_93": {"avail": 1.0, "util": 0.09269454982881466, "br": 0.0}, "Litho_BE_99": {"avail": 1.0, "util": 0.14311711544986275, "br": 0.0}, "Litho_FE_111": {"avail": 1.0, "util": 0.12451651707226798, "br": 0.0}, "Litho_FE_35": {"avail": 1.0, "util": 0.03886369945405756, "br": 0.0}, "Litho_FE_92": {"avail": 1.0, "util": 0.09004491390907603, "br": 0.0}, "Litho_FE_98": {"avail": 1.0, "util": 0.03585638937725548, "br": 0.0}, "Litho_REG_BE_63": {"avail": 1.0, "util": 0.9275006939946331, "br": 0.0}, "Litho_REG_FE_64": {"avail": 1.0, "util": 0.9381805002930199, "br": 0.0}, "Planar_BE_75": {"avail": 1.0, "util": 0.8007111792621184, "br": 0.0}, "Planar_FE_76": {"avail": 1.0, "util": 0.9337929120014805, "br": 0.0}, "Planar_FE_77": {"avail": 1.0, "util": 0.9678911816415287, "br": 0.0}, "Planar_FE_78": {"avail": 1.0, "util": 0.2848153974275932, "br": 0.0}, "Planar_FE_79": {"avail": 1.0, "util": 0.20988711020634773, "br": 0.0}, "Planar_FE_80": {"avail": 1.0, "util": 0.42509484593319147, "br": 0.0}, "TF_BE_2": {"avail": 1.0, "util": 0.7026001665587119, "br": 0.0}, "TF_BE_23": {"avail": 1.0, "util": 0.7173194622533015, "br": 0.0}, "TF_BE_24": {"avail": 1.0, "util": 0.9652771351901546, "br": 0.0}, "TF_BE_26": {"avail": 1.0, "util": 0.7527030201222854, "br": 0.0}, "TF_BE_40": {"avail": 1.0, "util": 0.8294841578715321, "br": 0.0}, "TF_FE_103": {"avail": 1.0, "util": 0.9758886436040132, "br": 0.0}, "TF_FE_104": {"avail": 1.0, "util": 0.7616174701582307, "br": 0.0}, "TF_FE_113": {"avail": 1.0, "util": 0.14398075321550846, "br": 0.0}, "TF_FE_131": {"avail": 1.0, "util": 0.9481046235464667, "br": 0.0}, "TF_FE_3": {"avail": 1.0, "util": 0.5994879861817958, "br": 0.0}, "TF_FE_5": {"avail": 1.0, "util": 0.48215662687764105, "br": 0.0}, "TF_Met_FE_45": {"avail": 1.0, "util": 0.11793282131951513, "br": 0.0}, "TF_Met_FE_61": {"avail": 1.0, "util": 0.9758027204589618, "br": 0.0}, "WE_BE_14": {"avail": 1.0, "util": 0.043915980383085036, "br": 0.0}, "WE_BE_16": {"avail": 1.0, "util": 0.038435736096974184, "br": 0.0}, "WE_BE_17": {"avail": 1.0, "util": 0.04168594429536412, "br": 0.0}, "WE_BE_7": {"avail": 1.0, "util": 0.022577958730452485, "br": 0.0}, "WE_BE_81": {"avail": 1.0, "util": 0.036827981863606925, "br": 0.0}, "WE_BE_82": {"avail": 1.0, "util": 0.04780851916967397, "br": 0.0}, "WE_BE_9": {"avail": 1.0, "util": 0.05614879244933839, "br": 0.0}, "WE_FE_108": {"avail": 1.0, "util": 0.03444446926162162, "br": 0.0}, "WE_FE_41": {"avail": 1.0, "util": 0.03679096881650782, "br": 0.0}, "WE_FE_47": {"avail": 1.0, "util": 0.03279355972980475, "br": 0.0}, "WE_FE_8": {"avail": 1.0, "util": 0.023965947996668825, "br": 0.0}, "WE_FE_83": {"avail": 1.0, "util": 0.047885629684463776, "br": 0.0}, "WE_FE_84": {"avail": 1.0, "util": 0.041269547515499216, "br": 0.0}, "WE_FE_85": {"avail": 1.0, "util": 0.03386693809567873, "br": 0.0}}, "plugins": {"cost": 429200}}