{"lots": {}, "machines": {"DE_BE_11": {"avail": 1.0, "util": 0.6535342313567559, "br": 0.0}, "DE_BE_12": {"avail": 1.0, "util": 0.9433360592921766, "br": 0.0}, "DE_BE_13": {"avail": 1.0, "util": 0.8421251016723869, "br": 0.0}, "DE_BE_48": {"avail": 1.0, "util": 0.8176318103967041, "br": 0.0}, "DE_BE_50": {"avail": 1.0, "util": 0.9349627366569458, "br": 0.0}, "DE_BE_65": {"avail": 1.0, "util": 0.7907207876901629, "br": 0.0}, "DE_BE_66": {"avail": 1.0, "util": 0.6909664106106121, "br": 0.0}, "DE_BE_67": {"avail": 1.0, "util": 0.8699115863537472, "br": 0.0}, "DE_BE_69": {"avail": 1.0, "util": 0.9244780817479054, "br": 0.0}, "DE_FE_1": {"avail": 1.0, "util": 0.5368103636399707, "br": 0.0}, "DE_FE_51": {"avail": 1.0, "util": 0.495796149170315, "br": 0.0}, "DE_FE_53": {"avail": 1.0, "util": 0.8197750312456603, "br": 0.0}, "DE_FE_54": {"avail": 1.0, "util": 0.8191917789195945, "br": 0.0}, "DE_FE_56": {"avail": 1.0, "util": 0.8983705966763875, "br": 0.0}, "DE_FE_58": {"avail": 1.0, "util": 0.7369501149531701, "br": 0.0}, "DE_FE_59": {"avail": 1.0, "util": 0.797700936598312, "br": 0.0}, "DE_FE_62": {"avail": 1.0, "util": 0.7495056903472401, "br": 0.0}, "DE_FE_70": {"avail": 1.0, "util": 0.7283247697079109, "br": 0.0}, "DE_FE_71": {"avail": 1.0, "util": 0.7157802157107809, "br": 0.0}, "DE_FE_72": {"avail": 1.0, "util": 0.8886317229602884, "br": 0.0}, "DE_FE_86": {"avail": 1.0, "util": 0.7207935797668705, "br": 0.0}, "DefMEt_FE_118": {"avail": 1.0, "util": 0.24996528259963893, "br": 0.0}, "DefMet_BE_33": {"avail": 1.0, "util": 0.9303568948757117, "br": 0.0}, "DefMet_BE_42": {"avail": 1.0, "util": 0.9612090913299078, "br": 0.0}, "DefMet_FE_10": {"avail": 1.0, "util": 0.48972364949312597, "br": 0.0}, "DefMet_FE_106": {"avail": 1.0, "util": 0.3034300791556728, "br": 0.0}, "DefMet_FE_34": {"avail": 1.0, "util": 0.6116974494283202, "br": 0.0}, "DefMet_FE_43": {"avail": 1.0, "util": 0.9758829792158497, "br": 0.0}, "Delay_32": {"avail": 1.0, "util": 0.3816805536268111, "br": 0.0}, "Dielectric_BE_20": {"avail": 1.0, "util": 0.9572189047817432, "br": 0.0}, "Dielectric_BE_21": {"avail": 1.0, "util": 0.9494341063741147, "br": 0.0}, "Dielectric_BE_27": {"avail": 1.0, "util": 0.7264268851548396, "br": 0.0}, "Dielectric_BE_28": {"avail": 1.0, "util": 0.7078067860945239, "br": 0.0}, "Dielectric_BE_60": {"avail": 1.0, "util": 0.8660371244734527, "br": 0.0}, "Dielectric_FE_112": {"avail": 1.0, "util": 0.9247650789242235, "br": 0.0}, "Dielectric_FE_130": {"avail": 1.0, "util": 0.9642757950284683, "br": 0.0}, "Dielectric_FE_29": {"avail": 1.0, "util": 0.9052909318150257, "br": 0.0}, "Dielectric_FE_30": {"avail": 1.0, "util": 0.9291533583298616, "br": 0.0}, "Dielectric_FE_31": {"avail": 1.0, "util": 0.9576794889598667, "br": 0.0}, "Diffusion_BE_123": {"avail": 1.0, "util": 0.0, "br": 0.0}, "Diffusion_FE_100": {"avail": 1.0, "util": 0.0, "br": 0.0}, "Diffusion_FE_101": {"avail": 1.0, "util": 0.0, "br": 0.0}, "Diffusion_FE_120": {"avail": 1.0, "util": 0.0, "br": 0.0}, "Diffusion_FE_122": {"avail": 1.0, "util": 0.0, "br": 0.0}, "Diffusion_FE_125": {"avail": 1.0, "util": 0.0, "br": 0.0}, "Diffusion_FE_126": {"avail": 1.0, "util": 0.0, "br": 0.0}, "Diffusion_FE_127": {"avail": 1.0, "util": 0.7881981412046681, "br": 0.0}, "Diffusion_FE_44": {"avail": 1.0, "util": 0.0, "br": 0.0}, "Diffusion_FE_94": {"avail": 1.0, "util": 0.0, "br": 0.0}, "EPI_36": {"avail": 1.0, "util": 0.012012220524927094, "br": 0.0}, "EPI_38": {"avail": 1.0, "util": 0.02957922510762394, "br": 0.0}, "Implant_119": {"avail": 1.0, "util": 0.01691894644262371, "br": 0.0}, "Implant_128": {"avail": 1.0, "util": 0.03987409156135722, "br": 0.0}, "Implant_132": {"avail": 1.0, "util": 0.03518029903254178, "br": 0.0}, "Implant_74": {"avail": 1.0, "util": 0.005670508725639957, "br": 0.0}, "Implant_88": {"avail": 1.0, "util": 0.027311021617367957, "br": 0.0}, "Implant_90": {"avail": 1.0, "util": 0.040619358422441326, "br": 0.0}, "Implant_91": {"avail": 1.0, "util": 0.036538135135552166, "br": 0.0}, "LithoMet_BE_18": {"avail": 1.0, "util": 0.9781048928389575, "br": 0.0}, "LithoMet_FE_19": {"avail": 1.0, "util": 0.9617208515278227, "br": 0.0}, "LithoTrack_BE_117": {"avail": 1.0, "util": 0.08680275887608203, "br": 0.0}, "LithoTrack_FE_115": {"avail": 1.0, "util": 0.04310494275940252, "br": 0.0}, "LithoTrack_FE_95": {"avail": 1.0, "util": 0.04646557970501074, "br": 0.0}, "LithoTrack_FE_96": {"avail": 1.0, "util": 0.0024996528259963896, "br": 0.0}, "Litho_BE_110": {"avail": 1.0, "util": 0.05317383167681738, "br": 0.0}, "Litho_BE_93": {"avail": 1.0, "util": 0.04720023453532688, "br": 0.0}, "Litho_BE_99": {"avail": 1.0, "util": 0.15189248406857073, "br": 0.0}, "Litho_FE_111": {"avail": 1.0, "util": 0.08294723375962093, "br": 0.0}, "Litho_FE_35": {"avail": 1.0, "util": 0.02520483266213026, "br": 0.0}, "Litho_FE_92": {"avail": 1.0, "util": 0.07624642480912444, "br": 0.0}, "Litho_FE_98": {"avail": 1.0, "util": 0.07516548627505439, "br": 0.0}, "Litho_REG_BE_63": {"avail": 1.0, "util": 0.9769765773272231, "br": 0.0}, "Litho_REG_FE_64": {"avail": 1.0, "util": 0.9776915904537068, "br": 0.0}, "Planar_BE_75": {"avail": 1.0, "util": 0.6560500856362542, "br": 0.0}, "Planar_FE_76": {"avail": 1.0, "util": 0.8258575197889182, "br": 0.0}, "Planar_FE_77": {"avail": 1.0, "util": 0.9548210896634727, "br": 0.0}, "Planar_FE_78": {"avail": 1.0, "util": 0.7040688793223163, "br": 0.0}, "Planar_FE_79": {"avail": 1.0, "util": 0.902439475998704, "br": 0.0}, "Planar_FE_80": {"avail": 1.0, "util": 0.645789936582882, "br": 0.0}, "TF_BE_2": {"avail": 1.0, "util": 0.2204439198259501, "br": 0.0}, "TF_BE_23": {"avail": 1.0, "util": 0.34660634366084636, "br": 0.0}, "TF_BE_24": {"avail": 1.0, "util": 0.1924269777345739, "br": 0.0}, "TF_BE_26": {"avail": 1.0, "util": 0.5637889799256276, "br": 0.0}, "TF_BE_40": {"avail": 1.0, "util": 0.5082183801632489, "br": 0.0}, "TF_FE_103": {"avail": 1.0, "util": 0.7430565199277878, "br": 0.0}, "TF_FE_104": {"avail": 1.0, "util": 0.8497060593436098, "br": 0.0}, "TF_FE_113": {"avail": 1.0, "util": 0.33055594130444843, "br": 0.0}, "TF_FE_131": {"avail": 1.0, "util": 0.5325263466493851, "br": 0.0}, "TF_FE_3": {"avail": 1.0, "util": 0.8981391473406471, "br": 0.0}, "TF_FE_5": {"avail": 1.0, "util": 0.31185483497662364, "br": 0.0}, "TF_Met_FE_45": {"avail": 1.0, "util": 0.07170300421237791, "br": 0.0}, "TF_Met_FE_61": {"avail": 1.0, "util": 0.9745405730685552, "br": 0.0}, "WE_BE_14": {"avail": 1.0, "util": 0.04181826598157663, "br": 0.0}, "WE_BE_16": {"avail": 1.0, "util": 0.04461828861217835, "br": 0.0}, "WE_BE_17": {"avail": 1.0, "util": 0.05094199879646345, "br": 0.0}, "WE_BE_7": {"avail": 1.0, "util": 0.014997916955978336, "br": 0.0}, "WE_BE_81": {"avail": 1.0, "util": 0.03786511132713049, "br": 0.0}, "WE_BE_82": {"avail": 1.0, "util": 0.05401101698838124, "br": 0.0}, "WE_BE_9": {"avail": 1.0, "util": 0.046025353621520826, "br": 0.0}, "WE_FE_108": {"avail": 1.0, "util": 0.04189365233664637, "br": 0.0}, "WE_FE_41": {"avail": 1.0, "util": 0.03760588807110123, "br": 0.0}, "WE_FE_47": {"avail": 1.0, "util": 0.036962458917742906, "br": 0.0}, "WE_FE_8": {"avail": 1.0, "util": 0.05147433226866639, "br": 0.0}, "WE_FE_83": {"avail": 1.0, "util": 0.03903558368216055, "br": 0.0}, "WE_FE_84": {"avail": 1.0, "util": 0.036736152900574505, "br": 0.0}, "WE_FE_85": {"avail": 1.0, "util": 0.022219136231079017, "br": 0.0}}, "plugins": {"cost": 447200.0}}