{"lots": {}, "machines": {"DE_BE_11": {"avail": 1.0, "util": 0.6407091935931858, "br": 0.0}, "DE_BE_12": {"avail": 1.0, "util": 0.9416823545144997, "br": 0.0}, "DE_BE_13": {"avail": 1.0, "util": 0.7097138272029486, "br": 0.0}, "DE_BE_48": {"avail": 1.0, "util": 0.6485232848810295, "br": 0.0}, "DE_BE_50": {"avail": 1.0, "util": 0.9640053904473866, "br": 0.0}, "DE_BE_65": {"avail": 1.0, "util": 0.7416034463039914, "br": 0.0}, "DE_BE_66": {"avail": 1.0, "util": 0.6698307661571297, "br": 0.0}, "DE_BE_67": {"avail": 1.0, "util": 0.6767614109804647, "br": 0.0}, "DE_BE_69": {"avail": 1.0, "util": 0.732848810295343, "br": 0.0}, "DE_FE_1": {"avail": 1.0, "util": 0.7473249831364821, "br": 0.0}, "DE_FE_51": {"avail": 1.0, "util": 0.673909335880206, "br": 0.0}, "DE_FE_53": {"avail": 1.0, "util": 0.36341079529673176, "br": 0.0}, "DE_FE_54": {"avail": 1.0, "util": 0.5448014072771039, "br": 0.0}, "DE_FE_56": {"avail": 1.0, "util": 0.6066104990278678, "br": 0.0}, "DE_FE_58": {"avail": 1.0, "util": 0.6581797981668364, "br": 0.0}, "DE_FE_59": {"avail": 1.0, "util": 0.7389315804092214, "br": 0.0}, "DE_FE_62": {"avail": 1.0, "util": 0.6830055418149112, "br": 0.0}, "DE_FE_70": {"avail": 1.0, "util": 0.7387278955652254, "br": 0.0}, "DE_FE_71": {"avail": 1.0, "util": 0.8426005528588622, "br": 0.0}, "DE_FE_72": {"avail": 1.0, "util": 0.8696416998426072, "br": 0.0}, "DE_FE_86": {"avail": 1.0, "util": 0.7556337376168873, "br": 0.0}, "DefMEt_FE_118": {"avail": 1.0, "util": 0.49555596704008886, "br": 0.0}, "DefMet_BE_33": {"avail": 1.0, "util": 0.881955374502361, "br": 0.0}, "DefMet_BE_42": {"avail": 1.0, "util": 0.8955652254420887, "br": 0.0}, "DefMet_FE_10": {"avail": 1.0, "util": 0.7312748819553745, "br": 0.0}, "DefMet_FE_106": {"avail": 1.0, "util": 0.6065179150078697, "br": 0.0}, "DefMet_FE_34": {"avail": 1.0, "util": 0.7052124803258958, "br": 0.0}, "DefMet_FE_43": {"avail": 1.0, "util": 0.9502669505909948, "br": 0.0}, "Delay_32": {"avail": 1.0, "util": 0.21889662994167206, "br": 0.0}, "Dielectric_BE_20": {"avail": 1.0, "util": 0.8921951671141561, "br": 0.0}, "Dielectric_BE_21": {"avail": 1.0, "util": 0.856298027960374, "br": 0.0}, "Dielectric_BE_27": {"avail": 1.0, "util": 0.790852698824183, "br": 0.0}, "Dielectric_BE_28": {"avail": 1.0, "util": 0.8473289510230534, "br": 0.0}, "Dielectric_BE_60": {"avail": 1.0, "util": 0.8528608462179428, "br": 0.0}, "Dielectric_FE_112": {"avail": 1.0, "util": 0.7605962410887881, "br": 0.0}, "Dielectric_FE_130": {"avail": 1.0, "util": 0.8825340246273493, "br": 0.0}, "Dielectric_FE_29": {"avail": 1.0, "util": 0.7786624695244269, "br": 0.0}, "Dielectric_FE_30": {"avail": 1.0, "util": 0.9242199796315156, "br": 0.0}, "Dielectric_FE_31": {"avail": 1.0, "util": 0.8943153411721136, "br": 0.0}, "Diffusion_BE_123": {"avail": 1.0, "util": 0.0, "br": 0.0}, "Diffusion_FE_100": {"avail": 1.0, "util": 0.0, "br": 0.0}, "Diffusion_FE_101": {"avail": 1.0, "util": 0.0, "br": 0.0}, "Diffusion_FE_120": {"avail": 1.0, "util": 0.0, "br": 0.0}, "Diffusion_FE_122": {"avail": 1.0, "util": 0.0, "br": 0.0}, "Diffusion_FE_125": {"avail": 1.0, "util": 0.0, "br": 0.0}, "Diffusion_FE_126": {"avail": 1.0, "util": 0.0, "br": 0.0}, "Diffusion_FE_127": {"avail": 1.0, "util": 0.0, "br": 0.0}, "Diffusion_FE_44": {"avail": 1.0, "util": 0.0, "br": 0.0}, "Diffusion_FE_94": {"avail": 1.0, "util": 0.0, "br": 0.0}, "EPI_36": {"avail": 1.0, "util": 0.012082214609758356, "br": 0.0}, "EPI_38": {"avail": 1.0, "util": 0.011758170539764837, "br": 0.0}, "Implant_119": {"avail": 1.0, "util": 0.02749745393945005, "br": 0.0}, "Implant_128": {"avail": 1.0, "util": 0.06507730765669845, "br": 0.0}, "Implant_132": {"avail": 1.0, "util": 0.028411721136931765, "br": 0.0}, "Implant_74": {"avail": 1.0, "util": 0.01134154244977317, "br": 0.0}, "Implant_88": {"avail": 1.0, "util": 0.002360892509952782, "br": 0.0}, "Implant_90": {"avail": 1.0, "util": 0.026756781779464864, "br": 0.0}, "Implant_91": {"avail": 1.0, "util": 0.04987192543900256, "br": 0.0}, "LithoMet_BE_18": {"avail": 1.0, "util": 0.9509945660302109, "br": 0.0}, "LithoMet_FE_19": {"avail": 1.0, "util": 0.9405301978211893, "br": 0.0}, "LithoTrack_BE_117": {"avail": 1.0, "util": 0.10715674474585687, "br": 0.0}, "LithoTrack_FE_115": {"avail": 1.0, "util": 0.061528435094063555, "br": 0.0}, "LithoTrack_FE_95": {"avail": 1.0, "util": 0.07184708898835898, "br": 0.0}, "LithoTrack_FE_96": {"avail": 1.0, "util": 0.0, "br": 0.0}, "Litho_BE_110": {"avail": 1.0, "util": 0.09202520930601664, "br": 0.0}, "Litho_BE_93": {"avail": 1.0, "util": 0.07699904329846001, "br": 0.0}, "Litho_BE_99": {"avail": 1.0, "util": 0.21528870783569423, "br": 0.0}, "Litho_FE_111": {"avail": 1.0, "util": 0.1340448274991373, "br": 0.0}, "Litho_FE_35": {"avail": 1.0, "util": 0.05041199888899176, "br": 0.0}, "Litho_FE_92": {"avail": 1.0, "util": 0.1278921985338058, "br": 0.0}, "Litho_FE_98": {"avail": 1.0, "util": 0.15035644847699287, "br": 0.0}, "Litho_REG_BE_63": {"avail": 1.0, "util": 0.919347745579113, "br": 0.0}, "Litho_REG_FE_64": {"avail": 1.0, "util": 0.9411430158583199, "br": 0.0}, "Planar_BE_75": {"avail": 1.0, "util": 0.76800296268864, "br": 0.0}, "Planar_FE_76": {"avail": 1.0, "util": 0.93599358084128, "br": 0.0}, "Planar_FE_77": {"avail": 1.0, "util": 0.9591704471808166, "br": 0.0}, "Planar_FE_78": {"avail": 1.0, "util": 0.846449402833071, "br": 0.0}, "Planar_FE_79": {"avail": 1.0, "util": 0.8596241088788075, "br": 0.0}, "Planar_FE_80": {"avail": 1.0, "util": 0.5324969910193501, "br": 0.0}, "TF_BE_2": {"avail": 1.0, "util": 0.444148689936117, "br": 0.0}, "TF_BE_23": {"avail": 1.0, "util": 0.6928646957640374, "br": 0.0}, "TF_BE_24": {"avail": 1.0, "util": 0.38640866586427186, "br": 0.0}, "TF_BE_26": {"avail": 1.0, "util": 0.6032651297719347, "br": 0.0}, "TF_BE_40": {"avail": 1.0, "util": 0.8441733790081165, "br": 0.0}, "TF_FE_103": {"avail": 1.0, "util": 0.8631376724377372, "br": 0.0}, "TF_FE_104": {"avail": 1.0, "util": 0.7795944819924081, "br": 0.0}, "TF_FE_113": {"avail": 1.0, "util": 0.6690121285066197, "br": 0.0}, "TF_FE_131": {"avail": 1.0, "util": 0.1522544208869549, "br": 0.0}, "TF_FE_3": {"avail": 1.0, "util": 0.8905193963521896, "br": 0.0}, "TF_FE_5": {"avail": 1.0, "util": 0.26988241829460236, "br": 0.0}, "TF_Met_FE_45": {"avail": 1.0, "util": 0.1425793907971484, "br": 0.0}, "TF_Met_FE_61": {"avail": 1.0, "util": 0.9830571243403389, "br": 0.0}, "WE_BE_14": {"avail": 1.0, "util": 0.036589204703268215, "br": 0.0}, "WE_BE_16": {"avail": 1.0, "util": 0.04629200999907416, "br": 0.0}, "WE_BE_17": {"avail": 1.0, "util": 0.04610684195907786, "br": 0.0}, "WE_BE_7": {"avail": 1.0, "util": 0.007499305619850014, "br": 0.0}, "WE_BE_81": {"avail": 1.0, "util": 0.021942412739561153, "br": 0.0}, "WE_BE_82": {"avail": 1.0, "util": 0.0735302286825294, "br": 0.0}, "WE_BE_9": {"avail": 1.0, "util": 0.06115835835306255, "br": 0.0}, "WE_FE_108": {"avail": 1.0, "util": 0.04135066858888727, "br": 0.0}, "WE_FE_41": {"avail": 1.0, "util": 0.041088788075178226, "br": 0.0}, "WE_FE_47": {"avail": 1.0, "util": 0.03950251519920995, "br": 0.0}, "WE_FE_8": {"avail": 1.0, "util": 0.04606054994907879, "br": 0.0}, "WE_FE_83": {"avail": 1.0, "util": 0.04918856719615909, "br": 0.0}, "WE_FE_84": {"avail": 1.0, "util": 0.04895637235235421, "br": 0.0}, "WE_FE_85": {"avail": 1.0, "util": 0.032034070919359316, "br": 0.0}}, "plugins": {"cost": 448600.0}}