{"lots": {}, "machines": {"DE_BE_11": {"avail": 1.0, "util": 0.6375107984697026, "br": 0.0}, "DE_BE_12": {"avail": 1.0, "util": 0.9372586872586872, "br": 0.0}, "DE_BE_13": {"avail": 1.0, "util": 0.5609532082134823, "br": 0.0}, "DE_BE_48": {"avail": 1.0, "util": 0.7665931809767427, "br": 0.0}, "DE_BE_50": {"avail": 1.0, "util": 0.8299888930025917, "br": 0.0}, "DE_BE_65": {"avail": 1.0, "util": 0.6331156810608866, "br": 0.0}, "DE_BE_66": {"avail": 1.0, "util": 0.7104285994294052, "br": 0.0}, "DE_BE_67": {"avail": 1.0, "util": 0.555938877856686, "br": 0.0}, "DE_BE_69": {"avail": 1.0, "util": 0.12359619893866469, "br": 0.0}, "DE_FE_1": {"avail": 1.0, "util": 0.749333580155498, "br": 0.0}, "DE_FE_51": {"avail": 1.0, "util": 0.3556044057756386, "br": 0.0}, "DE_FE_53": {"avail": 1.0, "util": 0.1849870418363569, "br": 0.0}, "DE_FE_54": {"avail": 1.0, "util": 0.5418055041342713, "br": 0.0}, "DE_FE_56": {"avail": 1.0, "util": 0.8011384672343577, "br": 0.0}, "DE_FE_58": {"avail": 1.0, "util": 0.9750555349870418, "br": 0.0}, "DE_FE_59": {"avail": 1.0, "util": 0.7196524435394298, "br": 0.0}, "DE_FE_62": {"avail": 1.0, "util": 0.8491462856893962, "br": 0.0}, "DE_FE_70": {"avail": 1.0, "util": 0.7284423277573963, "br": 0.0}, "DE_FE_71": {"avail": 1.0, "util": 0.8130219260356246, "br": 0.0}, "DE_FE_72": {"avail": 1.0, "util": 0.4174716434990407, "br": 0.0}, "DE_FE_86": {"avail": 1.0, "util": 0.7669499369348453, "br": 0.0}, "DefMEt_FE_118": {"avail": 1.0, "util": 0.42016845612736026, "br": 0.0}, "DefMet_BE_33": {"avail": 1.0, "util": 0.8160403554239171, "br": 0.0}, "DefMet_BE_42": {"avail": 1.0, "util": 0.9441873380229545, "br": 0.0}, "DefMet_FE_10": {"avail": 1.0, "util": 0.43386708626434656, "br": 0.0}, "DefMet_FE_106": {"avail": 1.0, "util": 0.17373195112921141, "br": 0.0}, "DefMet_FE_34": {"avail": 1.0, "util": 0.564142910033321, "br": 0.0}, "DefMet_FE_43": {"avail": 1.0, "util": 0.8084228063680119, "br": 0.0}, "Delay_32": {"avail": 1.0, "util": 0.21050120325805258, "br": 0.0}, "Dielectric_BE_20": {"avail": 1.0, "util": 0.8111810440577564, "br": 0.0}, "Dielectric_BE_21": {"avail": 1.0, "util": 0.8442552141182279, "br": 0.0}, "Dielectric_BE_27": {"avail": 1.0, "util": 0.8457052943354313, "br": 0.0}, "Dielectric_BE_28": {"avail": 1.0, "util": 0.9341601875848451, "br": 0.0}, "Dielectric_BE_60": {"avail": 1.0, "util": 0.822920523262989, "br": 0.0}, "Dielectric_FE_112": {"avail": 1.0, "util": 0.698640421243161, "br": 0.0}, "Dielectric_FE_130": {"avail": 1.0, "util": 0.5781423546834505, "br": 0.0}, "Dielectric_FE_29": {"avail": 1.0, "util": 0.6062260891028015, "br": 0.0}, "Dielectric_FE_30": {"avail": 1.0, "util": 0.9333580155497964, "br": 0.0}, "Dielectric_FE_31": {"avail": 1.0, "util": 0.3853202517586079, "br": 0.0}, "Diffusion_BE_123": {"avail": 1.0, "util": 0.0, "br": 0.0}, "Diffusion_FE_100": {"avail": 1.0, "util": 0.0, "br": 0.0}, "Diffusion_FE_101": {"avail": 1.0, "util": 0.0, "br": 0.0}, "Diffusion_FE_120": {"avail": 1.0, "util": 0.0, "br": 0.0}, "Diffusion_FE_122": {"avail": 1.0, "util": 0.0, "br": 0.0}, "Diffusion_FE_125": {"avail": 1.0, "util": 0.0, "br": 0.0}, "Diffusion_FE_126": {"avail": 1.0, "util": 0.0, "br": 0.0}, "Diffusion_FE_127": {"avail": 1.0, "util": 0.0, "br": 0.0}, "Diffusion_FE_44": {"avail": 1.0, "util": 0.0, "br": 0.0}, "Diffusion_FE_94": {"avail": 1.0, "util": 0.0, "br": 0.0}, "EPI_36": {"avail": 1.0, "util": 0.012032580525731211, "br": 0.0}, "EPI_38": {"avail": 1.0, "util": 0.4070714550166605, "br": 0.0}, "Implant_119": {"avail": 1.0, "util": 0.025083302480562755, "br": 0.0}, "Implant_128": {"avail": 1.0, "util": 0.0439147117229309, "br": 0.0}, "Implant_132": {"avail": 1.0, "util": 0.027846829216692227, "br": 0.0}, "Implant_74": {"avail": 1.0, "util": 0.022815623843021104, "br": 0.0}, "Implant_88": {"avail": 1.0, "util": 0.0, "br": 0.0}, "Implant_90": {"avail": 1.0, "util": 0.04067937800814513, "br": 0.0}, "Implant_91": {"avail": 1.0, "util": 0.05103929761464008, "br": 0.0}, "LithoMet_BE_18": {"avail": 1.0, "util": 0.9484534347548047, "br": 0.0}, "LithoMet_FE_19": {"avail": 1.0, "util": 0.9584148727984345, "br": 0.0}, "LithoTrack_BE_117": {"avail": 1.0, "util": 0.08757867456497594, "br": 0.0}, "LithoTrack_FE_115": {"avail": 1.0, "util": 0.05919442663512159, "br": 0.0}, "LithoTrack_FE_95": {"avail": 1.0, "util": 0.09543918918918919, "br": 0.0}, "LithoTrack_FE_96": {"avail": 1.0, "util": 0.020131432802665678, "br": 0.0}, "Litho_BE_110": {"avail": 1.0, "util": 0.08758833282359191, "br": 0.0}, "Litho_BE_93": {"avail": 1.0, "util": 0.08679655683080341, "br": 0.0}, "Litho_BE_99": {"avail": 1.0, "util": 0.15642354683450574, "br": 0.0}, "Litho_FE_111": {"avail": 1.0, "util": 0.12364402073306183, "br": 0.0}, "Litho_FE_35": {"avail": 1.0, "util": 0.06136616068122917, "br": 0.0}, "Litho_FE_92": {"avail": 1.0, "util": 0.09357289323042747, "br": 0.0}, "Litho_FE_98": {"avail": 1.0, "util": 0.033344131803035915, "br": 0.0}, "Litho_REG_BE_63": {"avail": 1.0, "util": 0.9349893557941503, "br": 0.0}, "Litho_REG_FE_64": {"avail": 1.0, "util": 0.9179316302603975, "br": 0.0}, "Planar_BE_75": {"avail": 1.0, "util": 0.7781972285396943, "br": 0.0}, "Planar_FE_76": {"avail": 1.0, "util": 0.9277582376897445, "br": 0.0}, "Planar_FE_77": {"avail": 1.0, "util": 0.952054794520548, "br": 0.0}, "Planar_FE_78": {"avail": 1.0, "util": 0.27869307663828213, "br": 0.0}, "Planar_FE_79": {"avail": 1.0, "util": 0.31939559422436137, "br": 0.0}, "Planar_FE_80": {"avail": 1.0, "util": 0.4314605701592003, "br": 0.0}, "TF_BE_2": {"avail": 1.0, "util": 0.7120279526101444, "br": 0.0}, "TF_BE_23": {"avail": 1.0, "util": 0.6113344264029196, "br": 0.0}, "TF_BE_24": {"avail": 1.0, "util": 0.9604544613106257, "br": 0.0}, "TF_BE_26": {"avail": 1.0, "util": 0.7766425540398143, "br": 0.0}, "TF_BE_40": {"avail": 1.0, "util": 0.8281464381383802, "br": 0.0}, "TF_FE_103": {"avail": 1.0, "util": 0.9789363727719891, "br": 0.0}, "TF_FE_104": {"avail": 1.0, "util": 0.6858756016290263, "br": 0.0}, "TF_FE_113": {"avail": 1.0, "util": 0.14429840799703814, "br": 0.0}, "TF_FE_131": {"avail": 1.0, "util": 0.9493551770949031, "br": 0.0}, "TF_FE_3": {"avail": 1.0, "util": 0.5900592373195113, "br": 0.0}, "TF_FE_5": {"avail": 1.0, "util": 0.4823522152289275, "br": 0.0}, "TF_Met_FE_45": {"avail": 1.0, "util": 0.118891151425398, "br": 0.0}, "TF_Met_FE_61": {"avail": 1.0, "util": 0.977184376156979, "br": 0.0}, "WE_BE_14": {"avail": 1.0, "util": 0.044427989633469084, "br": 0.0}, "WE_BE_16": {"avail": 1.0, "util": 0.036653091447611995, "br": 0.0}, "WE_BE_17": {"avail": 1.0, "util": 0.04165124028137727, "br": 0.0}, "WE_BE_7": {"avail": 1.0, "util": 0.022769344687152908, "br": 0.0}, "WE_BE_81": {"avail": 1.0, "util": 0.04334814266321115, "br": 0.0}, "WE_BE_82": {"avail": 1.0, "util": 0.04939528569665556, "br": 0.0}, "WE_BE_9": {"avail": 1.0, "util": 0.0573306182895224, "br": 0.0}, "WE_FE_108": {"avail": 1.0, "util": 0.03525195010787831, "br": 0.0}, "WE_FE_41": {"avail": 1.0, "util": 0.03559792669381711, "br": 0.0}, "WE_FE_47": {"avail": 1.0, "util": 0.036356904850055535, "br": 0.0}, "WE_FE_8": {"avail": 1.0, "util": 0.021612365790447983, "br": 0.0}, "WE_FE_83": {"avail": 1.0, "util": 0.04607861285943478, "br": 0.0}, "WE_FE_84": {"avail": 1.0, "util": 0.04173835398654093, "br": 0.0}, "WE_FE_85": {"avail": 1.0, "util": 0.03369122547204739, "br": 0.0}}, "plugins": {"cost": 429200}}