{"lots": {}, "machines": {"DE_BE_11": {"avail": 1.0, "util": 0.7815246823578421, "br": 0.0}, "DE_BE_12": {"avail": 1.0, "util": 0.7062957562853418, "br": 0.0}, "DE_BE_13": {"avail": 1.0, "util": 0.7791630711855665, "br": 0.0}, "DE_BE_48": {"avail": 1.0, "util": 0.7340831771158787, "br": 0.0}, "DE_BE_50": {"avail": 1.0, "util": 0.7498900691985465, "br": 0.0}, "DE_BE_65": {"avail": 1.0, "util": 0.7766315024239231, "br": 0.0}, "DE_BE_66": {"avail": 1.0, "util": 0.7434927664923608, "br": 0.0}, "DE_BE_67": {"avail": 1.0, "util": 0.7538637783795042, "br": 0.0}, "DE_BE_69": {"avail": 1.0, "util": 0.8451364299104354, "br": 0.0}, "DE_FE_1": {"avail": 1.0, "util": 0.5647732119300543, "br": 0.0}, "DE_FE_51": {"avail": 1.0, "util": 0.5696912558421674, "br": 0.0}, "DE_FE_53": {"avail": 1.0, "util": 0.6938137887940012, "br": 0.0}, "DE_FE_54": {"avail": 1.0, "util": 0.8146219537596334, "br": 0.0}, "DE_FE_56": {"avail": 1.0, "util": 0.7479691730889398, "br": 0.0}, "DE_FE_58": {"avail": 1.0, "util": 0.4870050221018769, "br": 0.0}, "DE_FE_59": {"avail": 1.0, "util": 0.786127890022912, "br": 0.0}, "DE_FE_62": {"avail": 1.0, "util": 0.6359141448706124, "br": 0.0}, "DE_FE_70": {"avail": 1.0, "util": 0.8352479985473112, "br": 0.0}, "DE_FE_71": {"avail": 1.0, "util": 0.6835133553525555, "br": 0.0}, "DE_FE_72": {"avail": 1.0, "util": 0.8674427395527166, "br": 0.0}, "DE_FE_86": {"avail": 1.0, "util": 0.6630691651173495, "br": 0.0}, "DefMEt_FE_118": {"avail": 1.0, "util": 0.374574741373325, "br": 0.0}, "DefMet_BE_33": {"avail": 1.0, "util": 0.9022425883496494, "br": 0.0}, "DefMet_BE_42": {"avail": 1.0, "util": 0.9854891342081511, "br": 0.0}, "DefMet_FE_10": {"avail": 1.0, "util": 0.5799833368048323, "br": 0.0}, "DefMet_FE_106": {"avail": 1.0, "util": 0.4554606679164063, "br": 0.0}, "DefMet_FE_34": {"avail": 1.0, "util": 0.642921613552732, "br": 0.0}, "DefMet_FE_43": {"avail": 1.0, "util": 0.9612580712351594, "br": 0.0}, "Delay_32": {"avail": 1.0, "util": 0.3714936124418524, "br": 0.0}, "Dielectric_BE_20": {"avail": 1.0, "util": 0.9349024508782893, "br": 0.0}, "Dielectric_BE_21": {"avail": 1.0, "util": 0.9250156217454697, "br": 0.0}, "Dielectric_BE_27": {"avail": 1.0, "util": 0.8294105394709436, "br": 0.0}, "Dielectric_BE_28": {"avail": 1.0, "util": 0.8730125668263556, "br": 0.0}, "Dielectric_BE_60": {"avail": 1.0, "util": 0.8686558355898076, "br": 0.0}, "Dielectric_FE_112": {"avail": 1.0, "util": 0.9182600847045755, "br": 0.0}, "Dielectric_FE_130": {"avail": 1.0, "util": 0.8815350968548219, "br": 0.0}, "Dielectric_FE_29": {"avail": 1.0, "util": 0.9691730889398043, "br": 0.0}, "Dielectric_FE_30": {"avail": 1.0, "util": 0.9727487329028675, "br": 0.0}, "Dielectric_FE_31": {"avail": 1.0, "util": 0.8675623134069291, "br": 0.0}, "Diffusion_BE_123": {"avail": 1.0, "util": 0.0, "br": 0.0}, "Diffusion_FE_100": {"avail": 1.0, "util": 0.0, "br": 0.0}, "Diffusion_FE_101": {"avail": 1.0, "util": 0.0, "br": 0.0}, "Diffusion_FE_120": {"avail": 1.0, "util": 0.0, "br": 0.0}, "Diffusion_FE_122": {"avail": 1.0, "util": 0.0, "br": 0.0}, "Diffusion_FE_125": {"avail": 1.0, "util": 0.0, "br": 0.0}, "Diffusion_FE_126": {"avail": 1.0, "util": 0.0, "br": 0.0}, "Diffusion_FE_127": {"avail": 1.0, "util": 0.0, "br": 0.0}, "Diffusion_FE_44": {"avail": 1.0, "util": 0.0, "br": 0.0}, "Diffusion_FE_94": {"avail": 1.0, "util": 0.0, "br": 0.0}, "EPI_36": {"avail": 1.0, "util": 0.009095327362355065, "br": 0.0}, "EPI_38": {"avail": 1.0, "util": 0.02221759355689787, "br": 0.0}, "Implant_119": {"avail": 1.0, "util": 0.022773033395820316, "br": 0.0}, "Implant_128": {"avail": 1.0, "util": 0.052440463792265496, "br": 0.0}, "Implant_132": {"avail": 1.0, "util": 0.03700617926820801, "br": 0.0}, "Implant_74": {"avail": 1.0, "util": 0.008539887523432618, "br": 0.0}, "Implant_88": {"avail": 1.0, "util": 0.0178435048253836, "br": 0.0}, "Implant_90": {"avail": 1.0, "util": 0.03457612997292231, "br": 0.0}, "Implant_91": {"avail": 1.0, "util": 0.04496748362609641, "br": 0.0}, "LithoMet_BE_18": {"avail": 1.0, "util": 0.9613755681241622, "br": 0.0}, "LithoMet_FE_19": {"avail": 1.0, "util": 0.9262653613830452, "br": 0.0}, "LithoTrack_BE_117": {"avail": 1.0, "util": 0.08741234465042005, "br": 0.0}, "LithoTrack_FE_115": {"avail": 1.0, "util": 0.053312694931475335, "br": 0.0}, "LithoTrack_FE_95": {"avail": 1.0, "util": 0.05805054785921867, "br": 0.0}, "LithoTrack_FE_96": {"avail": 1.0, "util": 0.0, "br": 0.0}, "Litho_BE_110": {"avail": 1.0, "util": 0.07217494371212346, "br": 0.0}, "Litho_BE_93": {"avail": 1.0, "util": 0.06558818764609224, "br": 0.0}, "Litho_BE_99": {"avail": 1.0, "util": 0.17211692008609317, "br": 0.0}, "Litho_FE_111": {"avail": 1.0, "util": 0.10859795623386542, "br": 0.0}, "Litho_FE_35": {"avail": 1.0, "util": 0.03790876900645699, "br": 0.0}, "Litho_FE_92": {"avail": 1.0, "util": 0.10088386468307318, "br": 0.0}, "Litho_FE_98": {"avail": 1.0, "util": 0.113281955148233, "br": 0.0}, "Litho_REG_BE_63": {"avail": 1.0, "util": 0.9338419079358466, "br": 0.0}, "Litho_REG_FE_64": {"avail": 1.0, "util": 0.9613572569206812, "br": 0.0}, "Planar_BE_75": {"avail": 1.0, "util": 0.8376136915920294, "br": 0.0}, "Planar_FE_76": {"avail": 1.0, "util": 0.9264273646693976, "br": 0.0}, "Planar_FE_77": {"avail": 1.0, "util": 0.8983197944872596, "br": 0.0}, "Planar_FE_78": {"avail": 1.0, "util": 0.8458307297090883, "br": 0.0}, "Planar_FE_79": {"avail": 1.0, "util": 0.9539956953412483, "br": 0.0}, "Planar_FE_80": {"avail": 1.0, "util": 0.48673887384572656, "br": 0.0}, "TF_BE_2": {"avail": 1.0, "util": 0.3331944733736027, "br": 0.0}, "TF_BE_23": {"avail": 1.0, "util": 0.5177576309029186, "br": 0.0}, "TF_BE_24": {"avail": 1.0, "util": 0.2895924460181907, "br": 0.0}, "TF_BE_26": {"avail": 1.0, "util": 0.5808512115531487, "br": 0.0}, "TF_BE_40": {"avail": 1.0, "util": 0.726955032516374, "br": 0.0}, "TF_FE_103": {"avail": 1.0, "util": 0.7375199611192113, "br": 0.0}, "TF_FE_104": {"avail": 1.0, "util": 0.8728875928625981, "br": 0.0}, "TF_FE_113": {"avail": 1.0, "util": 0.49583420120808164, "br": 0.0}, "TF_FE_131": {"avail": 1.0, "util": 0.4626698141590872, "br": 0.0}, "TF_FE_3": {"avail": 1.0, "util": 0.6742692494619177, "br": 0.0}, "TF_FE_5": {"avail": 1.0, "util": 0.199541762132889, "br": 0.0}, "TF_Met_FE_45": {"avail": 1.0, "util": 0.10473512462681386, "br": 0.0}, "TF_Met_FE_61": {"avail": 1.0, "util": 0.9722280080538777, "br": 0.0}, "WE_BE_14": {"avail": 1.0, "util": 0.032104422689717416, "br": 0.0}, "WE_BE_16": {"avail": 1.0, "util": 0.046008933324076, "br": 0.0}, "WE_BE_17": {"avail": 1.0, "util": 0.03697146427827536, "br": 0.0}, "WE_BE_7": {"avail": 1.0, "util": 0.005693258348955079, "br": 0.0}, "WE_BE_81": {"avail": 1.0, "util": 0.02168529704459719, "br": 0.0}, "WE_BE_82": {"avail": 1.0, "util": 0.0602027355412067, "br": 0.0}, "WE_BE_9": {"avail": 1.0, "util": 0.05378839725850765, "br": 0.0}, "WE_FE_108": {"avail": 1.0, "util": 0.043350095714186535, "br": 0.0}, "WE_FE_41": {"avail": 1.0, "util": 0.03635353745747414, "br": 0.0}, "WE_FE_47": {"avail": 1.0, "util": 0.03772362239348284, "br": 0.0}, "WE_FE_8": {"avail": 1.0, "util": 0.04863570089564674, "br": 0.0}, "WE_FE_83": {"avail": 1.0, "util": 0.04619077374753276, "br": 0.0}, "WE_FE_84": {"avail": 1.0, "util": 0.043528740154443135, "br": 0.0}, "WE_FE_85": {"avail": 1.0, "util": 0.023953343053530515, "br": 0.0}}, "plugins": {"cost": 448000.0}}