{"lots": {}, "machines": {"DE_BE_11": {"avail": 1.0, "util": 0.5516566404442388, "br": 0.0}, "DE_BE_12": {"avail": 1.0, "util": 0.948629749601522, "br": 0.0}, "DE_BE_13": {"avail": 1.0, "util": 0.8774597298428859, "br": 0.0}, "DE_BE_48": {"avail": 1.0, "util": 0.8422489588153632, "br": 0.0}, "DE_BE_50": {"avail": 1.0, "util": 0.8953056712427374, "br": 0.0}, "DE_BE_65": {"avail": 1.0, "util": 0.7124533848708386, "br": 0.0}, "DE_BE_66": {"avail": 1.0, "util": 0.7277746657249324, "br": 0.0}, "DE_BE_67": {"avail": 1.0, "util": 0.8601619620546043, "br": 0.0}, "DE_BE_69": {"avail": 1.0, "util": 0.9210782045349375, "br": 0.0}, "DE_FE_1": {"avail": 1.0, "util": 0.7518014146889667, "br": 0.0}, "DE_FE_51": {"avail": 1.0, "util": 0.5504469178499233, "br": 0.0}, "DE_FE_53": {"avail": 1.0, "util": 0.8245071726052753, "br": 0.0}, "DE_FE_54": {"avail": 1.0, "util": 0.8155205923183712, "br": 0.0}, "DE_FE_56": {"avail": 1.0, "util": 0.8025913928736697, "br": 0.0}, "DE_FE_58": {"avail": 1.0, "util": 0.7380225204380688, "br": 0.0}, "DE_FE_59": {"avail": 1.0, "util": 0.8163689649853463, "br": 0.0}, "DE_FE_62": {"avail": 1.0, "util": 0.9195841872149138, "br": 0.0}, "DE_FE_70": {"avail": 1.0, "util": 0.8398782614886271, "br": 0.0}, "DE_FE_71": {"avail": 1.0, "util": 0.8083245190718583, "br": 0.0}, "DE_FE_72": {"avail": 1.0, "util": 0.8042572882924572, "br": 0.0}, "DE_FE_86": {"avail": 1.0, "util": 0.7735647076970539, "br": 0.0}, "DefMEt_FE_118": {"avail": 1.0, "util": 0.24979176307265155, "br": 0.0}, "DefMet_BE_33": {"avail": 1.0, "util": 0.9627024525682555, "br": 0.0}, "DefMet_BE_42": {"avail": 1.0, "util": 0.9463674224895882, "br": 0.0}, "DefMet_FE_10": {"avail": 1.0, "util": 0.7335724201758446, "br": 0.0}, "DefMet_FE_106": {"avail": 1.0, "util": 0.3033317908375752, "br": 0.0}, "DefMet_FE_34": {"avail": 1.0, "util": 0.6103192966219343, "br": 0.0}, "DefMet_FE_43": {"avail": 1.0, "util": 0.9693197593706617, "br": 0.0}, "Delay_32": {"avail": 1.0, "util": 0.40933005552984725, "br": 0.0}, "Dielectric_BE_20": {"avail": 1.0, "util": 0.9774733919481722, "br": 0.0}, "Dielectric_BE_21": {"avail": 1.0, "util": 0.9563512262841277, "br": 0.0}, "Dielectric_BE_27": {"avail": 1.0, "util": 0.7863550825235232, "br": 0.0}, "Dielectric_BE_28": {"avail": 1.0, "util": 0.7086186950485887, "br": 0.0}, "Dielectric_BE_60": {"avail": 1.0, "util": 0.9101457658491439, "br": 0.0}, "Dielectric_FE_112": {"avail": 1.0, "util": 0.9355807496529385, "br": 0.0}, "Dielectric_FE_130": {"avail": 1.0, "util": 0.9579361406756132, "br": 0.0}, "Dielectric_FE_29": {"avail": 1.0, "util": 0.9072343051056609, "br": 0.0}, "Dielectric_FE_30": {"avail": 1.0, "util": 0.9290606200832948, "br": 0.0}, "Dielectric_FE_31": {"avail": 1.0, "util": 0.9506709856547895, "br": 0.0}, "Diffusion_BE_123": {"avail": 1.0, "util": 0.0, "br": 0.0}, "Diffusion_FE_100": {"avail": 1.0, "util": 0.0, "br": 0.0}, "Diffusion_FE_101": {"avail": 1.0, "util": 0.0, "br": 0.0}, "Diffusion_FE_120": {"avail": 1.0, "util": 0.0, "br": 0.0}, "Diffusion_FE_122": {"avail": 1.0, "util": 0.0, "br": 0.0}, "Diffusion_FE_125": {"avail": 1.0, "util": 0.0, "br": 0.0}, "Diffusion_FE_126": {"avail": 1.0, "util": 0.0, "br": 0.0}, "Diffusion_FE_127": {"avail": 1.0, "util": 0.8716592112705023, "br": 0.0}, "Diffusion_FE_44": {"avail": 1.0, "util": 0.9685372933406251, "br": 0.0}, "Diffusion_FE_94": {"avail": 1.0, "util": 0.0, "br": 0.0}, "EPI_36": {"avail": 1.0, "util": 0.011846367422489588, "br": 0.0}, "EPI_38": {"avail": 1.0, "util": 0.032438685793614065, "br": 0.0}, "Implant_119": {"avail": 1.0, "util": 0.016959740860712634, "br": 0.0}, "Implant_128": {"avail": 1.0, "util": 0.04035631652012957, "br": 0.0}, "Implant_132": {"avail": 1.0, "util": 0.04294308190652476, "br": 0.0}, "Implant_74": {"avail": 1.0, "util": 0.005622397038408144, "br": 0.0}, "Implant_88": {"avail": 1.0, "util": 0.024757056918093476, "br": 0.0}, "Implant_90": {"avail": 1.0, "util": 0.03889403054141601, "br": 0.0}, "Implant_91": {"avail": 1.0, "util": 0.03650316211630418, "br": 0.0}, "LithoMet_BE_18": {"avail": 1.0, "util": 0.9736517993806285, "br": 0.0}, "LithoMet_FE_19": {"avail": 1.0, "util": 0.9593500951205717, "br": 0.0}, "LithoTrack_BE_117": {"avail": 1.0, "util": 0.09142063859324387, "br": 0.0}, "LithoTrack_FE_115": {"avail": 1.0, "util": 0.041976753681574434, "br": 0.0}, "LithoTrack_FE_95": {"avail": 1.0, "util": 0.047902048371407796, "br": 0.0}, "LithoTrack_FE_96": {"avail": 1.0, "util": 0.012586765386395188, "br": 0.0}, "Litho_BE_110": {"avail": 1.0, "util": 0.05237489257618828, "br": 0.0}, "Litho_BE_93": {"avail": 1.0, "util": 0.04792534320530619, "br": 0.0}, "Litho_BE_99": {"avail": 1.0, "util": 0.15617769551133734, "br": 0.0}, "Litho_FE_111": {"avail": 1.0, "util": 0.08667494005300576, "br": 0.0}, "Litho_FE_35": {"avail": 1.0, "util": 0.0530541416011106, "br": 0.0}, "Litho_FE_92": {"avail": 1.0, "util": 0.07880891282094428, "br": 0.0}, "Litho_FE_98": {"avail": 1.0, "util": 0.09298472929199444, "br": 0.0}, "Litho_REG_BE_63": {"avail": 1.0, "util": 0.9741149930587691, "br": 0.0}, "Litho_REG_FE_64": {"avail": 1.0, "util": 0.9770674952072453, "br": 0.0}, "Planar_BE_75": {"avail": 1.0, "util": 0.7507866728366497, "br": 0.0}, "Planar_FE_76": {"avail": 1.0, "util": 0.7200370198981952, "br": 0.0}, "Planar_FE_77": {"avail": 1.0, "util": 0.9500925497454882, "br": 0.0}, "Planar_FE_78": {"avail": 1.0, "util": 0.7748958815363258, "br": 0.0}, "Planar_FE_79": {"avail": 1.0, "util": 0.8771217029153169, "br": 0.0}, "Planar_FE_80": {"avail": 1.0, "util": 0.9709162424803331, "br": 0.0}, "TF_BE_2": {"avail": 1.0, "util": 0.17571726052753356, "br": 0.0}, "TF_BE_23": {"avail": 1.0, "util": 0.8332375362283543, "br": 0.0}, "TF_BE_24": {"avail": 1.0, "util": 0.19471540953262378, "br": 0.0}, "TF_BE_26": {"avail": 1.0, "util": 0.5979515656331945, "br": 0.0}, "TF_BE_40": {"avail": 1.0, "util": 0.6779962980101805, "br": 0.0}, "TF_FE_103": {"avail": 1.0, "util": 0.7427117075428042, "br": 0.0}, "TF_FE_104": {"avail": 1.0, "util": 0.7, "br": 0.0}, "TF_FE_113": {"avail": 1.0, "util": 0.3307033780657103, "br": 0.0}, "TF_FE_131": {"avail": 1.0, "util": 0.5359401511645843, "br": 0.0}, "TF_FE_3": {"avail": 1.0, "util": 0.8928273947246645, "br": 0.0}, "TF_FE_5": {"avail": 1.0, "util": 0.5412540490513651, "br": 0.0}, "TF_Met_FE_45": {"avail": 1.0, "util": 0.07080055529847293, "br": 0.0}, "TF_Met_FE_61": {"avail": 1.0, "util": 0.9875751966682091, "br": 0.0}, "WE_BE_14": {"avail": 1.0, "util": 0.04345210550670986, "br": 0.0}, "WE_BE_16": {"avail": 1.0, "util": 0.04553447478019435, "br": 0.0}, "WE_BE_17": {"avail": 1.0, "util": 0.05057843590930125, "br": 0.0}, "WE_BE_7": {"avail": 1.0, "util": 0.015224433132808884, "br": 0.0}, "WE_BE_81": {"avail": 1.0, "util": 0.05304642912231991, "br": 0.0}, "WE_BE_82": {"avail": 1.0, "util": 0.05690883850069412, "br": 0.0}, "WE_BE_9": {"avail": 1.0, "util": 0.04622859787135585, "br": 0.0}, "WE_FE_108": {"avail": 1.0, "util": 0.04404839029549811, "br": 0.0}, "WE_FE_41": {"avail": 1.0, "util": 0.04014807959278112, "br": 0.0}, "WE_FE_47": {"avail": 1.0, "util": 0.03477556686719112, "br": 0.0}, "WE_FE_8": {"avail": 1.0, "util": 0.05006941230911615, "br": 0.0}, "WE_FE_83": {"avail": 1.0, "util": 0.03835525880875256, "br": 0.0}, "WE_FE_84": {"avail": 1.0, "util": 0.038996863591958454, "br": 0.0}, "WE_FE_85": {"avail": 1.0, "util": 0.023507635354002777, "br": 0.0}}, "plugins": {"cost": 447400.0}}