{"lots": {}, "machines": {"DE_BE_11": {"avail": 1.0, "util": 0.633909586761579, "br": 0.0}, "DE_BE_12": {"avail": 1.0, "util": 0.9431450494591846, "br": 0.0}, "DE_BE_13": {"avail": 1.0, "util": 0.7047108387590961, "br": 0.0}, "DE_BE_48": {"avail": 1.0, "util": 0.6511047425348988, "br": 0.0}, "DE_BE_50": {"avail": 1.0, "util": 0.9601553110844042, "br": 0.0}, "DE_BE_65": {"avail": 1.0, "util": 0.7341439672846118, "br": 0.0}, "DE_BE_66": {"avail": 1.0, "util": 0.6686550896979899, "br": 0.0}, "DE_BE_67": {"avail": 1.0, "util": 0.7595451603956734, "br": 0.0}, "DE_BE_69": {"avail": 1.0, "util": 0.7371729684755477, "br": 0.0}, "DE_FE_1": {"avail": 1.0, "util": 0.7501155588425626, "br": 0.0}, "DE_FE_51": {"avail": 1.0, "util": 0.67368129114503, "br": 0.0}, "DE_FE_53": {"avail": 1.0, "util": 0.9108810206156975, "br": 0.0}, "DE_FE_54": {"avail": 1.0, "util": 0.542571877600074, "br": 0.0}, "DE_FE_56": {"avail": 1.0, "util": 0.5990570398446889, "br": 0.0}, "DE_FE_58": {"avail": 1.0, "util": 0.6540322332131522, "br": 0.0}, "DE_FE_59": {"avail": 1.0, "util": 0.7621275153308064, "br": 0.0}, "DE_FE_62": {"avail": 1.0, "util": 0.6772210409540538, "br": 0.0}, "DE_FE_70": {"avail": 1.0, "util": 0.739327696432254, "br": 0.0}, "DE_FE_71": {"avail": 1.0, "util": 0.7957811117420991, "br": 0.0}, "DE_FE_72": {"avail": 1.0, "util": 0.8661674524667962, "br": 0.0}, "DE_FE_86": {"avail": 1.0, "util": 0.7543249822809776, "br": 0.0}, "DefMEt_FE_118": {"avail": 1.0, "util": 0.4969954700933715, "br": 0.0}, "DefMet_BE_33": {"avail": 1.0, "util": 0.8775538504206342, "br": 0.0}, "DefMet_BE_42": {"avail": 1.0, "util": 0.9892761394101877, "br": 0.0}, "DefMet_FE_10": {"avail": 1.0, "util": 0.7050938337801609, "br": 0.0}, "DefMet_FE_106": {"avail": 1.0, "util": 0.6037718406212443, "br": 0.0}, "DefMet_FE_34": {"avail": 1.0, "util": 0.70435425718776, "br": 0.0}, "DefMet_FE_43": {"avail": 1.0, "util": 0.9492311485008167, "br": 0.0}, "Delay_32": {"avail": 1.0, "util": 0.29952851992234447, "br": 0.0}, "Dielectric_BE_20": {"avail": 1.0, "util": 0.8922436904871961, "br": 0.0}, "Dielectric_BE_21": {"avail": 1.0, "util": 0.8534829435148378, "br": 0.0}, "Dielectric_BE_27": {"avail": 1.0, "util": 0.7687035838649041, "br": 0.0}, "Dielectric_BE_28": {"avail": 1.0, "util": 0.8442960155311084, "br": 0.0}, "Dielectric_BE_60": {"avail": 1.0, "util": 0.8529167051862808, "br": 0.0}, "Dielectric_FE_112": {"avail": 1.0, "util": 0.7575020800591661, "br": 0.0}, "Dielectric_FE_130": {"avail": 1.0, "util": 0.886105204770269, "br": 0.0}, "Dielectric_FE_29": {"avail": 1.0, "util": 0.7771101044651937, "br": 0.0}, "Dielectric_FE_30": {"avail": 1.0, "util": 0.9267819173523159, "br": 0.0}, "Dielectric_FE_31": {"avail": 1.0, "util": 0.8972913007303319, "br": 0.0}, "Diffusion_BE_123": {"avail": 1.0, "util": 0.0, "br": 0.0}, "Diffusion_FE_100": {"avail": 1.0, "util": 0.0, "br": 0.0}, "Diffusion_FE_101": {"avail": 1.0, "util": 0.0, "br": 0.0}, "Diffusion_FE_120": {"avail": 1.0, "util": 0.0, "br": 0.0}, "Diffusion_FE_122": {"avail": 1.0, "util": 0.0, "br": 0.0}, "Diffusion_FE_125": {"avail": 1.0, "util": 0.0, "br": 0.0}, "Diffusion_FE_126": {"avail": 1.0, "util": 0.0, "br": 0.0}, "Diffusion_FE_127": {"avail": 1.0, "util": 0.0, "br": 0.0}, "Diffusion_FE_44": {"avail": 1.0, "util": 0.0, "br": 0.0}, "Diffusion_FE_94": {"avail": 1.0, "util": 0.0, "br": 0.0}, "EPI_36": {"avail": 1.0, "util": 0.01201811962651382, "br": 0.0}, "EPI_38": {"avail": 1.0, "util": 0.011833225478413608, "br": 0.0}, "Implant_119": {"avail": 1.0, "util": 0.02754922806693168, "br": 0.0}, "Implant_128": {"avail": 1.0, "util": 0.06474068595728945, "br": 0.0}, "Implant_132": {"avail": 1.0, "util": 0.02768789867800684, "br": 0.0}, "Implant_74": {"avail": 1.0, "util": 0.011324766571138024, "br": 0.0}, "Implant_88": {"avail": 1.0, "util": 0.002357400388277711, "br": 0.0}, "Implant_90": {"avail": 1.0, "util": 0.02680965147453083, "br": 0.0}, "Implant_91": {"avail": 1.0, "util": 0.049597855227882036, "br": 0.0}, "LithoMet_BE_18": {"avail": 1.0, "util": 0.9538902439891623, "br": 0.0}, "LithoMet_FE_19": {"avail": 1.0, "util": 0.9400480724785061, "br": 0.0}, "LithoTrack_BE_117": {"avail": 1.0, "util": 0.10716464823888325, "br": 0.0}, "LithoTrack_FE_115": {"avail": 1.0, "util": 0.06155524981555903, "br": 0.0}, "LithoTrack_FE_95": {"avail": 1.0, "util": 0.07165591576373546, "br": 0.0}, "LithoTrack_FE_96": {"avail": 1.0, "util": 0.0, "br": 0.0}, "Litho_BE_110": {"avail": 1.0, "util": 0.09189239160580567, "br": 0.0}, "Litho_BE_93": {"avail": 1.0, "util": 0.0767002557702382, "br": 0.0}, "Litho_BE_99": {"avail": 1.0, "util": 0.21725062401774983, "br": 0.0}, "Litho_FE_111": {"avail": 1.0, "util": 0.13384235252590618, "br": 0.0}, "Litho_FE_35": {"avail": 1.0, "util": 0.050337431820282885, "br": 0.0}, "Litho_FE_92": {"avail": 1.0, "util": 0.1279999775885881, "br": 0.0}, "Litho_FE_98": {"avail": 1.0, "util": 0.15020800591661274, "br": 0.0}, "Litho_REG_BE_63": {"avail": 1.0, "util": 0.920299066284552, "br": 0.0}, "Litho_REG_FE_64": {"avail": 1.0, "util": 0.9415668458379006, "br": 0.0}, "Planar_BE_75": {"avail": 1.0, "util": 0.7164232227050014, "br": 0.0}, "Planar_FE_76": {"avail": 1.0, "util": 0.9290930942035684, "br": 0.0}, "Planar_FE_77": {"avail": 1.0, "util": 0.9562725339742997, "br": 0.0}, "Planar_FE_78": {"avail": 1.0, "util": 0.8456133863363224, "br": 0.0}, "Planar_FE_79": {"avail": 1.0, "util": 0.8549505408153832, "br": 0.0}, "Planar_FE_80": {"avail": 1.0, "util": 0.5361930294906166, "br": 0.0}, "TF_BE_2": {"avail": 1.0, "util": 0.4420125728020708, "br": 0.0}, "TF_BE_23": {"avail": 1.0, "util": 0.6909542970859709, "br": 0.0}, "TF_BE_24": {"avail": 1.0, "util": 0.38576315059628363, "br": 0.0}, "TF_BE_26": {"avail": 1.0, "util": 0.600924470740501, "br": 0.0}, "TF_BE_40": {"avail": 1.0, "util": 0.8434216202890511, "br": 0.0}, "TF_FE_103": {"avail": 1.0, "util": 0.9897383747804382, "br": 0.0}, "TF_FE_104": {"avail": 1.0, "util": 0.7723028566145882, "br": 0.0}, "TF_FE_113": {"avail": 1.0, "util": 0.6578533789405565, "br": 0.0}, "TF_FE_131": {"avail": 1.0, "util": 0.1526917506394256, "br": 0.0}, "TF_FE_3": {"avail": 1.0, "util": 0.8915595821392253, "br": 0.0}, "TF_FE_5": {"avail": 1.0, "util": 0.26874364426365904, "br": 0.0}, "TF_Met_FE_45": {"avail": 1.0, "util": 0.14144402329666267, "br": 0.0}, "TF_Met_FE_61": {"avail": 1.0, "util": 0.9829435148377554, "br": 0.0}, "WE_BE_14": {"avail": 1.0, "util": 0.0366090413238421, "br": 0.0}, "WE_BE_16": {"avail": 1.0, "util": 0.04619272133370313, "br": 0.0}, "WE_BE_17": {"avail": 1.0, "util": 0.046038642876952945, "br": 0.0}, "WE_BE_7": {"avail": 1.0, "util": 0.007580660072108718, "br": 0.0}, "WE_BE_81": {"avail": 1.0, "util": 0.021725062401774985, "br": 0.0}, "WE_BE_82": {"avail": 1.0, "util": 0.07369880743274476, "br": 0.0}, "WE_BE_9": {"avail": 1.0, "util": 0.061437684068727794, "br": 0.0}, "WE_FE_108": {"avail": 1.0, "util": 0.041799284195512355, "br": 0.0}, "WE_FE_41": {"avail": 1.0, "util": 0.04093556438938708, "br": 0.0}, "WE_FE_47": {"avail": 1.0, "util": 0.03950571631074543, "br": 0.0}, "WE_FE_8": {"avail": 1.0, "util": 0.04409725432190071, "br": 0.0}, "WE_FE_83": {"avail": 1.0, "util": 0.049155429944927956, "br": 0.0}, "WE_FE_84": {"avail": 1.0, "util": 0.0486631125902643, "br": 0.0}, "WE_FE_85": {"avail": 1.0, "util": 0.03189424054728668, "br": 0.0}}, "plugins": {"cost": 448600.0}}