{"lots": {}, "machines": {"DE_BE_11": {"avail": 1.0, "util": 0.8303330402455767, "br": 0.0}, "DE_BE_12": {"avail": 1.0, "util": 0.9519314042429411, "br": 0.0}, "DE_BE_13": {"avail": 1.0, "util": 0.8893623383419302, "br": 0.0}, "DE_BE_48": {"avail": 1.0, "util": 0.8014505740453263, "br": 0.0}, "DE_BE_50": {"avail": 1.0, "util": 0.8807765282983943, "br": 0.0}, "DE_BE_65": {"avail": 1.0, "util": 0.7963811374890092, "br": 0.0}, "DE_BE_66": {"avail": 1.0, "util": 0.7406064466602967, "br": 0.0}, "DE_BE_67": {"avail": 1.0, "util": 0.8393640696847693, "br": 0.0}, "DE_BE_69": {"avail": 1.0, "util": 0.24762830302188904, "br": 0.0}, "DE_FE_1": {"avail": 1.0, "util": 0.7485584710074507, "br": 0.0}, "DE_FE_51": {"avail": 1.0, "util": 0.5077282613725762, "br": 0.0}, "DE_FE_53": {"avail": 1.0, "util": 0.18150770512286546, "br": 0.0}, "DE_FE_54": {"avail": 1.0, "util": 0.8141515109445139, "br": 0.0}, "DE_FE_56": {"avail": 1.0, "util": 0.9977092877967514, "br": 0.0}, "DE_FE_58": {"avail": 1.0, "util": 0.9812115322319404, "br": 0.0}, "DE_FE_59": {"avail": 1.0, "util": 0.8233259290110602, "br": 0.0}, "DE_FE_62": {"avail": 1.0, "util": 0.9050096228967778, "br": 0.0}, "DE_FE_70": {"avail": 1.0, "util": 0.7662127312273085, "br": 0.0}, "DE_FE_71": {"avail": 1.0, "util": 0.8678842663293586, "br": 0.0}, "DE_FE_72": {"avail": 1.0, "util": 0.17281940605555765, "br": 0.0}, "DE_FE_86": {"avail": 1.0, "util": 0.7810497195534504, "br": 0.0}, "DefMEt_FE_118": {"avail": 1.0, "util": 0.20614095978527466, "br": 0.0}, "DefMet_BE_33": {"avail": 1.0, "util": 0.914572631773798, "br": 0.0}, "DefMet_BE_42": {"avail": 1.0, "util": 0.9794530056920727, "br": 0.0}, "DefMet_FE_10": {"avail": 1.0, "util": 0.6006062288861123, "br": 0.0}, "DefMet_FE_106": {"avail": 1.0, "util": 0.08602896941089361, "br": 0.0}, "DefMet_FE_34": {"avail": 1.0, "util": 0.7982090795501874, "br": 0.0}, "DefMet_FE_43": {"avail": 1.0, "util": 0.8976074783654959, "br": 0.0}, "Delay_32": {"avail": 1.0, "util": 0.29583703549446994, "br": 0.0}, "Dielectric_BE_20": {"avail": 1.0, "util": 0.8527372853903465, "br": 0.0}, "Dielectric_BE_21": {"avail": 1.0, "util": 0.9633331790766194, "br": 0.0}, "Dielectric_BE_27": {"avail": 1.0, "util": 0.9059921020562419, "br": 0.0}, "Dielectric_BE_28": {"avail": 1.0, "util": 0.9617751862649822, "br": 0.0}, "Dielectric_BE_60": {"avail": 1.0, "util": 0.9216298764403721, "br": 0.0}, "Dielectric_FE_112": {"avail": 1.0, "util": 0.3821967184455037, "br": 0.0}, "Dielectric_FE_130": {"avail": 1.0, "util": 0.28714887315470405, "br": 0.0}, "Dielectric_FE_29": {"avail": 1.0, "util": 0.907831613370972, "br": 0.0}, "Dielectric_FE_30": {"avail": 1.0, "util": 0.9260724698042482, "br": 0.0}, "Dielectric_FE_31": {"avail": 1.0, "util": 0.19385441251330465, "br": 0.0}, "Diffusion_BE_123": {"avail": 1.0, "util": 0.0, "br": 0.0}, "Diffusion_FE_100": {"avail": 1.0, "util": 0.0, "br": 0.0}, "Diffusion_FE_101": {"avail": 1.0, "util": 0.0, "br": 0.0}, "Diffusion_FE_120": {"avail": 1.0, "util": 0.0, "br": 0.0}, "Diffusion_FE_122": {"avail": 1.0, "util": 0.0, "br": 0.0}, "Diffusion_FE_125": {"avail": 1.0, "util": 0.0, "br": 0.0}, "Diffusion_FE_126": {"avail": 1.0, "util": 0.0, "br": 0.0}, "Diffusion_FE_127": {"avail": 1.0, "util": 0.0, "br": 0.0}, "Diffusion_FE_44": {"avail": 1.0, "util": 0.6917686413729729, "br": 0.0}, "Diffusion_FE_94": {"avail": 1.0, "util": 0.0, "br": 0.0}, "EPI_36": {"avail": 1.0, "util": 0.009602480447961498, "br": 0.0}, "EPI_38": {"avail": 1.0, "util": 0.22342542459160536, "br": 0.0}, "Implant_119": {"avail": 1.0, "util": 0.03648942570225369, "br": 0.0}, "Implant_128": {"avail": 1.0, "util": 0.031186500574255673, "br": 0.0}, "Implant_132": {"avail": 1.0, "util": 0.036069627073375514, "br": 0.0}, "Implant_74": {"avail": 1.0, "util": 0.011222175945208015, "br": 0.0}, "Implant_88": {"avail": 1.0, "util": 0.009417372391133324, "br": 0.0}, "Implant_90": {"avail": 1.0, "util": 0.049053635059465965, "br": 0.0}, "Implant_91": {"avail": 1.0, "util": 0.04148403773559958, "br": 0.0}, "LithoMet_BE_18": {"avail": 1.0, "util": 0.972149651449943, "br": 0.0}, "LithoMet_FE_19": {"avail": 1.0, "util": 0.9682804122620865, "br": 0.0}, "LithoTrack_BE_117": {"avail": 1.0, "util": 0.06797167846730529, "br": 0.0}, "LithoTrack_FE_115": {"avail": 1.0, "util": 0.038180794136137945, "br": 0.0}, "LithoTrack_FE_95": {"avail": 1.0, "util": 0.059213753528622334, "br": 0.0}, "LithoTrack_FE_96": {"avail": 1.0, "util": 0.012494793835901708, "br": 0.0}, "Litho_BE_110": {"avail": 1.0, "util": 0.05561088676819441, "br": 0.0}, "Litho_BE_93": {"avail": 1.0, "util": 0.0594428247489472, "br": 0.0}, "Litho_BE_99": {"avail": 1.0, "util": 0.09775247967667794, "br": 0.0}, "Litho_FE_111": {"avail": 1.0, "util": 0.0760886667592207, "br": 0.0}, "Litho_FE_35": {"avail": 1.0, "util": 0.050071729372020916, "br": 0.0}, "Litho_FE_92": {"avail": 1.0, "util": 0.05972226671935126, "br": 0.0}, "Litho_FE_98": {"avail": 1.0, "util": 0.022247674580036098, "br": 0.0}, "Litho_REG_BE_63": {"avail": 1.0, "util": 0.9704116340413717, "br": 0.0}, "Litho_REG_FE_64": {"avail": 1.0, "util": 0.9566075863451956, "br": 0.0}, "Planar_BE_75": {"avail": 1.0, "util": 0.795240739638907, "br": 0.0}, "Planar_FE_76": {"avail": 1.0, "util": 0.9307927252533666, "br": 0.0}, "Planar_FE_77": {"avail": 1.0, "util": 0.9590217039196631, "br": 0.0}, "Planar_FE_78": {"avail": 1.0, "util": 0.14158452496644916, "br": 0.0}, "Planar_FE_79": {"avail": 1.0, "util": 0.2674232958489518, "br": 0.0}, "Planar_FE_80": {"avail": 1.0, "util": 0.21812670646489887, "br": 0.0}, "TF_BE_2": {"avail": 1.0, "util": 0.39434957656532, "br": 0.0}, "TF_BE_23": {"avail": 1.0, "util": 0.6679954780746118, "br": 0.0}, "TF_BE_24": {"avail": 1.0, "util": 0.8425771669211902, "br": 0.0}, "TF_BE_26": {"avail": 1.0, "util": 0.651761908321675, "br": 0.0}, "TF_BE_40": {"avail": 1.0, "util": 0.7122958026748114, "br": 0.0}, "TF_FE_103": {"avail": 1.0, "util": 0.5237103587790801, "br": 0.0}, "TF_FE_104": {"avail": 1.0, "util": 0.6477023462446203, "br": 0.0}, "TF_FE_113": {"avail": 1.0, "util": 0.07200703410615947, "br": 0.0}, "TF_FE_131": {"avail": 1.0, "util": 0.9363613926296142, "br": 0.0}, "TF_FE_3": {"avail": 1.0, "util": 0.298810680734879, "br": 0.0}, "TF_FE_5": {"avail": 1.0, "util": 0.4189149582735589, "br": 0.0}, "TF_Met_FE_45": {"avail": 1.0, "util": 0.059257716692119024, "br": 0.0}, "TF_Met_FE_61": {"avail": 1.0, "util": 0.9848905548614003, "br": 0.0}, "WE_BE_14": {"avail": 1.0, "util": 0.043731778425655975, "br": 0.0}, "WE_BE_16": {"avail": 1.0, "util": 0.039746170577074365, "br": 0.0}, "WE_BE_17": {"avail": 1.0, "util": 0.04616132167152575, "br": 0.0}, "WE_BE_7": {"avail": 1.0, "util": 0.022675736961451247, "br": 0.0}, "WE_BE_81": {"avail": 1.0, "util": 0.03944344177580329, "br": 0.0}, "WE_BE_82": {"avail": 1.0, "util": 0.0421892112854212, "br": 0.0}, "WE_BE_9": {"avail": 1.0, "util": 0.04559211439677912, "br": 0.0}, "WE_FE_108": {"avail": 1.0, "util": 0.04185356995249425, "br": 0.0}, "WE_FE_41": {"avail": 1.0, "util": 0.03051506316812439, "br": 0.0}, "WE_FE_47": {"avail": 1.0, "util": 0.03525382942292563, "br": 0.0}, "WE_FE_8": {"avail": 1.0, "util": 0.028807441343884493, "br": 0.0}, "WE_FE_83": {"avail": 1.0, "util": 0.03458435528406374, "br": 0.0}, "WE_FE_84": {"avail": 1.0, "util": 0.03455259654882361, "br": 0.0}, "WE_FE_85": {"avail": 1.0, "util": 0.024966449164699894, "br": 0.0}}, "plugins": {"cost": 428625.1304166667}}