{"lots": {}, "machines": {"DE_BE_11": {"avail": 1.0, "util": 0.8916550958067203, "br": 0.0}, "DE_BE_12": {"avail": 1.0, "util": 0.0, "br": 0.0}, "DE_BE_13": {"avail": 1.0, "util": 0.7717036272992952, "br": 0.0}, "DE_BE_48": {"avail": 1.0, "util": 0.3874895862260483, "br": 0.0}, "DE_BE_50": {"avail": 1.0, "util": 0.6928013823320682, "br": 0.0}, "DE_BE_65": {"avail": 1.0, "util": 0.4250698335429701, "br": 0.0}, "DE_BE_66": {"avail": 1.0, "util": 0.7755082652479574, "br": 0.0}, "DE_BE_67": {"avail": 1.0, "util": 0.4259927797833935, "br": 0.0}, "DE_BE_69": {"avail": 1.0, "util": 0.5531796723132463, "br": 0.0}, "DE_FE_1": {"avail": 1.0, "util": 0.0, "br": 0.0}, "DE_FE_51": {"avail": 1.0, "util": 0.18806179570002485, "br": 0.0}, "DE_FE_53": {"avail": 1.0, "util": 0.0, "br": 0.0}, "DE_FE_54": {"avail": 1.0, "util": 0.809275201332963, "br": 0.0}, "DE_FE_56": {"avail": 1.0, "util": 0.3002638156067759, "br": 0.0}, "DE_FE_58": {"avail": 1.0, "util": 0.7341942053133389, "br": 0.0}, "DE_FE_59": {"avail": 1.0, "util": 0.5107007312783486, "br": 0.0}, "DE_FE_62": {"avail": 1.0, "util": 0.2623576784226604, "br": 0.0}, "DE_FE_70": {"avail": 1.0, "util": 0.2682160938200927, "br": 0.0}, "DE_FE_71": {"avail": 1.0, "util": 0.239020906890943, "br": 0.0}, "DE_FE_72": {"avail": 1.0, "util": 0.1160942947946558, "br": 0.0}, "DE_FE_86": {"avail": 1.0, "util": 0.1745914200787847, "br": 0.0}, "DefMEt_FE_118": {"avail": 1.0, "util": 0.7502082754790336, "br": 0.0}, "DefMet_BE_33": {"avail": 1.0, "util": 0.9188419883365732, "br": 0.0}, "DefMet_BE_42": {"avail": 1.0, "util": 0.9751457928353235, "br": 0.0}, "DefMet_FE_10": {"avail": 1.0, "util": 0.9094001666203833, "br": 0.0}, "DefMet_FE_106": {"avail": 1.0, "util": 0.7707581227436823, "br": 0.0}, "DefMet_FE_34": {"avail": 1.0, "util": 0.8286587059150236, "br": 0.0}, "DefMet_FE_43": {"avail": 1.0, "util": 0.8549014162732574, "br": 0.0}, "Delay_32": {"avail": 1.0, "util": 0.09386385726187171, "br": 0.0}, "Dielectric_BE_20": {"avail": 1.0, "util": 0.8448764232157734, "br": 0.0}, "Dielectric_BE_21": {"avail": 1.0, "util": 0.8800853929464038, "br": 0.0}, "Dielectric_BE_27": {"avail": 1.0, "util": 0.7787929278904008, "br": 0.0}, "Dielectric_BE_28": {"avail": 1.0, "util": 0.7933212996389891, "br": 0.0}, "Dielectric_BE_60": {"avail": 1.0, "util": 0.862468758678145, "br": 0.0}, "Dielectric_FE_112": {"avail": 1.0, "util": 0.756442654818106, "br": 0.0}, "Dielectric_FE_130": {"avail": 1.0, "util": 0.8339697306303805, "br": 0.0}, "Dielectric_FE_29": {"avail": 1.0, "util": 0.7718689252985282, "br": 0.0}, "Dielectric_FE_30": {"avail": 1.0, "util": 0.835809497361844, "br": 0.0}, "Dielectric_FE_31": {"avail": 1.0, "util": 0.883365731741183, "br": 0.0}, "Diffusion_BE_123": {"avail": 1.0, "util": 0.0, "br": 0.0}, "Diffusion_FE_100": {"avail": 1.0, "util": 0.0, "br": 0.0}, "Diffusion_FE_101": {"avail": 1.0, "util": 0.0, "br": 0.0}, "Diffusion_FE_120": {"avail": 1.0, "util": 0.0, "br": 0.0}, "Diffusion_FE_122": {"avail": 1.0, "util": 0.0, "br": 0.0}, "Diffusion_FE_125": {"avail": 1.0, "util": 0.0, "br": 0.0}, "Diffusion_FE_126": {"avail": 1.0, "util": 0.0, "br": 0.0}, "Diffusion_FE_127": {"avail": 1.0, "util": 0.0, "br": 0.0}, "Diffusion_FE_44": {"avail": 1.0, "util": 0.0, "br": 0.0}, "Diffusion_FE_94": {"avail": 1.0, "util": 0.0, "br": 0.0}, "EPI_36": {"avail": 1.0, "util": 0.014232157733962789, "br": 0.0}, "EPI_38": {"avail": 1.0, "util": 0.018050541516245487, "br": 0.0}, "Implant_119": {"avail": 1.0, "util": 0.041446820327686755, "br": 0.0}, "Implant_128": {"avail": 1.0, "util": 0.08046376006664815, "br": 0.0}, "Implant_132": {"avail": 1.0, "util": 0.03639613996112191, "br": 0.0}, "Implant_74": {"avail": 1.0, "util": 0.0, "br": 0.0}, "Implant_88": {"avail": 1.0, "util": 0.0034712579838933628, "br": 0.0}, "Implant_90": {"avail": 1.0, "util": 0.042210497084143296, "br": 0.0}, "Implant_91": {"avail": 1.0, "util": 0.04720910858094974, "br": 0.0}, "LithoMet_BE_18": {"avail": 1.0, "util": 0.894099929506761, "br": 0.0}, "LithoMet_FE_19": {"avail": 1.0, "util": 0.9040158597920331, "br": 0.0}, "LithoTrack_BE_117": {"avail": 1.0, "util": 0.18492085531796723, "br": 0.0}, "LithoTrack_FE_115": {"avail": 1.0, "util": 0.08109130905903045, "br": 0.0}, "LithoTrack_FE_95": {"avail": 1.0, "util": 0.09805949594500393, "br": 0.0}, "LithoTrack_FE_96": {"avail": 1.0, "util": 0.0, "br": 0.0}, "Litho_BE_110": {"avail": 1.0, "util": 0.12508430197960885, "br": 0.0}, "Litho_BE_93": {"avail": 1.0, "util": 0.10964546885124501, "br": 0.0}, "Litho_BE_99": {"avail": 1.0, "util": 0.3579561232990836, "br": 0.0}, "Litho_FE_111": {"avail": 1.0, "util": 0.16684759284037265, "br": 0.0}, "Litho_FE_35": {"avail": 1.0, "util": 0.07546514856984171, "br": 0.0}, "Litho_FE_92": {"avail": 1.0, "util": 0.18555451768448156, "br": 0.0}, "Litho_FE_98": {"avail": 1.0, "util": 0.19261316301027492, "br": 0.0}, "Litho_REG_BE_63": {"avail": 1.0, "util": 0.8998889197445155, "br": 0.0}, "Litho_REG_FE_64": {"avail": 1.0, "util": 0.8799837346768754, "br": 0.0}, "Planar_BE_75": {"avail": 1.0, "util": 0.6568592057761733, "br": 0.0}, "Planar_FE_76": {"avail": 1.0, "util": 0.30672035545681753, "br": 0.0}, "Planar_FE_77": {"avail": 1.0, "util": 0.7024437656206609, "br": 0.0}, "Planar_FE_78": {"avail": 1.0, "util": 0.6387114690363788, "br": 0.0}, "Planar_FE_79": {"avail": 1.0, "util": 0.6425992779783394, "br": 0.0}, "Planar_FE_80": {"avail": 1.0, "util": 0.9595945570674812, "br": 0.0}, "TF_BE_2": {"avail": 1.0, "util": 0.533497639544571, "br": 0.0}, "TF_BE_23": {"avail": 1.0, "util": 0.6052777737178269, "br": 0.0}, "TF_BE_24": {"avail": 1.0, "util": 0.5762565953901694, "br": 0.0}, "TF_BE_26": {"avail": 1.0, "util": 0.5558826251967046, "br": 0.0}, "TF_BE_40": {"avail": 1.0, "util": 0.632468990095344, "br": 0.0}, "TF_FE_103": {"avail": 1.0, "util": 0.7393085254096085, "br": 0.0}, "TF_FE_104": {"avail": 1.0, "util": 0.5807553457372953, "br": 0.0}, "TF_FE_113": {"avail": 1.0, "util": 0.6587059150236045, "br": 0.0}, "TF_FE_131": {"avail": 1.0, "util": 0.2324354346014996, "br": 0.0}, "TF_FE_3": {"avail": 1.0, "util": 0.6564148847542349, "br": 0.0}, "TF_FE_5": {"avail": 1.0, "util": 0.40363787836712023, "br": 0.0}, "TF_Met_FE_45": {"avail": 1.0, "util": 0.21376006664815328, "br": 0.0}, "TF_Met_FE_61": {"avail": 1.0, "util": 0.9630658150513746, "br": 0.0}, "WE_BE_14": {"avail": 1.0, "util": 0.03921133018605943, "br": 0.0}, "WE_BE_16": {"avail": 1.0, "util": 0.046885124502453024, "br": 0.0}, "WE_BE_17": {"avail": 1.0, "util": 0.030824770896973063, "br": 0.0}, "WE_BE_7": {"avail": 1.0, "util": 0.011385726187170231, "br": 0.0}, "WE_BE_81": {"avail": 1.0, "util": 0.05410534110895122, "br": 0.0}, "WE_BE_82": {"avail": 1.0, "util": 0.10688697584004443, "br": 0.0}, "WE_BE_9": {"avail": 1.0, "util": 0.07097234895068831, "br": 0.0}, "WE_FE_108": {"avail": 1.0, "util": 0.03553774745110485, "br": 0.0}, "WE_FE_41": {"avail": 1.0, "util": 0.0314357123021383, "br": 0.0}, "WE_FE_47": {"avail": 1.0, "util": 0.037073035267981114, "br": 0.0}, "WE_FE_8": {"avail": 1.0, "util": 0.059427936684254376, "br": 0.0}, "WE_FE_83": {"avail": 1.0, "util": 0.052128377038124334, "br": 0.0}, "WE_FE_84": {"avail": 1.0, "util": 0.038677527847202936, "br": 0.0}, "WE_FE_85": {"avail": 1.0, "util": 0.038322688142182725, "br": 0.0}}, "plugins": {"cost": 448800}}