{"lots": {}, "machines": {"DE_BE_11": {"avail": 1.0, "util": 0.8864658523042754, "br": 0.0}, "DE_BE_12": {"avail": 1.0, "util": 0.0, "br": 0.0}, "DE_BE_13": {"avail": 1.0, "util": 0.8159488115068348, "br": 0.0}, "DE_BE_48": {"avail": 1.0, "util": 0.6837590227651305, "br": 0.0}, "DE_BE_50": {"avail": 1.0, "util": 0.49093096427910415, "br": 0.0}, "DE_BE_65": {"avail": 1.0, "util": 0.43122285005062544, "br": 0.0}, "DE_BE_66": {"avail": 1.0, "util": 0.7756144247347964, "br": 0.0}, "DE_BE_67": {"avail": 1.0, "util": 0.42747084952804, "br": 0.0}, "DE_BE_69": {"avail": 1.0, "util": 0.547681843420322, "br": 0.0}, "DE_FE_1": {"avail": 1.0, "util": 0.0, "br": 0.0}, "DE_FE_51": {"avail": 1.0, "util": 0.1583477015693036, "br": 0.0}, "DE_FE_53": {"avail": 1.0, "util": 0.0, "br": 0.0}, "DE_FE_54": {"avail": 1.0, "util": 0.805857856746252, "br": 0.0}, "DE_FE_56": {"avail": 1.0, "util": 0.3047612437534703, "br": 0.0}, "DE_FE_58": {"avail": 1.0, "util": 0.7400055524708495, "br": 0.0}, "DE_FE_59": {"avail": 1.0, "util": 0.655043494354988, "br": 0.0}, "DE_FE_62": {"avail": 1.0, "util": 0.03839136987387959, "br": 0.0}, "DE_FE_70": {"avail": 1.0, "util": 0.3127749540853372, "br": 0.0}, "DE_FE_71": {"avail": 1.0, "util": 0.3039878638851432, "br": 0.0}, "DE_FE_72": {"avail": 1.0, "util": 0.11441174656055277, "br": 0.0}, "DE_FE_86": {"avail": 1.0, "util": 0.1798599543463508, "br": 0.0}, "DefMEt_FE_118": {"avail": 1.0, "util": 0.7570794003331482, "br": 0.0}, "DefMet_BE_33": {"avail": 1.0, "util": 0.8438367573570239, "br": 0.0}, "DefMet_BE_42": {"avail": 1.0, "util": 0.9339255968906163, "br": 0.0}, "DefMet_FE_10": {"avail": 1.0, "util": 0.8744447529150472, "br": 0.0}, "DefMet_FE_106": {"avail": 1.0, "util": 0.7805385896724042, "br": 0.0}, "DefMet_FE_34": {"avail": 1.0, "util": 0.7284147695724598, "br": 0.0}, "DefMet_FE_43": {"avail": 1.0, "util": 0.918957060892097, "br": 0.0}, "Delay_32": {"avail": 1.0, "util": 0.09886972515269296, "br": 0.0}, "Dielectric_BE_20": {"avail": 1.0, "util": 0.9116601887840089, "br": 0.0}, "Dielectric_BE_21": {"avail": 1.0, "util": 0.8439755691282621, "br": 0.0}, "Dielectric_BE_27": {"avail": 1.0, "util": 0.7774477142328337, "br": 0.0}, "Dielectric_BE_28": {"avail": 1.0, "util": 0.793135757912271, "br": 0.0}, "Dielectric_BE_60": {"avail": 1.0, "util": 0.8684064408661855, "br": 0.0}, "Dielectric_FE_112": {"avail": 1.0, "util": 0.7110216546363132, "br": 0.0}, "Dielectric_FE_130": {"avail": 1.0, "util": 0.8760757912270961, "br": 0.0}, "Dielectric_FE_29": {"avail": 1.0, "util": 0.7797519896353877, "br": 0.0}, "Dielectric_FE_30": {"avail": 1.0, "util": 0.8330094392004442, "br": 0.0}, "Dielectric_FE_31": {"avail": 1.0, "util": 0.8466476957245974, "br": 0.0}, "Diffusion_BE_123": {"avail": 1.0, "util": 0.0, "br": 0.0}, "Diffusion_FE_100": {"avail": 1.0, "util": 0.0, "br": 0.0}, "Diffusion_FE_101": {"avail": 1.0, "util": 0.0, "br": 0.0}, "Diffusion_FE_120": {"avail": 1.0, "util": 0.0, "br": 0.0}, "Diffusion_FE_122": {"avail": 1.0, "util": 0.0, "br": 0.0}, "Diffusion_FE_125": {"avail": 1.0, "util": 0.0, "br": 0.0}, "Diffusion_FE_126": {"avail": 1.0, "util": 0.0, "br": 0.0}, "Diffusion_FE_127": {"avail": 1.0, "util": 0.0, "br": 0.0}, "Diffusion_FE_44": {"avail": 1.0, "util": 0.0, "br": 0.0}, "Diffusion_FE_94": {"avail": 1.0, "util": 0.0, "br": 0.0}, "EPI_36": {"avail": 1.0, "util": 0.007079400333148251, "br": 0.0}, "EPI_38": {"avail": 1.0, "util": 0.01776790671848973, "br": 0.0}, "Implant_119": {"avail": 1.0, "util": 0.0416435313714603, "br": 0.0}, "Implant_128": {"avail": 1.0, "util": 0.07184897279289285, "br": 0.0}, "Implant_132": {"avail": 1.0, "util": 0.038884647418101055, "br": 0.0}, "Implant_74": {"avail": 1.0, "util": 0.0, "br": 0.0}, "Implant_88": {"avail": 1.0, "util": 0.0035397001665741254, "br": 0.0}, "Implant_90": {"avail": 1.0, "util": 0.053373126041088285, "br": 0.0}, "Implant_91": {"avail": 1.0, "util": 0.046941513973718305, "br": 0.0}, "LithoMet_BE_18": {"avail": 1.0, "util": 0.8837077691880579, "br": 0.0}, "LithoMet_FE_19": {"avail": 1.0, "util": 0.9176383490653341, "br": 0.0}, "LithoTrack_BE_117": {"avail": 1.0, "util": 0.17021099389228206, "br": 0.0}, "LithoTrack_FE_115": {"avail": 1.0, "util": 0.07724194619546876, "br": 0.0}, "LithoTrack_FE_95": {"avail": 1.0, "util": 0.09667248354088999, "br": 0.0}, "LithoTrack_FE_96": {"avail": 1.0, "util": 0.0, "br": 0.0}, "Litho_BE_110": {"avail": 1.0, "util": 0.12244189735861029, "br": 0.0}, "Litho_BE_93": {"avail": 1.0, "util": 0.10346104016287248, "br": 0.0}, "Litho_BE_99": {"avail": 1.0, "util": 0.3382842865074958, "br": 0.0}, "Litho_FE_111": {"avail": 1.0, "util": 0.16776033516733127, "br": 0.0}, "Litho_FE_35": {"avail": 1.0, "util": 0.09154636313159356, "br": 0.0}, "Litho_FE_92": {"avail": 1.0, "util": 0.18367741826931167, "br": 0.0}, "Litho_FE_98": {"avail": 1.0, "util": 0.19361465852304274, "br": 0.0}, "Litho_REG_BE_63": {"avail": 1.0, "util": 0.9144051915602444, "br": 0.0}, "Litho_REG_FE_64": {"avail": 1.0, "util": 0.8841714920282383, "br": 0.0}, "Planar_BE_75": {"avail": 1.0, "util": 0.683717379233759, "br": 0.0}, "Planar_FE_76": {"avail": 1.0, "util": 0.9345733851563947, "br": 0.0}, "Planar_FE_77": {"avail": 1.0, "util": 0.7239727928928373, "br": 0.0}, "Planar_FE_78": {"avail": 1.0, "util": 0.42413936701832317, "br": 0.0}, "Planar_FE_79": {"avail": 1.0, "util": 0.6387007218212104, "br": 0.0}, "Planar_FE_80": {"avail": 1.0, "util": 0.961965574680733, "br": 0.0}, "TF_BE_2": {"avail": 1.0, "util": 0.5362992781787895, "br": 0.0}, "TF_BE_23": {"avail": 1.0, "util": 0.6080613109675912, "br": 0.0}, "TF_BE_24": {"avail": 1.0, "util": 0.5757357023875626, "br": 0.0}, "TF_BE_26": {"avail": 1.0, "util": 0.6083842309827874, "br": 0.0}, "TF_BE_40": {"avail": 1.0, "util": 0.6332535165648713, "br": 0.0}, "TF_FE_103": {"avail": 1.0, "util": 0.735494169905608, "br": 0.0}, "TF_FE_104": {"avail": 1.0, "util": 0.5781787895613548, "br": 0.0}, "TF_FE_113": {"avail": 1.0, "util": 0.6617157134925041, "br": 0.0}, "TF_FE_131": {"avail": 1.0, "util": 0.22792892837312603, "br": 0.0}, "TF_FE_3": {"avail": 1.0, "util": 0.6603275957801221, "br": 0.0}, "TF_FE_5": {"avail": 1.0, "util": 0.4043586896168795, "br": 0.0}, "TF_Met_FE_45": {"avail": 1.0, "util": 0.21342309827873404, "br": 0.0}, "TF_Met_FE_61": {"avail": 1.0, "util": 0.9553720155469184, "br": 0.0}, "WE_BE_14": {"avail": 1.0, "util": 0.038645197112715156, "br": 0.0}, "WE_BE_16": {"avail": 1.0, "util": 0.048429884631994574, "br": 0.0}, "WE_BE_17": {"avail": 1.0, "util": 0.030816213214880622, "br": 0.0}, "WE_BE_7": {"avail": 1.0, "util": 0.011521377012770683, "br": 0.0}, "WE_BE_81": {"avail": 1.0, "util": 0.05274847307051638, "br": 0.0}, "WE_BE_82": {"avail": 1.0, "util": 0.10402554136590783, "br": 0.0}, "WE_BE_9": {"avail": 1.0, "util": 0.07200364876655825, "br": 0.0}, "WE_FE_108": {"avail": 1.0, "util": 0.03562306655032918, "br": 0.0}, "WE_FE_41": {"avail": 1.0, "util": 0.03234314269850083, "br": 0.0}, "WE_FE_47": {"avail": 1.0, "util": 0.04044049602072922, "br": 0.0}, "WE_FE_8": {"avail": 1.0, "util": 0.060174902831760135, "br": 0.0}, "WE_FE_83": {"avail": 1.0, "util": 0.04971444435630999, "br": 0.0}, "WE_FE_84": {"avail": 1.0, "util": 0.0380806959096798, "br": 0.0}, "WE_FE_85": {"avail": 1.0, "util": 0.03858967240421988, "br": 0.0}}, "plugins": {"cost": 448800}}