{"lots": {}, "machines": {"DE_BE_11": {"avail": 1.0, "util": 0.8890999861322979, "br": 0.0}, "DE_BE_12": {"avail": 1.0, "util": 0.0, "br": 0.0}, "DE_BE_13": {"avail": 1.0, "util": 0.7458182274435222, "br": 0.0}, "DE_BE_48": {"avail": 1.0, "util": 0.9717237553737347, "br": 0.0}, "DE_BE_50": {"avail": 1.0, "util": 0.6857886870367803, "br": 0.0}, "DE_BE_65": {"avail": 1.0, "util": 0.4704903456320817, "br": 0.0}, "DE_BE_66": {"avail": 1.0, "util": 0.7773722894116445, "br": 0.0}, "DE_BE_67": {"avail": 1.0, "util": 0.426293163222854, "br": 0.0}, "DE_BE_69": {"avail": 1.0, "util": 0.5579669948689502, "br": 0.0}, "DE_FE_1": {"avail": 1.0, "util": 0.0, "br": 0.0}, "DE_FE_51": {"avail": 1.0, "util": 0.1911480267719639, "br": 0.0}, "DE_FE_53": {"avail": 1.0, "util": 0.0, "br": 0.0}, "DE_FE_54": {"avail": 1.0, "util": 0.8164193593121619, "br": 0.0}, "DE_FE_56": {"avail": 1.0, "util": 0.3051587851892941, "br": 0.0}, "DE_FE_58": {"avail": 1.0, "util": 0.7362363056441548, "br": 0.0}, "DE_FE_59": {"avail": 1.0, "util": 0.694207923080479, "br": 0.0}, "DE_FE_62": {"avail": 1.0, "util": 0.4132971452344632, "br": 0.0}, "DE_FE_70": {"avail": 1.0, "util": 0.31184195086566463, "br": 0.0}, "DE_FE_71": {"avail": 1.0, "util": 0.3878944865978564, "br": 0.0}, "DE_FE_72": {"avail": 1.0, "util": 0.1180141450561642, "br": 0.0}, "DE_FE_86": {"avail": 1.0, "util": 0.18572448471214248, "br": 0.0}, "DefMEt_FE_118": {"avail": 1.0, "util": 0.7405352933018998, "br": 0.0}, "DefMet_BE_33": {"avail": 1.0, "util": 0.8046734156150326, "br": 0.0}, "DefMet_BE_42": {"avail": 1.0, "util": 0.9424490361947025, "br": 0.0}, "DefMet_FE_10": {"avail": 1.0, "util": 0.8816391623907919, "br": 0.0}, "DefMet_FE_106": {"avail": 1.0, "util": 0.7772847039245597, "br": 0.0}, "DefMet_FE_34": {"avail": 1.0, "util": 0.832200804326723, "br": 0.0}, "DefMet_FE_43": {"avail": 1.0, "util": 0.910160403087875, "br": 0.0}, "Delay_32": {"avail": 1.0, "util": 0.09137636943558451, "br": 0.0}, "Dielectric_BE_20": {"avail": 1.0, "util": 0.899542365829982, "br": 0.0}, "Dielectric_BE_21": {"avail": 1.0, "util": 0.9228435723200665, "br": 0.0}, "Dielectric_BE_27": {"avail": 1.0, "util": 0.7743724864789905, "br": 0.0}, "Dielectric_BE_28": {"avail": 1.0, "util": 0.7919844681736237, "br": 0.0}, "Dielectric_BE_60": {"avail": 1.0, "util": 0.8492927471917903, "br": 0.0}, "Dielectric_FE_112": {"avail": 1.0, "util": 0.8325336291776452, "br": 0.0}, "Dielectric_FE_130": {"avail": 1.0, "util": 0.8421508805990847, "br": 0.0}, "Dielectric_FE_29": {"avail": 1.0, "util": 0.7803355983913466, "br": 0.0}, "Dielectric_FE_30": {"avail": 1.0, "util": 0.827555124115934, "br": 0.0}, "Dielectric_FE_31": {"avail": 1.0, "util": 0.8432602967688254, "br": 0.0}, "Diffusion_BE_123": {"avail": 1.0, "util": 0.0, "br": 0.0}, "Diffusion_FE_100": {"avail": 1.0, "util": 0.0, "br": 0.0}, "Diffusion_FE_101": {"avail": 1.0, "util": 0.0, "br": 0.0}, "Diffusion_FE_120": {"avail": 1.0, "util": 0.0, "br": 0.0}, "Diffusion_FE_122": {"avail": 1.0, "util": 0.0, "br": 0.0}, "Diffusion_FE_125": {"avail": 1.0, "util": 0.0, "br": 0.0}, "Diffusion_FE_126": {"avail": 1.0, "util": 0.0, "br": 0.0}, "Diffusion_FE_127": {"avail": 1.0, "util": 0.0, "br": 0.0}, "Diffusion_FE_44": {"avail": 1.0, "util": 0.0, "br": 0.0}, "Diffusion_FE_94": {"avail": 1.0, "util": 0.0, "br": 0.0}, "EPI_36": {"avail": 1.0, "util": 0.010678130633753988, "br": 0.0}, "EPI_38": {"avail": 1.0, "util": 0.017750658715850784, "br": 0.0}, "Implant_119": {"avail": 1.0, "util": 0.04146442934405769, "br": 0.0}, "Implant_128": {"avail": 1.0, "util": 0.08156982388018306, "br": 0.0}, "Implant_132": {"avail": 1.0, "util": 0.0395576203023159, "br": 0.0}, "Implant_74": {"avail": 1.0, "util": 0.0, "br": 0.0}, "Implant_88": {"avail": 1.0, "util": 0.003536264041048398, "br": 0.0}, "Implant_90": {"avail": 1.0, "util": 0.05352933018998752, "br": 0.0}, "Implant_91": {"avail": 1.0, "util": 0.04553228863310683, "br": 0.0}, "LithoMet_BE_18": {"avail": 1.0, "util": 0.9408595841822857, "br": 0.0}, "LithoMet_FE_19": {"avail": 1.0, "util": 0.9551533921940246, "br": 0.0}, "LithoTrack_BE_117": {"avail": 1.0, "util": 0.19251144085425045, "br": 0.0}, "LithoTrack_FE_115": {"avail": 1.0, "util": 0.07975016382922605, "br": 0.0}, "LithoTrack_FE_95": {"avail": 1.0, "util": 0.09949651750868146, "br": 0.0}, "LithoTrack_FE_96": {"avail": 1.0, "util": 0.0, "br": 0.0}, "Litho_BE_110": {"avail": 1.0, "util": 0.12388810745488045, "br": 0.0}, "Litho_BE_93": {"avail": 1.0, "util": 0.10946239541441317, "br": 0.0}, "Litho_BE_99": {"avail": 1.0, "util": 0.3761383072158277, "br": 0.0}, "Litho_FE_111": {"avail": 1.0, "util": 0.16735795060576644, "br": 0.0}, "Litho_FE_35": {"avail": 1.0, "util": 0.07537096103175704, "br": 0.0}, "Litho_FE_92": {"avail": 1.0, "util": 0.183658804099797, "br": 0.0}, "Litho_FE_98": {"avail": 1.0, "util": 0.1937595340452087, "br": 0.0}, "Litho_REG_BE_63": {"avail": 1.0, "util": 0.9104493135487449, "br": 0.0}, "Litho_REG_FE_64": {"avail": 1.0, "util": 0.925579967113735, "br": 0.0}, "Planar_BE_75": {"avail": 1.0, "util": 0.7054708084870337, "br": 0.0}, "Planar_FE_76": {"avail": 1.0, "util": 0.6252484629963482, "br": 0.0}, "Planar_FE_77": {"avail": 1.0, "util": 0.7162668145888227, "br": 0.0}, "Planar_FE_78": {"avail": 1.0, "util": 0.41686312578005824, "br": 0.0}, "Planar_FE_79": {"avail": 1.0, "util": 0.6386076827069754, "br": 0.0}, "Planar_FE_80": {"avail": 1.0, "util": 0.969976424906393, "br": 0.0}, "TF_BE_2": {"avail": 1.0, "util": 0.5299889058383026, "br": 0.0}, "TF_BE_23": {"avail": 1.0, "util": 0.6050478435723201, "br": 0.0}, "TF_BE_24": {"avail": 1.0, "util": 0.5808625710719735, "br": 0.0}, "TF_BE_26": {"avail": 1.0, "util": 0.5675218416308417, "br": 0.0}, "TF_BE_40": {"avail": 1.0, "util": 0.6353256598714926, "br": 0.0}, "TF_FE_103": {"avail": 1.0, "util": 0.7288517542643184, "br": 0.0}, "TF_FE_104": {"avail": 1.0, "util": 0.5750104007765913, "br": 0.0}, "TF_FE_113": {"avail": 1.0, "util": 0.6578144501456109, "br": 0.0}, "TF_FE_131": {"avail": 1.0, "util": 0.23230712337632323, "br": 0.0}, "TF_FE_3": {"avail": 1.0, "util": 0.6739009846068507, "br": 0.0}, "TF_FE_5": {"avail": 1.0, "util": 0.404936901955346, "br": 0.0}, "TF_Met_FE_45": {"avail": 1.0, "util": 0.2130079045902094, "br": 0.0}, "TF_Met_FE_61": {"avail": 1.0, "util": 0.9748994591596173, "br": 0.0}, "WE_BE_14": {"avail": 1.0, "util": 0.046872833171543477, "br": 0.0}, "WE_BE_16": {"avail": 1.0, "util": 0.04869104300528513, "br": 0.0}, "WE_BE_17": {"avail": 1.0, "util": 0.0307862987103037, "br": 0.0}, "WE_BE_7": {"avail": 1.0, "util": 0.011510192761059492, "br": 0.0}, "WE_BE_81": {"avail": 1.0, "util": 0.056349096288078396, "br": 0.0}, "WE_BE_82": {"avail": 1.0, "util": 0.10969352378310913, "br": 0.0}, "WE_BE_9": {"avail": 1.0, "util": 0.07225072805436139, "br": 0.0}, "WE_FE_108": {"avail": 1.0, "util": 0.037006953662063906, "br": 0.0}, "WE_FE_41": {"avail": 1.0, "util": 0.03125780058244349, "br": 0.0}, "WE_FE_47": {"avail": 1.0, "util": 0.042920538066842324, "br": 0.0}, "WE_FE_8": {"avail": 1.0, "util": 0.056025516571904035, "br": 0.0}, "WE_FE_83": {"avail": 1.0, "util": 0.05018127067773441, "br": 0.0}, "WE_FE_84": {"avail": 1.0, "util": 0.037781784002835175, "br": 0.0}, "WE_FE_85": {"avail": 1.0, "util": 0.03820551934544446, "br": 0.0}}, "plugins": {"cost": 448800}}