{"lots": {}, "machines": {"DE_BE_11": {"avail": 1.0, "util": 0.8976686094920899, "br": 0.0}, "DE_BE_12": {"avail": 1.0, "util": 0.0, "br": 0.0}, "DE_BE_13": {"avail": 1.0, "util": 0.8453074818603545, "br": 0.0}, "DE_BE_48": {"avail": 1.0, "util": 0.9744796003330558, "br": 0.0}, "DE_BE_50": {"avail": 1.0, "util": 0.18982637925185802, "br": 0.0}, "DE_BE_65": {"avail": 1.0, "util": 0.4329806860296158, "br": 0.0}, "DE_BE_66": {"avail": 1.0, "util": 0.7656046861533518, "br": 0.0}, "DE_BE_67": {"avail": 1.0, "util": 0.42696364140993615, "br": 0.0}, "DE_BE_69": {"avail": 1.0, "util": 0.54766860949209, "br": 0.0}, "DE_FE_1": {"avail": 1.0, "util": 0.0, "br": 0.0}, "DE_FE_51": {"avail": 1.0, "util": 0.1896738098368319, "br": 0.0}, "DE_FE_53": {"avail": 1.0, "util": 0.0, "br": 0.0}, "DE_FE_54": {"avail": 1.0, "util": 0.8195670274771024, "br": 0.0}, "DE_FE_56": {"avail": 1.0, "util": 0.3051623646960866, "br": 0.0}, "DE_FE_58": {"avail": 1.0, "util": 0.7235174391710611, "br": 0.0}, "DE_FE_59": {"avail": 1.0, "util": 0.5707280969562402, "br": 0.0}, "DE_FE_62": {"avail": 1.0, "util": 0.07391657745529519, "br": 0.0}, "DE_FE_70": {"avail": 1.0, "util": 0.31416127585986037, "br": 0.0}, "DE_FE_71": {"avail": 1.0, "util": 0.2674507354981959, "br": 0.0}, "DE_FE_72": {"avail": 1.0, "util": 0.11473463471798194, "br": 0.0}, "DE_FE_86": {"avail": 1.0, "util": 0.19263473854092783, "br": 0.0}, "DefMEt_FE_118": {"avail": 1.0, "util": 0.7570080488481821, "br": 0.0}, "DefMet_BE_33": {"avail": 1.0, "util": 0.757563141826256, "br": 0.0}, "DefMet_BE_42": {"avail": 1.0, "util": 0.9134054954204829, "br": 0.0}, "DefMet_FE_10": {"avail": 1.0, "util": 0.8743408270885373, "br": 0.0}, "DefMet_FE_106": {"avail": 1.0, "util": 0.7757424368581738, "br": 0.0}, "DefMet_FE_34": {"avail": 1.0, "util": 0.72661670829864, "br": 0.0}, "DefMet_FE_43": {"avail": 1.0, "util": 0.9212230548616893, "br": 0.0}, "Delay_32": {"avail": 1.0, "util": 0.08615667499306134, "br": 0.0}, "Dielectric_BE_20": {"avail": 1.0, "util": 0.8127948931446017, "br": 0.0}, "Dielectric_BE_21": {"avail": 1.0, "util": 0.8419546211490425, "br": 0.0}, "Dielectric_BE_27": {"avail": 1.0, "util": 0.7774724766398371, "br": 0.0}, "Dielectric_BE_28": {"avail": 1.0, "util": 0.7393838467943381, "br": 0.0}, "Dielectric_BE_60": {"avail": 1.0, "util": 0.8659450457951707, "br": 0.0}, "Dielectric_FE_112": {"avail": 1.0, "util": 0.8044129891756869, "br": 0.0}, "Dielectric_FE_130": {"avail": 1.0, "util": 0.8800999167360533, "br": 0.0}, "Dielectric_FE_29": {"avail": 1.0, "util": 0.7713479507817559, "br": 0.0}, "Dielectric_FE_30": {"avail": 1.0, "util": 0.826533444351929, "br": 0.0}, "Dielectric_FE_31": {"avail": 1.0, "util": 0.9193033583125173, "br": 0.0}, "Diffusion_BE_123": {"avail": 1.0, "util": 0.0, "br": 0.0}, "Diffusion_FE_100": {"avail": 1.0, "util": 0.0, "br": 0.0}, "Diffusion_FE_101": {"avail": 1.0, "util": 0.0, "br": 0.0}, "Diffusion_FE_120": {"avail": 1.0, "util": 0.0, "br": 0.0}, "Diffusion_FE_122": {"avail": 1.0, "util": 0.0, "br": 0.0}, "Diffusion_FE_125": {"avail": 1.0, "util": 0.0, "br": 0.0}, "Diffusion_FE_126": {"avail": 1.0, "util": 0.0, "br": 0.0}, "Diffusion_FE_127": {"avail": 1.0, "util": 0.0, "br": 0.0}, "Diffusion_FE_44": {"avail": 1.0, "util": 0.0, "br": 0.0}, "Diffusion_FE_94": {"avail": 1.0, "util": 0.0, "br": 0.0}, "EPI_36": {"avail": 1.0, "util": 0.010754926450180405, "br": 0.0}, "EPI_38": {"avail": 1.0, "util": 0.017624202053844018, "br": 0.0}, "Implant_119": {"avail": 1.0, "util": 0.03219539272828199, "br": 0.0}, "Implant_128": {"avail": 1.0, "util": 0.0715098529003608, "br": 0.0}, "Implant_132": {"avail": 1.0, "util": 0.03738204274215931, "br": 0.0}, "Implant_74": {"avail": 1.0, "util": 0.0, "br": 0.0}, "Implant_88": {"avail": 1.0, "util": 0.0035387177352206494, "br": 0.0}, "Implant_90": {"avail": 1.0, "util": 0.06522342492367472, "br": 0.0}, "Implant_91": {"avail": 1.0, "util": 0.04704412989175687, "br": 0.0}, "LithoMet_BE_18": {"avail": 1.0, "util": 0.9177928649202588, "br": 0.0}, "LithoMet_FE_19": {"avail": 1.0, "util": 0.9076772442717489, "br": 0.0}, "LithoTrack_BE_117": {"avail": 1.0, "util": 0.16067166250346931, "br": 0.0}, "LithoTrack_FE_115": {"avail": 1.0, "util": 0.07702731383977404, "br": 0.0}, "LithoTrack_FE_95": {"avail": 1.0, "util": 0.09411374874679264, "br": 0.0}, "LithoTrack_FE_96": {"avail": 1.0, "util": 0.0, "br": 0.0}, "Litho_BE_110": {"avail": 1.0, "util": 0.11618294278577375, "br": 0.0}, "Litho_BE_93": {"avail": 1.0, "util": 0.10944583217688962, "br": 0.0}, "Litho_BE_99": {"avail": 1.0, "util": 0.32523822740309, "br": 0.0}, "Litho_FE_111": {"avail": 1.0, "util": 0.16729745414175057, "br": 0.0}, "Litho_FE_35": {"avail": 1.0, "util": 0.10026366916458507, "br": 0.0}, "Litho_FE_92": {"avail": 1.0, "util": 0.1836474654959251, "br": 0.0}, "Litho_FE_98": {"avail": 1.0, "util": 0.19372744934776576, "br": 0.0}, "Litho_REG_BE_63": {"avail": 1.0, "util": 0.8608971690258118, "br": 0.0}, "Litho_REG_FE_64": {"avail": 1.0, "util": 0.8674715514848738, "br": 0.0}, "Planar_BE_75": {"avail": 1.0, "util": 0.6925686927560366, "br": 0.0}, "Planar_FE_76": {"avail": 1.0, "util": 0.9244610972337867, "br": 0.0}, "Planar_FE_77": {"avail": 1.0, "util": 0.7179433805162365, "br": 0.0}, "Planar_FE_78": {"avail": 1.0, "util": 0.0, "br": 0.0}, "Planar_FE_79": {"avail": 1.0, "util": 0.6406605606439079, "br": 0.0}, "Planar_FE_80": {"avail": 1.0, "util": 0.804399111851235, "br": 0.0}, "TF_BE_2": {"avail": 1.0, "util": 0.535248404107688, "br": 0.0}, "TF_BE_23": {"avail": 1.0, "util": 0.6100617906130856, "br": 0.0}, "TF_BE_24": {"avail": 1.0, "util": 0.5795725784068831, "br": 0.0}, "TF_BE_26": {"avail": 1.0, "util": 0.5816819317235637, "br": 0.0}, "TF_BE_40": {"avail": 1.0, "util": 0.6348991581089832, "br": 0.0}, "TF_FE_103": {"avail": 1.0, "util": 0.7377532611712462, "br": 0.0}, "TF_FE_104": {"avail": 1.0, "util": 0.5775742436858173, "br": 0.0}, "TF_FE_113": {"avail": 1.0, "util": 0.667082986400222, "br": 0.0}, "TF_FE_131": {"avail": 1.0, "util": 0.2333472106577852, "br": 0.0}, "TF_FE_3": {"avail": 1.0, "util": 0.6684707188454067, "br": 0.0}, "TF_FE_5": {"avail": 1.0, "util": 0.40389952817096864, "br": 0.0}, "TF_Met_FE_45": {"avail": 1.0, "util": 0.21329447682486816, "br": 0.0}, "TF_Met_FE_61": {"avail": 1.0, "util": 0.9592700527338329, "br": 0.0}, "WE_BE_14": {"avail": 1.0, "util": 0.03619206217041355, "br": 0.0}, "WE_BE_16": {"avail": 1.0, "util": 0.04850895858389614, "br": 0.0}, "WE_BE_17": {"avail": 1.0, "util": 0.031015820149875105, "br": 0.0}, "WE_BE_7": {"avail": 1.0, "util": 0.011379406050513461, "br": 0.0}, "WE_BE_81": {"avail": 1.0, "util": 0.04232583957812934, "br": 0.0}, "WE_BE_82": {"avail": 1.0, "util": 0.09539272828198724, "br": 0.0}, "WE_BE_9": {"avail": 1.0, "util": 0.07071488045676222, "br": 0.0}, "WE_FE_108": {"avail": 1.0, "util": 0.03620792196978708, "br": 0.0}, "WE_FE_41": {"avail": 1.0, "util": 0.03061337774077158, "br": 0.0}, "WE_FE_47": {"avail": 1.0, "util": 0.040012952169488386, "br": 0.0}, "WE_FE_8": {"avail": 1.0, "util": 0.05988065500971413, "br": 0.0}, "WE_FE_83": {"avail": 1.0, "util": 0.04827326434320606, "br": 0.0}, "WE_FE_84": {"avail": 1.0, "util": 0.03658987880469979, "br": 0.0}, "WE_FE_85": {"avail": 1.0, "util": 0.03844018873161255, "br": 0.0}}, "plugins": {"cost": 448800}}