{"lots": {}, "machines": {"DE_BE_11": {"avail": 1.0, "util": 0.8939814172791568, "br": 0.0}, "DE_BE_12": {"avail": 1.0, "util": 0.0, "br": 0.0}, "DE_BE_13": {"avail": 1.0, "util": 0.7360249882784899, "br": 0.0}, "DE_BE_48": {"avail": 1.0, "util": 0.6785466648176397, "br": 0.0}, "DE_BE_50": {"avail": 1.0, "util": 0.37610749010000155, "br": 0.0}, "DE_BE_65": {"avail": 1.0, "util": 0.43142421300790457, "br": 0.0}, "DE_BE_66": {"avail": 1.0, "util": 0.7687232225620214, "br": 0.0}, "DE_BE_67": {"avail": 1.0, "util": 0.42677853279711553, "br": 0.0}, "DE_BE_69": {"avail": 1.0, "util": 0.546734156150326, "br": 0.0}, "DE_FE_1": {"avail": 1.0, "util": 0.0, "br": 0.0}, "DE_FE_51": {"avail": 1.0, "util": 0.15694589406535336, "br": 0.0}, "DE_FE_53": {"avail": 1.0, "util": 0.0, "br": 0.0}, "DE_FE_54": {"avail": 1.0, "util": 0.8176119816946332, "br": 0.0}, "DE_FE_56": {"avail": 1.0, "util": 0.29503536264041047, "br": 0.0}, "DE_FE_58": {"avail": 1.0, "util": 0.7372994961401563, "br": 0.0}, "DE_FE_59": {"avail": 1.0, "util": 0.5657282854897611, "br": 0.0}, "DE_FE_62": {"avail": 1.0, "util": 0.1128434732650514, "br": 0.0}, "DE_FE_70": {"avail": 1.0, "util": 0.31255667089809375, "br": 0.0}, "DE_FE_71": {"avail": 1.0, "util": 0.19548011965845832, "br": 0.0}, "DE_FE_72": {"avail": 1.0, "util": 0.11685850321268432, "br": 0.0}, "DE_FE_86": {"avail": 1.0, "util": 0.18550157424100014, "br": 0.0}, "DefMEt_FE_118": {"avail": 1.0, "util": 0.7467064207460824, "br": 0.0}, "DefMet_BE_33": {"avail": 1.0, "util": 0.834558313687422, "br": 0.0}, "DefMet_BE_42": {"avail": 1.0, "util": 0.929274719179032, "br": 0.0}, "DefMet_FE_10": {"avail": 1.0, "util": 0.8640271806961587, "br": 0.0}, "DefMet_FE_106": {"avail": 1.0, "util": 0.7765913188184718, "br": 0.0}, "DefMet_FE_34": {"avail": 1.0, "util": 0.614408542504507, "br": 0.0}, "DefMet_FE_43": {"avail": 1.0, "util": 0.9167706744325798, "br": 0.0}, "Delay_32": {"avail": 1.0, "util": 0.09601130217722922, "br": 0.0}, "Dielectric_BE_20": {"avail": 1.0, "util": 0.9338510608792123, "br": 0.0}, "Dielectric_BE_21": {"avail": 1.0, "util": 0.871931770905561, "br": 0.0}, "Dielectric_BE_27": {"avail": 1.0, "util": 0.7754911477834789, "br": 0.0}, "Dielectric_BE_28": {"avail": 1.0, "util": 0.8154902232700042, "br": 0.0}, "Dielectric_BE_60": {"avail": 1.0, "util": 0.8396546942171682, "br": 0.0}, "Dielectric_FE_112": {"avail": 1.0, "util": 0.8153931493551518, "br": 0.0}, "Dielectric_FE_130": {"avail": 1.0, "util": 0.8610109554846762, "br": 0.0}, "Dielectric_FE_29": {"avail": 1.0, "util": 0.7812601118661305, "br": 0.0}, "Dielectric_FE_30": {"avail": 1.0, "util": 0.830536680072112, "br": 0.0}, "Dielectric_FE_31": {"avail": 1.0, "util": 0.8030092913604215, "br": 0.0}, "Diffusion_BE_123": {"avail": 1.0, "util": 0.0, "br": 0.0}, "Diffusion_FE_100": {"avail": 1.0, "util": 0.0, "br": 0.0}, "Diffusion_FE_101": {"avail": 1.0, "util": 0.0, "br": 0.0}, "Diffusion_FE_120": {"avail": 1.0, "util": 0.0, "br": 0.0}, "Diffusion_FE_122": {"avail": 1.0, "util": 0.0, "br": 0.0}, "Diffusion_FE_125": {"avail": 1.0, "util": 0.0, "br": 0.0}, "Diffusion_FE_126": {"avail": 1.0, "util": 0.0, "br": 0.0}, "Diffusion_FE_127": {"avail": 1.0, "util": 0.0, "br": 0.0}, "Diffusion_FE_44": {"avail": 1.0, "util": 0.0, "br": 0.0}, "Diffusion_FE_94": {"avail": 1.0, "util": 0.0, "br": 0.0}, "EPI_36": {"avail": 1.0, "util": 0.01074746914436278, "br": 0.0}, "EPI_38": {"avail": 1.0, "util": 0.01733462765219803, "br": 0.0}, "Implant_119": {"avail": 1.0, "util": 0.036818749133268616, "br": 0.0}, "Implant_128": {"avail": 1.0, "util": 0.07843572320066565, "br": 0.0}, "Implant_132": {"avail": 1.0, "util": 0.03026625988073776, "br": 0.0}, "Implant_74": {"avail": 1.0, "util": 0.0, "br": 0.0}, "Implant_88": {"avail": 1.0, "util": 0.0036056025516571903, "br": 0.0}, "Implant_90": {"avail": 1.0, "util": 0.053806684232422686, "br": 0.0}, "Implant_91": {"avail": 1.0, "util": 0.047011510192761057, "br": 0.0}, "LithoMet_BE_18": {"avail": 1.0, "util": 0.8998965256072453, "br": 0.0}, "LithoMet_FE_19": {"avail": 1.0, "util": 0.8996286537542952, "br": 0.0}, "LithoTrack_BE_117": {"avail": 1.0, "util": 0.17670226043544585, "br": 0.0}, "LithoTrack_FE_115": {"avail": 1.0, "util": 0.0769603084612017, "br": 0.0}, "LithoTrack_FE_95": {"avail": 1.0, "util": 0.097659754513371, "br": 0.0}, "LithoTrack_FE_96": {"avail": 1.0, "util": 0.0, "br": 0.0}, "Litho_BE_110": {"avail": 1.0, "util": 0.12059452820096282, "br": 0.0}, "Litho_BE_93": {"avail": 1.0, "util": 0.10895391300328201, "br": 0.0}, "Litho_BE_99": {"avail": 1.0, "util": 0.3514075717653585, "br": 0.0}, "Litho_FE_111": {"avail": 1.0, "util": 0.16799460420317444, "br": 0.0}, "Litho_FE_35": {"avail": 1.0, "util": 0.075717653584801, "br": 0.0}, "Litho_FE_92": {"avail": 1.0, "util": 0.1816584931270828, "br": 0.0}, "Litho_FE_98": {"avail": 1.0, "util": 0.1932602967688254, "br": 0.0}, "Litho_REG_BE_63": {"avail": 1.0, "util": 0.8809284426570517, "br": 0.0}, "Litho_REG_FE_64": {"avail": 1.0, "util": 0.8779444103254949, "br": 0.0}, "Planar_BE_75": {"avail": 1.0, "util": 0.7122798502288171, "br": 0.0}, "Planar_FE_76": {"avail": 1.0, "util": 0.9304303610225119, "br": 0.0}, "Planar_FE_77": {"avail": 1.0, "util": 0.7284010539453613, "br": 0.0}, "Planar_FE_78": {"avail": 1.0, "util": 0.4180418804604077, "br": 0.0}, "Planar_FE_79": {"avail": 1.0, "util": 0.6402718069615865, "br": 0.0}, "Planar_FE_80": {"avail": 1.0, "util": 0.9724726112883095, "br": 0.0}, "TF_BE_2": {"avail": 1.0, "util": 0.5318957148800444, "br": 0.0}, "TF_BE_23": {"avail": 1.0, "util": 0.6052376121276705, "br": 0.0}, "TF_BE_24": {"avail": 1.0, "util": 0.5782277076688394, "br": 0.0}, "TF_BE_26": {"avail": 1.0, "util": 0.6038367309203532, "br": 0.0}, "TF_BE_40": {"avail": 1.0, "util": 0.6337250959182731, "br": 0.0}, "TF_FE_103": {"avail": 1.0, "util": 0.7440368880876439, "br": 0.0}, "TF_FE_104": {"avail": 1.0, "util": 0.5792816530300929, "br": 0.0}, "TF_FE_113": {"avail": 1.0, "util": 0.6575370961031757, "br": 0.0}, "TF_FE_131": {"avail": 1.0, "util": 0.22743031479683817, "br": 0.0}, "TF_FE_3": {"avail": 1.0, "util": 0.6765358480099848, "br": 0.0}, "TF_FE_5": {"avail": 1.0, "util": 0.40108861461655804, "br": 0.0}, "TF_Met_FE_45": {"avail": 1.0, "util": 0.212799889058383, "br": 0.0}, "TF_Met_FE_61": {"avail": 1.0, "util": 0.9751768132020524, "br": 0.0}, "WE_BE_14": {"avail": 1.0, "util": 0.03661073360144224, "br": 0.0}, "WE_BE_16": {"avail": 1.0, "util": 0.048105517804588674, "br": 0.0}, "WE_BE_17": {"avail": 1.0, "util": 0.031202329773956455, "br": 0.0}, "WE_BE_7": {"avail": 1.0, "util": 0.011371515739841909, "br": 0.0}, "WE_BE_81": {"avail": 1.0, "util": 0.046179448065455556, "br": 0.0}, "WE_BE_82": {"avail": 1.0, "util": 0.10238524476494244, "br": 0.0}, "WE_BE_9": {"avail": 1.0, "util": 0.07332052221803989, "br": 0.0}, "WE_FE_108": {"avail": 1.0, "util": 0.03423341323771223, "br": 0.0}, "WE_FE_41": {"avail": 1.0, "util": 0.03245042296491471, "br": 0.0}, "WE_FE_47": {"avail": 1.0, "util": 0.03910691998335876, "br": 0.0}, "WE_FE_8": {"avail": 1.0, "util": 0.05963111912356123, "br": 0.0}, "WE_FE_83": {"avail": 1.0, "util": 0.049170909523149155, "br": 0.0}, "WE_FE_84": {"avail": 1.0, "util": 0.0372887101496171, "br": 0.0}, "WE_FE_85": {"avail": 1.0, "util": 0.03862155040909721, "br": 0.0}}, "plugins": {"cost": 448800}}