{"lots": {}, "machines": {"DE_BE_11": {"avail": 1.0, "util": 0.7660628773683115, "br": 0.0}, "DE_BE_12": {"avail": 1.0, "util": 0.7058859817552302, "br": 0.0}, "DE_BE_13": {"avail": 1.0, "util": 0.8232916596439394, "br": 0.0}, "DE_BE_48": {"avail": 1.0, "util": 0.9128738982580332, "br": 0.0}, "DE_BE_50": {"avail": 1.0, "util": 0.871376685867629, "br": 0.0}, "DE_BE_65": {"avail": 1.0, "util": 0.7151616840781702, "br": 0.0}, "DE_BE_66": {"avail": 1.0, "util": 0.7214606368095963, "br": 0.0}, "DE_BE_67": {"avail": 1.0, "util": 0.8195572211812062, "br": 0.0}, "DE_BE_69": {"avail": 1.0, "util": 0.8262891248525227, "br": 0.0}, "DE_FE_1": {"avail": 1.0, "util": 0.5605524325074606, "br": 0.0}, "DE_FE_51": {"avail": 1.0, "util": 0.5883968718381422, "br": 0.0}, "DE_FE_53": {"avail": 1.0, "util": 0.6853077937400236, "br": 0.0}, "DE_FE_54": {"avail": 1.0, "util": 0.814601984870567, "br": 0.0}, "DE_FE_56": {"avail": 1.0, "util": 0.7449163717121243, "br": 0.0}, "DE_FE_58": {"avail": 1.0, "util": 0.4970504545770005, "br": 0.0}, "DE_FE_59": {"avail": 1.0, "util": 0.7214842575242325, "br": 0.0}, "DE_FE_62": {"avail": 1.0, "util": 0.92697520398957, "br": 0.0}, "DE_FE_70": {"avail": 1.0, "util": 0.9054757443264626, "br": 0.0}, "DE_FE_71": {"avail": 1.0, "util": 0.6976393722177607, "br": 0.0}, "DE_FE_72": {"avail": 1.0, "util": 0.9283626745629661, "br": 0.0}, "DE_FE_86": {"avail": 1.0, "util": 0.6497667352966124, "br": 0.0}, "DefMEt_FE_118": {"avail": 1.0, "util": 0.3735165521549032, "br": 0.0}, "DefMet_BE_33": {"avail": 1.0, "util": 0.9364286210007634, "br": 0.0}, "DefMet_BE_42": {"avail": 1.0, "util": 0.9260184606842945, "br": 0.0}, "DefMet_FE_10": {"avail": 1.0, "util": 0.6597959608577972, "br": 0.0}, "DefMet_FE_106": {"avail": 1.0, "util": 0.3905198140051357, "br": 0.0}, "DefMet_FE_34": {"avail": 1.0, "util": 0.6409535706849886, "br": 0.0}, "DefMet_FE_43": {"avail": 1.0, "util": 0.9586022624748421, "br": 0.0}, "Delay_32": {"avail": 1.0, "util": 0.4093412103546395, "br": 0.0}, "Dielectric_BE_20": {"avail": 1.0, "util": 0.9462974529807759, "br": 0.0}, "Dielectric_BE_21": {"avail": 1.0, "util": 0.9291501839128322, "br": 0.0}, "Dielectric_BE_27": {"avail": 1.0, "util": 0.813440673653041, "br": 0.0}, "Dielectric_BE_28": {"avail": 1.0, "util": 0.8218995072524117, "br": 0.0}, "Dielectric_BE_60": {"avail": 1.0, "util": 0.9685960163786522, "br": 0.0}, "Dielectric_FE_112": {"avail": 1.0, "util": 0.8861336664584634, "br": 0.0}, "Dielectric_FE_130": {"avail": 1.0, "util": 0.8721632313137623, "br": 0.0}, "Dielectric_FE_29": {"avail": 1.0, "util": 0.9724015083165615, "br": 0.0}, "Dielectric_FE_30": {"avail": 1.0, "util": 0.9747380109653688, "br": 0.0}, "Dielectric_FE_31": {"avail": 1.0, "util": 0.9211777361371365, "br": 0.0}, "Diffusion_BE_123": {"avail": 1.0, "util": 0.0, "br": 0.0}, "Diffusion_FE_100": {"avail": 1.0, "util": 0.0, "br": 0.0}, "Diffusion_FE_101": {"avail": 1.0, "util": 0.0, "br": 0.0}, "Diffusion_FE_120": {"avail": 1.0, "util": 0.0, "br": 0.0}, "Diffusion_FE_122": {"avail": 1.0, "util": 0.0, "br": 0.0}, "Diffusion_FE_125": {"avail": 1.0, "util": 0.0, "br": 0.0}, "Diffusion_FE_126": {"avail": 1.0, "util": 0.0, "br": 0.0}, "Diffusion_FE_127": {"avail": 1.0, "util": 0.0, "br": 0.0}, "Diffusion_FE_44": {"avail": 1.0, "util": 0.0, "br": 0.0}, "Diffusion_FE_94": {"avail": 1.0, "util": 0.0, "br": 0.0}, "EPI_36": {"avail": 1.0, "util": 0.00909154000971615, "br": 0.0}, "EPI_38": {"avail": 1.0, "util": 0.013325005205080159, "br": 0.0}, "Implant_119": {"avail": 1.0, "util": 0.0206468179609966, "br": 0.0}, "Implant_128": {"avail": 1.0, "util": 0.05242556735373725, "br": 0.0}, "Implant_132": {"avail": 1.0, "util": 0.043904851134707476, "br": 0.0}, "Implant_74": {"avail": 1.0, "util": 0.008466930390728017, "br": 0.0}, "Implant_88": {"avail": 1.0, "util": 0.016031646887362066, "br": 0.0}, "Implant_90": {"avail": 1.0, "util": 0.042612256228745926, "br": 0.0}, "Implant_91": {"avail": 1.0, "util": 0.04667221875216878, "br": 0.0}, "LithoMet_BE_18": {"avail": 1.0, "util": 0.9718285046205096, "br": 0.0}, "LithoMet_FE_19": {"avail": 1.0, "util": 0.9667723105158041, "br": 0.0}, "LithoTrack_BE_117": {"avail": 1.0, "util": 0.11348462766326602, "br": 0.0}, "LithoTrack_FE_115": {"avail": 1.0, "util": 0.052891779239282635, "br": 0.0}, "LithoTrack_FE_95": {"avail": 1.0, "util": 0.06219752110713117, "br": 0.0}, "LithoTrack_FE_96": {"avail": 1.0, "util": 0.003678256645152335, "br": 0.0}, "Litho_BE_110": {"avail": 1.0, "util": 0.07101216501591268, "br": 0.0}, "Litho_BE_93": {"avail": 1.0, "util": 0.060517731973072385, "br": 0.0}, "Litho_BE_99": {"avail": 1.0, "util": 0.20741666088324426, "br": 0.0}, "Litho_FE_111": {"avail": 1.0, "util": 0.10788396141300576, "br": 0.0}, "Litho_FE_35": {"avail": 1.0, "util": 0.06704143243805954, "br": 0.0}, "Litho_FE_92": {"avail": 1.0, "util": 0.10580929006912766, "br": 0.0}, "Litho_FE_98": {"avail": 1.0, "util": 0.11258241376917205, "br": 0.0}, "Litho_REG_BE_63": {"avail": 1.0, "util": 0.9568151849538483, "br": 0.0}, "Litho_REG_FE_64": {"avail": 1.0, "util": 0.9637676848794899, "br": 0.0}, "Planar_BE_75": {"avail": 1.0, "util": 0.8014574224443057, "br": 0.0}, "Planar_FE_76": {"avail": 1.0, "util": 0.9244453697920282, "br": 0.0}, "Planar_FE_77": {"avail": 1.0, "util": 0.893434658893747, "br": 0.0}, "Planar_FE_78": {"avail": 1.0, "util": 0.7441529599555833, "br": 0.0}, "Planar_FE_79": {"avail": 1.0, "util": 0.9047262127836769, "br": 0.0}, "Planar_FE_80": {"avail": 1.0, "util": 0.6349156777014366, "br": 0.0}, "TF_BE_2": {"avail": 1.0, "util": 0.2682177805538205, "br": 0.0}, "TF_BE_23": {"avail": 1.0, "util": 0.795562714823703, "br": 0.0}, "TF_BE_24": {"avail": 1.0, "util": 0.28965230064542996, "br": 0.0}, "TF_BE_26": {"avail": 1.0, "util": 0.6571864806718023, "br": 0.0}, "TF_BE_40": {"avail": 1.0, "util": 0.7591725079232886, "br": 0.0}, "TF_FE_103": {"avail": 1.0, "util": 0.7423658824345895, "br": 0.0}, "TF_FE_104": {"avail": 1.0, "util": 0.8771045874106461, "br": 0.0}, "TF_FE_113": {"avail": 1.0, "util": 0.5015962245818586, "br": 0.0}, "TF_FE_131": {"avail": 1.0, "util": 0.39703194762532673, "br": 0.0}, "TF_FE_3": {"avail": 1.0, "util": 0.8333333333333334, "br": 0.0}, "TF_FE_5": {"avail": 1.0, "util": 0.673068915261295, "br": 0.0}, "TF_Met_FE_45": {"avail": 1.0, "util": 0.10545492400582969, "br": 0.0}, "TF_Met_FE_61": {"avail": 1.0, "util": 0.9784856686792976, "br": 0.0}, "WE_BE_14": {"avail": 1.0, "util": 0.04223749045735305, "br": 0.0}, "WE_BE_16": {"avail": 1.0, "util": 0.04557336849654151, "br": 0.0}, "WE_BE_17": {"avail": 1.0, "util": 0.03702547019224096, "br": 0.0}, "WE_BE_7": {"avail": 1.0, "util": 0.005690887639669651, "br": 0.0}, "WE_BE_81": {"avail": 1.0, "util": 0.05554398871075948, "br": 0.0}, "WE_BE_82": {"avail": 1.0, "util": 0.07058088694565896, "br": 0.0}, "WE_BE_9": {"avail": 1.0, "util": 0.053042245422008076, "br": 0.0}, "WE_FE_108": {"avail": 1.0, "util": 0.04473394604562624, "br": 0.0}, "WE_FE_41": {"avail": 1.0, "util": 0.03796238462072316, "br": 0.0}, "WE_FE_47": {"avail": 1.0, "util": 0.0323755985842182, "br": 0.0}, "WE_FE_8": {"avail": 1.0, "util": 0.05104448608508571, "br": 0.0}, "WE_FE_83": {"avail": 1.0, "util": 0.04474386048402288, "br": 0.0}, "WE_FE_84": {"avail": 1.0, "util": 0.04285901558439555, "br": 0.0}, "WE_FE_85": {"avail": 1.0, "util": 0.024012769796654867, "br": 0.0}}, "plugins": {"cost": 448200.0}}