{"lots": {}, "machines": {"DE_BE_11": {"avail": 1.0, "util": 0.6233393510160626, "br": 0.0}, "DE_BE_12": {"avail": 1.0, "util": 0.9463346140196578, "br": 0.0}, "DE_BE_13": {"avail": 1.0, "util": 0.80634303436692, "br": 0.0}, "DE_BE_48": {"avail": 1.0, "util": 0.8132620469379254, "br": 0.0}, "DE_BE_50": {"avail": 1.0, "util": 0.7190976561897267, "br": 0.0}, "DE_BE_65": {"avail": 1.0, "util": 0.7462062730938787, "br": 0.0}, "DE_BE_66": {"avail": 1.0, "util": 0.6720216734030604, "br": 0.0}, "DE_BE_67": {"avail": 1.0, "util": 0.8668471971485442, "br": 0.0}, "DE_BE_69": {"avail": 1.0, "util": 0.924825255751516, "br": 0.0}, "DE_FE_1": {"avail": 1.0, "util": 0.74833521799221, "br": 0.0}, "DE_FE_51": {"avail": 1.0, "util": 0.5295706980268335, "br": 0.0}, "DE_FE_53": {"avail": 1.0, "util": 0.8266722214507244, "br": 0.0}, "DE_FE_54": {"avail": 1.0, "util": 0.8137943804101283, "br": 0.0}, "DE_FE_56": {"avail": 1.0, "util": 0.9005925102994954, "br": 0.0}, "DE_FE_58": {"avail": 1.0, "util": 0.7367186656174297, "br": 0.0}, "DE_FE_59": {"avail": 1.0, "util": 0.812288416732244, "br": 0.0}, "DE_FE_62": {"avail": 1.0, "util": 0.7467084598038632, "br": 0.0}, "DE_FE_70": {"avail": 1.0, "util": 0.7606422184952946, "br": 0.0}, "DE_FE_71": {"avail": 1.0, "util": 0.7701195601140054, "br": 0.0}, "DE_FE_72": {"avail": 1.0, "util": 0.8485807012400541, "br": 0.0}, "DE_FE_86": {"avail": 1.0, "util": 0.7337646863175725, "br": 0.0}, "DefMEt_FE_118": {"avail": 1.0, "util": 0.24535944081840486, "br": 0.0}, "DefMet_BE_33": {"avail": 1.0, "util": 0.9349395917233717, "br": 0.0}, "DefMet_BE_42": {"avail": 1.0, "util": 0.9468129426468546, "br": 0.0}, "DefMet_FE_10": {"avail": 1.0, "util": 0.5369161690505948, "br": 0.0}, "DefMet_FE_106": {"avail": 1.0, "util": 0.30241170207841506, "br": 0.0}, "DefMet_FE_34": {"avail": 1.0, "util": 0.6128315511734481, "br": 0.0}, "DefMet_FE_43": {"avail": 1.0, "util": 0.958470274190313, "br": 0.0}, "Delay_32": {"avail": 1.0, "util": 0.40518469656992084, "br": 0.0}, "Dielectric_BE_20": {"avail": 1.0, "util": 0.8931537286487987, "br": 0.0}, "Dielectric_BE_21": {"avail": 1.0, "util": 0.9484562329306115, "br": 0.0}, "Dielectric_BE_27": {"avail": 1.0, "util": 0.7896125538119706, "br": 0.0}, "Dielectric_BE_28": {"avail": 1.0, "util": 0.7106188955237699, "br": 0.0}, "Dielectric_BE_60": {"avail": 1.0, "util": 0.9375665416840253, "br": 0.0}, "Dielectric_FE_112": {"avail": 1.0, "util": 0.923834652594547, "br": 0.0}, "Dielectric_FE_130": {"avail": 1.0, "util": 0.9674119335277508, "br": 0.0}, "Dielectric_FE_29": {"avail": 1.0, "util": 0.9054452313721859, "br": 0.0}, "Dielectric_FE_30": {"avail": 1.0, "util": 0.9247558209507939, "br": 0.0}, "Dielectric_FE_31": {"avail": 1.0, "util": 0.9611975188631209, "br": 0.0}, "Diffusion_BE_123": {"avail": 1.0, "util": 0.0, "br": 0.0}, "Diffusion_FE_100": {"avail": 1.0, "util": 0.0, "br": 0.0}, "Diffusion_FE_101": {"avail": 1.0, "util": 0.0, "br": 0.0}, "Diffusion_FE_120": {"avail": 1.0, "util": 0.0, "br": 0.0}, "Diffusion_FE_122": {"avail": 1.0, "util": 0.0, "br": 0.0}, "Diffusion_FE_125": {"avail": 1.0, "util": 0.0, "br": 0.0}, "Diffusion_FE_126": {"avail": 1.0, "util": 0.0, "br": 0.0}, "Diffusion_FE_127": {"avail": 1.0, "util": 0.8778667571890735, "br": 0.0}, "Diffusion_FE_44": {"avail": 1.0, "util": 0.0, "br": 0.0}, "Diffusion_FE_94": {"avail": 1.0, "util": 0.0, "br": 0.0}, "EPI_36": {"avail": 1.0, "util": 0.013169467203629126, "br": 0.0}, "EPI_38": {"avail": 1.0, "util": 0.02920890617043929, "br": 0.0}, "Implant_119": {"avail": 1.0, "util": 0.01684951164190159, "br": 0.0}, "Implant_128": {"avail": 1.0, "util": 0.044540110169883816, "br": 0.0}, "Implant_132": {"avail": 1.0, "util": 0.03367009211683562, "br": 0.0}, "Implant_74": {"avail": 1.0, "util": 0.005670508725639957, "br": 0.0}, "Implant_88": {"avail": 1.0, "util": 0.02485765865851965, "br": 0.0}, "Implant_90": {"avail": 1.0, "util": 0.040827662824607695, "br": 0.0}, "Implant_91": {"avail": 1.0, "util": 0.036553565091268184, "br": 0.0}, "LithoMet_BE_18": {"avail": 1.0, "util": 0.966293855198174, "br": 0.0}, "LithoMet_FE_19": {"avail": 1.0, "util": 0.9631069758829792, "br": 0.0}, "LithoTrack_BE_117": {"avail": 1.0, "util": 0.08201638661297042, "br": 0.0}, "LithoTrack_FE_115": {"avail": 1.0, "util": 0.04114896896128261, "br": 0.0}, "LithoTrack_FE_95": {"avail": 1.0, "util": 0.046574219189133785, "br": 0.0}, "LithoTrack_FE_96": {"avail": 1.0, "util": 0.002476507892422349, "br": 0.0}, "Litho_BE_110": {"avail": 1.0, "util": 0.05251089465087521, "br": 0.0}, "Litho_BE_93": {"avail": 1.0, "util": 0.0528475983273928, "br": 0.0}, "Litho_BE_99": {"avail": 1.0, "util": 0.14783440571525558, "br": 0.0}, "Litho_FE_111": {"avail": 1.0, "util": 0.08451477698804459, "br": 0.0}, "Litho_FE_35": {"avail": 1.0, "util": 0.04210063417117993, "br": 0.0}, "Litho_FE_92": {"avail": 1.0, "util": 0.07773892234383833, "br": 0.0}, "Litho_FE_98": {"avail": 1.0, "util": 0.08421052631578947, "br": 0.0}, "Litho_REG_BE_63": {"avail": 1.0, "util": 0.9660116650465214, "br": 0.0}, "Litho_REG_FE_64": {"avail": 1.0, "util": 0.9638244688237745, "br": 0.0}, "Planar_BE_75": {"avail": 1.0, "util": 0.6645489052446419, "br": 0.0}, "Planar_FE_76": {"avail": 1.0, "util": 0.25845175824345384, "br": 0.0}, "Planar_FE_77": {"avail": 1.0, "util": 0.9519048280331436, "br": 0.0}, "Planar_FE_78": {"avail": 1.0, "util": 0.7075174744248484, "br": 0.0}, "Planar_FE_79": {"avail": 1.0, "util": 0.835050687404527, "br": 0.0}, "Planar_FE_80": {"avail": 1.0, "util": 0.9654677591075314, "br": 0.0}, "TF_BE_2": {"avail": 1.0, "util": 0.22275841318335415, "br": 0.0}, "TF_BE_23": {"avail": 1.0, "util": 0.3581763741390694, "br": 0.0}, "TF_BE_24": {"avail": 1.0, "util": 0.19052909318150257, "br": 0.0}, "TF_BE_26": {"avail": 1.0, "util": 0.5722384236757241, "br": 0.0}, "TF_BE_40": {"avail": 1.0, "util": 0.517349056458208, "br": 0.0}, "TF_FE_103": {"avail": 1.0, "util": 0.7439128824700273, "br": 0.0}, "TF_FE_104": {"avail": 1.0, "util": 0.31181780308290513, "br": 0.0}, "TF_FE_113": {"avail": 1.0, "util": 0.3279637087441559, "br": 0.0}, "TF_FE_131": {"avail": 1.0, "util": 0.5368158743384407, "br": 0.0}, "TF_FE_3": {"avail": 1.0, "util": 0.8989029301485905, "br": 0.0}, "TF_FE_5": {"avail": 1.0, "util": 0.31244503078276165, "br": 0.0}, "TF_Met_FE_45": {"avail": 1.0, "util": 0.0707309170022682, "br": 0.0}, "TF_Met_FE_61": {"avail": 1.0, "util": 0.9914132296440309, "br": 0.0}, "WE_BE_14": {"avail": 1.0, "util": 0.04139239920381429, "br": 0.0}, "WE_BE_16": {"avail": 1.0, "util": 0.04500918082365104, "br": 0.0}, "WE_BE_17": {"avail": 1.0, "util": 0.05087256399574133, "br": 0.0}, "WE_BE_7": {"avail": 1.0, "util": 0.015229366291718742, "br": 0.0}, "WE_BE_81": {"avail": 1.0, "util": 0.04487031122220679, "br": 0.0}, "WE_BE_82": {"avail": 1.0, "util": 0.05416377354996991, "br": 0.0}, "WE_BE_9": {"avail": 1.0, "util": 0.04756614491373553, "br": 0.0}, "WE_FE_108": {"avail": 1.0, "util": 0.042582710073336374, "br": 0.0}, "WE_FE_41": {"avail": 1.0, "util": 0.04130907744294774, "br": 0.0}, "WE_FE_47": {"avail": 1.0, "util": 0.03783425141569844, "br": 0.0}, "WE_FE_8": {"avail": 1.0, "util": 0.051775216405128915, "br": 0.0}, "WE_FE_83": {"avail": 1.0, "util": 0.03830817148411927, "br": 0.0}, "WE_FE_84": {"avail": 1.0, "util": 0.03605980650835532, "br": 0.0}, "WE_FE_85": {"avail": 1.0, "util": 0.022450585566819423, "br": 0.0}}, "plugins": {"cost": 447200.0}}