{"lots": {}, "machines": {"DE_BE_11": {"avail": 1.0, "util": 0.6367373391352652, "br": 0.0}, "DE_BE_12": {"avail": 1.0, "util": 0.948636443127694, "br": 0.0}, "DE_BE_13": {"avail": 1.0, "util": 0.6670017326438029, "br": 0.0}, "DE_BE_48": {"avail": 1.0, "util": 0.7763355244884733, "br": 0.0}, "DE_BE_50": {"avail": 1.0, "util": 0.9129504469750743, "br": 0.0}, "DE_BE_65": {"avail": 1.0, "util": 0.7388967252487515, "br": 0.0}, "DE_BE_66": {"avail": 1.0, "util": 0.6703326690023828, "br": 0.0}, "DE_BE_67": {"avail": 1.0, "util": 0.6355244884732896, "br": 0.0}, "DE_BE_69": {"avail": 1.0, "util": 0.7401166558651977, "br": 0.0}, "DE_FE_1": {"avail": 1.0, "util": 0.7453674924279498, "br": 0.0}, "DE_FE_51": {"avail": 1.0, "util": 0.676867151676989, "br": 0.0}, "DE_FE_53": {"avail": 1.0, "util": 0.7347652995093047, "br": 0.0}, "DE_FE_54": {"avail": 1.0, "util": 0.5396167021572076, "br": 0.0}, "DE_FE_56": {"avail": 1.0, "util": 0.5995278214980094, "br": 0.0}, "DE_FE_58": {"avail": 1.0, "util": 0.6495694843070086, "br": 0.0}, "DE_FE_59": {"avail": 1.0, "util": 0.7926611733481468, "br": 0.0}, "DE_FE_62": {"avail": 1.0, "util": 0.6839181557263216, "br": 0.0}, "DE_FE_70": {"avail": 1.0, "util": 0.7375243033052495, "br": 0.0}, "DE_FE_71": {"avail": 1.0, "util": 0.8213194545478594, "br": 0.0}, "DE_FE_72": {"avail": 1.0, "util": 0.8710613214825789, "br": 0.0}, "DE_FE_86": {"avail": 1.0, "util": 0.7632996944727339, "br": 0.0}, "DefMEt_FE_118": {"avail": 1.0, "util": 0.5002314600499954, "br": 0.0}, "DefMet_BE_33": {"avail": 1.0, "util": 0.89950004629201, "br": 0.0}, "DefMet_BE_42": {"avail": 1.0, "util": 0.9995370799000093, "br": 0.0}, "DefMet_FE_10": {"avail": 1.0, "util": 0.7264605129154708, "br": 0.0}, "DefMet_FE_106": {"avail": 1.0, "util": 0.5992037774280159, "br": 0.0}, "DefMet_FE_34": {"avail": 1.0, "util": 0.7026201277659476, "br": 0.0}, "DefMet_FE_43": {"avail": 1.0, "util": 0.9403141684411938, "br": 0.0}, "Delay_32": {"avail": 1.0, "util": 0.22231784094065365, "br": 0.0}, "Dielectric_BE_20": {"avail": 1.0, "util": 0.8858068697342839, "br": 0.0}, "Dielectric_BE_21": {"avail": 1.0, "util": 0.8579298213128415, "br": 0.0}, "Dielectric_BE_27": {"avail": 1.0, "util": 0.7934265345801313, "br": 0.0}, "Dielectric_BE_28": {"avail": 1.0, "util": 0.8460096287380798, "br": 0.0}, "Dielectric_BE_60": {"avail": 1.0, "util": 0.8299925932784001, "br": 0.0}, "Dielectric_FE_112": {"avail": 1.0, "util": 0.8239607443755208, "br": 0.0}, "Dielectric_FE_130": {"avail": 1.0, "util": 0.8302703453383946, "br": 0.0}, "Dielectric_FE_29": {"avail": 1.0, "util": 0.7746813566645064, "br": 0.0}, "Dielectric_FE_30": {"avail": 1.0, "util": 0.9269512082214609, "br": 0.0}, "Dielectric_FE_31": {"avail": 1.0, "util": 0.8979724099620405, "br": 0.0}, "Diffusion_BE_123": {"avail": 1.0, "util": 0.0, "br": 0.0}, "Diffusion_FE_100": {"avail": 1.0, "util": 0.0, "br": 0.0}, "Diffusion_FE_101": {"avail": 1.0, "util": 0.0, "br": 0.0}, "Diffusion_FE_120": {"avail": 1.0, "util": 0.0, "br": 0.0}, "Diffusion_FE_122": {"avail": 1.0, "util": 0.0, "br": 0.0}, "Diffusion_FE_125": {"avail": 1.0, "util": 0.0, "br": 0.0}, "Diffusion_FE_126": {"avail": 1.0, "util": 0.0, "br": 0.0}, "Diffusion_FE_127": {"avail": 1.0, "util": 0.0, "br": 0.0}, "Diffusion_FE_44": {"avail": 1.0, "util": 0.0, "br": 0.0}, "Diffusion_FE_94": {"avail": 1.0, "util": 0.0, "br": 0.0}, "EPI_36": {"avail": 1.0, "util": 0.011804462549763911, "br": 0.0}, "EPI_38": {"avail": 1.0, "util": 0.012035922599759281, "br": 0.0}, "Implant_119": {"avail": 1.0, "util": 0.03059901860938802, "br": 0.0}, "Implant_128": {"avail": 1.0, "util": 0.06502175724469957, "br": 0.0}, "Implant_132": {"avail": 1.0, "util": 0.039510230534209795, "br": 0.0}, "Implant_74": {"avail": 1.0, "util": 0.011248958429775021, "br": 0.0}, "Implant_88": {"avail": 1.0, "util": 0.002314600499953708, "br": 0.0}, "Implant_90": {"avail": 1.0, "util": 0.03453383945930932, "br": 0.0}, "Implant_91": {"avail": 1.0, "util": 0.04987192543900256, "br": 0.0}, "LithoMet_BE_18": {"avail": 1.0, "util": 0.9391651770135243, "br": 0.0}, "LithoMet_FE_19": {"avail": 1.0, "util": 0.9327325659146788, "br": 0.0}, "LithoTrack_BE_117": {"avail": 1.0, "util": 0.15483751504490326, "br": 0.0}, "LithoTrack_FE_115": {"avail": 1.0, "util": 0.06157018867170977, "br": 0.0}, "LithoTrack_FE_95": {"avail": 1.0, "util": 0.0773322198058003, "br": 0.0}, "LithoTrack_FE_96": {"avail": 1.0, "util": 0.0, "br": 0.0}, "Litho_BE_110": {"avail": 1.0, "util": 0.09027933921462299, "br": 0.0}, "Litho_BE_93": {"avail": 1.0, "util": 0.07696818195846064, "br": 0.0}, "Litho_BE_99": {"avail": 1.0, "util": 0.2646359904947073, "br": 0.0}, "Litho_FE_111": {"avail": 1.0, "util": 0.13299273636279468, "br": 0.0}, "Litho_FE_35": {"avail": 1.0, "util": 0.06712341449865754, "br": 0.0}, "Litho_FE_92": {"avail": 1.0, "util": 0.1298084071901311, "br": 0.0}, "Litho_FE_98": {"avail": 1.0, "util": 0.14941209147301177, "br": 0.0}, "Litho_REG_BE_63": {"avail": 1.0, "util": 0.9345893898713082, "br": 0.0}, "Litho_REG_FE_64": {"avail": 1.0, "util": 0.9525705291838058, "br": 0.0}, "Planar_BE_75": {"avail": 1.0, "util": 0.7553837607628923, "br": 0.0}, "Planar_FE_76": {"avail": 1.0, "util": 0.20451810017590963, "br": 0.0}, "Planar_FE_77": {"avail": 1.0, "util": 0.941949819461161, "br": 0.0}, "Planar_FE_78": {"avail": 1.0, "util": 0.707804832885844, "br": 0.0}, "Planar_FE_79": {"avail": 1.0, "util": 0.8589575039348208, "br": 0.0}, "Planar_FE_80": {"avail": 1.0, "util": 0.8556615128228867, "br": 0.0}, "TF_BE_2": {"avail": 1.0, "util": 0.4429450976761411, "br": 0.0}, "TF_BE_23": {"avail": 1.0, "util": 0.6909204313440763, "br": 0.0}, "TF_BE_24": {"avail": 1.0, "util": 0.38424219979631513, "br": 0.0}, "TF_BE_26": {"avail": 1.0, "util": 0.629299756195414, "br": 0.0}, "TF_BE_40": {"avail": 1.0, "util": 0.8409869456531802, "br": 0.0}, "TF_FE_103": {"avail": 1.0, "util": 0.8624895842977502, "br": 0.0}, "TF_FE_104": {"avail": 1.0, "util": 0.6196648458476067, "br": 0.0}, "TF_FE_113": {"avail": 1.0, "util": 0.6546616054069068, "br": 0.0}, "TF_FE_131": {"avail": 1.0, "util": 0.1549856494769003, "br": 0.0}, "TF_FE_3": {"avail": 1.0, "util": 0.8800111100823997, "br": 0.0}, "TF_FE_5": {"avail": 1.0, "util": 0.26914174613461717, "br": 0.0}, "TF_Met_FE_45": {"avail": 1.0, "util": 0.14253309878714934, "br": 0.0}, "TF_Met_FE_61": {"avail": 1.0, "util": 0.9731043421905379, "br": 0.0}, "WE_BE_14": {"avail": 1.0, "util": 0.044514396815109714, "br": 0.0}, "WE_BE_16": {"avail": 1.0, "util": 0.04449176516577683, "br": 0.0}, "WE_BE_17": {"avail": 1.0, "util": 0.04559762984908805, "br": 0.0}, "WE_BE_7": {"avail": 1.0, "util": 0.007591889639848162, "br": 0.0}, "WE_BE_81": {"avail": 1.0, "util": 0.06011789031879765, "br": 0.0}, "WE_BE_82": {"avail": 1.0, "util": 0.08587167854828257, "br": 0.0}, "WE_BE_9": {"avail": 1.0, "util": 0.061264168661631854, "br": 0.0}, "WE_FE_108": {"avail": 1.0, "util": 0.04342455063684579, "br": 0.0}, "WE_FE_41": {"avail": 1.0, "util": 0.04208869549115823, "br": 0.0}, "WE_FE_47": {"avail": 1.0, "util": 0.04056723142918866, "br": 0.0}, "WE_FE_8": {"avail": 1.0, "util": 0.046153133969076936, "br": 0.0}, "WE_FE_83": {"avail": 1.0, "util": 0.04843466874760273, "br": 0.0}, "WE_FE_84": {"avail": 1.0, "util": 0.04851917003569628, "br": 0.0}, "WE_FE_85": {"avail": 1.0, "util": 0.0318951948893621, "br": 0.0}}, "plugins": {"cost": 448600.0}}