{"lots": {}, "machines": {"DE_BE_11": {"avail": 1.0, "util": 0.8321069924568467, "br": 0.0}, "DE_BE_12": {"avail": 1.0, "util": 0.9352849011324647, "br": 0.0}, "DE_BE_13": {"avail": 1.0, "util": 0.8637141931602573, "br": 0.0}, "DE_BE_48": {"avail": 1.0, "util": 0.7986066411722388, "br": 0.0}, "DE_BE_50": {"avail": 1.0, "util": 0.8839511314729973, "br": 0.0}, "DE_BE_65": {"avail": 1.0, "util": 0.7977105498971387, "br": 0.0}, "DE_BE_66": {"avail": 1.0, "util": 0.770365288972732, "br": 0.0}, "DE_BE_67": {"avail": 1.0, "util": 0.8406093420670679, "br": 0.0}, "DE_BE_69": {"avail": 1.0, "util": 0.24634797229549416, "br": 0.0}, "DE_FE_1": {"avail": 1.0, "util": 0.7520755240871859, "br": 0.0}, "DE_FE_51": {"avail": 1.0, "util": 0.5381253181544727, "br": 0.0}, "DE_FE_53": {"avail": 1.0, "util": 0.18147993891434125, "br": 0.0}, "DE_FE_54": {"avail": 1.0, "util": 0.8124855384330603, "br": 0.0}, "DE_FE_56": {"avail": 1.0, "util": 0.9013836827247906, "br": 0.0}, "DE_FE_58": {"avail": 1.0, "util": 0.9893794252394835, "br": 0.0}, "DE_FE_59": {"avail": 1.0, "util": 0.786668749132306, "br": 0.0}, "DE_FE_62": {"avail": 1.0, "util": 0.9026141068672368, "br": 0.0}, "DE_FE_70": {"avail": 1.0, "util": 0.8045006499816995, "br": 0.0}, "DE_FE_71": {"avail": 1.0, "util": 0.8449077287755615, "br": 0.0}, "DE_FE_72": {"avail": 1.0, "util": 0.17269740301810274, "br": 0.0}, "DE_FE_86": {"avail": 1.0, "util": 0.783371021647446, "br": 0.0}, "DefMEt_FE_118": {"avail": 1.0, "util": 0.20593271322134296, "br": 0.0}, "DefMet_BE_33": {"avail": 1.0, "util": 0.9452080151788607, "br": 0.0}, "DefMet_BE_42": {"avail": 1.0, "util": 0.9925031236984589, "br": 0.0}, "DefMet_FE_10": {"avail": 1.0, "util": 0.5978758850478967, "br": 0.0}, "DefMet_FE_106": {"avail": 1.0, "util": 0.08653801656717108, "br": 0.0}, "DefMet_FE_34": {"avail": 1.0, "util": 0.7887454301448471, "br": 0.0}, "DefMet_FE_43": {"avail": 1.0, "util": 0.9055856356147901, "br": 0.0}, "Delay_32": {"avail": 1.0, "util": 0.29420577074367166, "br": 0.0}, "Dielectric_BE_20": {"avail": 1.0, "util": 0.885788328937017, "br": 0.0}, "Dielectric_BE_21": {"avail": 1.0, "util": 0.9601863421105404, "br": 0.0}, "Dielectric_BE_27": {"avail": 1.0, "util": 0.9072994277075909, "br": 0.0}, "Dielectric_BE_28": {"avail": 1.0, "util": 0.9570086538016567, "br": 0.0}, "Dielectric_BE_60": {"avail": 1.0, "util": 0.939546793774199, "br": 0.0}, "Dielectric_FE_112": {"avail": 1.0, "util": 0.35982949491209937, "br": 0.0}, "Dielectric_FE_130": {"avail": 1.0, "util": 0.2920658059142024, "br": 0.0}, "Dielectric_FE_29": {"avail": 1.0, "util": 0.9064433029447606, "br": 0.0}, "Dielectric_FE_30": {"avail": 1.0, "util": 0.9308621407746772, "br": 0.0}, "Dielectric_FE_31": {"avail": 1.0, "util": 0.19362302744226942, "br": 0.0}, "Diffusion_BE_123": {"avail": 1.0, "util": 0.0, "br": 0.0}, "Diffusion_FE_100": {"avail": 1.0, "util": 0.0, "br": 0.0}, "Diffusion_FE_101": {"avail": 1.0, "util": 0.0, "br": 0.0}, "Diffusion_FE_120": {"avail": 1.0, "util": 0.0, "br": 0.0}, "Diffusion_FE_122": {"avail": 1.0, "util": 0.0, "br": 0.0}, "Diffusion_FE_125": {"avail": 1.0, "util": 0.0, "br": 0.0}, "Diffusion_FE_126": {"avail": 1.0, "util": 0.0, "br": 0.0}, "Diffusion_FE_127": {"avail": 1.0, "util": 0.0, "br": 0.0}, "Diffusion_FE_44": {"avail": 1.0, "util": 0.6897192307438038, "br": 0.0}, "Diffusion_FE_94": {"avail": 1.0, "util": 0.0, "br": 0.0}, "EPI_36": {"avail": 1.0, "util": 0.009556203433754453, "br": 0.0}, "EPI_38": {"avail": 1.0, "util": 0.22398074876208987, "br": 0.0}, "Implant_119": {"avail": 1.0, "util": 0.03648942570225369, "br": 0.0}, "Implant_128": {"avail": 1.0, "util": 0.03062696940247961, "br": 0.0}, "Implant_132": {"avail": 1.0, "util": 0.03514408678923465, "br": 0.0}, "Implant_74": {"avail": 1.0, "util": 0.01129159146651858, "br": 0.0}, "Implant_88": {"avail": 1.0, "util": 0.009463649405340368, "br": 0.0}, "Implant_90": {"avail": 1.0, "util": 0.04921560460919062, "br": 0.0}, "Implant_91": {"avail": 1.0, "util": 0.04096837957729253, "br": 0.0}, "LithoMet_BE_18": {"avail": 1.0, "util": 0.9639459989314217, "br": 0.0}, "LithoMet_FE_19": {"avail": 1.0, "util": 0.9692191745502865, "br": 0.0}, "LithoTrack_BE_117": {"avail": 1.0, "util": 0.06803646628719515, "br": 0.0}, "LithoTrack_FE_115": {"avail": 1.0, "util": 0.038001329617627706, "br": 0.0}, "LithoTrack_FE_95": {"avail": 1.0, "util": 0.05910963024665648, "br": 0.0}, "LithoTrack_FE_96": {"avail": 1.0, "util": 0.012610486371419316, "br": 0.0}, "Litho_BE_110": {"avail": 1.0, "util": 0.055445899152325825, "br": 0.0}, "Litho_BE_93": {"avail": 1.0, "util": 0.059651071312878896, "br": 0.0}, "Litho_BE_99": {"avail": 1.0, "util": 0.09773705400527558, "br": 0.0}, "Litho_FE_111": {"avail": 1.0, "util": 0.07672497570456754, "br": 0.0}, "Litho_FE_35": {"avail": 1.0, "util": 0.04741080105511592, "br": 0.0}, "Litho_FE_92": {"avail": 1.0, "util": 0.05876646838745964, "br": 0.0}, "Litho_FE_98": {"avail": 1.0, "util": 0.022224536072932573, "br": 0.0}, "Litho_REG_BE_63": {"avail": 1.0, "util": 0.9623247258086908, "br": 0.0}, "Litho_REG_FE_64": {"avail": 1.0, "util": 0.9494500748145064, "br": 0.0}, "Planar_BE_75": {"avail": 1.0, "util": 0.8091535934101531, "br": 0.0}, "Planar_FE_76": {"avail": 1.0, "util": 0.9310009718172984, "br": 0.0}, "Planar_FE_77": {"avail": 1.0, "util": 0.9552269887546856, "br": 0.0}, "Planar_FE_78": {"avail": 1.0, "util": 0.14144569392382803, "br": 0.0}, "Planar_FE_79": {"avail": 1.0, "util": 0.21458651487806008, "br": 0.0}, "Planar_FE_80": {"avail": 1.0, "util": 0.21479476144199175, "br": 0.0}, "TF_BE_2": {"avail": 1.0, "util": 0.3997061409597853, "br": 0.0}, "TF_BE_23": {"avail": 1.0, "util": 0.6667459986910216, "br": 0.0}, "TF_BE_24": {"avail": 1.0, "util": 0.8425655976676385, "br": 0.0}, "TF_BE_26": {"avail": 1.0, "util": 0.668026498930289, "br": 0.0}, "TF_BE_40": {"avail": 1.0, "util": 0.6796269528219452, "br": 0.0}, "TF_FE_103": {"avail": 1.0, "util": 0.5222889933427209, "br": 0.0}, "TF_FE_104": {"avail": 1.0, "util": 0.6518487667175713, "br": 0.0}, "TF_FE_113": {"avail": 1.0, "util": 0.07496876301541025, "br": 0.0}, "TF_FE_131": {"avail": 1.0, "util": 0.9366699060576612, "br": 0.0}, "TF_FE_3": {"avail": 1.0, "util": 0.29808567417896864, "br": 0.0}, "TF_FE_5": {"avail": 1.0, "util": 0.41902293797337525, "br": 0.0}, "TF_Met_FE_45": {"avail": 1.0, "util": 0.05860983849322042, "br": 0.0}, "TF_Met_FE_61": {"avail": 1.0, "util": 0.9917164144569393, "br": 0.0}, "WE_BE_14": {"avail": 1.0, "util": 0.04382433245407007, "br": 0.0}, "WE_BE_16": {"avail": 1.0, "util": 0.03939909297052154, "br": 0.0}, "WE_BE_17": {"avail": 1.0, "util": 0.0465315377851821, "br": 0.0}, "WE_BE_7": {"avail": 1.0, "util": 0.02258318293303716, "br": 0.0}, "WE_BE_81": {"avail": 1.0, "util": 0.03925833371897512, "br": 0.0}, "WE_BE_82": {"avail": 1.0, "util": 0.04228690720430273, "br": 0.0}, "WE_BE_9": {"avail": 1.0, "util": 0.04565690221666898, "br": 0.0}, "WE_FE_108": {"avail": 1.0, "util": 0.041797718383623686, "br": 0.0}, "WE_FE_41": {"avail": 1.0, "util": 0.02992271738627424, "br": 0.0}, "WE_FE_47": {"avail": 1.0, "util": 0.03460595122402702, "br": 0.0}, "WE_FE_8": {"avail": 1.0, "util": 0.028807441343884493, "br": 0.0}, "WE_FE_83": {"avail": 1.0, "util": 0.034368395884430865, "br": 0.0}, "WE_FE_84": {"avail": 1.0, "util": 0.034013605442176874, "br": 0.0}, "WE_FE_85": {"avail": 1.0, "util": 0.024943310657596373, "br": 0.0}}, "plugins": {"cost": 428625.1289814815}}