{"lots": {}, "machines": {"DE_BE_11": {"avail": 1.0, "util": 0.9020951852365755, "br": 0.0}, "DE_BE_12": {"avail": 1.0, "util": 0.0, "br": 0.0}, "DE_BE_13": {"avail": 1.0, "util": 0.7504080028015091, "br": 0.0}, "DE_BE_48": {"avail": 1.0, "util": 0.9719300679894547, "br": 0.0}, "DE_BE_50": {"avail": 1.0, "util": 0.6903781817060574, "br": 0.0}, "DE_BE_65": {"avail": 1.0, "util": 0.4740897330210009, "br": 0.0}, "DE_BE_66": {"avail": 1.0, "util": 0.7759780330526609, "br": 0.0}, "DE_BE_67": {"avail": 1.0, "util": 0.42580824198695716, "br": 0.0}, "DE_BE_69": {"avail": 1.0, "util": 0.5519633689468573, "br": 0.0}, "DE_FE_1": {"avail": 1.0, "util": 0.0, "br": 0.0}, "DE_FE_51": {"avail": 1.0, "util": 0.19152432211373444, "br": 0.0}, "DE_FE_53": {"avail": 1.0, "util": 0.0, "br": 0.0}, "DE_FE_54": {"avail": 1.0, "util": 0.81648397391425, "br": 0.0}, "DE_FE_56": {"avail": 1.0, "util": 0.3072013320382961, "br": 0.0}, "DE_FE_58": {"avail": 1.0, "util": 0.7458951944868415, "br": 0.0}, "DE_FE_59": {"avail": 1.0, "util": 0.6929836732806067, "br": 0.0}, "DE_FE_62": {"avail": 1.0, "util": 0.41394279371246206, "br": 0.0}, "DE_FE_70": {"avail": 1.0, "util": 0.31363738245936107, "br": 0.0}, "DE_FE_71": {"avail": 1.0, "util": 0.38583024440524094, "br": 0.0}, "DE_FE_72": {"avail": 1.0, "util": 0.11741670906371891, "br": 0.0}, "DE_FE_86": {"avail": 1.0, "util": 0.1806289153035372, "br": 0.0}, "DefMEt_FE_118": {"avail": 1.0, "util": 0.7407381712224227, "br": 0.0}, "DefMet_BE_33": {"avail": 1.0, "util": 0.7992229776606078, "br": 0.0}, "DefMet_BE_42": {"avail": 1.0, "util": 0.9494935479395032, "br": 0.0}, "DefMet_FE_10": {"avail": 1.0, "util": 0.8769252115998335, "br": 0.0}, "DefMet_FE_106": {"avail": 1.0, "util": 0.7828500069376995, "br": 0.0}, "DefMet_FE_34": {"avail": 1.0, "util": 0.7731372276952962, "br": 0.0}, "DefMet_FE_43": {"avail": 1.0, "util": 0.9109893159428334, "br": 0.0}, "Delay_32": {"avail": 1.0, "util": 0.09361141945330928, "br": 0.0}, "Dielectric_BE_20": {"avail": 1.0, "util": 0.9001526293880948, "br": 0.0}, "Dielectric_BE_21": {"avail": 1.0, "util": 0.8871930067989454, "br": 0.0}, "Dielectric_BE_27": {"avail": 1.0, "util": 0.776800333009574, "br": 0.0}, "Dielectric_BE_28": {"avail": 1.0, "util": 0.792493409185514, "br": 0.0}, "Dielectric_BE_60": {"avail": 1.0, "util": 0.8535451644234772, "br": 0.0}, "Dielectric_FE_112": {"avail": 1.0, "util": 0.8374913278756765, "br": 0.0}, "Dielectric_FE_130": {"avail": 1.0, "util": 0.8450464825863744, "br": 0.0}, "Dielectric_FE_29": {"avail": 1.0, "util": 0.775403542851857, "br": 0.0}, "Dielectric_FE_30": {"avail": 1.0, "util": 0.8412654363812959, "br": 0.0}, "Dielectric_FE_31": {"avail": 1.0, "util": 0.8467462189537949, "br": 0.0}, "Diffusion_BE_123": {"avail": 1.0, "util": 0.0, "br": 0.0}, "Diffusion_FE_100": {"avail": 1.0, "util": 0.0, "br": 0.0}, "Diffusion_FE_101": {"avail": 1.0, "util": 0.0, "br": 0.0}, "Diffusion_FE_120": {"avail": 1.0, "util": 0.0, "br": 0.0}, "Diffusion_FE_122": {"avail": 1.0, "util": 0.0, "br": 0.0}, "Diffusion_FE_125": {"avail": 1.0, "util": 0.0, "br": 0.0}, "Diffusion_FE_126": {"avail": 1.0, "util": 0.0, "br": 0.0}, "Diffusion_FE_127": {"avail": 1.0, "util": 0.0, "br": 0.0}, "Diffusion_FE_44": {"avail": 1.0, "util": 0.0, "br": 0.0}, "Diffusion_FE_94": {"avail": 1.0, "util": 0.0, "br": 0.0}, "EPI_36": {"avail": 1.0, "util": 0.0073539614263910084, "br": 0.0}, "EPI_38": {"avail": 1.0, "util": 0.01762175662550298, "br": 0.0}, "Implant_119": {"avail": 1.0, "util": 0.04134868877480227, "br": 0.0}, "Implant_128": {"avail": 1.0, "util": 0.08223948938531983, "br": 0.0}, "Implant_132": {"avail": 1.0, "util": 0.0397530178992646, "br": 0.0}, "Implant_74": {"avail": 1.0, "util": 0.0, "br": 0.0}, "Implant_88": {"avail": 1.0, "util": 0.0035382267240183156, "br": 0.0}, "Implant_90": {"avail": 1.0, "util": 0.05355903982239489, "br": 0.0}, "Implant_91": {"avail": 1.0, "util": 0.04534942879607788, "br": 0.0}, "LithoMet_BE_18": {"avail": 1.0, "util": 0.9400262565241058, "br": 0.0}, "LithoMet_FE_19": {"avail": 1.0, "util": 0.9473274439973483, "br": 0.0}, "LithoTrack_BE_117": {"avail": 1.0, "util": 0.19236853059525463, "br": 0.0}, "LithoTrack_FE_115": {"avail": 1.0, "util": 0.0799331804318786, "br": 0.0}, "LithoTrack_FE_95": {"avail": 1.0, "util": 0.09938466853371014, "br": 0.0}, "LithoTrack_FE_96": {"avail": 1.0, "util": 0.0, "br": 0.0}, "Litho_BE_110": {"avail": 1.0, "util": 0.12438304029812286, "br": 0.0}, "Litho_BE_93": {"avail": 1.0, "util": 0.10929189214189908, "br": 0.0}, "Litho_BE_99": {"avail": 1.0, "util": 0.37667082928634193, "br": 0.0}, "Litho_FE_111": {"avail": 1.0, "util": 0.1668201369880293, "br": 0.0}, "Litho_FE_35": {"avail": 1.0, "util": 0.0757596780907451, "br": 0.0}, "Litho_FE_92": {"avail": 1.0, "util": 0.18369766767158194, "br": 0.0}, "Litho_FE_98": {"avail": 1.0, "util": 0.19408908006105174, "br": 0.0}, "Litho_REG_BE_63": {"avail": 1.0, "util": 0.9060635493270431, "br": 0.0}, "Litho_REG_FE_64": {"avail": 1.0, "util": 0.9481952070407739, "br": 0.0}, "Planar_BE_75": {"avail": 1.0, "util": 0.7057444151519356, "br": 0.0}, "Planar_FE_76": {"avail": 1.0, "util": 0.6268442717728135, "br": 0.0}, "Planar_FE_77": {"avail": 1.0, "util": 0.7165949771055918, "br": 0.0}, "Planar_FE_78": {"avail": 1.0, "util": 0.4212571111419453, "br": 0.0}, "Planar_FE_79": {"avail": 1.0, "util": 0.6438740113778271, "br": 0.0}, "Planar_FE_80": {"avail": 1.0, "util": 0.9596225891494381, "br": 0.0}, "TF_BE_2": {"avail": 1.0, "util": 0.5353128902455946, "br": 0.0}, "TF_BE_23": {"avail": 1.0, "util": 0.6329080645279078, "br": 0.0}, "TF_BE_24": {"avail": 1.0, "util": 0.5791036492299154, "br": 0.0}, "TF_BE_26": {"avail": 1.0, "util": 0.5673003098839091, "br": 0.0}, "TF_BE_40": {"avail": 1.0, "util": 0.6339727579667915, "br": 0.0}, "TF_FE_103": {"avail": 1.0, "util": 0.7498265575135286, "br": 0.0}, "TF_FE_104": {"avail": 1.0, "util": 0.5844318024143194, "br": 0.0}, "TF_FE_113": {"avail": 1.0, "util": 0.6708061606771195, "br": 0.0}, "TF_FE_131": {"avail": 1.0, "util": 0.22942972110448176, "br": 0.0}, "TF_FE_3": {"avail": 1.0, "util": 0.6714999306230054, "br": 0.0}, "TF_FE_5": {"avail": 1.0, "util": 0.4044678784515055, "br": 0.0}, "TF_Met_FE_45": {"avail": 1.0, "util": 0.21194671846815596, "br": 0.0}, "TF_Met_FE_61": {"avail": 1.0, "util": 0.9767587068128208, "br": 0.0}, "WE_BE_14": {"avail": 1.0, "util": 0.0469543499375607, "br": 0.0}, "WE_BE_16": {"avail": 1.0, "util": 0.04962767679570788, "br": 0.0}, "WE_BE_17": {"avail": 1.0, "util": 0.030734008602747328, "br": 0.0}, "WE_BE_7": {"avail": 1.0, "util": 0.011239073123352296, "br": 0.0}, "WE_BE_81": {"avail": 1.0, "util": 0.05633411960593867, "br": 0.0}, "WE_BE_82": {"avail": 1.0, "util": 0.10993478562508671, "br": 0.0}, "WE_BE_9": {"avail": 1.0, "util": 0.0724097603520387, "br": 0.0}, "WE_FE_108": {"avail": 1.0, "util": 0.03640904676009435, "br": 0.0}, "WE_FE_41": {"avail": 1.0, "util": 0.031025391980019426, "br": 0.0}, "WE_FE_47": {"avail": 1.0, "util": 0.04211183571527682, "br": 0.0}, "WE_FE_8": {"avail": 1.0, "util": 0.056403496600527264, "br": 0.0}, "WE_FE_83": {"avail": 1.0, "util": 0.050010902099149636, "br": 0.0}, "WE_FE_84": {"avail": 1.0, "util": 0.0376485823967439, "br": 0.0}, "WE_FE_85": {"avail": 1.0, "util": 0.03843485500208131, "br": 0.0}}, "plugins": {"cost": 448800}}