{"lots": {}, "machines": {"DE_BE_11": {"avail": 1.0, "util": 0.8982229626544495, "br": 0.0}, "DE_BE_12": {"avail": 1.0, "util": 0.0, "br": 0.0}, "DE_BE_13": {"avail": 1.0, "util": 0.7738508425722087, "br": 0.0}, "DE_BE_48": {"avail": 1.0, "util": 0.7875329723726225, "br": 0.0}, "DE_BE_50": {"avail": 1.0, "util": 0.4968763015410246, "br": 0.0}, "DE_BE_65": {"avail": 1.0, "util": 0.4645940008656524, "br": 0.0}, "DE_BE_66": {"avail": 1.0, "util": 0.7643087310112014, "br": 0.0}, "DE_BE_67": {"avail": 1.0, "util": 0.4247535748993475, "br": 0.0}, "DE_BE_69": {"avail": 1.0, "util": 0.5462307371928363, "br": 0.0}, "DE_FE_1": {"avail": 1.0, "util": 0.0, "br": 0.0}, "DE_FE_51": {"avail": 1.0, "util": 0.19118495948325626, "br": 0.0}, "DE_FE_53": {"avail": 1.0, "util": 0.0, "br": 0.0}, "DE_FE_54": {"avail": 1.0, "util": 0.8085519922254616, "br": 0.0}, "DE_FE_56": {"avail": 1.0, "util": 0.3010551159239206, "br": 0.0}, "DE_FE_58": {"avail": 1.0, "util": 0.7355731408209542, "br": 0.0}, "DE_FE_59": {"avail": 1.0, "util": 0.5873571197186358, "br": 0.0}, "DE_FE_62": {"avail": 1.0, "util": 0.07506792804585391, "br": 0.0}, "DE_FE_70": {"avail": 1.0, "util": 0.3152746184816156, "br": 0.0}, "DE_FE_71": {"avail": 1.0, "util": 0.2749895876718034, "br": 0.0}, "DE_FE_72": {"avail": 1.0, "util": 0.11581594088882718, "br": 0.0}, "DE_FE_86": {"avail": 1.0, "util": 0.1789912639280958, "br": 0.0}, "DefMEt_FE_118": {"avail": 1.0, "util": 0.7521865889212828, "br": 0.0}, "DefMet_BE_33": {"avail": 1.0, "util": 0.8415937803692906, "br": 0.0}, "DefMet_BE_42": {"avail": 1.0, "util": 0.9372483687352492, "br": 0.0}, "DefMet_FE_10": {"avail": 1.0, "util": 0.8721366097459392, "br": 0.0}, "DefMet_FE_106": {"avail": 1.0, "util": 0.7752325419963904, "br": 0.0}, "DefMet_FE_34": {"avail": 1.0, "util": 0.7198389559905595, "br": 0.0}, "DefMet_FE_43": {"avail": 1.0, "util": 0.887917071590541, "br": 0.0}, "Delay_32": {"avail": 1.0, "util": 0.0962699569623768, "br": 0.0}, "Dielectric_BE_20": {"avail": 1.0, "util": 0.8094960433152854, "br": 0.0}, "Dielectric_BE_21": {"avail": 1.0, "util": 0.8966576426488962, "br": 0.0}, "Dielectric_BE_27": {"avail": 1.0, "util": 0.7751399879679762, "br": 0.0}, "Dielectric_BE_28": {"avail": 1.0, "util": 0.6889143412467028, "br": 0.0}, "Dielectric_BE_60": {"avail": 1.0, "util": 0.864014993752603, "br": 0.0}, "Dielectric_FE_112": {"avail": 1.0, "util": 0.7419130917673191, "br": 0.0}, "Dielectric_FE_130": {"avail": 1.0, "util": 0.855407469110093, "br": 0.0}, "Dielectric_FE_29": {"avail": 1.0, "util": 0.7775001156925355, "br": 0.0}, "Dielectric_FE_30": {"avail": 1.0, "util": 0.8306955435235318, "br": 0.0}, "Dielectric_FE_31": {"avail": 1.0, "util": 0.8029293349993059, "br": 0.0}, "Diffusion_BE_123": {"avail": 1.0, "util": 0.0, "br": 0.0}, "Diffusion_FE_100": {"avail": 1.0, "util": 0.0, "br": 0.0}, "Diffusion_FE_101": {"avail": 1.0, "util": 0.0, "br": 0.0}, "Diffusion_FE_120": {"avail": 1.0, "util": 0.0, "br": 0.0}, "Diffusion_FE_122": {"avail": 1.0, "util": 0.0, "br": 0.0}, "Diffusion_FE_125": {"avail": 1.0, "util": 0.0, "br": 0.0}, "Diffusion_FE_126": {"avail": 1.0, "util": 0.0, "br": 0.0}, "Diffusion_FE_127": {"avail": 1.0, "util": 0.0, "br": 0.0}, "Diffusion_FE_44": {"avail": 1.0, "util": 0.0, "br": 0.0}, "Diffusion_FE_94": {"avail": 1.0, "util": 0.0, "br": 0.0}, "EPI_36": {"avail": 1.0, "util": 0.010967652367069277, "br": 0.0}, "EPI_38": {"avail": 1.0, "util": 0.01790920449812578, "br": 0.0}, "Implant_119": {"avail": 1.0, "util": 0.03720671942246286, "br": 0.0}, "Implant_128": {"avail": 1.0, "util": 0.07619047619047618, "br": 0.0}, "Implant_132": {"avail": 1.0, "util": 0.037224073302790504, "br": 0.0}, "Implant_74": {"avail": 1.0, "util": 0.0, "br": 0.0}, "Implant_88": {"avail": 1.0, "util": 0.003540191586838817, "br": 0.0}, "Implant_90": {"avail": 1.0, "util": 0.04775787866166875, "br": 0.0}, "Implant_91": {"avail": 1.0, "util": 0.04708686195566662, "br": 0.0}, "LithoMet_BE_18": {"avail": 1.0, "util": 0.9188372366214932, "br": 0.0}, "LithoMet_FE_19": {"avail": 1.0, "util": 0.9187375630524319, "br": 0.0}, "LithoTrack_BE_117": {"avail": 1.0, "util": 0.1692628071636818, "br": 0.0}, "LithoTrack_FE_115": {"avail": 1.0, "util": 0.07899214107411673, "br": 0.0}, "LithoTrack_FE_95": {"avail": 1.0, "util": 0.096368576585153, "br": 0.0}, "LithoTrack_FE_96": {"avail": 1.0, "util": 0.0, "br": 0.0}, "Litho_BE_110": {"avail": 1.0, "util": 0.12432815691874419, "br": 0.0}, "Litho_BE_93": {"avail": 1.0, "util": 0.1100467397843491, "br": 0.0}, "Litho_BE_99": {"avail": 1.0, "util": 0.3451339719561294, "br": 0.0}, "Litho_FE_111": {"avail": 1.0, "util": 0.16690015523834767, "br": 0.0}, "Litho_FE_35": {"avail": 1.0, "util": 0.07573233374982646, "br": 0.0}, "Litho_FE_92": {"avail": 1.0, "util": 0.1847799107274326, "br": 0.0}, "Litho_FE_98": {"avail": 1.0, "util": 0.19355823962237956, "br": 0.0}, "Litho_REG_BE_63": {"avail": 1.0, "util": 0.909829237817576, "br": 0.0}, "Litho_REG_FE_64": {"avail": 1.0, "util": 0.8832926756708515, "br": 0.0}, "Planar_BE_75": {"avail": 1.0, "util": 0.6844370401221713, "br": 0.0}, "Planar_FE_76": {"avail": 1.0, "util": 0.7731963533712805, "br": 0.0}, "Planar_FE_77": {"avail": 1.0, "util": 0.7234485630987089, "br": 0.0}, "Planar_FE_78": {"avail": 1.0, "util": 0.6305705955851728, "br": 0.0}, "Planar_FE_79": {"avail": 1.0, "util": 0.6408996251561849, "br": 0.0}, "Planar_FE_80": {"avail": 1.0, "util": 0.9630015271414688, "br": 0.0}, "TF_BE_2": {"avail": 1.0, "util": 0.5291892267110926, "br": 0.0}, "TF_BE_23": {"avail": 1.0, "util": 0.6054714044586685, "br": 0.0}, "TF_BE_24": {"avail": 1.0, "util": 0.5813411078717201, "br": 0.0}, "TF_BE_26": {"avail": 1.0, "util": 0.5669952334675367, "br": 0.0}, "TF_BE_40": {"avail": 1.0, "util": 0.6347933731315656, "br": 0.0}, "TF_FE_103": {"avail": 1.0, "util": 0.7341038456198806, "br": 0.0}, "TF_FE_104": {"avail": 1.0, "util": 0.586977648202138, "br": 0.0}, "TF_FE_113": {"avail": 1.0, "util": 0.6665278356240455, "br": 0.0}, "TF_FE_131": {"avail": 1.0, "util": 0.22921005136748576, "br": 0.0}, "TF_FE_3": {"avail": 1.0, "util": 0.6823545744828544, "br": 0.0}, "TF_FE_5": {"avail": 1.0, "util": 0.40847563515202, "br": 0.0}, "TF_Met_FE_45": {"avail": 1.0, "util": 0.21213383312508677, "br": 0.0}, "TF_Met_FE_61": {"avail": 1.0, "util": 0.9734832708593641, "br": 0.0}, "WE_BE_14": {"avail": 1.0, "util": 0.04006663890045815, "br": 0.0}, "WE_BE_16": {"avail": 1.0, "util": 0.047557344933438224, "br": 0.0}, "WE_BE_17": {"avail": 1.0, "util": 0.03068166041926975, "br": 0.0}, "WE_BE_7": {"avail": 1.0, "util": 0.011106483409690407, "br": 0.0}, "WE_BE_81": {"avail": 1.0, "util": 0.05034939145726318, "br": 0.0}, "WE_BE_82": {"avail": 1.0, "util": 0.10488685270026378, "br": 0.0}, "WE_BE_9": {"avail": 1.0, "util": 0.07340195553440035, "br": 0.0}, "WE_FE_108": {"avail": 1.0, "util": 0.035152019991670135, "br": 0.0}, "WE_FE_41": {"avail": 1.0, "util": 0.03412467027627378, "br": 0.0}, "WE_FE_47": {"avail": 1.0, "util": 0.041510481743717895, "br": 0.0}, "WE_FE_8": {"avail": 1.0, "util": 0.05969734832708594, "br": 0.0}, "WE_FE_83": {"avail": 1.0, "util": 0.0495428492096547, "br": 0.0}, "WE_FE_84": {"avail": 1.0, "util": 0.03730698628657812, "br": 0.0}, "WE_FE_85": {"avail": 1.0, "util": 0.038317367763431906, "br": 0.0}}, "plugins": {"cost": 448800}}