{"lots": {}, "machines": {"DE_BE_11": {"avail": 1.0, "util": 0.78046035490187, "br": 0.0}, "DE_BE_12": {"avail": 1.0, "util": 0.0, "br": 0.0}, "DE_BE_13": {"avail": 1.0, "util": 0.8425462424352392, "br": 0.0}, "DE_BE_48": {"avail": 1.0, "util": 0.35114850461041663, "br": 0.0}, "DE_BE_50": {"avail": 1.0, "util": 0.2437352573886499, "br": 0.0}, "DE_BE_65": {"avail": 1.0, "util": 0.5874591621781854, "br": 0.0}, "DE_BE_66": {"avail": 1.0, "util": 0.7775610313502396, "br": 0.0}, "DE_BE_67": {"avail": 1.0, "util": 0.4133607477578617, "br": 0.0}, "DE_BE_69": {"avail": 1.0, "util": 0.18014892928171683, "br": 0.0}, "DE_FE_1": {"avail": 1.0, "util": 0.0, "br": 0.0}, "DE_FE_51": {"avail": 1.0, "util": 0.030560566116275844, "br": 0.0}, "DE_FE_53": {"avail": 1.0, "util": 0.0, "br": 0.0}, "DE_FE_54": {"avail": 1.0, "util": 0.8016742981360715, "br": 0.0}, "DE_FE_56": {"avail": 1.0, "util": 0.5941445816567227, "br": 0.0}, "DE_FE_58": {"avail": 1.0, "util": 0.7301928680449563, "br": 0.0}, "DE_FE_59": {"avail": 1.0, "util": 0.48106008047731375, "br": 0.0}, "DE_FE_62": {"avail": 1.0, "util": 0.09381402068250638, "br": 0.0}, "DE_FE_70": {"avail": 1.0, "util": 0.42873721255849745, "br": 0.0}, "DE_FE_71": {"avail": 1.0, "util": 0.17705779874504726, "br": 0.0}, "DE_FE_72": {"avail": 1.0, "util": 0.19039570114913532, "br": 0.0}, "DE_FE_86": {"avail": 1.0, "util": 0.22805864355040886, "br": 0.0}, "DefMEt_FE_118": {"avail": 1.0, "util": 0.6253642292215901, "br": 0.0}, "DefMet_BE_33": {"avail": 1.0, "util": 0.8305120022200638, "br": 0.0}, "DefMet_BE_42": {"avail": 1.0, "util": 0.906618565283752, "br": 0.0}, "DefMet_FE_10": {"avail": 1.0, "util": 0.4170944914666297, "br": 0.0}, "DefMet_FE_106": {"avail": 1.0, "util": 0.26432634938254473, "br": 0.0}, "DefMet_FE_34": {"avail": 1.0, "util": 0.5165117247120855, "br": 0.0}, "DefMet_FE_43": {"avail": 1.0, "util": 0.6446510337172193, "br": 0.0}, "Delay_32": {"avail": 1.0, "util": 0.11077459414458166, "br": 0.0}, "Dielectric_BE_20": {"avail": 1.0, "util": 0.8726238379353406, "br": 0.0}, "Dielectric_BE_21": {"avail": 1.0, "util": 0.8856435872531335, "br": 0.0}, "Dielectric_BE_27": {"avail": 1.0, "util": 0.8557767910827436, "br": 0.0}, "Dielectric_BE_28": {"avail": 1.0, "util": 0.7968641598445956, "br": 0.0}, "Dielectric_BE_60": {"avail": 1.0, "util": 0.8773877248970907, "br": 0.0}, "Dielectric_FE_112": {"avail": 1.0, "util": 0.6646932765983689, "br": 0.0}, "Dielectric_FE_130": {"avail": 1.0, "util": 0.8648883030387123, "br": 0.0}, "Dielectric_FE_29": {"avail": 1.0, "util": 0.25822117385874843, "br": 0.0}, "Dielectric_FE_30": {"avail": 1.0, "util": 0.835784653808797, "br": 0.0}, "Dielectric_FE_31": {"avail": 1.0, "util": 0.42472596087137504, "br": 0.0}, "Diffusion_BE_123": {"avail": 1.0, "util": 0.0, "br": 0.0}, "Diffusion_FE_100": {"avail": 1.0, "util": 0.0, "br": 0.0}, "Diffusion_FE_101": {"avail": 1.0, "util": 0.0, "br": 0.0}, "Diffusion_FE_120": {"avail": 1.0, "util": 0.0, "br": 0.0}, "Diffusion_FE_122": {"avail": 1.0, "util": 0.0, "br": 0.0}, "Diffusion_FE_125": {"avail": 1.0, "util": 0.0, "br": 0.0}, "Diffusion_FE_126": {"avail": 1.0, "util": 0.0, "br": 0.0}, "Diffusion_FE_127": {"avail": 1.0, "util": 0.0, "br": 0.0}, "Diffusion_FE_44": {"avail": 1.0, "util": 0.0, "br": 0.0}, "Diffusion_FE_94": {"avail": 1.0, "util": 0.0, "br": 0.0}, "EPI_36": {"avail": 1.0, "util": 0.018176772582211738, "br": 0.0}, "EPI_38": {"avail": 1.0, "util": 0.6087137505203275, "br": 0.0}, "Implant_119": {"avail": 1.0, "util": 0.023171916192590538, "br": 0.0}, "Implant_128": {"avail": 1.0, "util": 0.04581404442650454, "br": 0.0}, "Implant_132": {"avail": 1.0, "util": 0.030149259648357747, "br": 0.0}, "Implant_74": {"avail": 1.0, "util": 0.03392535035382267, "br": 0.0}, "Implant_88": {"avail": 1.0, "util": 0.0, "br": 0.0}, "Implant_90": {"avail": 1.0, "util": 0.033300957402525325, "br": 0.0}, "Implant_91": {"avail": 1.0, "util": 0.055501595670875536, "br": 0.0}, "LithoMet_BE_18": {"avail": 1.0, "util": 0.9061392333211399, "br": 0.0}, "LithoMet_FE_19": {"avail": 1.0, "util": 0.9404150726476244, "br": 0.0}, "LithoTrack_BE_117": {"avail": 1.0, "util": 0.10942139586513112, "br": 0.0}, "LithoTrack_FE_115": {"avail": 1.0, "util": 0.07342793422384065, "br": 0.0}, "LithoTrack_FE_95": {"avail": 1.0, "util": 0.12878798390453725, "br": 0.0}, "LithoTrack_FE_96": {"avail": 1.0, "util": 0.0298321076730956, "br": 0.0}, "Litho_BE_110": {"avail": 1.0, "util": 0.11306640283299449, "br": 0.0}, "Litho_BE_93": {"avail": 1.0, "util": 0.13008186485361453, "br": 0.0}, "Litho_BE_99": {"avail": 1.0, "util": 0.20785347578742888, "br": 0.0}, "Litho_FE_111": {"avail": 1.0, "util": 0.16855834605244902, "br": 0.0}, "Litho_FE_35": {"avail": 1.0, "util": 0.084501179408908, "br": 0.0}, "Litho_FE_92": {"avail": 1.0, "util": 0.12738683544844223, "br": 0.0}, "Litho_FE_98": {"avail": 1.0, "util": 0.01581795476619953, "br": 0.0}, "Litho_REG_BE_63": {"avail": 1.0, "util": 0.9184299986124601, "br": 0.0}, "Litho_REG_FE_64": {"avail": 1.0, "util": 0.8779658665186624, "br": 0.0}, "Planar_BE_75": {"avail": 1.0, "util": 0.6810640448770046, "br": 0.0}, "Planar_FE_76": {"avail": 1.0, "util": 0.9249340918551409, "br": 0.0}, "Planar_FE_77": {"avail": 1.0, "util": 0.7142361592895796, "br": 0.0}, "Planar_FE_78": {"avail": 1.0, "util": 0.42215901207159706, "br": 0.0}, "Planar_FE_79": {"avail": 1.0, "util": 0.31909948661024007, "br": 0.0}, "Planar_FE_80": {"avail": 1.0, "util": 0.47988067156930764, "br": 0.0}, "TF_BE_2": {"avail": 1.0, "util": 0.5361454141806576, "br": 0.0}, "TF_BE_23": {"avail": 1.0, "util": 0.6043529108604729, "br": 0.0}, "TF_BE_24": {"avail": 1.0, "util": 0.7225267101429166, "br": 0.0}, "TF_BE_26": {"avail": 1.0, "util": 0.5779210383067743, "br": 0.0}, "TF_BE_40": {"avail": 1.0, "util": 0.5951076975815996, "br": 0.0}, "TF_FE_103": {"avail": 1.0, "util": 0.7253662114214354, "br": 0.0}, "TF_FE_104": {"avail": 1.0, "util": 0.567670320521715, "br": 0.0}, "TF_FE_113": {"avail": 1.0, "util": 0.21460616992738543, "br": 0.0}, "TF_FE_131": {"avail": 1.0, "util": 0.7123861061005504, "br": 0.0}, "TF_FE_3": {"avail": 1.0, "util": 0.6716155589473197, "br": 0.0}, "TF_FE_5": {"avail": 1.0, "util": 0.537301697423801, "br": 0.0}, "TF_Met_FE_45": {"avail": 1.0, "util": 0.1769113362009158, "br": 0.0}, "TF_Met_FE_61": {"avail": 1.0, "util": 0.9841126682392118, "br": 0.0}, "WE_BE_14": {"avail": 1.0, "util": 0.03640904676009435, "br": 0.0}, "WE_BE_16": {"avail": 1.0, "util": 0.03782780629943111, "br": 0.0}, "WE_BE_17": {"avail": 1.0, "util": 0.02809768280838074, "br": 0.0}, "WE_BE_7": {"avail": 1.0, "util": 0.03385597335923408, "br": 0.0}, "WE_BE_81": {"avail": 1.0, "util": 0.04375375792054021, "br": 0.0}, "WE_BE_82": {"avail": 1.0, "util": 0.0519094090621772, "br": 0.0}, "WE_BE_9": {"avail": 1.0, "util": 0.06990425974746774, "br": 0.0}, "WE_FE_108": {"avail": 1.0, "util": 0.02792304416683014, "br": 0.0}, "WE_FE_41": {"avail": 1.0, "util": 0.03144165394755099, "br": 0.0}, "WE_FE_47": {"avail": 1.0, "util": 0.035770778409879286, "br": 0.0}, "WE_FE_8": {"avail": 1.0, "util": 0.026016372970722908, "br": 0.0}, "WE_FE_83": {"avail": 1.0, "util": 0.05459969474122381, "br": 0.0}, "WE_FE_84": {"avail": 1.0, "util": 0.03164407153176242, "br": 0.0}, "WE_FE_85": {"avail": 1.0, "util": 0.04814763424448453, "br": 0.0}}, "plugins": {"cost": 429200}}