{"lots": {}, "machines": {"DE_BE_11": {"avail": 1.0, "util": 0.8913484238300237, "br": 0.0}, "DE_BE_12": {"avail": 1.0, "util": 0.0, "br": 0.0}, "DE_BE_13": {"avail": 1.0, "util": 0.7722274022787841, "br": 0.0}, "DE_BE_48": {"avail": 1.0, "util": 0.49068184974309126, "br": 0.0}, "DE_BE_50": {"avail": 1.0, "util": 0.6902899288679041, "br": 0.0}, "DE_BE_65": {"avail": 1.0, "util": 0.4265910780365472, "br": 0.0}, "DE_BE_66": {"avail": 1.0, "util": 0.7802644369568554, "br": 0.0}, "DE_BE_67": {"avail": 1.0, "util": 0.42259408415497846, "br": 0.0}, "DE_BE_69": {"avail": 1.0, "util": 0.5504791001249827, "br": 0.0}, "DE_FE_1": {"avail": 1.0, "util": 0.0, "br": 0.0}, "DE_FE_51": {"avail": 1.0, "util": 0.19057294673985337, "br": 0.0}, "DE_FE_53": {"avail": 1.0, "util": 0.0, "br": 0.0}, "DE_FE_54": {"avail": 1.0, "util": 0.8239411192889876, "br": 0.0}, "DE_FE_56": {"avail": 1.0, "util": 0.29586168587696154, "br": 0.0}, "DE_FE_58": {"avail": 1.0, "util": 0.7437855853353701, "br": 0.0}, "DE_FE_59": {"avail": 1.0, "util": 0.5088645095588575, "br": 0.0}, "DE_FE_62": {"avail": 1.0, "util": 0.26102525442894836, "br": 0.0}, "DE_FE_70": {"avail": 1.0, "util": 0.2687019965175777, "br": 0.0}, "DE_FE_71": {"avail": 1.0, "util": 0.23979308429384807, "br": 0.0}, "DE_FE_72": {"avail": 1.0, "util": 0.11831690043049577, "br": 0.0}, "DE_FE_86": {"avail": 1.0, "util": 0.17486563080230624, "br": 0.0}, "DefMEt_FE_118": {"avail": 1.0, "util": 0.7538536314400778, "br": 0.0}, "DefMet_BE_33": {"avail": 1.0, "util": 0.8019719483405082, "br": 0.0}, "DefMet_BE_42": {"avail": 1.0, "util": 0.9748646021385918, "br": 0.0}, "DefMet_FE_10": {"avail": 1.0, "util": 0.9064018886265797, "br": 0.0}, "DefMet_FE_106": {"avail": 1.0, "util": 0.7833634217469796, "br": 0.0}, "DefMet_FE_34": {"avail": 1.0, "util": 0.8337730870712401, "br": 0.0}, "DefMet_FE_43": {"avail": 1.0, "util": 0.8608295144192936, "br": 0.0}, "Delay_32": {"avail": 1.0, "util": 0.1087897514234134, "br": 0.0}, "Dielectric_BE_20": {"avail": 1.0, "util": 0.8466601860852659, "br": 0.0}, "Dielectric_BE_21": {"avail": 1.0, "util": 0.8799125121510901, "br": 0.0}, "Dielectric_BE_27": {"avail": 1.0, "util": 0.777030967921122, "br": 0.0}, "Dielectric_BE_28": {"avail": 1.0, "util": 0.7835717261491459, "br": 0.0}, "Dielectric_BE_60": {"avail": 1.0, "util": 0.8606443549507012, "br": 0.0}, "Dielectric_FE_112": {"avail": 1.0, "util": 0.7821274822941259, "br": 0.0}, "Dielectric_FE_130": {"avail": 1.0, "util": 0.8241216497708651, "br": 0.0}, "Dielectric_FE_29": {"avail": 1.0, "util": 0.7778086376892098, "br": 0.0}, "Dielectric_FE_30": {"avail": 1.0, "util": 0.8353700874878489, "br": 0.0}, "Dielectric_FE_31": {"avail": 1.0, "util": 0.8888348840438828, "br": 0.0}, "Diffusion_BE_123": {"avail": 1.0, "util": 0.0, "br": 0.0}, "Diffusion_FE_100": {"avail": 1.0, "util": 0.0, "br": 0.0}, "Diffusion_FE_101": {"avail": 1.0, "util": 0.0, "br": 0.0}, "Diffusion_FE_120": {"avail": 1.0, "util": 0.0, "br": 0.0}, "Diffusion_FE_122": {"avail": 1.0, "util": 0.0, "br": 0.0}, "Diffusion_FE_125": {"avail": 1.0, "util": 0.0, "br": 0.0}, "Diffusion_FE_126": {"avail": 1.0, "util": 0.0, "br": 0.0}, "Diffusion_FE_127": {"avail": 1.0, "util": 0.0, "br": 0.0}, "Diffusion_FE_44": {"avail": 1.0, "util": 0.0, "br": 0.0}, "Diffusion_FE_94": {"avail": 1.0, "util": 0.0, "br": 0.0}, "EPI_36": {"avail": 1.0, "util": 0.014095264546590752, "br": 0.0}, "EPI_38": {"avail": 1.0, "util": 0.0180530481877517, "br": 0.0}, "Implant_119": {"avail": 1.0, "util": 0.0417997500347174, "br": 0.0}, "Implant_128": {"avail": 1.0, "util": 0.08125260380502708, "br": 0.0}, "Implant_132": {"avail": 1.0, "util": 0.0365053464796556, "br": 0.0}, "Implant_74": {"avail": 1.0, "util": 0.0, "br": 0.0}, "Implant_88": {"avail": 1.0, "util": 0.00361060963755034, "br": 0.0}, "Implant_90": {"avail": 1.0, "util": 0.04200805443688377, "br": 0.0}, "Implant_91": {"avail": 1.0, "util": 0.047123084756746744, "br": 0.0}, "LithoMet_BE_18": {"avail": 1.0, "util": 0.8783609114118766, "br": 0.0}, "LithoMet_FE_19": {"avail": 1.0, "util": 0.9211374963353856, "br": 0.0}, "LithoTrack_BE_117": {"avail": 1.0, "util": 0.1846132481599778, "br": 0.0}, "LithoTrack_FE_115": {"avail": 1.0, "util": 0.08104811150956702, "br": 0.0}, "LithoTrack_FE_95": {"avail": 1.0, "util": 0.09809578601611454, "br": 0.0}, "LithoTrack_FE_96": {"avail": 1.0, "util": 0.0, "br": 0.0}, "Litho_BE_110": {"avail": 1.0, "util": 0.123579066399508, "br": 0.0}, "Litho_BE_93": {"avail": 1.0, "util": 0.10961440540665648, "br": 0.0}, "Litho_BE_99": {"avail": 1.0, "util": 0.35870018053048186, "br": 0.0}, "Litho_FE_111": {"avail": 1.0, "util": 0.1666182727146482, "br": 0.0}, "Litho_FE_35": {"avail": 1.0, "util": 0.07561449798639078, "br": 0.0}, "Litho_FE_92": {"avail": 1.0, "util": 0.1848522722012515, "br": 0.0}, "Litho_FE_98": {"avail": 1.0, "util": 0.19358422441327594, "br": 0.0}, "Litho_REG_BE_63": {"avail": 1.0, "util": 0.895813081516456, "br": 0.0}, "Litho_REG_FE_64": {"avail": 1.0, "util": 0.8801257761818796, "br": 0.0}, "Planar_BE_75": {"avail": 1.0, "util": 0.7048812664907652, "br": 0.0}, "Planar_FE_76": {"avail": 1.0, "util": 0.30842938480766563, "br": 0.0}, "Planar_FE_77": {"avail": 1.0, "util": 0.7162199694486877, "br": 0.0}, "Planar_FE_78": {"avail": 1.0, "util": 0.6267879461185947, "br": 0.0}, "Planar_FE_79": {"avail": 1.0, "util": 0.6385224274406333, "br": 0.0}, "Planar_FE_80": {"avail": 1.0, "util": 0.9707679488959867, "br": 0.0}, "TF_BE_2": {"avail": 1.0, "util": 0.5332245521455353, "br": 0.0}, "TF_BE_23": {"avail": 1.0, "util": 0.6074667992018653, "br": 0.0}, "TF_BE_24": {"avail": 1.0, "util": 0.5820858214136926, "br": 0.0}, "TF_BE_26": {"avail": 1.0, "util": 0.5576540295329352, "br": 0.0}, "TF_BE_40": {"avail": 1.0, "util": 0.635843401379438, "br": 0.0}, "TF_FE_103": {"avail": 1.0, "util": 0.7415983891126232, "br": 0.0}, "TF_FE_104": {"avail": 1.0, "util": 0.5749479238994584, "br": 0.0}, "TF_FE_113": {"avail": 1.0, "util": 0.6544229968059991, "br": 0.0}, "TF_FE_131": {"avail": 1.0, "util": 0.22899597278155812, "br": 0.0}, "TF_FE_3": {"avail": 1.0, "util": 0.675947785029857, "br": 0.0}, "TF_FE_5": {"avail": 1.0, "util": 0.40386751840022217, "br": 0.0}, "TF_Met_FE_45": {"avail": 1.0, "util": 0.21295653381474794, "br": 0.0}, "TF_Met_FE_61": {"avail": 1.0, "util": 0.9609776419941675, "br": 0.0}, "WE_BE_14": {"avail": 1.0, "util": 0.04043882794056381, "br": 0.0}, "WE_BE_16": {"avail": 1.0, "util": 0.0469224953324384, "br": 0.0}, "WE_BE_17": {"avail": 1.0, "util": 0.03062074711845577, "br": 0.0}, "WE_BE_7": {"avail": 1.0, "util": 0.011387307318427997, "br": 0.0}, "WE_BE_81": {"avail": 1.0, "util": 0.0541591445632551, "br": 0.0}, "WE_BE_82": {"avail": 1.0, "util": 0.10716567143452299, "br": 0.0}, "WE_BE_9": {"avail": 1.0, "util": 0.07072430416410419, "br": 0.0}, "WE_FE_108": {"avail": 1.0, "util": 0.03552284404943758, "br": 0.0}, "WE_FE_41": {"avail": 1.0, "util": 0.031356756006110265, "br": 0.0}, "WE_FE_47": {"avail": 1.0, "util": 0.036129241309077444, "br": 0.0}, "WE_FE_8": {"avail": 1.0, "util": 0.05943618941813637, "br": 0.0}, "WE_FE_83": {"avail": 1.0, "util": 0.05211577757057551, "br": 0.0}, "WE_FE_84": {"avail": 1.0, "util": 0.03865203906864787, "br": 0.0}, "WE_FE_85": {"avail": 1.0, "util": 0.03860574920149979, "br": 0.0}}, "plugins": {"cost": 448800}}