{"lots": {}, "machines": {"DE_BE_11": {"avail": 1.0, "util": 0.8624914404160421, "br": 0.0}, "DE_BE_12": {"avail": 1.0, "util": 0.5625609746424803, "br": 0.0}, "DE_BE_13": {"avail": 1.0, "util": 0.7760727418714205, "br": 0.0}, "DE_BE_48": {"avail": 1.0, "util": 0.8638407841672513, "br": 0.0}, "DE_BE_50": {"avail": 1.0, "util": 0.7437510410304814, "br": 0.0}, "DE_BE_65": {"avail": 1.0, "util": 0.783945164823517, "br": 0.0}, "DE_BE_66": {"avail": 1.0, "util": 0.7636117797293811, "br": 0.0}, "DE_BE_67": {"avail": 1.0, "util": 0.8132000141327774, "br": 0.0}, "DE_BE_69": {"avail": 1.0, "util": 0.293672385394111, "br": 0.0}, "DE_FE_1": {"avail": 1.0, "util": 0.9075231802787186, "br": 0.0}, "DE_FE_51": {"avail": 1.0, "util": 0.5435955804785965, "br": 0.0}, "DE_FE_53": {"avail": 1.0, "util": 0.11168730220420853, "br": 0.0}, "DE_FE_54": {"avail": 1.0, "util": 0.9820295004904409, "br": 0.0}, "DE_FE_56": {"avail": 1.0, "util": 0.967047915162956, "br": 0.0}, "DE_FE_58": {"avail": 1.0, "util": 0.8802676142357448, "br": 0.0}, "DE_FE_59": {"avail": 1.0, "util": 0.7924740436399977, "br": 0.0}, "DE_FE_62": {"avail": 1.0, "util": 0.6151992083269374, "br": 0.0}, "DE_FE_70": {"avail": 1.0, "util": 0.8364080536641749, "br": 0.0}, "DE_FE_71": {"avail": 1.0, "util": 0.7619016773700023, "br": 0.0}, "DE_FE_72": {"avail": 1.0, "util": 0.21032096547059626, "br": 0.0}, "DE_FE_86": {"avail": 1.0, "util": 0.7782715647405681, "br": 0.0}, "DefMEt_FE_118": {"avail": 1.0, "util": 0.2479873410693465, "br": 0.0}, "DefMet_BE_33": {"avail": 1.0, "util": 0.9019488090611293, "br": 0.0}, "DefMet_BE_42": {"avail": 1.0, "util": 0.9831214257953473, "br": 0.0}, "DefMet_FE_10": {"avail": 1.0, "util": 0.5486091832768863, "br": 0.0}, "DefMet_FE_106": {"avail": 1.0, "util": 0.10171561823330187, "br": 0.0}, "DefMet_FE_34": {"avail": 1.0, "util": 0.7285547720837267, "br": 0.0}, "DefMet_FE_43": {"avail": 1.0, "util": 0.8638609738493143, "br": 0.0}, "Delay_32": {"avail": 1.0, "util": 0.31793154183554495, "br": 0.0}, "Dielectric_BE_20": {"avail": 1.0, "util": 0.8710454722114264, "br": 0.0}, "Dielectric_BE_21": {"avail": 1.0, "util": 0.9121925489978346, "br": 0.0}, "Dielectric_BE_27": {"avail": 1.0, "util": 0.8973081265152777, "br": 0.0}, "Dielectric_BE_28": {"avail": 1.0, "util": 0.9055207003127719, "br": 0.0}, "Dielectric_BE_60": {"avail": 1.0, "util": 0.9172172561212593, "br": 0.0}, "Dielectric_FE_112": {"avail": 1.0, "util": 0.43918839721404823, "br": 0.0}, "Dielectric_FE_130": {"avail": 1.0, "util": 0.3479679085003609, "br": 0.0}, "Dielectric_FE_29": {"avail": 1.0, "util": 0.9301723021116725, "br": 0.0}, "Dielectric_FE_30": {"avail": 1.0, "util": 0.8910943312420188, "br": 0.0}, "Dielectric_FE_31": {"avail": 1.0, "util": 0.23203875409471988, "br": 0.0}, "Diffusion_BE_123": {"avail": 1.0, "util": 0.0, "br": 0.0}, "Diffusion_FE_100": {"avail": 1.0, "util": 0.0, "br": 0.0}, "Diffusion_FE_101": {"avail": 1.0, "util": 0.0, "br": 0.0}, "Diffusion_FE_120": {"avail": 1.0, "util": 0.0, "br": 0.0}, "Diffusion_FE_122": {"avail": 1.0, "util": 0.0, "br": 0.0}, "Diffusion_FE_125": {"avail": 1.0, "util": 0.0, "br": 0.0}, "Diffusion_FE_126": {"avail": 1.0, "util": 0.0, "br": 0.0}, "Diffusion_FE_127": {"avail": 1.0, "util": 0.0, "br": 0.0}, "Diffusion_FE_44": {"avail": 1.0, "util": 0.0, "br": 0.0}, "Diffusion_FE_94": {"avail": 1.0, "util": 0.0, "br": 0.0}, "EPI_36": {"avail": 1.0, "util": 0.007217811337515962, "br": 0.0}, "EPI_38": {"avail": 1.0, "util": 0.26506024096385544, "br": 0.0}, "Implant_119": {"avail": 1.0, "util": 0.04191882738326578, "br": 0.0}, "Implant_128": {"avail": 1.0, "util": 0.033272596039793864, "br": 0.0}, "Implant_132": {"avail": 1.0, "util": 0.033550925228233545, "br": 0.0}, "Implant_74": {"avail": 1.0, "util": 0.01357503747709733, "br": 0.0}, "Implant_88": {"avail": 1.0, "util": 0.00571872744433957, "br": 0.0}, "Implant_90": {"avail": 1.0, "util": 0.04977513741602354, "br": 0.0}, "Implant_91": {"avail": 1.0, "util": 0.045662571285801534, "br": 0.0}, "LithoMet_BE_18": {"avail": 1.0, "util": 0.9670201543501193, "br": 0.0}, "LithoMet_FE_19": {"avail": 1.0, "util": 0.9605717141112177, "br": 0.0}, "LithoTrack_BE_117": {"avail": 1.0, "util": 0.07046804730442507, "br": 0.0}, "LithoTrack_FE_115": {"avail": 1.0, "util": 0.04256206572947968, "br": 0.0}, "LithoTrack_FE_95": {"avail": 1.0, "util": 0.06621370273721615, "br": 0.0}, "LithoTrack_FE_96": {"avail": 1.0, "util": 0.015046360557437122, "br": 0.0}, "Litho_BE_110": {"avail": 1.0, "util": 0.06221801652613258, "br": 0.0}, "Litho_BE_93": {"avail": 1.0, "util": 0.06695908056187885, "br": 0.0}, "Litho_BE_99": {"avail": 1.0, "util": 0.10662002850110118, "br": 0.0}, "Litho_FE_111": {"avail": 1.0, "util": 0.08777413802676143, "br": 0.0}, "Litho_FE_35": {"avail": 1.0, "util": 0.050413636111265335, "br": 0.0}, "Litho_FE_92": {"avail": 1.0, "util": 0.06648074040223283, "br": 0.0}, "Litho_FE_98": {"avail": 1.0, "util": 0.02674754316806396, "br": 0.0}, "Litho_REG_BE_63": {"avail": 1.0, "util": 0.9540627949586364, "br": 0.0}, "Litho_REG_FE_64": {"avail": 1.0, "util": 0.9571141709695926, "br": 0.0}, "Planar_BE_75": {"avail": 1.0, "util": 0.8420092483165049, "br": 0.0}, "Planar_FE_76": {"avail": 1.0, "util": 0.925073566154017, "br": 0.0}, "Planar_FE_77": {"avail": 1.0, "util": 0.9295985786463827, "br": 0.0}, "Planar_FE_78": {"avail": 1.0, "util": 0.16945200155460552, "br": 0.0}, "Planar_FE_79": {"avail": 1.0, "util": 0.2537754705457776, "br": 0.0}, "Planar_FE_80": {"avail": 1.0, "util": 0.25956360002220863, "br": 0.0}, "TF_BE_2": {"avail": 1.0, "util": 0.37263339070567986, "br": 0.0}, "TF_BE_23": {"avail": 1.0, "util": 0.6801875044615592, "br": 0.0}, "TF_BE_24": {"avail": 1.0, "util": 0.8706901338071179, "br": 0.0}, "TF_BE_26": {"avail": 1.0, "util": 0.6650423032078687, "br": 0.0}, "TF_BE_40": {"avail": 1.0, "util": 0.7396623631963474, "br": 0.0}, "TF_FE_103": {"avail": 1.0, "util": 0.6324389063826075, "br": 0.0}, "TF_FE_104": {"avail": 1.0, "util": 0.6918549775137416, "br": 0.0}, "TF_FE_113": {"avail": 1.0, "util": 0.08818684877759887, "br": 0.0}, "TF_FE_131": {"avail": 1.0, "util": 0.8503229507893324, "br": 0.0}, "TF_FE_3": {"avail": 1.0, "util": 0.35506079618011216, "br": 0.0}, "TF_FE_5": {"avail": 1.0, "util": 0.28584383617418985, "br": 0.0}, "TF_Met_FE_45": {"avail": 1.0, "util": 0.07056798623063683, "br": 0.0}, "TF_Met_FE_61": {"avail": 1.0, "util": 0.9769862861584587, "br": 0.0}, "WE_BE_14": {"avail": 1.0, "util": 0.041952140358669704, "br": 0.0}, "WE_BE_16": {"avail": 1.0, "util": 0.03642218644161901, "br": 0.0}, "WE_BE_17": {"avail": 1.0, "util": 0.031869413136416634, "br": 0.0}, "WE_BE_7": {"avail": 1.0, "util": 0.02715007495419466, "br": 0.0}, "WE_BE_81": {"avail": 1.0, "util": 0.040493772324320325, "br": 0.0}, "WE_BE_82": {"avail": 1.0, "util": 0.04323283919086484, "br": 0.0}, "WE_BE_9": {"avail": 1.0, "util": 0.048636944089722946, "br": 0.0}, "WE_FE_108": {"avail": 1.0, "util": 0.04340450950472795, "br": 0.0}, "WE_FE_41": {"avail": 1.0, "util": 0.03166953528399311, "br": 0.0}, "WE_FE_47": {"avail": 1.0, "util": 0.035933596135694856, "br": 0.0}, "WE_FE_8": {"avail": 1.0, "util": 0.02923213591693965, "br": 0.0}, "WE_FE_83": {"avail": 1.0, "util": 0.03596875983195455, "br": 0.0}, "WE_FE_84": {"avail": 1.0, "util": 0.03722561702489002, "br": 0.0}, "WE_FE_85": {"avail": 1.0, "util": 0.029870634612181445, "br": 0.0}}, "plugins": {"cost": 429025.1295833333}}