{"lots": {}, "machines": {"DE_BE_11": {"avail": 1.0, "util": 0.6325282250601518, "br": 0.0}, "DE_BE_12": {"avail": 1.0, "util": 0.9389947971291669, "br": 0.0}, "DE_BE_13": {"avail": 1.0, "util": 0.637560261935609, "br": 0.0}, "DE_BE_48": {"avail": 1.0, "util": 0.7248935776420506, "br": 0.0}, "DE_BE_50": {"avail": 1.0, "util": 0.73959939951056, "br": 0.0}, "DE_BE_65": {"avail": 1.0, "util": 0.7886413865935048, "br": 0.0}, "DE_BE_66": {"avail": 1.0, "util": 0.6684687843985311, "br": 0.0}, "DE_BE_67": {"avail": 1.0, "util": 0.6412733666481585, "br": 0.0}, "DE_BE_69": {"avail": 1.0, "util": 0.7298260225800481, "br": 0.0}, "DE_FE_1": {"avail": 1.0, "util": 0.7478120620819122, "br": 0.0}, "DE_FE_51": {"avail": 1.0, "util": 0.6741235376058136, "br": 0.0}, "DE_FE_53": {"avail": 1.0, "util": 0.3617434758467518, "br": 0.0}, "DE_FE_54": {"avail": 1.0, "util": 0.5372385711641681, "br": 0.0}, "DE_FE_56": {"avail": 1.0, "util": 0.5990653340736628, "br": 0.0}, "DE_FE_58": {"avail": 1.0, "util": 0.6567339132580665, "br": 0.0}, "DE_FE_59": {"avail": 1.0, "util": 0.6813375285335308, "br": 0.0}, "DE_FE_62": {"avail": 1.0, "util": 0.8540295074165146, "br": 0.0}, "DE_FE_70": {"avail": 1.0, "util": 0.6747604607127095, "br": 0.0}, "DE_FE_71": {"avail": 1.0, "util": 0.7630648317072525, "br": 0.0}, "DE_FE_72": {"avail": 1.0, "util": 0.8786990766446625, "br": 0.0}, "DE_FE_86": {"avail": 1.0, "util": 0.76502903051117, "br": 0.0}, "DefMEt_FE_118": {"avail": 1.0, "util": 0.5047196002220988, "br": 0.0}, "DefMet_BE_33": {"avail": 1.0, "util": 0.8559596520451601, "br": 0.0}, "DefMet_BE_42": {"avail": 1.0, "util": 0.9866740699611327, "br": 0.0}, "DefMet_FE_10": {"avail": 1.0, "util": 0.7290856931334444, "br": 0.0}, "DefMet_FE_106": {"avail": 1.0, "util": 0.5203590597816028, "br": 0.0}, "DefMet_FE_34": {"avail": 1.0, "util": 0.6371460299833426, "br": 0.0}, "DefMet_FE_43": {"avail": 1.0, "util": 0.9218952433833055, "br": 0.0}, "Delay_32": {"avail": 1.0, "util": 0.20218628539700165, "br": 0.0}, "Dielectric_BE_20": {"avail": 1.0, "util": 0.8893207477327411, "br": 0.0}, "Dielectric_BE_21": {"avail": 1.0, "util": 0.8823570238756246, "br": 0.0}, "Dielectric_BE_27": {"avail": 1.0, "util": 0.7727311987167623, "br": 0.0}, "Dielectric_BE_28": {"avail": 1.0, "util": 0.8479317046085508, "br": 0.0}, "Dielectric_BE_60": {"avail": 1.0, "util": 0.8938321302979826, "br": 0.0}, "Dielectric_FE_112": {"avail": 1.0, "util": 0.8971774939848232, "br": 0.0}, "Dielectric_FE_130": {"avail": 1.0, "util": 0.8689154173607255, "br": 0.0}, "Dielectric_FE_29": {"avail": 1.0, "util": 0.7805848602628169, "br": 0.0}, "Dielectric_FE_30": {"avail": 1.0, "util": 0.9290209143068665, "br": 0.0}, "Dielectric_FE_31": {"avail": 1.0, "util": 0.7987923375902276, "br": 0.0}, "Diffusion_BE_123": {"avail": 1.0, "util": 0.0, "br": 0.0}, "Diffusion_FE_100": {"avail": 1.0, "util": 0.0, "br": 0.0}, "Diffusion_FE_101": {"avail": 1.0, "util": 0.0, "br": 0.0}, "Diffusion_FE_120": {"avail": 1.0, "util": 0.0, "br": 0.0}, "Diffusion_FE_122": {"avail": 1.0, "util": 0.0, "br": 0.0}, "Diffusion_FE_125": {"avail": 1.0, "util": 0.0, "br": 0.0}, "Diffusion_FE_126": {"avail": 1.0, "util": 0.0, "br": 0.0}, "Diffusion_FE_127": {"avail": 1.0, "util": 0.0, "br": 0.0}, "Diffusion_FE_44": {"avail": 1.0, "util": 0.0, "br": 0.0}, "Diffusion_FE_94": {"avail": 1.0, "util": 0.0, "br": 0.0}, "EPI_36": {"avail": 1.0, "util": 0.011799000555247085, "br": 0.0}, "EPI_38": {"avail": 1.0, "util": 0.011845271145659819, "br": 0.0}, "Implant_119": {"avail": 1.0, "util": 0.0277623542476402, "br": 0.0}, "Implant_128": {"avail": 1.0, "util": 0.05693133444382751, "br": 0.0}, "Implant_132": {"avail": 1.0, "util": 0.03665787525448825, "br": 0.0}, "Implant_74": {"avail": 1.0, "util": 0.011336294651119749, "br": 0.0}, "Implant_88": {"avail": 1.0, "util": 0.002359800111049417, "br": 0.0}, "Implant_90": {"avail": 1.0, "util": 0.04974088469368869, "br": 0.0}, "Implant_91": {"avail": 1.0, "util": 0.04974088469368869, "br": 0.0}, "LithoMet_BE_18": {"avail": 1.0, "util": 0.9383533364654965, "br": 0.0}, "LithoMet_FE_19": {"avail": 1.0, "util": 0.9258231023916755, "br": 0.0}, "LithoTrack_BE_117": {"avail": 1.0, "util": 0.12820655191560246, "br": 0.0}, "LithoTrack_FE_115": {"avail": 1.0, "util": 0.057752954966921066, "br": 0.0}, "LithoTrack_FE_95": {"avail": 1.0, "util": 0.07561558771204206, "br": 0.0}, "LithoTrack_FE_96": {"avail": 1.0, "util": 0.0, "br": 0.0}, "Litho_BE_110": {"avail": 1.0, "util": 0.09002934877449037, "br": 0.0}, "Litho_BE_93": {"avail": 1.0, "util": 0.07684002714541305, "br": 0.0}, "Litho_BE_99": {"avail": 1.0, "util": 0.2386945524091554, "br": 0.0}, "Litho_FE_111": {"avail": 1.0, "util": 0.13312890145205525, "br": 0.0}, "Litho_FE_35": {"avail": 1.0, "util": 0.07222839163427726, "br": 0.0}, "Litho_FE_92": {"avail": 1.0, "util": 0.12903605740918345, "br": 0.0}, "Litho_FE_98": {"avail": 1.0, "util": 0.15017582824356837, "br": 0.0}, "Litho_REG_BE_63": {"avail": 1.0, "util": 0.9350476587081251, "br": 0.0}, "Litho_REG_FE_64": {"avail": 1.0, "util": 0.9217894820337907, "br": 0.0}, "Planar_BE_75": {"avail": 1.0, "util": 0.7600499722376458, "br": 0.0}, "Planar_FE_76": {"avail": 1.0, "util": 0.8324696156456289, "br": 0.0}, "Planar_FE_77": {"avail": 1.0, "util": 0.9618730334999075, "br": 0.0}, "Planar_FE_78": {"avail": 1.0, "util": 0.424949102350546, "br": 0.0}, "Planar_FE_79": {"avail": 1.0, "util": 0.8376457523598001, "br": 0.0}, "Planar_FE_80": {"avail": 1.0, "util": 0.8518878400888396, "br": 0.0}, "TF_BE_2": {"avail": 1.0, "util": 0.4451693503609106, "br": 0.0}, "TF_BE_23": {"avail": 1.0, "util": 0.5798338155215913, "br": 0.0}, "TF_BE_24": {"avail": 1.0, "util": 0.38382380159170837, "br": 0.0}, "TF_BE_26": {"avail": 1.0, "util": 0.6319513850330064, "br": 0.0}, "TF_BE_40": {"avail": 1.0, "util": 0.7880999753223519, "br": 0.0}, "TF_FE_103": {"avail": 1.0, "util": 0.9842217286692578, "br": 0.0}, "TF_FE_104": {"avail": 1.0, "util": 0.7701277068295391, "br": 0.0}, "TF_FE_113": {"avail": 1.0, "util": 0.4411438089950028, "br": 0.0}, "TF_FE_131": {"avail": 1.0, "util": 0.15195261891541736, "br": 0.0}, "TF_FE_3": {"avail": 1.0, "util": 0.8769202295021284, "br": 0.0}, "TF_FE_5": {"avail": 1.0, "util": 0.35956875809735334, "br": 0.0}, "TF_Met_FE_45": {"avail": 1.0, "util": 0.14228206551915604, "br": 0.0}, "TF_Met_FE_61": {"avail": 1.0, "util": 0.9597445863409217, "br": 0.0}, "WE_BE_14": {"avail": 1.0, "util": 0.038848787710531185, "br": 0.0}, "WE_BE_16": {"avail": 1.0, "util": 0.041869743146811446, "br": 0.0}, "WE_BE_17": {"avail": 1.0, "util": 0.04594669627984453, "br": 0.0}, "WE_BE_7": {"avail": 1.0, "util": 0.007680918008513789, "br": 0.0}, "WE_BE_81": {"avail": 1.0, "util": 0.04846073169226972, "br": 0.0}, "WE_BE_82": {"avail": 1.0, "util": 0.07949287432907644, "br": 0.0}, "WE_BE_9": {"avail": 1.0, "util": 0.06118294069432326, "br": 0.0}, "WE_FE_108": {"avail": 1.0, "util": 0.041812749530684014, "br": 0.0}, "WE_FE_41": {"avail": 1.0, "util": 0.042383860818064036, "br": 0.0}, "WE_FE_47": {"avail": 1.0, "util": 0.03732494293293849, "br": 0.0}, "WE_FE_8": {"avail": 1.0, "util": 0.04441976679622432, "br": 0.0}, "WE_FE_83": {"avail": 1.0, "util": 0.046111948388461436, "br": 0.0}, "WE_FE_84": {"avail": 1.0, "util": 0.0485738375799453, "br": 0.0}, "WE_FE_85": {"avail": 1.0, "util": 0.032019248565611697, "br": 0.0}}, "plugins": {"cost": 448600.0}}