{"lots": {}, "machines": {"DE_BE_11": {"avail": 1.0, "util": 0.6969564009997223, "br": 0.0}, "DE_BE_12": {"avail": 1.0, "util": 0.5682125335554938, "br": 0.0}, "DE_BE_13": {"avail": 1.0, "util": 0.8152999828090081, "br": 0.0}, "DE_BE_48": {"avail": 1.0, "util": 0.8592613163010275, "br": 0.0}, "DE_BE_50": {"avail": 1.0, "util": 0.8499367459656268, "br": 0.0}, "DE_BE_65": {"avail": 1.0, "util": 0.7868043190616986, "br": 0.0}, "DE_BE_66": {"avail": 1.0, "util": 0.7006211724813283, "br": 0.0}, "DE_BE_67": {"avail": 1.0, "util": 0.8640266592613163, "br": 0.0}, "DE_BE_69": {"avail": 1.0, "util": 0.8831991113579561, "br": 0.0}, "DE_FE_1": {"avail": 1.0, "util": 0.6491768159638195, "br": 0.0}, "DE_FE_51": {"avail": 1.0, "util": 0.5125389146289773, "br": 0.0}, "DE_FE_53": {"avail": 1.0, "util": 0.5468925298528187, "br": 0.0}, "DE_FE_54": {"avail": 1.0, "util": 0.9818383782282699, "br": 0.0}, "DE_FE_56": {"avail": 1.0, "util": 0.8445431824493196, "br": 0.0}, "DE_FE_58": {"avail": 1.0, "util": 0.6898268999352032, "br": 0.0}, "DE_FE_59": {"avail": 1.0, "util": 0.7358733685087475, "br": 0.0}, "DE_FE_62": {"avail": 1.0, "util": 0.8530090847780378, "br": 0.0}, "DE_FE_70": {"avail": 1.0, "util": 0.8707923012838314, "br": 0.0}, "DE_FE_71": {"avail": 1.0, "util": 0.6425596064585234, "br": 0.0}, "DE_FE_72": {"avail": 1.0, "util": 0.7652565645345429, "br": 0.0}, "DE_FE_86": {"avail": 1.0, "util": 0.7763497793822703, "br": 0.0}, "DefMEt_FE_118": {"avail": 1.0, "util": 0.2981671757845043, "br": 0.0}, "DefMet_BE_33": {"avail": 1.0, "util": 0.9526242710358234, "br": 0.0}, "DefMet_BE_42": {"avail": 1.0, "util": 0.9338517078589281, "br": 0.0}, "DefMet_FE_10": {"avail": 1.0, "util": 0.5524298805887253, "br": 0.0}, "DefMet_FE_106": {"avail": 1.0, "util": 0.36362121632879757, "br": 0.0}, "DefMet_FE_34": {"avail": 1.0, "util": 0.6017217439600111, "br": 0.0}, "DefMet_FE_43": {"avail": 1.0, "util": 0.9524391372766825, "br": 0.0}, "Delay_32": {"avail": 1.0, "util": 0.43188947514579284, "br": 0.0}, "Dielectric_BE_20": {"avail": 1.0, "util": 0.8839322410441545, "br": 0.0}, "Dielectric_BE_21": {"avail": 1.0, "util": 0.905762288253263, "br": 0.0}, "Dielectric_BE_27": {"avail": 1.0, "util": 0.8276404702397482, "br": 0.0}, "Dielectric_BE_28": {"avail": 1.0, "util": 0.8113163010274924, "br": 0.0}, "Dielectric_BE_60": {"avail": 1.0, "util": 0.8723826714801444, "br": 0.0}, "Dielectric_FE_112": {"avail": 1.0, "util": 0.9134073868369899, "br": 0.0}, "Dielectric_FE_130": {"avail": 1.0, "util": 0.8742016106637045, "br": 0.0}, "Dielectric_FE_29": {"avail": 1.0, "util": 0.9371100620198094, "br": 0.0}, "Dielectric_FE_30": {"avail": 1.0, "util": 0.9965565120799778, "br": 0.0}, "Dielectric_FE_31": {"avail": 1.0, "util": 0.9309358511524577, "br": 0.0}, "Diffusion_BE_123": {"avail": 1.0, "util": 0.0, "br": 0.0}, "Diffusion_FE_100": {"avail": 1.0, "util": 0.0, "br": 0.0}, "Diffusion_FE_101": {"avail": 1.0, "util": 0.0, "br": 0.0}, "Diffusion_FE_120": {"avail": 1.0, "util": 0.0, "br": 0.0}, "Diffusion_FE_122": {"avail": 1.0, "util": 0.0, "br": 0.0}, "Diffusion_FE_125": {"avail": 1.0, "util": 0.0, "br": 0.0}, "Diffusion_FE_126": {"avail": 1.0, "util": 0.0, "br": 0.0}, "Diffusion_FE_127": {"avail": 1.0, "util": 0.0, "br": 0.0}, "Diffusion_FE_44": {"avail": 1.0, "util": 0.0, "br": 0.0}, "Diffusion_FE_94": {"avail": 1.0, "util": 0.0, "br": 0.0}, "EPI_36": {"avail": 1.0, "util": 0.007164676478755901, "br": 0.0}, "EPI_38": {"avail": 1.0, "util": 0.03549014162732574, "br": 0.0}, "Implant_119": {"avail": 1.0, "util": 0.020299916689808385, "br": 0.0}, "Implant_128": {"avail": 1.0, "util": 0.0448764232157734, "br": 0.0}, "Implant_132": {"avail": 1.0, "util": 0.03904470980283255, "br": 0.0}, "Implant_74": {"avail": 1.0, "util": 0.0068592057761732855, "br": 0.0}, "Implant_88": {"avail": 1.0, "util": 0.021355179116911968, "br": 0.0}, "Implant_90": {"avail": 1.0, "util": 0.038267148014440436, "br": 0.0}, "Implant_91": {"avail": 1.0, "util": 0.03982227159122466, "br": 0.0}, "LithoMet_BE_18": {"avail": 1.0, "util": 0.9592335462371564, "br": 0.0}, "LithoMet_FE_19": {"avail": 1.0, "util": 0.9689530685920578, "br": 0.0}, "LithoTrack_BE_117": {"avail": 1.0, "util": 0.08536517633990558, "br": 0.0}, "LithoTrack_FE_115": {"avail": 1.0, "util": 0.04868691158773979, "br": 0.0}, "LithoTrack_FE_95": {"avail": 1.0, "util": 0.05178946891169686, "br": 0.0}, "LithoTrack_FE_96": {"avail": 1.0, "util": 0.0030547070258261596, "br": 0.0}, "Litho_BE_110": {"avail": 1.0, "util": 0.06128456381163962, "br": 0.0}, "Litho_BE_93": {"avail": 1.0, "util": 0.05637322965842821, "br": 0.0}, "Litho_BE_99": {"avail": 1.0, "util": 0.1588447653429603, "br": 0.0}, "Litho_FE_111": {"avail": 1.0, "util": 0.09269647320188837, "br": 0.0}, "Litho_FE_35": {"avail": 1.0, "util": 0.030186059427936684, "br": 0.0}, "Litho_FE_92": {"avail": 1.0, "util": 0.0878072589263925, "br": 0.0}, "Litho_FE_98": {"avail": 1.0, "util": 0.09036378783671202, "br": 0.0}, "Litho_REG_BE_63": {"avail": 1.0, "util": 0.9499097472924187, "br": 0.0}, "Litho_REG_FE_64": {"avail": 1.0, "util": 0.9521442456460506, "br": 0.0}, "Planar_BE_75": {"avail": 1.0, "util": 0.7638878089419605, "br": 0.0}, "Planar_FE_76": {"avail": 1.0, "util": 0.9285753957234102, "br": 0.0}, "Planar_FE_77": {"avail": 1.0, "util": 0.8636489863926687, "br": 0.0}, "Planar_FE_78": {"avail": 1.0, "util": 0.8454318244931963, "br": 0.0}, "Planar_FE_79": {"avail": 1.0, "util": 0.9435156900860872, "br": 0.0}, "Planar_FE_80": {"avail": 1.0, "util": 0.5789502915856707, "br": 0.0}, "TF_BE_2": {"avail": 1.0, "util": 0.2658428214384893, "br": 0.0}, "TF_BE_23": {"avail": 1.0, "util": 0.4149666028442392, "br": 0.0}, "TF_BE_24": {"avail": 1.0, "util": 0.23435712302138298, "br": 0.0}, "TF_BE_26": {"avail": 1.0, "util": 0.5969564009997224, "br": 0.0}, "TF_BE_40": {"avail": 1.0, "util": 0.5936013144496899, "br": 0.0}, "TF_FE_103": {"avail": 1.0, "util": 0.7425992779783394, "br": 0.0}, "TF_FE_104": {"avail": 1.0, "util": 0.8832546514856984, "br": 0.0}, "TF_FE_113": {"avail": 1.0, "util": 0.3891696750902527, "br": 0.0}, "TF_FE_131": {"avail": 1.0, "util": 0.3674719985189299, "br": 0.0}, "TF_FE_3": {"avail": 1.0, "util": 0.8000833101916135, "br": 0.0}, "TF_FE_5": {"avail": 1.0, "util": 0.16109414051652318, "br": 0.0}, "TF_Met_FE_45": {"avail": 1.0, "util": 0.08453207442377117, "br": 0.0}, "TF_Met_FE_61": {"avail": 1.0, "util": 0.982976950846987, "br": 0.0}, "WE_BE_14": {"avail": 1.0, "util": 0.037845043043599, "br": 0.0}, "WE_BE_16": {"avail": 1.0, "util": 0.04262396247955815, "br": 0.0}, "WE_BE_17": {"avail": 1.0, "util": 0.04148847542349347, "br": 0.0}, "WE_BE_7": {"avail": 1.0, "util": 0.018050541516245487, "br": 0.0}, "WE_BE_81": {"avail": 1.0, "util": 0.027288716097380355, "br": 0.0}, "WE_BE_82": {"avail": 1.0, "util": 0.05492363232435434, "br": 0.0}, "WE_BE_9": {"avail": 1.0, "util": 0.05054151624548736, "br": 0.0}, "WE_FE_108": {"avail": 1.0, "util": 0.04182330305073988, "br": 0.0}, "WE_FE_41": {"avail": 1.0, "util": 0.03761177450708137, "br": 0.0}, "WE_FE_47": {"avail": 1.0, "util": 0.042478941034897716, "br": 0.0}, "WE_FE_8": {"avail": 1.0, "util": 0.054568175506803665, "br": 0.0}, "WE_FE_83": {"avail": 1.0, "util": 0.04351172293410561, "br": 0.0}, "WE_FE_84": {"avail": 1.0, "util": 0.03852942083989015, "br": 0.0}, "WE_FE_85": {"avail": 1.0, "util": 0.026853651763399055, "br": 0.0}}, "plugins": {"cost": 447600.0}}