{"lots": {}, "machines": {"DE_BE_11": {"avail": 1.0, "util": 0.0, "br": 0.0}, "DE_BE_12": {"avail": 1.0, "util": 0.0, "br": 0.0}, "DE_BE_13": {"avail": 1.0, "util": 0.0, "br": 0.0}, "DE_BE_48": {"avail": 1.0, "util": 0.0, "br": 0.0}, "DE_BE_50": {"avail": 1.0, "util": 0.0, "br": 0.0}, "DE_BE_65": {"avail": 1.0, "util": 0.0, "br": 0.0}, "DE_BE_66": {"avail": 1.0, "util": 0.0, "br": 0.0}, "DE_BE_67": {"avail": 1.0, "util": 0.0, "br": 0.0}, "DE_BE_69": {"avail": 1.0, "util": 0.0, "br": 0.0}, "DE_FE_1": {"avail": 1.0, "util": 0.0, "br": 0.0}, "DE_FE_51": {"avail": 1.0, "util": 0.0, "br": 0.0}, "DE_FE_53": {"avail": 1.0, "util": 0.0, "br": 0.0}, "DE_FE_54": {"avail": 1.0, "util": 0.0, "br": 0.0}, "DE_FE_56": {"avail": 1.0, "util": 0.0, "br": 0.0}, "DE_FE_58": {"avail": 1.0, "util": 0.0, "br": 0.0}, "DE_FE_59": {"avail": 1.0, "util": 0.0, "br": 0.0}, "DE_FE_62": {"avail": 1.0, "util": 0.0, "br": 0.0}, "DE_FE_70": {"avail": 1.0, "util": 0.0, "br": 0.0}, "DE_FE_71": {"avail": 1.0, "util": 0.0, "br": 0.0}, "DE_FE_72": {"avail": 1.0, "util": 0.0, "br": 0.0}, "DE_FE_86": {"avail": 1.0, "util": 0.0, "br": 0.0}, "DefMEt_FE_118": {"avail": 1.0, "util": 0.9850291100637649, "br": 0.0}, "DefMet_BE_33": {"avail": 1.0, "util": 0.45342389797615745, "br": 0.0}, "DefMet_BE_42": {"avail": 1.0, "util": 0.8965899639589686, "br": 0.0}, "DefMet_FE_10": {"avail": 1.0, "util": 0.4133629054616024, "br": 0.0}, "DefMet_FE_106": {"avail": 1.0, "util": 0.2547823676185195, "br": 0.0}, "DefMet_FE_34": {"avail": 1.0, "util": 0.5077626836706404, "br": 0.0}, "DefMet_FE_43": {"avail": 1.0, "util": 0.8765178818963127, "br": 0.0}, "Delay_32": {"avail": 1.0, "util": 0.0, "br": 0.0}, "Dielectric_BE_20": {"avail": 1.0, "util": 0.6710285555863599, "br": 0.0}, "Dielectric_BE_21": {"avail": 1.0, "util": 0.6217539968579613, "br": 0.0}, "Dielectric_BE_27": {"avail": 1.0, "util": 0.8668561131133906, "br": 0.0}, "Dielectric_BE_28": {"avail": 1.0, "util": 0.7652712318639683, "br": 0.0}, "Dielectric_BE_60": {"avail": 1.0, "util": 0.7247943812956289, "br": 0.0}, "Dielectric_FE_112": {"avail": 1.0, "util": 0.6394048609185843, "br": 0.0}, "Dielectric_FE_130": {"avail": 1.0, "util": 0.8814111449958414, "br": 0.0}, "Dielectric_FE_29": {"avail": 1.0, "util": 0.78088901210609, "br": 0.0}, "Dielectric_FE_30": {"avail": 1.0, "util": 0.5582201275298032, "br": 0.0}, "Dielectric_FE_31": {"avail": 1.0, "util": 0.8413501524812864, "br": 0.0}, "Diffusion_BE_123": {"avail": 1.0, "util": 0.0, "br": 0.0}, "Diffusion_FE_100": {"avail": 1.0, "util": 0.0, "br": 0.0}, "Diffusion_FE_101": {"avail": 1.0, "util": 0.0, "br": 0.0}, "Diffusion_FE_120": {"avail": 1.0, "util": 0.0, "br": 0.0}, "Diffusion_FE_122": {"avail": 1.0, "util": 0.0, "br": 0.0}, "Diffusion_FE_125": {"avail": 1.0, "util": 0.0, "br": 0.0}, "Diffusion_FE_126": {"avail": 1.0, "util": 0.0, "br": 0.0}, "Diffusion_FE_127": {"avail": 1.0, "util": 0.0, "br": 0.0}, "Diffusion_FE_44": {"avail": 1.0, "util": 0.0, "br": 0.0}, "Diffusion_FE_94": {"avail": 1.0, "util": 0.0, "br": 0.0}, "EPI_36": {"avail": 1.0, "util": 0.014277793179927918, "br": 0.0}, "EPI_38": {"avail": 1.0, "util": 0.9864153035763793, "br": 0.0}, "Implant_119": {"avail": 1.0, "util": 0.0568339340171888, "br": 0.0}, "Implant_128": {"avail": 1.0, "util": 0.06542833379539784, "br": 0.0}, "Implant_132": {"avail": 1.0, "util": 0.04796229553645689, "br": 0.0}, "Implant_74": {"avail": 1.0, "util": 0.06723038536179651, "br": 0.0}, "Implant_88": {"avail": 1.0, "util": 0.0, "br": 0.0}, "Implant_90": {"avail": 1.0, "util": 0.03812032159689493, "br": 0.0}, "Implant_91": {"avail": 1.0, "util": 0.07041863044080954, "br": 0.0}, "LithoMet_BE_18": {"avail": 1.0, "util": 0.779217178718149, "br": 0.0}, "LithoMet_FE_19": {"avail": 1.0, "util": 0.8109628104083331, "br": 0.0}, "LithoTrack_BE_117": {"avail": 1.0, "util": 0.19872470196839478, "br": 0.0}, "LithoTrack_FE_115": {"avail": 1.0, "util": 0.1178061628134995, "br": 0.0}, "LithoTrack_FE_95": {"avail": 1.0, "util": 0.20657055724979206, "br": 0.0}, "LithoTrack_FE_96": {"avail": 1.0, "util": 0.061131133906293315, "br": 0.0}, "Litho_BE_110": {"avail": 1.0, "util": 0.18865491013849883, "br": 0.0}, "Litho_BE_93": {"avail": 1.0, "util": 0.25318824507901305, "br": 0.0}, "Litho_BE_99": {"avail": 1.0, "util": 0.3763977451252195, "br": 0.0}, "Litho_FE_111": {"avail": 1.0, "util": 0.3224701968394788, "br": 0.0}, "Litho_FE_35": {"avail": 1.0, "util": 0.10036041031327973, "br": 0.0}, "Litho_FE_92": {"avail": 1.0, "util": 0.21095732656586552, "br": 0.0}, "Litho_FE_98": {"avail": 1.0, "util": 0.03202107014139174, "br": 0.0}, "Litho_REG_BE_63": {"avail": 1.0, "util": 0.8278694205711117, "br": 0.0}, "Litho_REG_FE_64": {"avail": 1.0, "util": 0.818431753072729, "br": 0.0}, "Planar_BE_75": {"avail": 1.0, "util": 0.2521882054734841, "br": 0.0}, "Planar_FE_76": {"avail": 1.0, "util": 0.926254505128916, "br": 0.0}, "Planar_FE_77": {"avail": 1.0, "util": 0.7231771555309121, "br": 0.0}, "Planar_FE_78": {"avail": 1.0, "util": 0.860133074577211, "br": 0.0}, "Planar_FE_79": {"avail": 1.0, "util": 0.0, "br": 0.0}, "Planar_FE_80": {"avail": 1.0, "util": 0.6447186027169393, "br": 0.0}, "TF_BE_2": {"avail": 1.0, "util": 0.0, "br": 0.0}, "TF_BE_23": {"avail": 1.0, "util": 0.07031961661847994, "br": 0.0}, "TF_BE_24": {"avail": 1.0, "util": 0.0, "br": 0.0}, "TF_BE_26": {"avail": 1.0, "util": 0.07611268686954853, "br": 0.0}, "TF_BE_40": {"avail": 1.0, "util": 0.0, "br": 0.0}, "TF_FE_103": {"avail": 1.0, "util": 0.0, "br": 0.0}, "TF_FE_104": {"avail": 1.0, "util": 0.0, "br": 0.0}, "TF_FE_113": {"avail": 1.0, "util": 0.0, "br": 0.0}, "TF_FE_131": {"avail": 1.0, "util": 0.0, "br": 0.0}, "TF_FE_3": {"avail": 1.0, "util": 0.0, "br": 0.0}, "TF_FE_5": {"avail": 1.0, "util": 0.0, "br": 0.0}, "TF_Met_FE_45": {"avail": 1.0, "util": 0.2861103410036041, "br": 0.0}, "TF_Met_FE_61": {"avail": 1.0, "util": 0.9032436928195176, "br": 0.0}, "WE_BE_14": {"avail": 1.0, "util": 0.029664541169947326, "br": 0.0}, "WE_BE_16": {"avail": 1.0, "util": 0.023322705849736624, "br": 0.0}, "WE_BE_17": {"avail": 1.0, "util": 0.02661491544219573, "br": 0.0}, "WE_BE_7": {"avail": 1.0, "util": 0.01136678680343776, "br": 0.0}, "WE_BE_81": {"avail": 1.0, "util": 0.028278347657332965, "br": 0.0}, "WE_BE_82": {"avail": 1.0, "util": 0.05883621353540955, "br": 0.0}, "WE_BE_9": {"avail": 1.0, "util": 0.07119489880787358, "br": 0.0}, "WE_FE_108": {"avail": 1.0, "util": 0.03211188971635613, "br": 0.0}, "WE_FE_41": {"avail": 1.0, "util": 0.039645134460770726, "br": 0.0}, "WE_FE_47": {"avail": 1.0, "util": 0.035042971998891045, "br": 0.0}, "WE_FE_8": {"avail": 1.0, "util": 0.019822567230385363, "br": 0.0}, "WE_FE_83": {"avail": 1.0, "util": 0.06524350799371592, "br": 0.0}, "WE_FE_84": {"avail": 1.0, "util": 0.038943883624977575, "br": 0.0}, "WE_FE_85": {"avail": 1.0, "util": 0.08552813972830607, "br": 0.0}}, "plugins": {"cost": 429200}}