{"lots": {}, "machines": {"DE_BE_11": {"avail": 1.0, "util": 0.7436300820531804, "br": 0.0}, "DE_BE_12": {"avail": 1.0, "util": 0.0, "br": 0.0}, "DE_BE_13": {"avail": 1.0, "util": 0.7643296459232051, "br": 0.0}, "DE_BE_48": {"avail": 1.0, "util": 0.5293271414870526, "br": 0.0}, "DE_BE_50": {"avail": 1.0, "util": 0.31515824541921156, "br": 0.0}, "DE_BE_65": {"avail": 1.0, "util": 0.5839685023471809, "br": 0.0}, "DE_BE_66": {"avail": 1.0, "util": 0.7238135676258287, "br": 0.0}, "DE_BE_67": {"avail": 1.0, "util": 0.4130659734490939, "br": 0.0}, "DE_BE_69": {"avail": 1.0, "util": 0.18535998519341107, "br": 0.0}, "DE_FE_1": {"avail": 1.0, "util": 0.0, "br": 0.0}, "DE_FE_51": {"avail": 1.0, "util": 0.030052748473070517, "br": 0.0}, "DE_FE_53": {"avail": 1.0, "util": 0.0, "br": 0.0}, "DE_FE_54": {"avail": 1.0, "util": 0.812557838238016, "br": 0.0}, "DE_FE_56": {"avail": 1.0, "util": 0.6113270405330372, "br": 0.0}, "DE_FE_58": {"avail": 1.0, "util": 0.7236951693503609, "br": 0.0}, "DE_FE_59": {"avail": 1.0, "util": 0.627932398667407, "br": 0.0}, "DE_FE_62": {"avail": 1.0, "util": 0.12314237188490054, "br": 0.0}, "DE_FE_70": {"avail": 1.0, "util": 0.32161425470698096, "br": 0.0}, "DE_FE_71": {"avail": 1.0, "util": 0.17868930840890865, "br": 0.0}, "DE_FE_72": {"avail": 1.0, "util": 0.04758719903084145, "br": 0.0}, "DE_FE_86": {"avail": 1.0, "util": 0.22079188586378568, "br": 0.0}, "DefMEt_FE_118": {"avail": 1.0, "util": 0.6301360355358134, "br": 0.0}, "DefMet_BE_33": {"avail": 1.0, "util": 0.7685313714602998, "br": 0.0}, "DefMet_BE_42": {"avail": 1.0, "util": 0.8878400888395336, "br": 0.0}, "DefMet_FE_10": {"avail": 1.0, "util": 0.54629372570794, "br": 0.0}, "DefMet_FE_106": {"avail": 1.0, "util": 0.26054969461410327, "br": 0.0}, "DefMet_FE_34": {"avail": 1.0, "util": 0.5129094947251527, "br": 0.0}, "DefMet_FE_43": {"avail": 1.0, "util": 0.6404497501388118, "br": 0.0}, "Delay_32": {"avail": 1.0, "util": 0.12091372848417546, "br": 0.0}, "Dielectric_BE_20": {"avail": 1.0, "util": 0.7385341476957246, "br": 0.0}, "Dielectric_BE_21": {"avail": 1.0, "util": 0.8559365167499537, "br": 0.0}, "Dielectric_BE_27": {"avail": 1.0, "util": 0.8642999259670554, "br": 0.0}, "Dielectric_BE_28": {"avail": 1.0, "util": 0.8254210623727558, "br": 0.0}, "Dielectric_BE_60": {"avail": 1.0, "util": 0.8057329261521377, "br": 0.0}, "Dielectric_FE_112": {"avail": 1.0, "util": 0.6675458078845086, "br": 0.0}, "Dielectric_FE_130": {"avail": 1.0, "util": 0.8670530260966129, "br": 0.0}, "Dielectric_FE_29": {"avail": 1.0, "util": 0.3904775124930594, "br": 0.0}, "Dielectric_FE_30": {"avail": 1.0, "util": 0.839741810105497, "br": 0.0}, "Dielectric_FE_31": {"avail": 1.0, "util": 0.42157134925041645, "br": 0.0}, "Diffusion_BE_123": {"avail": 1.0, "util": 0.0, "br": 0.0}, "Diffusion_FE_100": {"avail": 1.0, "util": 0.0, "br": 0.0}, "Diffusion_FE_101": {"avail": 1.0, "util": 0.0, "br": 0.0}, "Diffusion_FE_120": {"avail": 1.0, "util": 0.0, "br": 0.0}, "Diffusion_FE_122": {"avail": 1.0, "util": 0.0, "br": 0.0}, "Diffusion_FE_125": {"avail": 1.0, "util": 0.0, "br": 0.0}, "Diffusion_FE_126": {"avail": 1.0, "util": 0.0, "br": 0.0}, "Diffusion_FE_127": {"avail": 1.0, "util": 0.0, "br": 0.0}, "Diffusion_FE_44": {"avail": 1.0, "util": 0.0, "br": 0.0}, "Diffusion_FE_94": {"avail": 1.0, "util": 0.0, "br": 0.0}, "EPI_36": {"avail": 1.0, "util": 0.014436424208772903, "br": 0.0}, "EPI_38": {"avail": 1.0, "util": 0.610494169905608, "br": 0.0}, "Implant_119": {"avail": 1.0, "util": 0.023250971682398668, "br": 0.0}, "Implant_128": {"avail": 1.0, "util": 0.04592145777598304, "br": 0.0}, "Implant_132": {"avail": 1.0, "util": 0.030102324105655588, "br": 0.0}, "Implant_74": {"avail": 1.0, "util": 0.034217101610216544, "br": 0.0}, "Implant_88": {"avail": 1.0, "util": 0.0, "br": 0.0}, "Implant_90": {"avail": 1.0, "util": 0.05052748473070516, "br": 0.0}, "Implant_91": {"avail": 1.0, "util": 0.05562385976045055, "br": 0.0}, "LithoMet_BE_18": {"avail": 1.0, "util": 0.9267200040381606, "br": 0.0}, "LithoMet_FE_19": {"avail": 1.0, "util": 0.8890398191480923, "br": 0.0}, "LithoTrack_BE_117": {"avail": 1.0, "util": 0.1141588006662965, "br": 0.0}, "LithoTrack_FE_115": {"avail": 1.0, "util": 0.07287956555301255, "br": 0.0}, "LithoTrack_FE_95": {"avail": 1.0, "util": 0.13031996113270405, "br": 0.0}, "LithoTrack_FE_96": {"avail": 1.0, "util": 0.03019156024430872, "br": 0.0}, "Litho_BE_110": {"avail": 1.0, "util": 0.11260048765178765, "br": 0.0}, "Litho_BE_93": {"avail": 1.0, "util": 0.13017073847862298, "br": 0.0}, "Litho_BE_99": {"avail": 1.0, "util": 0.21501943364797335, "br": 0.0}, "Litho_FE_111": {"avail": 1.0, "util": 0.16647001665741254, "br": 0.0}, "Litho_FE_35": {"avail": 1.0, "util": 0.07495835646862854, "br": 0.0}, "Litho_FE_92": {"avail": 1.0, "util": 0.1262439670268654, "br": 0.0}, "Litho_FE_98": {"avail": 1.0, "util": 0.015893947806774014, "br": 0.0}, "Litho_REG_BE_63": {"avail": 1.0, "util": 0.8440970294280955, "br": 0.0}, "Litho_REG_FE_64": {"avail": 1.0, "util": 0.8799509531741625, "br": 0.0}, "Planar_BE_75": {"avail": 1.0, "util": 0.6821607043705878, "br": 0.0}, "Planar_FE_76": {"avail": 1.0, "util": 0.9255274847307051, "br": 0.0}, "Planar_FE_77": {"avail": 1.0, "util": 0.7211271515824542, "br": 0.0}, "Planar_FE_78": {"avail": 1.0, "util": 0.4179622431982232, "br": 0.0}, "Planar_FE_79": {"avail": 1.0, "util": 0.3170460855080511, "br": 0.0}, "Planar_FE_80": {"avail": 1.0, "util": 0.4840366463076069, "br": 0.0}, "TF_BE_2": {"avail": 1.0, "util": 0.534876457523598, "br": 0.0}, "TF_BE_23": {"avail": 1.0, "util": 0.5989331323867692, "br": 0.0}, "TF_BE_24": {"avail": 1.0, "util": 0.7204677956690727, "br": 0.0}, "TF_BE_26": {"avail": 1.0, "util": 0.5795071114338188, "br": 0.0}, "TF_BE_40": {"avail": 1.0, "util": 0.5939347421367215, "br": 0.0}, "TF_FE_103": {"avail": 1.0, "util": 0.7198580153882764, "br": 0.0}, "TF_FE_104": {"avail": 1.0, "util": 0.5644086618545253, "br": 0.0}, "TF_FE_113": {"avail": 1.0, "util": 0.21640755136035536, "br": 0.0}, "TF_FE_131": {"avail": 1.0, "util": 0.7107856746252083, "br": 0.0}, "TF_FE_3": {"avail": 1.0, "util": 0.6672681843420322, "br": 0.0}, "TF_FE_5": {"avail": 1.0, "util": 0.5417823431426985, "br": 0.0}, "TF_Met_FE_45": {"avail": 1.0, "util": 0.1783037201554692, "br": 0.0}, "TF_Met_FE_61": {"avail": 1.0, "util": 0.9848695169350361, "br": 0.0}, "WE_BE_14": {"avail": 1.0, "util": 0.04044975013881177, "br": 0.0}, "WE_BE_16": {"avail": 1.0, "util": 0.04004719600222099, "br": 0.0}, "WE_BE_17": {"avail": 1.0, "util": 0.028178789561354802, "br": 0.0}, "WE_BE_7": {"avail": 1.0, "util": 0.03414769572459744, "br": 0.0}, "WE_BE_81": {"avail": 1.0, "util": 0.04627059041273367, "br": 0.0}, "WE_BE_82": {"avail": 1.0, "util": 0.05234746128693935, "br": 0.0}, "WE_BE_9": {"avail": 1.0, "util": 0.07198778456413105, "br": 0.0}, "WE_FE_108": {"avail": 1.0, "util": 0.027010856037833385, "br": 0.0}, "WE_FE_41": {"avail": 1.0, "util": 0.028567462520821766, "br": 0.0}, "WE_FE_47": {"avail": 1.0, "util": 0.03431426985008328, "br": 0.0}, "WE_FE_8": {"avail": 1.0, "util": 0.025888395335924488, "br": 0.0}, "WE_FE_83": {"avail": 1.0, "util": 0.05494632611512123, "br": 0.0}, "WE_FE_84": {"avail": 1.0, "util": 0.031355129503217165, "br": 0.0}, "WE_FE_85": {"avail": 1.0, "util": 0.04747362576346474, "br": 0.0}}, "plugins": {"cost": 429200}}