{"lots": {}, "machines": {"DE_BE_11": {"avail": 1.0, "util": 0.0, "br": 0.0}, "DE_BE_12": {"avail": 1.0, "util": 0.0, "br": 0.0}, "DE_BE_13": {"avail": 1.0, "util": 0.0, "br": 0.0}, "DE_BE_48": {"avail": 1.0, "util": 0.0, "br": 0.0}, "DE_BE_50": {"avail": 1.0, "util": 0.0, "br": 0.0}, "DE_BE_65": {"avail": 1.0, "util": 0.0, "br": 0.0}, "DE_BE_66": {"avail": 1.0, "util": 0.0, "br": 0.0}, "DE_BE_67": {"avail": 1.0, "util": 0.0, "br": 0.0}, "DE_BE_69": {"avail": 1.0, "util": 0.0, "br": 0.0}, "DE_FE_1": {"avail": 1.0, "util": 0.0, "br": 0.0}, "DE_FE_51": {"avail": 1.0, "util": 0.0, "br": 0.0}, "DE_FE_53": {"avail": 1.0, "util": 0.0, "br": 0.0}, "DE_FE_54": {"avail": 1.0, "util": 0.0, "br": 0.0}, "DE_FE_56": {"avail": 1.0, "util": 0.0, "br": 0.0}, "DE_FE_58": {"avail": 1.0, "util": 0.0, "br": 0.0}, "DE_FE_59": {"avail": 1.0, "util": 0.0, "br": 0.0}, "DE_FE_62": {"avail": 1.0, "util": 0.0, "br": 0.0}, "DE_FE_70": {"avail": 1.0, "util": 0.0, "br": 0.0}, "DE_FE_71": {"avail": 1.0, "util": 0.0, "br": 0.0}, "DE_FE_72": {"avail": 1.0, "util": 0.0, "br": 0.0}, "DE_FE_86": {"avail": 1.0, "util": 0.0, "br": 0.0}, "DefMEt_FE_118": {"avail": 1.0, "util": 0.9896093100581879, "br": 0.0}, "DefMet_BE_33": {"avail": 1.0, "util": 0.5791077860903298, "br": 0.0}, "DefMet_BE_42": {"avail": 1.0, "util": 0.7738985868661679, "br": 0.0}, "DefMet_FE_10": {"avail": 1.0, "util": 0.913826544749238, "br": 0.0}, "DefMet_FE_106": {"avail": 1.0, "util": 0.7669714602382931, "br": 0.0}, "DefMet_FE_34": {"avail": 1.0, "util": 0.7529786644499862, "br": 0.0}, "DefMet_FE_43": {"avail": 1.0, "util": 0.937147871063083, "br": 0.0}, "Delay_32": {"avail": 1.0, "util": 0.0, "br": 0.0}, "Dielectric_BE_20": {"avail": 1.0, "util": 0.7466334164588528, "br": 0.0}, "Dielectric_BE_21": {"avail": 1.0, "util": 0.6487946799667498, "br": 0.0}, "Dielectric_BE_27": {"avail": 1.0, "util": 0.8049505864967211, "br": 0.0}, "Dielectric_BE_28": {"avail": 1.0, "util": 0.6618869492934331, "br": 0.0}, "Dielectric_BE_60": {"avail": 1.0, "util": 0.8316708229426434, "br": 0.0}, "Dielectric_FE_112": {"avail": 1.0, "util": 0.6456913272374619, "br": 0.0}, "Dielectric_FE_130": {"avail": 1.0, "util": 0.8305624826821835, "br": 0.0}, "Dielectric_FE_29": {"avail": 1.0, "util": 0.7729749699824512, "br": 0.0}, "Dielectric_FE_30": {"avail": 1.0, "util": 0.5486284289276808, "br": 0.0}, "Dielectric_FE_31": {"avail": 1.0, "util": 0.8454558049321141, "br": 0.0}, "Diffusion_BE_123": {"avail": 1.0, "util": 0.0, "br": 0.0}, "Diffusion_FE_100": {"avail": 1.0, "util": 0.0, "br": 0.0}, "Diffusion_FE_101": {"avail": 1.0, "util": 0.0, "br": 0.0}, "Diffusion_FE_120": {"avail": 1.0, "util": 0.0, "br": 0.0}, "Diffusion_FE_122": {"avail": 1.0, "util": 0.0, "br": 0.0}, "Diffusion_FE_125": {"avail": 1.0, "util": 0.0, "br": 0.0}, "Diffusion_FE_126": {"avail": 1.0, "util": 0.0, "br": 0.0}, "Diffusion_FE_127": {"avail": 1.0, "util": 0.0, "br": 0.0}, "Diffusion_FE_44": {"avail": 1.0, "util": 0.0, "br": 0.0}, "Diffusion_FE_94": {"avail": 1.0, "util": 0.0, "br": 0.0}, "EPI_36": {"avail": 1.0, "util": 0.014269880853422, "br": 0.0}, "EPI_38": {"avail": 1.0, "util": 0.03518980326960377, "br": 0.0}, "Implant_119": {"avail": 1.0, "util": 0.055832640620670546, "br": 0.0}, "Implant_128": {"avail": 1.0, "util": 0.11803823773898586, "br": 0.0}, "Implant_132": {"avail": 1.0, "util": 0.053338875034635636, "br": 0.0}, "Implant_74": {"avail": 1.0, "util": 0.0, "br": 0.0}, "Implant_88": {"avail": 1.0, "util": 0.006927126627874758, "br": 0.0}, "Implant_90": {"avail": 1.0, "util": 0.06456082017179274, "br": 0.0}, "Implant_91": {"avail": 1.0, "util": 0.07130322342292417, "br": 0.0}, "LithoMet_BE_18": {"avail": 1.0, "util": 0.9155743120830403, "br": 0.0}, "LithoMet_FE_19": {"avail": 1.0, "util": 0.8654905945014009, "br": 0.0}, "LithoTrack_BE_117": {"avail": 1.0, "util": 0.2626212247159878, "br": 0.0}, "LithoTrack_FE_115": {"avail": 1.0, "util": 0.13160997288912796, "br": 0.0}, "LithoTrack_FE_95": {"avail": 1.0, "util": 0.1505929054913736, "br": 0.0}, "LithoTrack_FE_96": {"avail": 1.0, "util": 0.0, "br": 0.0}, "Litho_BE_110": {"avail": 1.0, "util": 0.2067351462613308, "br": 0.0}, "Litho_BE_93": {"avail": 1.0, "util": 0.20753671377112773, "br": 0.0}, "Litho_BE_99": {"avail": 1.0, "util": 0.6113420153320404, "br": 0.0}, "Litho_FE_111": {"avail": 1.0, "util": 0.31095241693745435, "br": 0.0}, "Litho_FE_35": {"avail": 1.0, "util": 0.1339706289830978, "br": 0.0}, "Litho_FE_92": {"avail": 1.0, "util": 0.32836259519551286, "br": 0.0}, "Litho_FE_98": {"avail": 1.0, "util": 0.37716819063452484, "br": 0.0}, "Litho_REG_BE_63": {"avail": 1.0, "util": 0.8452479911332779, "br": 0.0}, "Litho_REG_FE_64": {"avail": 1.0, "util": 0.8089300558128488, "br": 0.0}, "Planar_BE_75": {"avail": 1.0, "util": 0.2188556386810751, "br": 0.0}, "Planar_FE_76": {"avail": 1.0, "util": 0.6223330562482682, "br": 0.0}, "Planar_FE_77": {"avail": 1.0, "util": 0.7150180105292325, "br": 0.0}, "Planar_FE_78": {"avail": 1.0, "util": 0.41576614020504293, "br": 0.0}, "Planar_FE_79": {"avail": 1.0, "util": 0.0, "br": 0.0}, "Planar_FE_80": {"avail": 1.0, "util": 0.6483790523690773, "br": 0.0}, "TF_BE_2": {"avail": 1.0, "util": 0.0, "br": 0.0}, "TF_BE_23": {"avail": 1.0, "util": 0.0, "br": 0.0}, "TF_BE_24": {"avail": 1.0, "util": 0.0, "br": 0.0}, "TF_BE_26": {"avail": 1.0, "util": 0.2648194328992334, "br": 0.0}, "TF_BE_40": {"avail": 1.0, "util": 0.0, "br": 0.0}, "TF_FE_103": {"avail": 1.0, "util": 0.0, "br": 0.0}, "TF_FE_104": {"avail": 1.0, "util": 0.0, "br": 0.0}, "TF_FE_113": {"avail": 1.0, "util": 0.0, "br": 0.0}, "TF_FE_131": {"avail": 1.0, "util": 0.0, "br": 0.0}, "TF_FE_3": {"avail": 1.0, "util": 0.0, "br": 0.0}, "TF_FE_5": {"avail": 1.0, "util": 0.0, "br": 0.0}, "TF_Met_FE_45": {"avail": 1.0, "util": 0.28733721252424493, "br": 0.0}, "TF_Met_FE_61": {"avail": 1.0, "util": 0.9405652535328346, "br": 0.0}, "WE_BE_14": {"avail": 1.0, "util": 0.021501801052923247, "br": 0.0}, "WE_BE_16": {"avail": 1.0, "util": 0.02503001754872079, "br": 0.0}, "WE_BE_17": {"avail": 1.0, "util": 0.04239401496259352, "br": 0.0}, "WE_BE_7": {"avail": 1.0, "util": 0.011083402604599613, "br": 0.0}, "WE_BE_81": {"avail": 1.0, "util": 0.022443890274314215, "br": 0.0}, "WE_BE_82": {"avail": 1.0, "util": 0.15591576614020505, "br": 0.0}, "WE_BE_9": {"avail": 1.0, "util": 0.08146300914380715, "br": 0.0}, "WE_FE_108": {"avail": 1.0, "util": 0.04321735344179234, "br": 0.0}, "WE_FE_41": {"avail": 1.0, "util": 0.03818232197284566, "br": 0.0}, "WE_FE_47": {"avail": 1.0, "util": 0.03851482405098365, "br": 0.0}, "WE_FE_8": {"avail": 1.0, "util": 0.085619285120532, "br": 0.0}, "WE_FE_83": {"avail": 1.0, "util": 0.06725250366148122, "br": 0.0}, "WE_FE_84": {"avail": 1.0, "util": 0.0578030233059327, "br": 0.0}, "WE_FE_85": {"avail": 1.0, "util": 0.037822111388196175, "br": 0.0}}, "plugins": {"cost": 448800}}