{"lots": {}, "machines": {"DE_BE_11": {"avail": 1.0, "util": 0.8315682375248578, "br": 0.0}, "DE_BE_12": {"avail": 1.0, "util": 0.943486102760949, "br": 0.0}, "DE_BE_13": {"avail": 1.0, "util": 0.886705395607953, "br": 0.0}, "DE_BE_48": {"avail": 1.0, "util": 0.8011334731956293, "br": 0.0}, "DE_BE_50": {"avail": 1.0, "util": 0.8800120242334551, "br": 0.0}, "DE_BE_65": {"avail": 1.0, "util": 0.7946084346213838, "br": 0.0}, "DE_BE_66": {"avail": 1.0, "util": 0.7393570571640764, "br": 0.0}, "DE_BE_67": {"avail": 1.0, "util": 0.8326235111602543, "br": 0.0}, "DE_BE_69": {"avail": 1.0, "util": 0.2506436048035271, "br": 0.0}, "DE_FE_1": {"avail": 1.0, "util": 0.7509041298617213, "br": 0.0}, "DE_FE_51": {"avail": 1.0, "util": 0.5057831938213938, "br": 0.0}, "DE_FE_53": {"avail": 1.0, "util": 0.17919807612264718, "br": 0.0}, "DE_FE_54": {"avail": 1.0, "util": 0.8086913625923013, "br": 0.0}, "DE_FE_56": {"avail": 1.0, "util": 0.898464597881885, "br": 0.0}, "DE_FE_58": {"avail": 1.0, "util": 0.985940896267863, "br": 0.0}, "DE_FE_59": {"avail": 1.0, "util": 0.7845696711834621, "br": 0.0}, "DE_FE_62": {"avail": 1.0, "util": 0.8963739591012838, "br": 0.0}, "DE_FE_70": {"avail": 1.0, "util": 0.7476802899269718, "br": 0.0}, "DE_FE_71": {"avail": 1.0, "util": 0.8432918651435971, "br": 0.0}, "DE_FE_72": {"avail": 1.0, "util": 0.17304385481789172, "br": 0.0}, "DE_FE_86": {"avail": 1.0, "util": 0.7832961136015716, "br": 0.0}, "DefMEt_FE_118": {"avail": 1.0, "util": 0.20526753919437635, "br": 0.0}, "DefMet_BE_33": {"avail": 1.0, "util": 0.9263978171391574, "br": 0.0}, "DefMet_BE_42": {"avail": 1.0, "util": 0.9983813531887342, "br": 0.0}, "DefMet_FE_10": {"avail": 1.0, "util": 0.5995005318410951, "br": 0.0}, "DefMet_FE_106": {"avail": 1.0, "util": 0.08601951625583869, "br": 0.0}, "DefMet_FE_34": {"avail": 1.0, "util": 0.8045830828284697, "br": 0.0}, "DefMet_FE_43": {"avail": 1.0, "util": 0.9019007538269435, "br": 0.0}, "Delay_32": {"avail": 1.0, "util": 0.2987669379827036, "br": 0.0}, "Dielectric_BE_20": {"avail": 1.0, "util": 0.9001156176293762, "br": 0.0}, "Dielectric_BE_21": {"avail": 1.0, "util": 0.9596879865575235, "br": 0.0}, "Dielectric_BE_27": {"avail": 1.0, "util": 0.9084231296921488, "br": 0.0}, "Dielectric_BE_28": {"avail": 1.0, "util": 0.9541229246635528, "br": 0.0}, "Dielectric_BE_60": {"avail": 1.0, "util": 0.9401717307188333, "br": 0.0}, "Dielectric_FE_112": {"avail": 1.0, "util": 0.3597558155667576, "br": 0.0}, "Dielectric_FE_130": {"avail": 1.0, "util": 0.2897030939277621, "br": 0.0}, "Dielectric_FE_29": {"avail": 1.0, "util": 0.9061493163144183, "br": 0.0}, "Dielectric_FE_30": {"avail": 1.0, "util": 0.9295194931323129, "br": 0.0}, "Dielectric_FE_31": {"avail": 1.0, "util": 0.19237617351893815, "br": 0.0}, "Diffusion_BE_123": {"avail": 1.0, "util": 0.0, "br": 0.0}, "Diffusion_FE_100": {"avail": 1.0, "util": 0.0, "br": 0.0}, "Diffusion_FE_101": {"avail": 1.0, "util": 0.0, "br": 0.0}, "Diffusion_FE_120": {"avail": 1.0, "util": 0.0, "br": 0.0}, "Diffusion_FE_122": {"avail": 1.0, "util": 0.0, "br": 0.0}, "Diffusion_FE_125": {"avail": 1.0, "util": 0.0, "br": 0.0}, "Diffusion_FE_126": {"avail": 1.0, "util": 0.0, "br": 0.0}, "Diffusion_FE_127": {"avail": 1.0, "util": 0.0, "br": 0.0}, "Diffusion_FE_44": {"avail": 1.0, "util": 0.6880041754481009, "br": 0.0}, "Diffusion_FE_94": {"avail": 1.0, "util": 0.0, "br": 0.0}, "EPI_36": {"avail": 1.0, "util": 0.009573139712343338, "br": 0.0}, "EPI_38": {"avail": 1.0, "util": 0.22369698931693105, "br": 0.0}, "Implant_119": {"avail": 1.0, "util": 0.03473153586458863, "br": 0.0}, "Implant_128": {"avail": 1.0, "util": 0.03030863600627278, "br": 0.0}, "Implant_132": {"avail": 1.0, "util": 0.03598681298352944, "br": 0.0}, "Implant_74": {"avail": 1.0, "util": 0.011214910049484345, "br": 0.0}, "Implant_88": {"avail": 1.0, "util": 0.009503769134717661, "br": 0.0}, "Implant_90": {"avail": 1.0, "util": 0.04929935716598067, "br": 0.0}, "Implant_91": {"avail": 1.0, "util": 0.04092203407747042, "br": 0.0}, "LithoMet_BE_18": {"avail": 1.0, "util": 0.9580875582817958, "br": 0.0}, "LithoMet_FE_19": {"avail": 1.0, "util": 0.9642279054710262, "br": 0.0}, "LithoTrack_BE_117": {"avail": 1.0, "util": 0.06838089071821671, "br": 0.0}, "LithoTrack_FE_115": {"avail": 1.0, "util": 0.03815043376350611, "br": 0.0}, "LithoTrack_FE_95": {"avail": 1.0, "util": 0.05923553623456504, "br": 0.0}, "LithoTrack_FE_96": {"avail": 1.0, "util": 0.012764186283124451, "br": 0.0}, "Litho_BE_110": {"avail": 1.0, "util": 0.05563319251441199, "br": 0.0}, "Litho_BE_93": {"avail": 1.0, "util": 0.059404337973454194, "br": 0.0}, "Litho_BE_99": {"avail": 1.0, "util": 0.09742712235428325, "br": 0.0}, "Litho_FE_111": {"avail": 1.0, "util": 0.07592609721130278, "br": 0.0}, "Litho_FE_35": {"avail": 1.0, "util": 0.05038616288211627, "br": 0.0}, "Litho_FE_92": {"avail": 1.0, "util": 0.0592798266802799, "br": 0.0}, "Litho_FE_98": {"avail": 1.0, "util": 0.022302640706654952, "br": 0.0}, "Litho_REG_BE_63": {"avail": 1.0, "util": 0.9619444572908477, "br": 0.0}, "Litho_REG_FE_64": {"avail": 1.0, "util": 0.9571559604741864, "br": 0.0}, "Planar_BE_75": {"avail": 1.0, "util": 0.8061852128355389, "br": 0.0}, "Planar_FE_76": {"avail": 1.0, "util": 0.9292420108218101, "br": 0.0}, "Planar_FE_77": {"avail": 1.0, "util": 0.9633029644360172, "br": 0.0}, "Planar_FE_78": {"avail": 1.0, "util": 0.14348147805577394, "br": 0.0}, "Planar_FE_79": {"avail": 1.0, "util": 0.21249364103038432, "br": 0.0}, "Planar_FE_80": {"avail": 1.0, "util": 0.21597373167460573, "br": 0.0}, "TF_BE_2": {"avail": 1.0, "util": 0.4002335476113398, "br": 0.0}, "TF_BE_23": {"avail": 1.0, "util": 0.6681278532779249, "br": 0.0}, "TF_BE_24": {"avail": 1.0, "util": 0.8416963418582065, "br": 0.0}, "TF_BE_26": {"avail": 1.0, "util": 0.6666050039309994, "br": 0.0}, "TF_BE_40": {"avail": 1.0, "util": 0.6903052577457011, "br": 0.0}, "TF_FE_103": {"avail": 1.0, "util": 0.5239724896109301, "br": 0.0}, "TF_FE_104": {"avail": 1.0, "util": 0.6562641631595986, "br": 0.0}, "TF_FE_113": {"avail": 1.0, "util": 0.07462732584131096, "br": 0.0}, "TF_FE_131": {"avail": 1.0, "util": 0.9405031679230449, "br": 0.0}, "TF_FE_3": {"avail": 1.0, "util": 0.29843222494565974, "br": 0.0}, "TF_FE_5": {"avail": 1.0, "util": 0.4190137045430021, "br": 0.0}, "TF_Met_FE_45": {"avail": 1.0, "util": 0.05951995560283032, "br": 0.0}, "TF_Met_FE_61": {"avail": 1.0, "util": 0.9882763723812606, "br": 0.0}, "WE_BE_14": {"avail": 1.0, "util": 0.04430467557693197, "br": 0.0}, "WE_BE_16": {"avail": 1.0, "util": 0.040154002682329, "br": 0.0}, "WE_BE_17": {"avail": 1.0, "util": 0.04638579290570226, "br": 0.0}, "WE_BE_7": {"avail": 1.0, "util": 0.022753549461221847, "br": 0.0}, "WE_BE_81": {"avail": 1.0, "util": 0.04032742912639319, "br": 0.0}, "WE_BE_82": {"avail": 1.0, "util": 0.04217217263510562, "br": 0.0}, "WE_BE_9": {"avail": 1.0, "util": 0.045581094205244414, "br": 0.0}, "WE_FE_108": {"avail": 1.0, "util": 0.04122685454664334, "br": 0.0}, "WE_FE_41": {"avail": 1.0, "util": 0.03051380474494751, "br": 0.0}, "WE_FE_47": {"avail": 1.0, "util": 0.03444480414373583, "br": 0.0}, "WE_FE_8": {"avail": 1.0, "util": 0.02874254266290524, "br": 0.0}, "WE_FE_83": {"avail": 1.0, "util": 0.033814302671538024, "br": 0.0}, "WE_FE_84": {"avail": 1.0, "util": 0.03391541142193362, "br": 0.0}, "WE_FE_85": {"avail": 1.0, "util": 0.024950284419368265, "br": 0.0}}, "plugins": {"cost": 428625.1312037037}}