{"lots": {}, "machines": {"DE_BE_11": {"avail": 1.0, "util": 0.8276450863008908, "br": 0.0}, "DE_BE_12": {"avail": 1.0, "util": 0.9462268892004126, "br": 0.0}, "DE_BE_13": {"avail": 1.0, "util": 0.8880015096919375, "br": 0.0}, "DE_BE_48": {"avail": 1.0, "util": 0.7993595462119809, "br": 0.0}, "DE_BE_50": {"avail": 1.0, "util": 0.8778605813738196, "br": 0.0}, "DE_BE_65": {"avail": 1.0, "util": 0.7959721263739039, "br": 0.0}, "DE_BE_66": {"avail": 1.0, "util": 0.7715782480368558, "br": 0.0}, "DE_BE_67": {"avail": 1.0, "util": 0.8373196882732153, "br": 0.0}, "DE_BE_69": {"avail": 1.0, "util": 0.2423316669752515, "br": 0.0}, "DE_FE_1": {"avail": 1.0, "util": 0.746306239585262, "br": 0.0}, "DE_FE_51": {"avail": 1.0, "util": 0.5088965006480282, "br": 0.0}, "DE_FE_53": {"avail": 1.0, "util": 0.18359563043880764, "br": 0.0}, "DE_FE_54": {"avail": 1.0, "util": 0.8189069925322472, "br": 0.0}, "DE_FE_56": {"avail": 1.0, "util": 0.9971764488057767, "br": 0.0}, "DE_FE_58": {"avail": 1.0, "util": 0.9815311979263099, "br": 0.0}, "DE_FE_59": {"avail": 1.0, "util": 0.8297711072023699, "br": 0.0}, "DE_FE_62": {"avail": 1.0, "util": 0.9052517507651089, "br": 0.0}, "DE_FE_70": {"avail": 1.0, "util": 0.7377253370587938, "br": 0.0}, "DE_FE_71": {"avail": 1.0, "util": 0.8612808327675944, "br": 0.0}, "DE_FE_72": {"avail": 1.0, "util": 0.1745131372978068, "br": 0.0}, "DE_FE_86": {"avail": 1.0, "util": 0.7816925773318815, "br": 0.0}, "DefMEt_FE_118": {"avail": 1.0, "util": 0.2086419181633031, "br": 0.0}, "DefMet_BE_33": {"avail": 1.0, "util": 0.9276059988890946, "br": 0.0}, "DefMet_BE_42": {"avail": 1.0, "util": 0.9820866506202555, "br": 0.0}, "DefMet_FE_10": {"avail": 1.0, "util": 0.5999120533234586, "br": 0.0}, "DefMet_FE_106": {"avail": 1.0, "util": 0.08535456396963526, "br": 0.0}, "DefMet_FE_34": {"avail": 1.0, "util": 0.7826097019070543, "br": 0.0}, "DefMet_FE_43": {"avail": 1.0, "util": 0.8965376782077392, "br": 0.0}, "Delay_32": {"avail": 1.0, "util": 0.29609725050916497, "br": 0.0}, "Dielectric_BE_20": {"avail": 1.0, "util": 0.8849102018144788, "br": 0.0}, "Dielectric_BE_21": {"avail": 1.0, "util": 0.9612417453557983, "br": 0.0}, "Dielectric_BE_27": {"avail": 1.0, "util": 0.9077215639079184, "br": 0.0}, "Dielectric_BE_28": {"avail": 1.0, "util": 0.9594519533419738, "br": 0.0}, "Dielectric_BE_60": {"avail": 1.0, "util": 0.9430352403875825, "br": 0.0}, "Dielectric_FE_112": {"avail": 1.0, "util": 0.3873973955440351, "br": 0.0}, "Dielectric_FE_130": {"avail": 1.0, "util": 0.28943714127013515, "br": 0.0}, "Dielectric_FE_29": {"avail": 1.0, "util": 0.9084428809479727, "br": 0.0}, "Dielectric_FE_30": {"avail": 1.0, "util": 0.9240187002406962, "br": 0.0}, "Dielectric_FE_31": {"avail": 1.0, "util": 0.19470931309016848, "br": 0.0}, "Diffusion_BE_123": {"avail": 1.0, "util": 0.0, "br": 0.0}, "Diffusion_FE_100": {"avail": 1.0, "util": 0.0, "br": 0.0}, "Diffusion_FE_101": {"avail": 1.0, "util": 0.0, "br": 0.0}, "Diffusion_FE_120": {"avail": 1.0, "util": 0.0, "br": 0.0}, "Diffusion_FE_122": {"avail": 1.0, "util": 0.0, "br": 0.0}, "Diffusion_FE_125": {"avail": 1.0, "util": 0.0, "br": 0.0}, "Diffusion_FE_126": {"avail": 1.0, "util": 0.0, "br": 0.0}, "Diffusion_FE_127": {"avail": 1.0, "util": 0.0, "br": 0.0}, "Diffusion_FE_44": {"avail": 1.0, "util": 0.6893300182505885, "br": 0.0}, "Diffusion_FE_94": {"avail": 1.0, "util": 0.0, "br": 0.0}, "EPI_36": {"avail": 1.0, "util": 0.009581558970561007, "br": 0.0}, "EPI_38": {"avail": 1.0, "util": 0.22412516200703572, "br": 0.0}, "Implant_119": {"avail": 1.0, "util": 0.03661359007591187, "br": 0.0}, "Implant_128": {"avail": 1.0, "util": 0.030819208564070628, "br": 0.0}, "Implant_132": {"avail": 1.0, "util": 0.03597217446504616, "br": 0.0}, "Implant_74": {"avail": 1.0, "util": 0.011294204776893168, "br": 0.0}, "Implant_88": {"avail": 1.0, "util": 0.009512127383817811, "br": 0.0}, "Implant_90": {"avail": 1.0, "util": 0.04892612479170524, "br": 0.0}, "Implant_91": {"avail": 1.0, "util": 0.04160605178935118, "br": 0.0}, "LithoMet_BE_18": {"avail": 1.0, "util": 0.967463937654643, "br": 0.0}, "LithoMet_FE_19": {"avail": 1.0, "util": 0.9673539291665565, "br": 0.0}, "LithoTrack_BE_117": {"avail": 1.0, "util": 0.0684039992593964, "br": 0.0}, "LithoTrack_FE_115": {"avail": 1.0, "util": 0.03803157500191925, "br": 0.0}, "LithoTrack_FE_95": {"avail": 1.0, "util": 0.05913951120162933, "br": 0.0}, "LithoTrack_FE_96": {"avail": 1.0, "util": 0.012543973338270691, "br": 0.0}, "Litho_BE_110": {"avail": 1.0, "util": 0.05558149457024867, "br": 0.0}, "Litho_BE_93": {"avail": 1.0, "util": 0.059456582114423256, "br": 0.0}, "Litho_BE_99": {"avail": 1.0, "util": 0.09748194778744677, "br": 0.0}, "Litho_FE_111": {"avail": 1.0, "util": 0.07643954823180893, "br": 0.0}, "Litho_FE_35": {"avail": 1.0, "util": 0.050569339011294206, "br": 0.0}, "Litho_FE_92": {"avail": 1.0, "util": 0.05880143278310284, "br": 0.0}, "Litho_FE_98": {"avail": 1.0, "util": 0.022310683206813554, "br": 0.0}, "Litho_REG_BE_63": {"avail": 1.0, "util": 0.9632012590261063, "br": 0.0}, "Litho_REG_FE_64": {"avail": 1.0, "util": 0.9546071715114485, "br": 0.0}, "Planar_BE_75": {"avail": 1.0, "util": 0.7929748459280028, "br": 0.0}, "Planar_FE_76": {"avail": 1.0, "util": 0.9256156267357897, "br": 0.0}, "Planar_FE_77": {"avail": 1.0, "util": 0.9557489353823366, "br": 0.0}, "Planar_FE_78": {"avail": 1.0, "util": 0.1384928716904277, "br": 0.0}, "Planar_FE_79": {"avail": 1.0, "util": 0.21501805221255324, "br": 0.0}, "Planar_FE_80": {"avail": 1.0, "util": 0.21373356785780412, "br": 0.0}, "TF_BE_2": {"avail": 1.0, "util": 0.39516987594889835, "br": 0.0}, "TF_BE_23": {"avail": 1.0, "util": 0.6820694580368715, "br": 0.0}, "TF_BE_24": {"avail": 1.0, "util": 0.8494144602851323, "br": 0.0}, "TF_BE_26": {"avail": 1.0, "util": 0.6366306809280332, "br": 0.0}, "TF_BE_40": {"avail": 1.0, "util": 0.6896707581384711, "br": 0.0}, "TF_FE_103": {"avail": 1.0, "util": 0.5249160208427011, "br": 0.0}, "TF_FE_104": {"avail": 1.0, "util": 0.6521199777818922, "br": 0.0}, "TF_FE_113": {"avail": 1.0, "util": 0.07256372276738876, "br": 0.0}, "TF_FE_131": {"avail": 1.0, "util": 0.9390699253224712, "br": 0.0}, "TF_FE_3": {"avail": 1.0, "util": 0.2977997901623156, "br": 0.0}, "TF_FE_5": {"avail": 1.0, "util": 0.4185953218539777, "br": 0.0}, "TF_Met_FE_45": {"avail": 1.0, "util": 0.058877985558229956, "br": 0.0}, "TF_Met_FE_61": {"avail": 1.0, "util": 0.9887752268098501, "br": 0.0}, "WE_BE_14": {"avail": 1.0, "util": 0.044167746713571564, "br": 0.0}, "WE_BE_16": {"avail": 1.0, "util": 0.040114099240881315, "br": 0.0}, "WE_BE_17": {"avail": 1.0, "util": 0.046472875393445655, "br": 0.0}, "WE_BE_7": {"avail": 1.0, "util": 0.022680985002777262, "br": 0.0}, "WE_BE_81": {"avail": 1.0, "util": 0.03979201382460038, "br": 0.0}, "WE_BE_82": {"avail": 1.0, "util": 0.04212697237137156, "br": 0.0}, "WE_BE_9": {"avail": 1.0, "util": 0.04560266617293094, "br": 0.0}, "WE_FE_108": {"avail": 1.0, "util": 0.04173397008216869, "br": 0.0}, "WE_FE_41": {"avail": 1.0, "util": 0.02952231068320681, "br": 0.0}, "WE_FE_47": {"avail": 1.0, "util": 0.03517867061655249, "br": 0.0}, "WE_FE_8": {"avail": 1.0, "util": 0.028883540085169412, "br": 0.0}, "WE_FE_83": {"avail": 1.0, "util": 0.03443806702462507, "br": 0.0}, "WE_FE_84": {"avail": 1.0, "util": 0.03405415119204505, "br": 0.0}, "WE_FE_85": {"avail": 1.0, "util": 0.02485650805406406, "br": 0.0}}, "plugins": {"cost": 428625.1269560185}}