{"lots": {}, "machines": {"DE_BE_11": {"avail": 1.0, "util": 0.868226202045444, "br": 0.0}, "DE_BE_12": {"avail": 1.0, "util": 0.7094563773031077, "br": 0.0}, "DE_BE_13": {"avail": 1.0, "util": 0.8514828223283034, "br": 0.0}, "DE_BE_48": {"avail": 1.0, "util": 0.5712708088801383, "br": 0.0}, "DE_BE_50": {"avail": 1.0, "util": 0.6852283770651117, "br": 0.0}, "DE_BE_65": {"avail": 1.0, "util": 0.8314654247598855, "br": 0.0}, "DE_BE_66": {"avail": 1.0, "util": 0.7672252574499188, "br": 0.0}, "DE_BE_67": {"avail": 1.0, "util": 0.7801610440094405, "br": 0.0}, "DE_BE_69": {"avail": 1.0, "util": 0.37204405571752514, "br": 0.0}, "DE_FE_1": {"avail": 1.0, "util": 0.5705955851728447, "br": 0.0}, "DE_FE_51": {"avail": 1.0, "util": 0.44109745939192, "br": 0.0}, "DE_FE_53": {"avail": 1.0, "util": 0.13774816048868527, "br": 0.0}, "DE_FE_54": {"avail": 1.0, "util": 0.821255032625295, "br": 0.0}, "DE_FE_56": {"avail": 1.0, "util": 0.8982021379980564, "br": 0.0}, "DE_FE_58": {"avail": 1.0, "util": 0.7423990004164931, "br": 0.0}, "DE_FE_59": {"avail": 1.0, "util": 0.7911026655560184, "br": 0.0}, "DE_FE_62": {"avail": 1.0, "util": 0.6894186245926942, "br": 0.0}, "DE_FE_70": {"avail": 1.0, "util": 0.7713326517991241, "br": 0.0}, "DE_FE_71": {"avail": 1.0, "util": 0.6362819504218921, "br": 0.0}, "DE_FE_72": {"avail": 1.0, "util": 0.26125478020521753, "br": 0.0}, "DE_FE_86": {"avail": 1.0, "util": 0.6523205961734401, "br": 0.0}, "DefMEt_FE_118": {"avail": 1.0, "util": 0.31087741218936554, "br": 0.0}, "DefMet_BE_33": {"avail": 1.0, "util": 0.9135082604470359, "br": 0.0}, "DefMet_BE_42": {"avail": 1.0, "util": 0.9751492433708178, "br": 0.0}, "DefMet_FE_10": {"avail": 1.0, "util": 0.4939261418853256, "br": 0.0}, "DefMet_FE_106": {"avail": 1.0, "util": 0.1296681938081355, "br": 0.0}, "DefMet_FE_34": {"avail": 1.0, "util": 0.743856726364015, "br": 0.0}, "DefMet_FE_43": {"avail": 1.0, "util": 0.8648479800083299, "br": 0.0}, "Delay_32": {"avail": 1.0, "util": 0.26997848118839374, "br": 0.0}, "Dielectric_BE_20": {"avail": 1.0, "util": 0.8783701235596278, "br": 0.0}, "Dielectric_BE_21": {"avail": 1.0, "util": 0.9564417603776204, "br": 0.0}, "Dielectric_BE_27": {"avail": 1.0, "util": 0.894540469248924, "br": 0.0}, "Dielectric_BE_28": {"avail": 1.0, "util": 0.9035818408996251, "br": 0.0}, "Dielectric_BE_60": {"avail": 1.0, "util": 0.9239205886436207, "br": 0.0}, "Dielectric_FE_112": {"avail": 1.0, "util": 0.5349777099048236, "br": 0.0}, "Dielectric_FE_130": {"avail": 1.0, "util": 0.4330834374566153, "br": 0.0}, "Dielectric_FE_29": {"avail": 1.0, "util": 0.9678143366190014, "br": 0.0}, "Dielectric_FE_30": {"avail": 1.0, "util": 0.9795571289740386, "br": 0.0}, "Dielectric_FE_31": {"avail": 1.0, "util": 0.29041718728307647, "br": 0.0}, "Diffusion_BE_123": {"avail": 1.0, "util": 0.0, "br": 0.0}, "Diffusion_FE_100": {"avail": 1.0, "util": 0.0, "br": 0.0}, "Diffusion_FE_101": {"avail": 1.0, "util": 0.0, "br": 0.0}, "Diffusion_FE_120": {"avail": 1.0, "util": 0.0, "br": 0.0}, "Diffusion_FE_122": {"avail": 1.0, "util": 0.0, "br": 0.0}, "Diffusion_FE_125": {"avail": 1.0, "util": 0.0, "br": 0.0}, "Diffusion_FE_126": {"avail": 1.0, "util": 0.0, "br": 0.0}, "Diffusion_FE_127": {"avail": 1.0, "util": 0.0, "br": 0.0}, "Diffusion_FE_44": {"avail": 1.0, "util": 0.0, "br": 0.0}, "Diffusion_FE_94": {"avail": 1.0, "util": 0.0, "br": 0.0}, "EPI_36": {"avail": 1.0, "util": 0.008919894488407607, "br": 0.0}, "EPI_38": {"avail": 1.0, "util": 0.31285575454671666, "br": 0.0}, "Implant_119": {"avail": 1.0, "util": 0.04730667777315008, "br": 0.0}, "Implant_128": {"avail": 1.0, "util": 0.03566695694975579, "br": 0.0}, "Implant_132": {"avail": 1.0, "util": 0.03819836972689951, "br": 0.0}, "Implant_74": {"avail": 1.0, "util": 0.016867971678467306, "br": 0.0}, "Implant_88": {"avail": 1.0, "util": 0.003609607108149382, "br": 0.0}, "Implant_90": {"avail": 1.0, "util": 0.0534152436484798, "br": 0.0}, "Implant_91": {"avail": 1.0, "util": 0.04704389044247436, "br": 0.0}, "LithoMet_BE_18": {"avail": 1.0, "util": 0.9503805232668207, "br": 0.0}, "LithoMet_FE_19": {"avail": 1.0, "util": 0.9505811070783999, "br": 0.0}, "LithoTrack_BE_117": {"avail": 1.0, "util": 0.07596834652228239, "br": 0.0}, "LithoTrack_FE_115": {"avail": 1.0, "util": 0.046520250708546235, "br": 0.0}, "LithoTrack_FE_95": {"avail": 1.0, "util": 0.07703387477439956, "br": 0.0}, "LithoTrack_FE_96": {"avail": 1.0, "util": 0.015167291406358462, "br": 0.0}, "Litho_BE_110": {"avail": 1.0, "util": 0.07179677549813182, "br": 0.0}, "Litho_BE_93": {"avail": 1.0, "util": 0.06917256698597807, "br": 0.0}, "Litho_BE_99": {"avail": 1.0, "util": 0.1234670739043917, "br": 0.0}, "Litho_FE_111": {"avail": 1.0, "util": 0.09692142162987644, "br": 0.0}, "Litho_FE_35": {"avail": 1.0, "util": 0.06299458558933778, "br": 0.0}, "Litho_FE_92": {"avail": 1.0, "util": 0.07588985358664659, "br": 0.0}, "Litho_FE_98": {"avail": 1.0, "util": 0.03193113980285992, "br": 0.0}, "Litho_REG_BE_63": {"avail": 1.0, "util": 0.927391364709149, "br": 0.0}, "Litho_REG_FE_64": {"avail": 1.0, "util": 0.9503274098755148, "br": 0.0}, "Planar_BE_75": {"avail": 1.0, "util": 0.814001110648341, "br": 0.0}, "Planar_FE_76": {"avail": 1.0, "util": 0.9254824378731085, "br": 0.0}, "Planar_FE_77": {"avail": 1.0, "util": 0.8980980147160905, "br": 0.0}, "Planar_FE_78": {"avail": 1.0, "util": 0.21268915729557128, "br": 0.0}, "Planar_FE_79": {"avail": 1.0, "util": 0.3181313341663196, "br": 0.0}, "Planar_FE_80": {"avail": 1.0, "util": 0.3252464251006525, "br": 0.0}, "TF_BE_2": {"avail": 1.0, "util": 0.4668193808135499, "br": 0.0}, "TF_BE_23": {"avail": 1.0, "util": 0.688324309315563, "br": 0.0}, "TF_BE_24": {"avail": 1.0, "util": 0.7251492433708178, "br": 0.0}, "TF_BE_26": {"avail": 1.0, "util": 0.7384316363908201, "br": 0.0}, "TF_BE_40": {"avail": 1.0, "util": 0.7630766592351226, "br": 0.0}, "TF_FE_103": {"avail": 1.0, "util": 0.7327403264512803, "br": 0.0}, "TF_FE_104": {"avail": 1.0, "util": 0.7479244759128141, "br": 0.0}, "TF_FE_113": {"avail": 1.0, "util": 0.10717756490351242, "br": 0.0}, "TF_FE_131": {"avail": 1.0, "util": 0.7109884770234625, "br": 0.0}, "TF_FE_3": {"avail": 1.0, "util": 0.4478920820028692, "br": 0.0}, "TF_FE_5": {"avail": 1.0, "util": 0.3550372529964367, "br": 0.0}, "TF_Met_FE_45": {"avail": 1.0, "util": 0.08850478967097043, "br": 0.0}, "TF_Met_FE_61": {"avail": 1.0, "util": 0.9779952797445509, "br": 0.0}, "WE_BE_14": {"avail": 1.0, "util": 0.0379980563654033, "br": 0.0}, "WE_BE_16": {"avail": 1.0, "util": 0.03800499791753436, "br": 0.0}, "WE_BE_17": {"avail": 1.0, "util": 0.03255587949465501, "br": 0.0}, "WE_BE_7": {"avail": 1.0, "util": 0.017006802721088437, "br": 0.0}, "WE_BE_81": {"avail": 1.0, "util": 0.04789670970428988, "br": 0.0}, "WE_BE_82": {"avail": 1.0, "util": 0.0449349807950391, "br": 0.0}, "WE_BE_9": {"avail": 1.0, "util": 0.05214493960849646, "br": 0.0}, "WE_FE_108": {"avail": 1.0, "util": 0.04026818327612537, "br": 0.0}, "WE_FE_41": {"avail": 1.0, "util": 0.031861724281549354, "br": 0.0}, "WE_FE_47": {"avail": 1.0, "util": 0.035804525891989444, "br": 0.0}, "WE_FE_8": {"avail": 1.0, "util": 0.02724559211439678, "br": 0.0}, "WE_FE_83": {"avail": 1.0, "util": 0.036651395251978344, "br": 0.0}, "WE_FE_84": {"avail": 1.0, "util": 0.03638598296461441, "br": 0.0}, "WE_FE_85": {"avail": 1.0, "util": 0.025406080799666806, "br": 0.0}}, "plugins": {"cost": 429025.12891203706}}