{"lots": {}, "machines": {"DE_BE_11": {"avail": 1.0, "util": 0.8835196371126386, "br": 0.0}, "DE_BE_12": {"avail": 1.0, "util": 0.7103381240019441, "br": 0.0}, "DE_BE_13": {"avail": 1.0, "util": 0.8551957658393817, "br": 0.0}, "DE_BE_48": {"avail": 1.0, "util": 0.6807357053139182, "br": 0.0}, "DE_BE_50": {"avail": 1.0, "util": 0.7717419981948205, "br": 0.0}, "DE_BE_65": {"avail": 1.0, "util": 0.8282112943641792, "br": 0.0}, "DE_BE_66": {"avail": 1.0, "util": 0.6338875479373169, "br": 0.0}, "DE_BE_67": {"avail": 1.0, "util": 0.7185119261769959, "br": 0.0}, "DE_BE_69": {"avail": 1.0, "util": 0.37459788469994676, "br": 0.0}, "DE_FE_1": {"avail": 1.0, "util": 0.5611330972714018, "br": 0.0}, "DE_FE_51": {"avail": 1.0, "util": 0.2825453030618621, "br": 0.0}, "DE_FE_53": {"avail": 1.0, "util": 0.1338471151843366, "br": 0.0}, "DE_FE_54": {"avail": 1.0, "util": 0.811867897891643, "br": 0.0}, "DE_FE_56": {"avail": 1.0, "util": 0.9054710824133861, "br": 0.0}, "DE_FE_58": {"avail": 1.0, "util": 0.7466152884815663, "br": 0.0}, "DE_FE_59": {"avail": 1.0, "util": 0.8095188502395334, "br": 0.0}, "DE_FE_62": {"avail": 1.0, "util": 0.6555701222376058, "br": 0.0}, "DE_FE_70": {"avail": 1.0, "util": 0.8138392885320608, "br": 0.0}, "DE_FE_71": {"avail": 1.0, "util": 0.6628441605529712, "br": 0.0}, "DE_FE_72": {"avail": 1.0, "util": 0.5220566422399374, "br": 0.0}, "DE_FE_86": {"avail": 1.0, "util": 0.6670673600250419, "br": 0.0}, "DefMEt_FE_118": {"avail": 1.0, "util": 0.31038672498784975, "br": 0.0}, "DefMet_BE_33": {"avail": 1.0, "util": 0.8902312018329515, "br": 0.0}, "DefMet_BE_42": {"avail": 1.0, "util": 0.9923627022148164, "br": 0.0}, "DefMet_FE_10": {"avail": 1.0, "util": 0.4703533985975144, "br": 0.0}, "DefMet_FE_106": {"avail": 1.0, "util": 0.1271957231132403, "br": 0.0}, "DefMet_FE_34": {"avail": 1.0, "util": 0.4876761785739082, "br": 0.0}, "DefMet_FE_43": {"avail": 1.0, "util": 0.8194681663542317, "br": 0.0}, "Delay_32": {"avail": 1.0, "util": 0.2871040755398181, "br": 0.0}, "Dielectric_BE_20": {"avail": 1.0, "util": 0.4646670832465459, "br": 0.0}, "Dielectric_BE_21": {"avail": 1.0, "util": 0.9553102362933649, "br": 0.0}, "Dielectric_BE_27": {"avail": 1.0, "util": 0.8923777453771204, "br": 0.0}, "Dielectric_BE_28": {"avail": 1.0, "util": 0.8822698974750631, "br": 0.0}, "Dielectric_BE_60": {"avail": 1.0, "util": 0.9173667522969752, "br": 0.0}, "Dielectric_FE_112": {"avail": 1.0, "util": 0.6379766560978808, "br": 0.0}, "Dielectric_FE_130": {"avail": 1.0, "util": 0.43041380267999724, "br": 0.0}, "Dielectric_FE_29": {"avail": 1.0, "util": 0.3197482006063551, "br": 0.0}, "Dielectric_FE_30": {"avail": 1.0, "util": 0.9728875928625981, "br": 0.0}, "Dielectric_FE_31": {"avail": 1.0, "util": 0.40765812677914326, "br": 0.0}, "Diffusion_BE_123": {"avail": 1.0, "util": 0.0, "br": 0.0}, "Diffusion_FE_100": {"avail": 1.0, "util": 0.0, "br": 0.0}, "Diffusion_FE_101": {"avail": 1.0, "util": 0.0, "br": 0.0}, "Diffusion_FE_120": {"avail": 1.0, "util": 0.0, "br": 0.0}, "Diffusion_FE_122": {"avail": 1.0, "util": 0.0, "br": 0.0}, "Diffusion_FE_125": {"avail": 1.0, "util": 0.0, "br": 0.0}, "Diffusion_FE_126": {"avail": 1.0, "util": 0.0, "br": 0.0}, "Diffusion_FE_127": {"avail": 1.0, "util": 0.0, "br": 0.0}, "Diffusion_FE_44": {"avail": 1.0, "util": 0.0, "br": 0.0}, "Diffusion_FE_94": {"avail": 1.0, "util": 0.0, "br": 0.0}, "EPI_36": {"avail": 1.0, "util": 0.009060612372422411, "br": 0.0}, "EPI_38": {"avail": 1.0, "util": 0.3079219607026314, "br": 0.0}, "Implant_119": {"avail": 1.0, "util": 0.009164757342220371, "br": 0.0}, "Implant_128": {"avail": 1.0, "util": 0.03954984125781876, "br": 0.0}, "Implant_132": {"avail": 1.0, "util": 0.016454905228077483, "br": 0.0}, "Implant_74": {"avail": 1.0, "util": 0.016940915087134623, "br": 0.0}, "Implant_88": {"avail": 1.0, "util": 0.003540928973130598, "br": 0.0}, "Implant_90": {"avail": 1.0, "util": 0.02200930361730195, "br": 0.0}, "Implant_91": {"avail": 1.0, "util": 0.04645857509844179, "br": 0.0}, "LithoMet_BE_18": {"avail": 1.0, "util": 0.9675257048720911, "br": 0.0}, "LithoMet_FE_19": {"avail": 1.0, "util": 0.9556788764245544, "br": 0.0}, "LithoTrack_BE_117": {"avail": 1.0, "util": 0.06479205721030341, "br": 0.0}, "LithoTrack_FE_115": {"avail": 1.0, "util": 0.04757816376330812, "br": 0.0}, "LithoTrack_FE_95": {"avail": 1.0, "util": 0.07553634659445949, "br": 0.0}, "LithoTrack_FE_96": {"avail": 1.0, "util": 0.015274595570367285, "br": 0.0}, "Litho_BE_110": {"avail": 1.0, "util": 0.07183286090760077, "br": 0.0}, "Litho_BE_93": {"avail": 1.0, "util": 0.073213913767965, "br": 0.0}, "Litho_BE_99": {"avail": 1.0, "util": 0.1075007521581152, "br": 0.0}, "Litho_FE_111": {"avail": 1.0, "util": 0.10203776990904673, "br": 0.0}, "Litho_FE_35": {"avail": 1.0, "util": 0.029542456432687634, "br": 0.0}, "Litho_FE_92": {"avail": 1.0, "util": 0.07352100790967693, "br": 0.0}, "Litho_FE_98": {"avail": 1.0, "util": 0.03726654169270291, "br": 0.0}, "Litho_REG_BE_63": {"avail": 1.0, "util": 0.961509754912171, "br": 0.0}, "Litho_REG_FE_64": {"avail": 1.0, "util": 0.9383751070378856, "br": 0.0}, "Planar_BE_75": {"avail": 1.0, "util": 0.852510885628986, "br": 0.0}, "Planar_FE_76": {"avail": 1.0, "util": 0.9282094008192737, "br": 0.0}, "Planar_FE_77": {"avail": 1.0, "util": 0.8985627994167882, "br": 0.0}, "Planar_FE_78": {"avail": 1.0, "util": 0.5322849406373672, "br": 0.0}, "Planar_FE_79": {"avail": 1.0, "util": 0.3182323127126293, "br": 0.0}, "Planar_FE_80": {"avail": 1.0, "util": 0.3222245365548844, "br": 0.0}, "TF_BE_2": {"avail": 1.0, "util": 0.5989724362979935, "br": 0.0}, "TF_BE_23": {"avail": 1.0, "util": 0.5404875968300255, "br": 0.0}, "TF_BE_24": {"avail": 1.0, "util": 0.7261855169062001, "br": 0.0}, "TF_BE_26": {"avail": 1.0, "util": 0.8039671222341499, "br": 0.0}, "TF_BE_40": {"avail": 1.0, "util": 0.8334456465360566, "br": 0.0}, "TF_FE_103": {"avail": 1.0, "util": 0.7335376558455083, "br": 0.0}, "TF_FE_104": {"avail": 1.0, "util": 0.7423731167117962, "br": 0.0}, "TF_FE_113": {"avail": 1.0, "util": 0.11203684417598186, "br": 0.0}, "TF_FE_131": {"avail": 1.0, "util": 0.7100025457659284, "br": 0.0}, "TF_FE_3": {"avail": 1.0, "util": 0.4462033372676989, "br": 0.0}, "TF_FE_5": {"avail": 1.0, "util": 0.35717095975375496, "br": 0.0}, "TF_Met_FE_45": {"avail": 1.0, "util": 0.089217524126918, "br": 0.0}, "TF_Met_FE_61": {"avail": 1.0, "util": 0.9802818857182531, "br": 0.0}, "WE_BE_14": {"avail": 1.0, "util": 0.03645073942928557, "br": 0.0}, "WE_BE_16": {"avail": 1.0, "util": 0.03839477886551413, "br": 0.0}, "WE_BE_17": {"avail": 1.0, "util": 0.032666805526626395, "br": 0.0}, "WE_BE_7": {"avail": 1.0, "util": 0.01701034506699993, "br": 0.0}, "WE_BE_81": {"avail": 1.0, "util": 0.03385868684764748, "br": 0.0}, "WE_BE_82": {"avail": 1.0, "util": 0.04295401421000254, "br": 0.0}, "WE_BE_9": {"avail": 1.0, "util": 0.05054502534194265, "br": 0.0}, "WE_FE_108": {"avail": 1.0, "util": 0.036477074938889645, "br": 0.0}, "WE_FE_41": {"avail": 1.0, "util": 0.032659862528639866, "br": 0.0}, "WE_FE_47": {"avail": 1.0, "util": 0.028410747760883148, "br": 0.0}, "WE_FE_8": {"avail": 1.0, "util": 0.02520308269110602, "br": 0.0}, "WE_FE_83": {"avail": 1.0, "util": 0.04160012960262908, "br": 0.0}, "WE_FE_84": {"avail": 1.0, "util": 0.03696533810358136, "br": 0.0}, "WE_FE_85": {"avail": 1.0, "util": 0.025619662570297855, "br": 0.0}}, "plugins": {"cost": 429025.13097222225}}