{"lots": {}, "machines": {"DE_BE_11": {"avail": 1.0, "util": 0.8398360584905776, "br": 0.0}, "DE_BE_12": {"avail": 1.0, "util": 0.5625322402723658, "br": 0.0}, "DE_BE_13": {"avail": 1.0, "util": 0.8729344096268157, "br": 0.0}, "DE_BE_48": {"avail": 1.0, "util": 0.7653514198706133, "br": 0.0}, "DE_BE_50": {"avail": 1.0, "util": 0.7671573801455475, "br": 0.0}, "DE_BE_65": {"avail": 1.0, "util": 0.7935064213604294, "br": 0.0}, "DE_BE_66": {"avail": 1.0, "util": 0.6785701447958773, "br": 0.0}, "DE_BE_67": {"avail": 1.0, "util": 0.7620081712632126, "br": 0.0}, "DE_BE_69": {"avail": 1.0, "util": 0.14625113419624836, "br": 0.0}, "DE_FE_1": {"avail": 1.0, "util": 0.9022387645130826, "br": 0.0}, "DE_FE_51": {"avail": 1.0, "util": 0.442678184545303, "br": 0.0}, "DE_FE_53": {"avail": 1.0, "util": 0.11102716515749124, "br": 0.0}, "DE_FE_54": {"avail": 1.0, "util": 0.9865563024276429, "br": 0.0}, "DE_FE_56": {"avail": 1.0, "util": 0.959724459752236, "br": 0.0}, "DE_FE_58": {"avail": 1.0, "util": 0.8737847897339037, "br": 0.0}, "DE_FE_59": {"avail": 1.0, "util": 0.9084634186989612, "br": 0.0}, "DE_FE_62": {"avail": 1.0, "util": 0.6718875095174451, "br": 0.0}, "DE_FE_70": {"avail": 1.0, "util": 0.8885364954472226, "br": 0.0}, "DE_FE_71": {"avail": 1.0, "util": 0.6990167212932615, "br": 0.0}, "DE_FE_72": {"avail": 1.0, "util": 0.4477276514941089, "br": 0.0}, "DE_FE_86": {"avail": 1.0, "util": 0.7625061319568875, "br": 0.0}, "DefMEt_FE_118": {"avail": 1.0, "util": 0.25218043442030996, "br": 0.0}, "DefMet_BE_33": {"avail": 1.0, "util": 0.8867007388478418, "br": 0.0}, "DefMet_BE_42": {"avail": 1.0, "util": 0.9964446419643354, "br": 0.0}, "DefMet_FE_10": {"avail": 1.0, "util": 0.4798066774068107, "br": 0.0}, "DefMet_FE_106": {"avail": 1.0, "util": 0.20982167657352369, "br": 0.0}, "DefMet_FE_34": {"avail": 1.0, "util": 0.515554691406033, "br": 0.0}, "DefMet_FE_43": {"avail": 1.0, "util": 0.8671073829231709, "br": 0.0}, "Delay_32": {"avail": 1.0, "util": 0.30767332370423867, "br": 0.0}, "Dielectric_BE_20": {"avail": 1.0, "util": 0.7078051219376702, "br": 0.0}, "Dielectric_BE_21": {"avail": 1.0, "util": 0.9239116345388219, "br": 0.0}, "Dielectric_BE_27": {"avail": 1.0, "util": 0.9225459696683518, "br": 0.0}, "Dielectric_BE_28": {"avail": 1.0, "util": 0.9430031664907506, "br": 0.0}, "Dielectric_BE_60": {"avail": 1.0, "util": 0.9098105660796623, "br": 0.0}, "Dielectric_FE_112": {"avail": 1.0, "util": 0.5908622360486145, "br": 0.0}, "Dielectric_FE_130": {"avail": 1.0, "util": 0.38771457141269927, "br": 0.0}, "Dielectric_FE_29": {"avail": 1.0, "util": 0.7802159139307075, "br": 0.0}, "Dielectric_FE_30": {"avail": 1.0, "util": 0.8941725459696683, "br": 0.0}, "Dielectric_FE_31": {"avail": 1.0, "util": 0.3681462140992167, "br": 0.0}, "Diffusion_BE_123": {"avail": 1.0, "util": 0.0, "br": 0.0}, "Diffusion_FE_100": {"avail": 1.0, "util": 0.0, "br": 0.0}, "Diffusion_FE_101": {"avail": 1.0, "util": 0.0, "br": 0.0}, "Diffusion_FE_120": {"avail": 1.0, "util": 0.0, "br": 0.0}, "Diffusion_FE_122": {"avail": 1.0, "util": 0.0, "br": 0.0}, "Diffusion_FE_125": {"avail": 1.0, "util": 0.0, "br": 0.0}, "Diffusion_FE_126": {"avail": 1.0, "util": 0.0, "br": 0.0}, "Diffusion_FE_127": {"avail": 1.0, "util": 0.0, "br": 0.0}, "Diffusion_FE_44": {"avail": 1.0, "util": 0.0, "br": 0.0}, "Diffusion_FE_94": {"avail": 1.0, "util": 0.0, "br": 0.0}, "EPI_36": {"avail": 1.0, "util": 0.010110549413921449, "br": 0.0}, "EPI_38": {"avail": 1.0, "util": 0.26554080328870616, "br": 0.0}, "Implant_119": {"avail": 1.0, "util": 0.03383145380812177, "br": 0.0}, "Implant_128": {"avail": 1.0, "util": 0.03447283231739651, "br": 0.0}, "Implant_132": {"avail": 1.0, "util": 0.029657082543033324, "br": 0.0}, "Implant_74": {"avail": 1.0, "util": 0.013693683684239764, "br": 0.0}, "Implant_88": {"avail": 1.0, "util": 0.005749680573301484, "br": 0.0}, "Implant_90": {"avail": 1.0, "util": 0.03585911893783679, "br": 0.0}, "Implant_91": {"avail": 1.0, "util": 0.04636250367043101, "br": 0.0}, "LithoMet_BE_18": {"avail": 1.0, "util": 0.9581487897137028, "br": 0.0}, "LithoMet_FE_19": {"avail": 1.0, "util": 0.9603196647805281, "br": 0.0}, "LithoTrack_BE_117": {"avail": 1.0, "util": 0.06759624465307483, "br": 0.0}, "LithoTrack_FE_115": {"avail": 1.0, "util": 0.04502730878094848, "br": 0.0}, "LithoTrack_FE_95": {"avail": 1.0, "util": 0.06591439364479752, "br": 0.0}, "LithoTrack_FE_96": {"avail": 1.0, "util": 0.015165824120882174, "br": 0.0}, "Litho_BE_110": {"avail": 1.0, "util": 0.060769570772638226, "br": 0.0}, "Litho_BE_93": {"avail": 1.0, "util": 0.06270484973057053, "br": 0.0}, "Litho_BE_99": {"avail": 1.0, "util": 0.09917967520322944, "br": 0.0}, "Litho_FE_111": {"avail": 1.0, "util": 0.0882923170934948, "br": 0.0}, "Litho_FE_35": {"avail": 1.0, "util": 0.053635909116160216, "br": 0.0}, "Litho_FE_92": {"avail": 1.0, "util": 0.06841713921876136, "br": 0.0}, "Litho_FE_98": {"avail": 1.0, "util": 0.025526359646686297, "br": 0.0}, "Litho_REG_BE_63": {"avail": 1.0, "util": 0.9505583023165379, "br": 0.0}, "Litho_REG_FE_64": {"avail": 1.0, "util": 0.9678721552506343, "br": 0.0}, "Planar_BE_75": {"avail": 1.0, "util": 0.8172006317109366, "br": 0.0}, "Planar_FE_76": {"avail": 1.0, "util": 0.9255874673629243, "br": 0.0}, "Planar_FE_77": {"avail": 1.0, "util": 0.9298650074995833, "br": 0.0}, "Planar_FE_78": {"avail": 1.0, "util": 0.41961557691239376, "br": 0.0}, "Planar_FE_79": {"avail": 1.0, "util": 0.25552747069607246, "br": 0.0}, "Planar_FE_80": {"avail": 1.0, "util": 0.2589578356757958, "br": 0.0}, "TF_BE_2": {"avail": 1.0, "util": 0.5868285095272485, "br": 0.0}, "TF_BE_23": {"avail": 1.0, "util": 0.5451403493456713, "br": 0.0}, "TF_BE_24": {"avail": 1.0, "util": 0.8646464085328592, "br": 0.0}, "TF_BE_26": {"avail": 1.0, "util": 0.7587655386666552, "br": 0.0}, "TF_BE_40": {"avail": 1.0, "util": 0.7276458497403738, "br": 0.0}, "TF_FE_103": {"avail": 1.0, "util": 0.6309649463918671, "br": 0.0}, "TF_FE_104": {"avail": 1.0, "util": 0.6910838286761847, "br": 0.0}, "TF_FE_113": {"avail": 1.0, "util": 0.2613002981315853, "br": 0.0}, "TF_FE_131": {"avail": 1.0, "util": 0.8521008092143029, "br": 0.0}, "TF_FE_3": {"avail": 1.0, "util": 0.354146991833787, "br": 0.0}, "TF_FE_5": {"avail": 1.0, "util": 0.28950243504990464, "br": 0.0}, "TF_Met_FE_45": {"avail": 1.0, "util": 0.07135714682517638, "br": 0.0}, "TF_Met_FE_61": {"avail": 1.0, "util": 0.981889895005833, "br": 0.0}, "WE_BE_14": {"avail": 1.0, "util": 0.041586578523415366, "br": 0.0}, "WE_BE_16": {"avail": 1.0, "util": 0.037393755902449866, "br": 0.0}, "WE_BE_17": {"avail": 1.0, "util": 0.031831564913060384, "br": 0.0}, "WE_BE_7": {"avail": 1.0, "util": 0.02744291983778679, "br": 0.0}, "WE_BE_81": {"avail": 1.0, "util": 0.04190507934744366, "br": 0.0}, "WE_BE_82": {"avail": 1.0, "util": 0.04330623607330457, "br": 0.0}, "WE_BE_9": {"avail": 1.0, "util": 0.0495416921282151, "br": 0.0}, "WE_FE_108": {"avail": 1.0, "util": 0.03983112049330593, "br": 0.0}, "WE_FE_41": {"avail": 1.0, "util": 0.0313871451586023, "br": 0.0}, "WE_FE_47": {"avail": 1.0, "util": 0.0391644908616188, "br": 0.0}, "WE_FE_8": {"avail": 1.0, "util": 0.030526081884339758, "br": 0.0}, "WE_FE_83": {"avail": 1.0, "util": 0.03970149806492232, "br": 0.0}, "WE_FE_84": {"avail": 1.0, "util": 0.03568102425682233, "br": 0.0}, "WE_FE_85": {"avail": 1.0, "util": 0.02980389978334537, "br": 0.0}}, "plugins": {"cost": 429025.1320138889}}