{"lots": {}, "machines": {"DE_BE_11": {"avail": 1.0, "util": 0.6246435845213849, "br": 0.0}, "DE_BE_12": {"avail": 1.0, "util": 0.9444547306054434, "br": 0.0}, "DE_BE_13": {"avail": 1.0, "util": 0.8284180178273866, "br": 0.0}, "DE_BE_48": {"avail": 1.0, "util": 0.8127615256433994, "br": 0.0}, "DE_BE_50": {"avail": 1.0, "util": 0.9357834968832933, "br": 0.0}, "DE_BE_65": {"avail": 1.0, "util": 0.7911334502325277, "br": 0.0}, "DE_BE_66": {"avail": 1.0, "util": 0.6923425486508347, "br": 0.0}, "DE_BE_67": {"avail": 1.0, "util": 0.8669320496204407, "br": 0.0}, "DE_BE_69": {"avail": 1.0, "util": 0.922745787817071, "br": 0.0}, "DE_FE_1": {"avail": 1.0, "util": 0.5365408522231332, "br": 0.0}, "DE_FE_51": {"avail": 1.0, "util": 0.4739229577368713, "br": 0.0}, "DE_FE_53": {"avail": 1.0, "util": 0.8209313090168489, "br": 0.0}, "DE_FE_54": {"avail": 1.0, "util": 0.8149879651916312, "br": 0.0}, "DE_FE_56": {"avail": 1.0, "util": 0.8998333641918164, "br": 0.0}, "DE_FE_58": {"avail": 1.0, "util": 0.7368079985187929, "br": 0.0}, "DE_FE_59": {"avail": 1.0, "util": 0.7956150095661297, "br": 0.0}, "DE_FE_62": {"avail": 1.0, "util": 0.7464986642685217, "br": 0.0}, "DE_FE_70": {"avail": 1.0, "util": 0.7275682565906598, "br": 0.0}, "DE_FE_71": {"avail": 1.0, "util": 0.7314997883989738, "br": 0.0}, "DE_FE_72": {"avail": 1.0, "util": 0.8690571704828324, "br": 0.0}, "DE_FE_86": {"avail": 1.0, "util": 0.7237709751966371, "br": 0.0}, "DefMEt_FE_118": {"avail": 1.0, "util": 0.2488428068876134, "br": 0.0}, "DefMet_BE_33": {"avail": 1.0, "util": 0.929040918348454, "br": 0.0}, "DefMet_BE_42": {"avail": 1.0, "util": 0.9498703943714127, "br": 0.0}, "DefMet_FE_10": {"avail": 1.0, "util": 0.4774578781707091, "br": 0.0}, "DefMet_FE_106": {"avail": 1.0, "util": 0.3023051286798741, "br": 0.0}, "DefMet_FE_34": {"avail": 1.0, "util": 0.6104425106461766, "br": 0.0}, "DefMet_FE_43": {"avail": 1.0, "util": 0.9868234277602912, "br": 0.0}, "Delay_32": {"avail": 1.0, "util": 0.40325865580448067, "br": 0.0}, "Dielectric_BE_20": {"avail": 1.0, "util": 0.9565450842436586, "br": 0.0}, "Dielectric_BE_21": {"avail": 1.0, "util": 0.947515506387706, "br": 0.0}, "Dielectric_BE_27": {"avail": 1.0, "util": 0.7265136085910017, "br": 0.0}, "Dielectric_BE_28": {"avail": 1.0, "util": 0.7092436585817441, "br": 0.0}, "Dielectric_BE_60": {"avail": 1.0, "util": 0.8699777818922422, "br": 0.0}, "Dielectric_FE_112": {"avail": 1.0, "util": 0.912317163488243, "br": 0.0}, "Dielectric_FE_130": {"avail": 1.0, "util": 0.8972296796889465, "br": 0.0}, "Dielectric_FE_29": {"avail": 1.0, "util": 0.9061902116891933, "br": 0.0}, "Dielectric_FE_30": {"avail": 1.0, "util": 0.9280688761340492, "br": 0.0}, "Dielectric_FE_31": {"avail": 1.0, "util": 0.9611183114238104, "br": 0.0}, "Diffusion_BE_123": {"avail": 1.0, "util": 0.0, "br": 0.0}, "Diffusion_FE_100": {"avail": 1.0, "util": 0.0, "br": 0.0}, "Diffusion_FE_101": {"avail": 1.0, "util": 0.0, "br": 0.0}, "Diffusion_FE_120": {"avail": 1.0, "util": 0.0, "br": 0.0}, "Diffusion_FE_122": {"avail": 1.0, "util": 0.0, "br": 0.0}, "Diffusion_FE_125": {"avail": 1.0, "util": 0.0, "br": 0.0}, "Diffusion_FE_126": {"avail": 1.0, "util": 0.0, "br": 0.0}, "Diffusion_FE_127": {"avail": 1.0, "util": 0.7843814931391306, "br": 0.0}, "Diffusion_FE_44": {"avail": 1.0, "util": 0.0, "br": 0.0}, "Diffusion_FE_94": {"avail": 1.0, "util": 0.0, "br": 0.0}, "EPI_36": {"avail": 1.0, "util": 0.012034808368820588, "br": 0.0}, "EPI_38": {"avail": 1.0, "util": 0.029624143677096836, "br": 0.0}, "Implant_119": {"avail": 1.0, "util": 0.016987594889835214, "br": 0.0}, "Implant_128": {"avail": 1.0, "util": 0.0393908535456397, "br": 0.0}, "Implant_132": {"avail": 1.0, "util": 0.03513238289205703, "br": 0.0}, "Implant_74": {"avail": 1.0, "util": 0.0056702462506943154, "br": 0.0}, "Implant_88": {"avail": 1.0, "util": 0.02714775041658952, "br": 0.0}, "Implant_90": {"avail": 1.0, "util": 0.04094149231623773, "br": 0.0}, "Implant_91": {"avail": 1.0, "util": 0.035417823859779055, "br": 0.0}, "LithoMet_BE_18": {"avail": 1.0, "util": 0.9712731260592768, "br": 0.0}, "LithoMet_FE_19": {"avail": 1.0, "util": 0.9621083544199635, "br": 0.0}, "LithoTrack_BE_117": {"avail": 1.0, "util": 0.08690057396778375, "br": 0.0}, "LithoTrack_FE_115": {"avail": 1.0, "util": 0.0426137498139415, "br": 0.0}, "LithoTrack_FE_95": {"avail": 1.0, "util": 0.04646909680369093, "br": 0.0}, "LithoTrack_FE_96": {"avail": 1.0, "util": 0.002522680985002777, "br": 0.0}, "Litho_BE_110": {"avail": 1.0, "util": 0.053174676647181736, "br": 0.0}, "Litho_BE_93": {"avail": 1.0, "util": 0.04725976670986854, "br": 0.0}, "Litho_BE_99": {"avail": 1.0, "util": 0.15228661359007592, "br": 0.0}, "Litho_FE_111": {"avail": 1.0, "util": 0.08192296039453972, "br": 0.0}, "Litho_FE_35": {"avail": 1.0, "util": 0.025203665987780042, "br": 0.0}, "Litho_FE_92": {"avail": 1.0, "util": 0.07625692211879954, "br": 0.0}, "Litho_FE_98": {"avail": 1.0, "util": 0.07520829476022958, "br": 0.0}, "Litho_REG_BE_63": {"avail": 1.0, "util": 0.9632186169227921, "br": 0.0}, "Litho_REG_FE_64": {"avail": 1.0, "util": 0.9834488322268363, "br": 0.0}, "Planar_BE_75": {"avail": 1.0, "util": 0.6552605998889095, "br": 0.0}, "Planar_FE_76": {"avail": 1.0, "util": 0.8270073443189533, "br": 0.0}, "Planar_FE_77": {"avail": 1.0, "util": 0.9576004443621552, "br": 0.0}, "Planar_FE_78": {"avail": 1.0, "util": 0.7056563599333456, "br": 0.0}, "Planar_FE_79": {"avail": 1.0, "util": 0.9039807443066098, "br": 0.0}, "Planar_FE_80": {"avail": 1.0, "util": 0.6443251249768561, "br": 0.0}, "TF_BE_2": {"avail": 1.0, "util": 0.2213131827439363, "br": 0.0}, "TF_BE_23": {"avail": 1.0, "util": 0.34595688907512256, "br": 0.0}, "TF_BE_24": {"avail": 1.0, "util": 0.19314941677467137, "br": 0.0}, "TF_BE_26": {"avail": 1.0, "util": 0.5632259458125038, "br": 0.0}, "TF_BE_40": {"avail": 1.0, "util": 0.5170338826143307, "br": 0.0}, "TF_FE_103": {"avail": 1.0, "util": 0.7433345676726532, "br": 0.0}, "TF_FE_104": {"avail": 1.0, "util": 0.8507128309572302, "br": 0.0}, "TF_FE_113": {"avail": 1.0, "util": 0.32938344750972043, "br": 0.0}, "TF_FE_131": {"avail": 1.0, "util": 0.535163241375054, "br": 0.0}, "TF_FE_3": {"avail": 1.0, "util": 0.8927976300685059, "br": 0.0}, "TF_FE_5": {"avail": 1.0, "util": 0.31396963525273097, "br": 0.0}, "TF_Met_FE_45": {"avail": 1.0, "util": 0.07082021847805962, "br": 0.0}, "TF_Met_FE_61": {"avail": 1.0, "util": 0.9868542862432883, "br": 0.0}, "WE_BE_14": {"avail": 1.0, "util": 0.0420755415663766, "br": 0.0}, "WE_BE_16": {"avail": 1.0, "util": 0.04431278158365735, "br": 0.0}, "WE_BE_17": {"avail": 1.0, "util": 0.05089335308276245, "br": 0.0}, "WE_BE_7": {"avail": 1.0, "util": 0.015182373634512128, "br": 0.0}, "WE_BE_81": {"avail": 1.0, "util": 0.037585632290316605, "br": 0.0}, "WE_BE_82": {"avail": 1.0, "util": 0.05344843547491206, "br": 0.0}, "WE_BE_9": {"avail": 1.0, "util": 0.0469688152987542, "br": 0.0}, "WE_FE_108": {"avail": 1.0, "util": 0.04154124897505753, "br": 0.0}, "WE_FE_41": {"avail": 1.0, "util": 0.03637289390853545, "br": 0.0}, "WE_FE_47": {"avail": 1.0, "util": 0.03696846263037709, "br": 0.0}, "WE_FE_8": {"avail": 1.0, "util": 0.04950472134789854, "br": 0.0}, "WE_FE_83": {"avail": 1.0, "util": 0.03822704790118232, "br": 0.0}, "WE_FE_84": {"avail": 1.0, "util": 0.03577783949474377, "br": 0.0}, "WE_FE_85": {"avail": 1.0, "util": 0.022356970931309016, "br": 0.0}}, "plugins": {"cost": 447200.0}}