{"lots": {}, "machines": {"DE_BE_11": {"avail": 1.0, "util": 0.8917245209663982, "br": 0.0}, "DE_BE_12": {"avail": 1.0, "util": 0.0, "br": 0.0}, "DE_BE_13": {"avail": 1.0, "util": 0.7978471588579893, "br": 0.0}, "DE_BE_48": {"avail": 1.0, "util": 0.8784643154679256, "br": 0.0}, "DE_BE_50": {"avail": 1.0, "util": 0.19229226449443057, "br": 0.0}, "DE_BE_65": {"avail": 1.0, "util": 0.4320531878399791, "br": 0.0}, "DE_BE_66": {"avail": 1.0, "util": 0.7696034727195662, "br": 0.0}, "DE_BE_67": {"avail": 1.0, "util": 0.42166064981949464, "br": 0.0}, "DE_BE_69": {"avail": 1.0, "util": 0.5538044987503471, "br": 0.0}, "DE_FE_1": {"avail": 1.0, "util": 0.0, "br": 0.0}, "DE_FE_51": {"avail": 1.0, "util": 0.19046609859834257, "br": 0.0}, "DE_FE_53": {"avail": 1.0, "util": 0.0, "br": 0.0}, "DE_FE_54": {"avail": 1.0, "util": 0.8167453485143016, "br": 0.0}, "DE_FE_56": {"avail": 1.0, "util": 0.306998056095529, "br": 0.0}, "DE_FE_58": {"avail": 1.0, "util": 0.7399333518467093, "br": 0.0}, "DE_FE_59": {"avail": 1.0, "util": 0.5793575858557809, "br": 0.0}, "DE_FE_62": {"avail": 1.0, "util": 0.07579243860832309, "br": 0.0}, "DE_FE_70": {"avail": 1.0, "util": 0.3108965458312862, "br": 0.0}, "DE_FE_71": {"avail": 1.0, "util": 0.26890347919228785, "br": 0.0}, "DE_FE_72": {"avail": 1.0, "util": 0.11541547101113887, "br": 0.0}, "DE_FE_86": {"avail": 1.0, "util": 0.19838625073282112, "br": 0.0}, "DefMEt_FE_118": {"avail": 1.0, "util": 0.7471535684532075, "br": 0.0}, "DefMet_BE_33": {"avail": 1.0, "util": 0.7654123854484866, "br": 0.0}, "DefMet_BE_42": {"avail": 1.0, "util": 0.9158567064704248, "br": 0.0}, "DefMet_FE_10": {"avail": 1.0, "util": 0.8771174673701749, "br": 0.0}, "DefMet_FE_106": {"avail": 1.0, "util": 0.7815884476534296, "br": 0.0}, "DefMet_FE_34": {"avail": 1.0, "util": 0.7200083310191614, "br": 0.0}, "DefMet_FE_43": {"avail": 1.0, "util": 0.9063223178746644, "br": 0.0}, "Delay_32": {"avail": 1.0, "util": 0.07662732574284921, "br": 0.0}, "Dielectric_BE_20": {"avail": 1.0, "util": 0.8124409886142738, "br": 0.0}, "Dielectric_BE_21": {"avail": 1.0, "util": 0.8440363787836712, "br": 0.0}, "Dielectric_BE_27": {"avail": 1.0, "util": 0.7791539387207257, "br": 0.0}, "Dielectric_BE_28": {"avail": 1.0, "util": 0.7388572618717023, "br": 0.0}, "Dielectric_BE_60": {"avail": 1.0, "util": 0.8670855317967231, "br": 0.0}, "Dielectric_FE_112": {"avail": 1.0, "util": 0.8105248542071646, "br": 0.0}, "Dielectric_FE_130": {"avail": 1.0, "util": 0.8888503193557346, "br": 0.0}, "Dielectric_FE_29": {"avail": 1.0, "util": 0.7830232342867721, "br": 0.0}, "Dielectric_FE_30": {"avail": 1.0, "util": 0.8395584559844488, "br": 0.0}, "Dielectric_FE_31": {"avail": 1.0, "util": 0.9207164676478756, "br": 0.0}, "Diffusion_BE_123": {"avail": 1.0, "util": 0.0, "br": 0.0}, "Diffusion_FE_100": {"avail": 1.0, "util": 0.0, "br": 0.0}, "Diffusion_FE_101": {"avail": 1.0, "util": 0.0, "br": 0.0}, "Diffusion_FE_120": {"avail": 1.0, "util": 0.0, "br": 0.0}, "Diffusion_FE_122": {"avail": 1.0, "util": 0.0, "br": 0.0}, "Diffusion_FE_125": {"avail": 1.0, "util": 0.0, "br": 0.0}, "Diffusion_FE_126": {"avail": 1.0, "util": 0.0, "br": 0.0}, "Diffusion_FE_127": {"avail": 1.0, "util": 0.0, "br": 0.0}, "Diffusion_FE_44": {"avail": 1.0, "util": 0.0, "br": 0.0}, "Diffusion_FE_94": {"avail": 1.0, "util": 0.0, "br": 0.0}, "EPI_36": {"avail": 1.0, "util": 0.010760899750069426, "br": 0.0}, "EPI_38": {"avail": 1.0, "util": 0.01791169119688975, "br": 0.0}, "Implant_119": {"avail": 1.0, "util": 0.03193557345181894, "br": 0.0}, "Implant_128": {"avail": 1.0, "util": 0.07157733962788114, "br": 0.0}, "Implant_132": {"avail": 1.0, "util": 0.040058317134129405, "br": 0.0}, "Implant_74": {"avail": 1.0, "util": 0.0, "br": 0.0}, "Implant_88": {"avail": 1.0, "util": 0.0034712579838933628, "br": 0.0}, "Implant_90": {"avail": 1.0, "util": 0.06477367397945015, "br": 0.0}, "Implant_91": {"avail": 1.0, "util": 0.047000833101916134, "br": 0.0}, "LithoMet_BE_18": {"avail": 1.0, "util": 0.9233653045094311, "br": 0.0}, "LithoMet_FE_19": {"avail": 1.0, "util": 0.9060909006757383, "br": 0.0}, "LithoTrack_BE_117": {"avail": 1.0, "util": 0.16053873923910025, "br": 0.0}, "LithoTrack_FE_115": {"avail": 1.0, "util": 0.07704014680018079, "br": 0.0}, "LithoTrack_FE_95": {"avail": 1.0, "util": 0.09394215892410838, "br": 0.0}, "LithoTrack_FE_96": {"avail": 1.0, "util": 0.0, "br": 0.0}, "Litho_BE_110": {"avail": 1.0, "util": 0.11666402189867893, "br": 0.0}, "Litho_BE_93": {"avail": 1.0, "util": 0.10978431917060075, "br": 0.0}, "Litho_BE_99": {"avail": 1.0, "util": 0.3259742664074794, "br": 0.0}, "Litho_FE_111": {"avail": 1.0, "util": 0.16708111383201635, "br": 0.0}, "Litho_FE_35": {"avail": 1.0, "util": 0.10087475701194112, "br": 0.0}, "Litho_FE_92": {"avail": 1.0, "util": 0.18282379473715216, "br": 0.0}, "Litho_FE_98": {"avail": 1.0, "util": 0.19339072479866704, "br": 0.0}, "Litho_REG_BE_63": {"avail": 1.0, "util": 0.8890585948347681, "br": 0.0}, "Litho_REG_FE_64": {"avail": 1.0, "util": 0.881273059070893, "br": 0.0}, "Planar_BE_75": {"avail": 1.0, "util": 0.7086295473479589, "br": 0.0}, "Planar_FE_76": {"avail": 1.0, "util": 0.9285383689715819, "br": 0.0}, "Planar_FE_77": {"avail": 1.0, "util": 0.7188281033046376, "br": 0.0}, "Planar_FE_78": {"avail": 1.0, "util": 0.0, "br": 0.0}, "Planar_FE_79": {"avail": 1.0, "util": 0.6457928353235213, "br": 0.0}, "Planar_FE_80": {"avail": 1.0, "util": 0.8033185226326021, "br": 0.0}, "TF_BE_2": {"avail": 1.0, "util": 0.5371771730074979, "br": 0.0}, "TF_BE_23": {"avail": 1.0, "util": 0.6065347345035735, "br": 0.0}, "TF_BE_24": {"avail": 1.0, "util": 0.5858928075534574, "br": 0.0}, "TF_BE_26": {"avail": 1.0, "util": 0.6167731185781727, "br": 0.0}, "TF_BE_40": {"avail": 1.0, "util": 0.637380820142553, "br": 0.0}, "TF_FE_103": {"avail": 1.0, "util": 0.7478131074701472, "br": 0.0}, "TF_FE_104": {"avail": 1.0, "util": 0.5776173285198556, "br": 0.0}, "TF_FE_113": {"avail": 1.0, "util": 0.6509997222993613, "br": 0.0}, "TF_FE_131": {"avail": 1.0, "util": 0.22662686290845135, "br": 0.0}, "TF_FE_3": {"avail": 1.0, "util": 0.6655095806720356, "br": 0.0}, "TF_FE_5": {"avail": 1.0, "util": 0.402735351291308, "br": 0.0}, "TF_Met_FE_45": {"avail": 1.0, "util": 0.2139683421271869, "br": 0.0}, "TF_Met_FE_61": {"avail": 1.0, "util": 0.9579283532352124, "br": 0.0}, "WE_BE_14": {"avail": 1.0, "util": 0.03518467092474313, "br": 0.0}, "WE_BE_16": {"avail": 1.0, "util": 0.04747138140639946, "br": 0.0}, "WE_BE_17": {"avail": 1.0, "util": 0.030755345737295197, "br": 0.0}, "WE_BE_7": {"avail": 1.0, "util": 0.011108025548458762, "br": 0.0}, "WE_BE_81": {"avail": 1.0, "util": 0.04207164676478756, "br": 0.0}, "WE_BE_82": {"avail": 1.0, "util": 0.09641766176062205, "br": 0.0}, "WE_BE_9": {"avail": 1.0, "util": 0.07103185623041218, "br": 0.0}, "WE_FE_108": {"avail": 1.0, "util": 0.036608878486134803, "br": 0.0}, "WE_FE_41": {"avail": 1.0, "util": 0.030685920577617327, "br": 0.0}, "WE_FE_47": {"avail": 1.0, "util": 0.04244191428306952, "br": 0.0}, "WE_FE_8": {"avail": 1.0, "util": 0.059427936684254376, "br": 0.0}, "WE_FE_83": {"avail": 1.0, "util": 0.04824056809616377, "br": 0.0}, "WE_FE_84": {"avail": 1.0, "util": 0.0365716313369743, "br": 0.0}, "WE_FE_85": {"avail": 1.0, "util": 0.03853096362121633, "br": 0.0}}, "plugins": {"cost": 448800}}