{"lots": {}, "machines": {"DE_BE_11": {"avail": 1.0, "util": 0.6354786648985927, "br": 0.0}, "DE_BE_12": {"avail": 1.0, "util": 0.9391776694024822, "br": 0.0}, "DE_BE_13": {"avail": 1.0, "util": 0.5597614523509611, "br": 0.0}, "DE_BE_48": {"avail": 1.0, "util": 0.7889889738349355, "br": 0.0}, "DE_BE_50": {"avail": 1.0, "util": 0.7325469516143954, "br": 0.0}, "DE_BE_65": {"avail": 1.0, "util": 0.7362299094189186, "br": 0.0}, "DE_BE_66": {"avail": 1.0, "util": 0.6876731264251468, "br": 0.0}, "DE_BE_67": {"avail": 1.0, "util": 0.6000723302971429, "br": 0.0}, "DE_BE_69": {"avail": 1.0, "util": 0.1242483115921917, "br": 0.0}, "DE_FE_1": {"avail": 1.0, "util": 0.7498010916828569, "br": 0.0}, "DE_FE_51": {"avail": 1.0, "util": 0.3982051993708946, "br": 0.0}, "DE_FE_53": {"avail": 1.0, "util": 0.18586363215838653, "br": 0.0}, "DE_FE_54": {"avail": 1.0, "util": 0.5449162734758072, "br": 0.0}, "DE_FE_56": {"avail": 1.0, "util": 0.7900823387917476, "br": 0.0}, "DE_FE_58": {"avail": 1.0, "util": 0.9776112498843557, "br": 0.0}, "DE_FE_59": {"avail": 1.0, "util": 0.6942941067628828, "br": 0.0}, "DE_FE_62": {"avail": 1.0, "util": 0.7938809162299392, "br": 0.0}, "DE_FE_70": {"avail": 1.0, "util": 0.7249766608634218, "br": 0.0}, "DE_FE_71": {"avail": 1.0, "util": 0.789979543795808, "br": 0.0}, "DE_FE_72": {"avail": 1.0, "util": 0.359195619811773, "br": 0.0}, "DE_FE_86": {"avail": 1.0, "util": 0.7682071280837846, "br": 0.0}, "DefMEt_FE_118": {"avail": 1.0, "util": 0.4187251364603571, "br": 0.0}, "DefMet_BE_33": {"avail": 1.0, "util": 0.8656674993061337, "br": 0.0}, "DefMet_BE_42": {"avail": 1.0, "util": 0.9740031455268757, "br": 0.0}, "DefMet_FE_10": {"avail": 1.0, "util": 0.3430474604496253, "br": 0.0}, "DefMet_FE_106": {"avail": 1.0, "util": 0.17272643167730595, "br": 0.0}, "DefMet_FE_34": {"avail": 1.0, "util": 0.45846054214080856, "br": 0.0}, "DefMet_FE_43": {"avail": 1.0, "util": 0.7995374225182719, "br": 0.0}, "Delay_32": {"avail": 1.0, "util": 0.1891696734202979, "br": 0.0}, "Dielectric_BE_20": {"avail": 1.0, "util": 0.7779443056711999, "br": 0.0}, "Dielectric_BE_21": {"avail": 1.0, "util": 0.8432633299410985, "br": 0.0}, "Dielectric_BE_27": {"avail": 1.0, "util": 0.8565393036666976, "br": 0.0}, "Dielectric_BE_28": {"avail": 1.0, "util": 0.8550590557251674, "br": 0.0}, "Dielectric_BE_60": {"avail": 1.0, "util": 0.852607395072008, "br": 0.0}, "Dielectric_FE_112": {"avail": 1.0, "util": 0.6809346121030828, "br": 0.0}, "Dielectric_FE_130": {"avail": 1.0, "util": 0.5795170691090757, "br": 0.0}, "Dielectric_FE_29": {"avail": 1.0, "util": 0.43250994541585713, "br": 0.0}, "Dielectric_FE_30": {"avail": 1.0, "util": 0.926912757886946, "br": 0.0}, "Dielectric_FE_31": {"avail": 1.0, "util": 0.3849801091682857, "br": 0.0}, "Diffusion_BE_123": {"avail": 1.0, "util": 0.0, "br": 0.0}, "Diffusion_FE_100": {"avail": 1.0, "util": 0.0, "br": 0.0}, "Diffusion_FE_101": {"avail": 1.0, "util": 0.0, "br": 0.0}, "Diffusion_FE_120": {"avail": 1.0, "util": 0.0, "br": 0.0}, "Diffusion_FE_122": {"avail": 1.0, "util": 0.0, "br": 0.0}, "Diffusion_FE_125": {"avail": 1.0, "util": 0.0, "br": 0.0}, "Diffusion_FE_126": {"avail": 1.0, "util": 0.0, "br": 0.0}, "Diffusion_FE_127": {"avail": 1.0, "util": 0.0, "br": 0.0}, "Diffusion_FE_44": {"avail": 1.0, "util": 0.0, "br": 0.0}, "Diffusion_FE_94": {"avail": 1.0, "util": 0.0, "br": 0.0}, "EPI_36": {"avail": 1.0, "util": 0.01184198353224165, "br": 0.0}, "EPI_38": {"avail": 1.0, "util": 0.4054954204829309, "br": 0.0}, "Implant_119": {"avail": 1.0, "util": 0.015496345637894347, "br": 0.0}, "Implant_128": {"avail": 1.0, "util": 0.044432669744909545, "br": 0.0}, "Implant_132": {"avail": 1.0, "util": 0.030054319812854367, "br": 0.0}, "Implant_74": {"avail": 1.0, "util": 0.022666296604681283, "br": 0.0}, "Implant_88": {"avail": 1.0, "util": 0.0, "br": 0.0}, "Implant_90": {"avail": 1.0, "util": 0.03298177444721991, "br": 0.0}, "Implant_91": {"avail": 1.0, "util": 0.05080422399323315, "br": 0.0}, "LithoMet_BE_18": {"avail": 1.0, "util": 0.9215805010975702, "br": 0.0}, "LithoMet_FE_19": {"avail": 1.0, "util": 0.9249831489631656, "br": 0.0}, "LithoTrack_BE_117": {"avail": 1.0, "util": 0.08117309649366268, "br": 0.0}, "LithoTrack_FE_115": {"avail": 1.0, "util": 0.05806137162120997, "br": 0.0}, "LithoTrack_FE_95": {"avail": 1.0, "util": 0.09470580072162087, "br": 0.0}, "LithoTrack_FE_96": {"avail": 1.0, "util": 0.0202608936996947, "br": 0.0}, "Litho_BE_110": {"avail": 1.0, "util": 0.08500565149010285, "br": 0.0}, "Litho_BE_93": {"avail": 1.0, "util": 0.09022573781108335, "br": 0.0}, "Litho_BE_99": {"avail": 1.0, "util": 0.1478089246615475, "br": 0.0}, "Litho_FE_111": {"avail": 1.0, "util": 0.12395226200388565, "br": 0.0}, "Litho_FE_35": {"avail": 1.0, "util": 0.061615320566194835, "br": 0.0}, "Litho_FE_92": {"avail": 1.0, "util": 0.09260801184198353, "br": 0.0}, "Litho_FE_98": {"avail": 1.0, "util": 0.03800074012397076, "br": 0.0}, "Litho_REG_BE_63": {"avail": 1.0, "util": 0.9343486909057267, "br": 0.0}, "Litho_REG_FE_64": {"avail": 1.0, "util": 0.9315539519536188, "br": 0.0}, "Planar_BE_75": {"avail": 1.0, "util": 0.7821458308552397, "br": 0.0}, "Planar_FE_76": {"avail": 1.0, "util": 0.9366268850032381, "br": 0.0}, "Planar_FE_77": {"avail": 1.0, "util": 0.9571190674437968, "br": 0.0}, "Planar_FE_78": {"avail": 1.0, "util": 0.28305116106947914, "br": 0.0}, "Planar_FE_79": {"avail": 1.0, "util": 0.4253168655749838, "br": 0.0}, "Planar_FE_80": {"avail": 1.0, "util": 0.43121472846701825, "br": 0.0}, "TF_BE_2": {"avail": 1.0, "util": 0.7085761865112407, "br": 0.0}, "TF_BE_23": {"avail": 1.0, "util": 0.7009172250637695, "br": 0.0}, "TF_BE_24": {"avail": 1.0, "util": 0.9698630770654084, "br": 0.0}, "TF_BE_26": {"avail": 1.0, "util": 0.7497242326551236, "br": 0.0}, "TF_BE_40": {"avail": 1.0, "util": 0.8221906581117043, "br": 0.0}, "TF_FE_103": {"avail": 1.0, "util": 0.8446268321372402, "br": 0.0}, "TF_FE_104": {"avail": 1.0, "util": 0.685410306226293, "br": 0.0}, "TF_FE_113": {"avail": 1.0, "util": 0.14873407962500387, "br": 0.0}, "TF_FE_131": {"avail": 1.0, "util": 0.9564714589693774, "br": 0.0}, "TF_FE_3": {"avail": 1.0, "util": 0.6020291732198476, "br": 0.0}, "TF_FE_5": {"avail": 1.0, "util": 0.48074135751071634, "br": 0.0}, "TF_Met_FE_45": {"avail": 1.0, "util": 0.11633823665463965, "br": 0.0}, "TF_Met_FE_61": {"avail": 1.0, "util": 0.9911647700989916, "br": 0.0}, "WE_BE_14": {"avail": 1.0, "util": 0.042372097326302156, "br": 0.0}, "WE_BE_16": {"avail": 1.0, "util": 0.0363817189379221, "br": 0.0}, "WE_BE_17": {"avail": 1.0, "util": 0.04140068461467296, "br": 0.0}, "WE_BE_7": {"avail": 1.0, "util": 0.022666296604681283, "br": 0.0}, "WE_BE_81": {"avail": 1.0, "util": 0.039473278440805504, "br": 0.0}, "WE_BE_82": {"avail": 1.0, "util": 0.046278307172006865, "br": 0.0}, "WE_BE_9": {"avail": 1.0, "util": 0.05983902303635859, "br": 0.0}, "WE_FE_108": {"avail": 1.0, "util": 0.03469331112961421, "br": 0.0}, "WE_FE_41": {"avail": 1.0, "util": 0.0382459061892867, "br": 0.0}, "WE_FE_47": {"avail": 1.0, "util": 0.033805162364696086, "br": 0.0}, "WE_FE_8": {"avail": 1.0, "util": 0.021833657137570545, "br": 0.0}, "WE_FE_83": {"avail": 1.0, "util": 0.046334844419773646, "br": 0.0}, "WE_FE_84": {"avail": 1.0, "util": 0.04121293257797152, "br": 0.0}, "WE_FE_85": {"avail": 1.0, "util": 0.03386067166250347, "br": 0.0}}, "plugins": {"cost": 429200}}