{"lots": {}, "machines": {"DE_BE_11": {"avail": 1.0, "util": 0.778710707098744, "br": 0.0}, "DE_BE_12": {"avail": 1.0, "util": 0.7067132360311182, "br": 0.0}, "DE_BE_13": {"avail": 1.0, "util": 0.7800687966533502, "br": 0.0}, "DE_BE_48": {"avail": 1.0, "util": 0.7316563736034973, "br": 0.0}, "DE_BE_50": {"avail": 1.0, "util": 0.753621847508462, "br": 0.0}, "DE_BE_65": {"avail": 1.0, "util": 0.7446109385395959, "br": 0.0}, "DE_BE_66": {"avail": 1.0, "util": 0.718380330814546, "br": 0.0}, "DE_BE_67": {"avail": 1.0, "util": 0.747234751231698, "br": 0.0}, "DE_BE_69": {"avail": 1.0, "util": 0.8319686350704323, "br": 0.0}, "DE_FE_1": {"avail": 1.0, "util": 0.5655996907124519, "br": 0.0}, "DE_FE_51": {"avail": 1.0, "util": 0.5326669320584787, "br": 0.0}, "DE_FE_53": {"avail": 1.0, "util": 0.6824647838456734, "br": 0.0}, "DE_FE_54": {"avail": 1.0, "util": 0.8157518562209423, "br": 0.0}, "DE_FE_56": {"avail": 1.0, "util": 0.7547012698632989, "br": 0.0}, "DE_FE_58": {"avail": 1.0, "util": 0.4936738139846876, "br": 0.0}, "DE_FE_59": {"avail": 1.0, "util": 0.7848217796590568, "br": 0.0}, "DE_FE_62": {"avail": 1.0, "util": 0.6373256540142946, "br": 0.0}, "DE_FE_70": {"avail": 1.0, "util": 0.8351633100783056, "br": 0.0}, "DE_FE_71": {"avail": 1.0, "util": 0.6978349871625842, "br": 0.0}, "DE_FE_72": {"avail": 1.0, "util": 0.8661978889582803, "br": 0.0}, "DE_FE_86": {"avail": 1.0, "util": 0.6723418581998833, "br": 0.0}, "DefMEt_FE_118": {"avail": 1.0, "util": 0.37780167927277775, "br": 0.0}, "DefMet_BE_33": {"avail": 1.0, "util": 0.900457983484838, "br": 0.0}, "DefMet_BE_42": {"avail": 1.0, "util": 0.9934078134758171, "br": 0.0}, "DefMet_FE_10": {"avail": 1.0, "util": 0.6028728054958018, "br": 0.0}, "DefMet_FE_106": {"avail": 1.0, "util": 0.4525709527444313, "br": 0.0}, "DefMet_FE_34": {"avail": 1.0, "util": 0.6432239261675109, "br": 0.0}, "DefMet_FE_43": {"avail": 1.0, "util": 0.9559248722041034, "br": 0.0}, "Delay_32": {"avail": 1.0, "util": 0.37159808479633616, "br": 0.0}, "Dielectric_BE_20": {"avail": 1.0, "util": 0.9110956907917562, "br": 0.0}, "Dielectric_BE_21": {"avail": 1.0, "util": 0.9328117410311567, "br": 0.0}, "Dielectric_BE_27": {"avail": 1.0, "util": 0.809645409756436, "br": 0.0}, "Dielectric_BE_28": {"avail": 1.0, "util": 0.822930400388592, "br": 0.0}, "Dielectric_BE_60": {"avail": 1.0, "util": 0.9049857747553952, "br": 0.0}, "Dielectric_FE_112": {"avail": 1.0, "util": 0.9175282770106169, "br": 0.0}, "Dielectric_FE_130": {"avail": 1.0, "util": 0.8860419124280063, "br": 0.0}, "Dielectric_FE_29": {"avail": 1.0, "util": 0.9708555964194019, "br": 0.0}, "Dielectric_FE_30": {"avail": 1.0, "util": 0.9625980154048991, "br": 0.0}, "Dielectric_FE_31": {"avail": 1.0, "util": 0.8996946776767747, "br": 0.0}, "Diffusion_BE_123": {"avail": 1.0, "util": 0.0, "br": 0.0}, "Diffusion_FE_100": {"avail": 1.0, "util": 0.0, "br": 0.0}, "Diffusion_FE_101": {"avail": 1.0, "util": 0.0, "br": 0.0}, "Diffusion_FE_120": {"avail": 1.0, "util": 0.0, "br": 0.0}, "Diffusion_FE_122": {"avail": 1.0, "util": 0.0, "br": 0.0}, "Diffusion_FE_125": {"avail": 1.0, "util": 0.0, "br": 0.0}, "Diffusion_FE_126": {"avail": 1.0, "util": 0.0, "br": 0.0}, "Diffusion_FE_127": {"avail": 1.0, "util": 0.0, "br": 0.0}, "Diffusion_FE_44": {"avail": 1.0, "util": 0.0, "br": 0.0}, "Diffusion_FE_94": {"avail": 1.0, "util": 0.0, "br": 0.0}, "EPI_36": {"avail": 1.0, "util": 0.008882103948372772, "br": 0.0}, "EPI_38": {"avail": 1.0, "util": 0.017625425022552217, "br": 0.0}, "Implant_119": {"avail": 1.0, "util": 0.02293386996044688, "br": 0.0}, "Implant_128": {"avail": 1.0, "util": 0.05242523072652835, "br": 0.0}, "Implant_132": {"avail": 1.0, "util": 0.03629172160155437, "br": 0.0}, "Implant_74": {"avail": 1.0, "util": 0.008500451044341129, "br": 0.0}, "Implant_88": {"avail": 1.0, "util": 0.010720977031434322, "br": 0.0}, "Implant_90": {"avail": 1.0, "util": 0.03670807022413434, "br": 0.0}, "Implant_91": {"avail": 1.0, "util": 0.04482686836444383, "br": 0.0}, "LithoMet_BE_18": {"avail": 1.0, "util": 0.9499047202190635, "br": 0.0}, "LithoMet_FE_19": {"avail": 1.0, "util": 0.930253895558177, "br": 0.0}, "LithoTrack_BE_117": {"avail": 1.0, "util": 0.08737769759211714, "br": 0.0}, "LithoTrack_FE_115": {"avail": 1.0, "util": 0.05292117540930743, "br": 0.0}, "LithoTrack_FE_95": {"avail": 1.0, "util": 0.0579163592437183, "br": 0.0}, "LithoTrack_FE_96": {"avail": 1.0, "util": 0.0, "br": 0.0}, "Litho_BE_110": {"avail": 1.0, "util": 0.07211009447148507, "br": 0.0}, "Litho_BE_93": {"avail": 1.0, "util": 0.06522795087086254, "br": 0.0}, "Litho_BE_99": {"avail": 1.0, "util": 0.17310850507714012, "br": 0.0}, "Litho_FE_111": {"avail": 1.0, "util": 0.10903287261624643, "br": 0.0}, "Litho_FE_35": {"avail": 1.0, "util": 0.03757546318784262, "br": 0.0}, "Litho_FE_92": {"avail": 1.0, "util": 0.10064071426919251, "br": 0.0}, "Litho_FE_98": {"avail": 1.0, "util": 0.11241412809659287, "br": 0.0}, "Litho_REG_BE_63": {"avail": 1.0, "util": 0.9534556935674138, "br": 0.0}, "Litho_REG_FE_64": {"avail": 1.0, "util": 0.9571557441240323, "br": 0.0}, "Planar_BE_75": {"avail": 1.0, "util": 0.8475955867046007, "br": 0.0}, "Planar_FE_76": {"avail": 1.0, "util": 0.9353965720630074, "br": 0.0}, "Planar_FE_77": {"avail": 1.0, "util": 0.8922350981888835, "br": 0.0}, "Planar_FE_78": {"avail": 1.0, "util": 0.847442925542988, "br": 0.0}, "Planar_FE_79": {"avail": 1.0, "util": 0.9364374436194574, "br": 0.0}, "Planar_FE_80": {"avail": 1.0, "util": 0.484178752341961, "br": 0.0}, "TF_BE_2": {"avail": 1.0, "util": 0.3339462910276872, "br": 0.0}, "TF_BE_23": {"avail": 1.0, "util": 0.5162686398182674, "br": 0.0}, "TF_BE_24": {"avail": 1.0, "util": 0.29198528901533555, "br": 0.0}, "TF_BE_26": {"avail": 1.0, "util": 0.5993338422038721, "br": 0.0}, "TF_BE_40": {"avail": 1.0, "util": 0.7093655309601461, "br": 0.0}, "TF_FE_103": {"avail": 1.0, "util": 0.7364686697661509, "br": 0.0}, "TF_FE_104": {"avail": 1.0, "util": 0.8729581569634307, "br": 0.0}, "TF_FE_113": {"avail": 1.0, "util": 0.495177295121782, "br": 0.0}, "TF_FE_131": {"avail": 1.0, "util": 0.286251243263248, "br": 0.0}, "TF_FE_3": {"avail": 1.0, "util": 0.8339809867462356, "br": 0.0}, "TF_FE_5": {"avail": 1.0, "util": 0.2012351675803206, "br": 0.0}, "TF_Met_FE_45": {"avail": 1.0, "util": 0.10648116022482826, "br": 0.0}, "TF_Met_FE_61": {"avail": 1.0, "util": 0.9869197141072792, "br": 0.0}, "WE_BE_14": {"avail": 1.0, "util": 0.03201720907639997, "br": 0.0}, "WE_BE_16": {"avail": 1.0, "util": 0.045975682156377456, "br": 0.0}, "WE_BE_17": {"avail": 1.0, "util": 0.03705502740961766, "br": 0.0}, "WE_BE_7": {"avail": 1.0, "util": 0.005759489279022968, "br": 0.0}, "WE_BE_81": {"avail": 1.0, "util": 0.020054125320935395, "br": 0.0}, "WE_BE_82": {"avail": 1.0, "util": 0.06000277565748387, "br": 0.0}, "WE_BE_9": {"avail": 1.0, "util": 0.05333227594000615, "br": 0.0}, "WE_FE_108": {"avail": 1.0, "util": 0.042866064613341, "br": 0.0}, "WE_FE_41": {"avail": 1.0, "util": 0.0363055998889737, "br": 0.0}, "WE_FE_47": {"avail": 1.0, "util": 0.03765641986445539, "br": 0.0}, "WE_FE_8": {"avail": 1.0, "util": 0.05311914509749497, "br": 0.0}, "WE_FE_83": {"avail": 1.0, "util": 0.04677974166559275, "br": 0.0}, "WE_FE_84": {"avail": 1.0, "util": 0.043512286139445945, "br": 0.0}, "WE_FE_85": {"avail": 1.0, "util": 0.02387065436125182, "br": 0.0}}, "plugins": {"cost": 448000.0}}