{"lots": {}, "machines": {"DE_BE_11": {"avail": 1.0, "util": 0.878864046660186, "br": 0.0}, "DE_BE_12": {"avail": 1.0, "util": 0.0, "br": 0.0}, "DE_BE_13": {"avail": 1.0, "util": 0.7388457952268535, "br": 0.0}, "DE_BE_48": {"avail": 1.0, "util": 0.9844327176781003, "br": 0.0}, "DE_BE_50": {"avail": 1.0, "util": 0.0, "br": 0.0}, "DE_BE_65": {"avail": 1.0, "util": 0.428110474852349, "br": 0.0}, "DE_BE_66": {"avail": 1.0, "util": 0.778393351800554, "br": 0.0}, "DE_BE_67": {"avail": 1.0, "util": 0.4241633106512984, "br": 0.0}, "DE_BE_69": {"avail": 1.0, "util": 0.5615192334398, "br": 0.0}, "DE_FE_1": {"avail": 1.0, "util": 0.0, "br": 0.0}, "DE_FE_51": {"avail": 1.0, "util": 0.1893450471060306, "br": 0.0}, "DE_FE_53": {"avail": 1.0, "util": 0.0, "br": 0.0}, "DE_FE_54": {"avail": 1.0, "util": 0.8285515900569365, "br": 0.0}, "DE_FE_56": {"avail": 1.0, "util": 0.29613942507985, "br": 0.0}, "DE_FE_58": {"avail": 1.0, "util": 0.7381845114104523, "br": 0.0}, "DE_FE_59": {"avail": 1.0, "util": 0.5729019117715132, "br": 0.0}, "DE_FE_62": {"avail": 1.0, "util": 0.26215604975499435, "br": 0.0}, "DE_FE_70": {"avail": 1.0, "util": 0.27149007082349674, "br": 0.0}, "DE_FE_71": {"avail": 1.0, "util": 0.23955998174856669, "br": 0.0}, "DE_FE_72": {"avail": 1.0, "util": 0.11711336388464566, "br": 0.0}, "DE_FE_86": {"avail": 1.0, "util": 0.16534740545294635, "br": 0.0}, "DefMEt_FE_118": {"avail": 1.0, "util": 0.7498958477989168, "br": 0.0}, "DefMet_BE_33": {"avail": 1.0, "util": 0.8560616581030412, "br": 0.0}, "DefMet_BE_42": {"avail": 1.0, "util": 0.9677822524649354, "br": 0.0}, "DefMet_FE_10": {"avail": 1.0, "util": 0.9829884738230801, "br": 0.0}, "DefMet_FE_106": {"avail": 1.0, "util": 0.7812803777253159, "br": 0.0}, "DefMet_FE_34": {"avail": 1.0, "util": 0.8337730870712401, "br": 0.0}, "DefMet_FE_43": {"avail": 1.0, "util": 0.9250335601536824, "br": 0.0}, "Delay_32": {"avail": 1.0, "util": 0.08411227607276767, "br": 0.0}, "Dielectric_BE_20": {"avail": 1.0, "util": 0.8880155533953618, "br": 0.0}, "Dielectric_BE_21": {"avail": 1.0, "util": 0.9002742674628523, "br": 0.0}, "Dielectric_BE_27": {"avail": 1.0, "util": 0.7780771189186687, "br": 0.0}, "Dielectric_BE_28": {"avail": 1.0, "util": 0.8070754061935842, "br": 0.0}, "Dielectric_BE_60": {"avail": 1.0, "util": 0.8475906124149424, "br": 0.0}, "Dielectric_FE_112": {"avail": 1.0, "util": 0.7297319816692126, "br": 0.0}, "Dielectric_FE_130": {"avail": 1.0, "util": 0.8865435356200527, "br": 0.0}, "Dielectric_FE_29": {"avail": 1.0, "util": 0.777901217423506, "br": 0.0}, "Dielectric_FE_30": {"avail": 1.0, "util": 0.8321760866546313, "br": 0.0}, "Dielectric_FE_31": {"avail": 1.0, "util": 0.9251145674211915, "br": 0.0}, "Diffusion_BE_123": {"avail": 1.0, "util": 0.0, "br": 0.0}, "Diffusion_FE_100": {"avail": 1.0, "util": 0.0, "br": 0.0}, "Diffusion_FE_101": {"avail": 1.0, "util": 0.0, "br": 0.0}, "Diffusion_FE_120": {"avail": 1.0, "util": 0.0, "br": 0.0}, "Diffusion_FE_122": {"avail": 1.0, "util": 0.0, "br": 0.0}, "Diffusion_FE_125": {"avail": 1.0, "util": 0.0, "br": 0.0}, "Diffusion_FE_126": {"avail": 1.0, "util": 0.0, "br": 0.0}, "Diffusion_FE_127": {"avail": 1.0, "util": 0.0, "br": 0.0}, "Diffusion_FE_44": {"avail": 1.0, "util": 0.0, "br": 0.0}, "Diffusion_FE_94": {"avail": 1.0, "util": 0.0, "br": 0.0}, "EPI_36": {"avail": 1.0, "util": 0.007151784474378559, "br": 0.0}, "EPI_38": {"avail": 1.0, "util": 0.017775308984863212, "br": 0.0}, "Implant_119": {"avail": 1.0, "util": 0.036661574781280376, "br": 0.0}, "Implant_128": {"avail": 1.0, "util": 0.07719761144285515, "br": 0.0}, "Implant_132": {"avail": 1.0, "util": 0.03763366199139009, "br": 0.0}, "Implant_74": {"avail": 1.0, "util": 0.0, "br": 0.0}, "Implant_88": {"avail": 1.0, "util": 0.0034717400361060965, "br": 0.0}, "Implant_90": {"avail": 1.0, "util": 0.030134703513400918, "br": 0.0}, "Implant_91": {"avail": 1.0, "util": 0.04700736008887654, "br": 0.0}, "LithoMet_BE_18": {"avail": 1.0, "util": 0.8931451828271715, "br": 0.0}, "LithoMet_FE_19": {"avail": 1.0, "util": 0.9189541576015676, "br": 0.0}, "LithoTrack_BE_117": {"avail": 1.0, "util": 0.1548396056103319, "br": 0.0}, "LithoTrack_FE_115": {"avail": 1.0, "util": 0.08210188672052629, "br": 0.0}, "LithoTrack_FE_95": {"avail": 1.0, "util": 0.09610343234641447, "br": 0.0}, "LithoTrack_FE_96": {"avail": 1.0, "util": 0.0, "br": 0.0}, "Litho_BE_110": {"avail": 1.0, "util": 0.12076695697026206, "br": 0.0}, "Litho_BE_93": {"avail": 1.0, "util": 0.10961440540665648, "br": 0.0}, "Litho_BE_99": {"avail": 1.0, "util": 0.32583437485534417, "br": 0.0}, "Litho_FE_111": {"avail": 1.0, "util": 0.16678239133453687, "br": 0.0}, "Litho_FE_35": {"avail": 1.0, "util": 0.07561449798639078, "br": 0.0}, "Litho_FE_92": {"avail": 1.0, "util": 0.182655607596588, "br": 0.0}, "Litho_FE_98": {"avail": 1.0, "util": 0.1937786418552979, "br": 0.0}, "Litho_REG_BE_63": {"avail": 1.0, "util": 0.8992501041522011, "br": 0.0}, "Litho_REG_FE_64": {"avail": 1.0, "util": 0.8905211577757057, "br": 0.0}, "Planar_BE_75": {"avail": 1.0, "util": 0.6795028468268297, "br": 0.0}, "Planar_FE_76": {"avail": 1.0, "util": 0.9249641253529602, "br": 0.0}, "Planar_FE_77": {"avail": 1.0, "util": 0.7212887099014026, "br": 0.0}, "Planar_FE_78": {"avail": 1.0, "util": 0.8441883071795584, "br": 0.0}, "Planar_FE_79": {"avail": 1.0, "util": 0.6428829329259824, "br": 0.0}, "Planar_FE_80": {"avail": 1.0, "util": 0.8128732120538814, "br": 0.0}, "TF_BE_2": {"avail": 1.0, "util": 0.5288501597000417, "br": 0.0}, "TF_BE_23": {"avail": 1.0, "util": 0.6107923607101353, "br": 0.0}, "TF_BE_24": {"avail": 1.0, "util": 0.5772809332037218, "br": 0.0}, "TF_BE_26": {"avail": 1.0, "util": 0.5576077396657871, "br": 0.0}, "TF_BE_40": {"avail": 1.0, "util": 0.6339339443595796, "br": 0.0}, "TF_FE_103": {"avail": 1.0, "util": 0.7462852381613665, "br": 0.0}, "TF_FE_104": {"avail": 1.0, "util": 0.578864046660186, "br": 0.0}, "TF_FE_113": {"avail": 1.0, "util": 0.6565754756283849, "br": 0.0}, "TF_FE_131": {"avail": 1.0, "util": 0.23043095866314864, "br": 0.0}, "TF_FE_3": {"avail": 1.0, "util": 0.6709484793778642, "br": 0.0}, "TF_FE_5": {"avail": 1.0, "util": 0.403173170393001, "br": 0.0}, "TF_Met_FE_45": {"avail": 1.0, "util": 0.21510901263713372, "br": 0.0}, "TF_Met_FE_61": {"avail": 1.0, "util": 0.9863907790584641, "br": 0.0}, "WE_BE_14": {"avail": 1.0, "util": 0.03255103457853076, "br": 0.0}, "WE_BE_16": {"avail": 1.0, "util": 0.05023993581138422, "br": 0.0}, "WE_BE_17": {"avail": 1.0, "util": 0.03131509512567699, "br": 0.0}, "WE_BE_7": {"avail": 1.0, "util": 0.011387307318427997, "br": 0.0}, "WE_BE_81": {"avail": 1.0, "util": 0.025690876267185112, "br": 0.0}, "WE_BE_82": {"avail": 1.0, "util": 0.095778364116095, "br": 0.0}, "WE_BE_9": {"avail": 1.0, "util": 0.07219235423651478, "br": 0.0}, "WE_FE_108": {"avail": 1.0, "util": 0.03442775804947725, "br": 0.0}, "WE_FE_41": {"avail": 1.0, "util": 0.029190390223580057, "br": 0.0}, "WE_FE_47": {"avail": 1.0, "util": 0.040827662824607695, "br": 0.0}, "WE_FE_8": {"avail": 1.0, "util": 0.059505624218858494, "br": 0.0}, "WE_FE_83": {"avail": 1.0, "util": 0.05407979050528697, "br": 0.0}, "WE_FE_84": {"avail": 1.0, "util": 0.03928466725300499, "br": 0.0}, "WE_FE_85": {"avail": 1.0, "util": 0.03805027079572282, "br": 0.0}}, "plugins": {"cost": 448800}}