{"lots": {}, "machines": {"DE_BE_11": {"avail": 1.0, "util": 0.0, "br": 0.0}, "DE_BE_12": {"avail": 1.0, "util": 0.0, "br": 0.0}, "DE_BE_13": {"avail": 1.0, "util": 0.0, "br": 0.0}, "DE_BE_48": {"avail": 1.0, "util": 0.0, "br": 0.0}, "DE_BE_50": {"avail": 1.0, "util": 0.0, "br": 0.0}, "DE_BE_65": {"avail": 1.0, "util": 0.0, "br": 0.0}, "DE_BE_66": {"avail": 1.0, "util": 0.0, "br": 0.0}, "DE_BE_67": {"avail": 1.0, "util": 0.0, "br": 0.0}, "DE_BE_69": {"avail": 1.0, "util": 0.0, "br": 0.0}, "DE_FE_1": {"avail": 1.0, "util": 0.0, "br": 0.0}, "DE_FE_51": {"avail": 1.0, "util": 0.0, "br": 0.0}, "DE_FE_53": {"avail": 1.0, "util": 0.0, "br": 0.0}, "DE_FE_54": {"avail": 1.0, "util": 0.0, "br": 0.0}, "DE_FE_56": {"avail": 1.0, "util": 0.0, "br": 0.0}, "DE_FE_58": {"avail": 1.0, "util": 0.0, "br": 0.0}, "DE_FE_59": {"avail": 1.0, "util": 0.0, "br": 0.0}, "DE_FE_62": {"avail": 1.0, "util": 0.0, "br": 0.0}, "DE_FE_70": {"avail": 1.0, "util": 0.0, "br": 0.0}, "DE_FE_71": {"avail": 1.0, "util": 0.0, "br": 0.0}, "DE_FE_72": {"avail": 1.0, "util": 0.0, "br": 0.0}, "DE_FE_86": {"avail": 1.0, "util": 0.0, "br": 0.0}, "DefMEt_FE_118": {"avail": 1.0, "util": 0.4984781405644715, "br": 0.0}, "DefMet_BE_33": {"avail": 1.0, "util": 0.7991145545102379, "br": 0.0}, "DefMet_BE_42": {"avail": 1.0, "util": 0.7565024903154399, "br": 0.0}, "DefMet_FE_10": {"avail": 1.0, "util": 0.6366906474820144, "br": 0.0}, "DefMet_FE_106": {"avail": 1.0, "util": 0.7844493635860542, "br": 0.0}, "DefMet_FE_34": {"avail": 1.0, "util": 0.7470946319867183, "br": 0.0}, "DefMet_FE_43": {"avail": 1.0, "util": 0.7613447703375761, "br": 0.0}, "Delay_32": {"avail": 1.0, "util": 0.0, "br": 0.0}, "Dielectric_BE_20": {"avail": 1.0, "util": 0.8789706696181516, "br": 0.0}, "Dielectric_BE_21": {"avail": 1.0, "util": 0.6379703929164361, "br": 0.0}, "Dielectric_BE_27": {"avail": 1.0, "util": 0.7382586238701346, "br": 0.0}, "Dielectric_BE_28": {"avail": 1.0, "util": 0.7519369120088545, "br": 0.0}, "Dielectric_BE_60": {"avail": 1.0, "util": 0.8480215827338129, "br": 0.0}, "Dielectric_FE_112": {"avail": 1.0, "util": 0.6102933038184837, "br": 0.0}, "Dielectric_FE_130": {"avail": 1.0, "util": 0.8774211400110681, "br": 0.0}, "Dielectric_FE_29": {"avail": 1.0, "util": 0.7709832134292567, "br": 0.0}, "Dielectric_FE_30": {"avail": 1.0, "util": 0.5478693967902601, "br": 0.0}, "Dielectric_FE_31": {"avail": 1.0, "util": 0.6105423353624793, "br": 0.0}, "Diffusion_BE_123": {"avail": 1.0, "util": 0.0, "br": 0.0}, "Diffusion_FE_100": {"avail": 1.0, "util": 0.0, "br": 0.0}, "Diffusion_FE_101": {"avail": 1.0, "util": 0.0, "br": 0.0}, "Diffusion_FE_120": {"avail": 1.0, "util": 0.0, "br": 0.0}, "Diffusion_FE_122": {"avail": 1.0, "util": 0.0, "br": 0.0}, "Diffusion_FE_125": {"avail": 1.0, "util": 0.0, "br": 0.0}, "Diffusion_FE_126": {"avail": 1.0, "util": 0.0, "br": 0.0}, "Diffusion_FE_127": {"avail": 1.0, "util": 0.0, "br": 0.0}, "Diffusion_FE_44": {"avail": 1.0, "util": 0.0, "br": 0.0}, "Diffusion_FE_94": {"avail": 1.0, "util": 0.0, "br": 0.0}, "EPI_36": {"avail": 1.0, "util": 0.014250138350857776, "br": 0.0}, "EPI_38": {"avail": 1.0, "util": 0.03514111787493082, "br": 0.0}, "Implant_119": {"avail": 1.0, "util": 0.045932484781405644, "br": 0.0}, "Implant_128": {"avail": 1.0, "util": 0.11801328168234643, "br": 0.0}, "Implant_132": {"avail": 1.0, "util": 0.05264250138350858, "br": 0.0}, "Implant_74": {"avail": 1.0, "util": 0.0, "br": 0.0}, "Implant_88": {"avail": 1.0, "util": 0.00691754288876591, "br": 0.0}, "Implant_90": {"avail": 1.0, "util": 0.07692307692307693, "br": 0.0}, "Implant_91": {"avail": 1.0, "util": 0.06751521859435529, "br": 0.0}, "LithoMet_BE_18": {"avail": 1.0, "util": 0.8290834787791069, "br": 0.0}, "LithoMet_FE_19": {"avail": 1.0, "util": 0.7971622701838529, "br": 0.0}, "LithoTrack_BE_117": {"avail": 1.0, "util": 0.2630879911455451, "br": 0.0}, "LithoTrack_FE_115": {"avail": 1.0, "util": 0.12863374458803997, "br": 0.0}, "LithoTrack_FE_95": {"avail": 1.0, "util": 0.15142360209163908, "br": 0.0}, "LithoTrack_FE_96": {"avail": 1.0, "util": 0.0, "br": 0.0}, "Litho_BE_110": {"avail": 1.0, "util": 0.20414657285160884, "br": 0.0}, "Litho_BE_93": {"avail": 1.0, "util": 0.20660394761114184, "br": 0.0}, "Litho_BE_99": {"avail": 1.0, "util": 0.6082826046854825, "br": 0.0}, "Litho_FE_111": {"avail": 1.0, "util": 0.3102455098857977, "br": 0.0}, "Litho_FE_35": {"avail": 1.0, "util": 0.15094078583287215, "br": 0.0}, "Litho_FE_92": {"avail": 1.0, "util": 0.33111133470845705, "br": 0.0}, "Litho_FE_98": {"avail": 1.0, "util": 0.3746541228555617, "br": 0.0}, "Litho_REG_BE_63": {"avail": 1.0, "util": 0.8278223574986165, "br": 0.0}, "Litho_REG_FE_64": {"avail": 1.0, "util": 0.8309747806150685, "br": 0.0}, "Planar_BE_75": {"avail": 1.0, "util": 0.2198810182623132, "br": 0.0}, "Planar_FE_76": {"avail": 1.0, "util": 0.9291643608190371, "br": 0.0}, "Planar_FE_77": {"avail": 1.0, "util": 0.7140287769784173, "br": 0.0}, "Planar_FE_78": {"avail": 1.0, "util": 0.0, "br": 0.0}, "Planar_FE_79": {"avail": 1.0, "util": 0.0, "br": 0.0}, "Planar_FE_80": {"avail": 1.0, "util": 0.6474820143884892, "br": 0.0}, "TF_BE_2": {"avail": 1.0, "util": 0.0, "br": 0.0}, "TF_BE_23": {"avail": 1.0, "util": 0.05174322080796901, "br": 0.0}, "TF_BE_24": {"avail": 1.0, "util": 0.0, "br": 0.0}, "TF_BE_26": {"avail": 1.0, "util": 0.13213429256594725, "br": 0.0}, "TF_BE_40": {"avail": 1.0, "util": 0.0, "br": 0.0}, "TF_FE_103": {"avail": 1.0, "util": 0.0, "br": 0.0}, "TF_FE_104": {"avail": 1.0, "util": 0.0, "br": 0.0}, "TF_FE_113": {"avail": 1.0, "util": 0.0, "br": 0.0}, "TF_FE_131": {"avail": 1.0, "util": 0.0, "br": 0.0}, "TF_FE_3": {"avail": 1.0, "util": 0.0, "br": 0.0}, "TF_FE_5": {"avail": 1.0, "util": 0.0, "br": 0.0}, "TF_Met_FE_45": {"avail": 1.0, "util": 0.14167127836192583, "br": 0.0}, "TF_Met_FE_61": {"avail": 1.0, "util": 0.9359435528500276, "br": 0.0}, "WE_BE_14": {"avail": 1.0, "util": 0.02141671278361926, "br": 0.0}, "WE_BE_16": {"avail": 1.0, "util": 0.025026132939802003, "br": 0.0}, "WE_BE_17": {"avail": 1.0, "util": 0.04233536247924737, "br": 0.0}, "WE_BE_7": {"avail": 1.0, "util": 0.011068068622025456, "br": 0.0}, "WE_BE_81": {"avail": 1.0, "util": 0.022320605054418005, "br": 0.0}, "WE_BE_82": {"avail": 1.0, "util": 0.15113447703375762, "br": 0.0}, "WE_BE_9": {"avail": 1.0, "util": 0.08166653490394499, "br": 0.0}, "WE_FE_108": {"avail": 1.0, "util": 0.03949719345402798, "br": 0.0}, "WE_FE_41": {"avail": 1.0, "util": 0.037188710570005536, "br": 0.0}, "WE_FE_47": {"avail": 1.0, "util": 0.038323187603763145, "br": 0.0}, "WE_FE_8": {"avail": 1.0, "util": 0.08563918096292197, "br": 0.0}, "WE_FE_83": {"avail": 1.0, "util": 0.061506838485255746, "br": 0.0}, "WE_FE_84": {"avail": 1.0, "util": 0.05417204697780237, "br": 0.0}, "WE_FE_85": {"avail": 1.0, "util": 0.03804648588821251, "br": 0.0}}, "plugins": {"cost": 448800}}