{"lots": {}, "machines": {"DE_BE_11": {"avail": 1.0, "util": 0.8188843214951425, "br": 0.0}, "DE_BE_12": {"avail": 1.0, "util": 0.5683257415842684, "br": 0.0}, "DE_BE_13": {"avail": 1.0, "util": 0.7394434806389034, "br": 0.0}, "DE_BE_48": {"avail": 1.0, "util": 0.7281362676874287, "br": 0.0}, "DE_BE_50": {"avail": 1.0, "util": 0.7521275413842906, "br": 0.0}, "DE_BE_65": {"avail": 1.0, "util": 0.7394885416771875, "br": 0.0}, "DE_BE_66": {"avail": 1.0, "util": 0.7598404098890973, "br": 0.0}, "DE_BE_67": {"avail": 1.0, "util": 0.8162426397066993, "br": 0.0}, "DE_BE_69": {"avail": 1.0, "util": 0.2997074399140836, "br": 0.0}, "DE_FE_1": {"avail": 1.0, "util": 0.9028552383068549, "br": 0.0}, "DE_FE_51": {"avail": 1.0, "util": 0.336054327296967, "br": 0.0}, "DE_FE_53": {"avail": 1.0, "util": 0.10708810132207532, "br": 0.0}, "DE_FE_54": {"avail": 1.0, "util": 0.9752990408473132, "br": 0.0}, "DE_FE_56": {"avail": 1.0, "util": 0.9621708699033441, "br": 0.0}, "DE_FE_58": {"avail": 1.0, "util": 0.8893178535718254, "br": 0.0}, "DE_FE_59": {"avail": 1.0, "util": 0.8556063215198312, "br": 0.0}, "DE_FE_62": {"avail": 1.0, "util": 0.6372004417809786, "br": 0.0}, "DE_FE_70": {"avail": 1.0, "util": 0.8721303693529002, "br": 0.0}, "DE_FE_71": {"avail": 1.0, "util": 0.7412602303447765, "br": 0.0}, "DE_FE_72": {"avail": 1.0, "util": 0.564614032784236, "br": 0.0}, "DE_FE_86": {"avail": 1.0, "util": 0.7400401838590439, "br": 0.0}, "DefMEt_FE_118": {"avail": 1.0, "util": 0.24833351849794466, "br": 0.0}, "DefMet_BE_33": {"avail": 1.0, "util": 0.9384235084990556, "br": 0.0}, "DefMet_BE_42": {"avail": 1.0, "util": 0.9871125430507721, "br": 0.0}, "DefMet_FE_10": {"avail": 1.0, "util": 0.47547494722808575, "br": 0.0}, "DefMet_FE_106": {"avail": 1.0, "util": 0.10176647039217865, "br": 0.0}, "DefMet_FE_34": {"avail": 1.0, "util": 0.4364515053882902, "br": 0.0}, "DefMet_FE_43": {"avail": 1.0, "util": 0.8660259971114321, "br": 0.0}, "Delay_32": {"avail": 1.0, "util": 0.30660718253527386, "br": 0.0}, "Dielectric_BE_20": {"avail": 1.0, "util": 0.6292745250527719, "br": 0.0}, "Dielectric_BE_21": {"avail": 1.0, "util": 0.9320168129467097, "br": 0.0}, "Dielectric_BE_27": {"avail": 1.0, "util": 0.9104173610339591, "br": 0.0}, "Dielectric_BE_28": {"avail": 1.0, "util": 0.910491426878495, "br": 0.0}, "Dielectric_BE_60": {"avail": 1.0, "util": 0.8503407028848646, "br": 0.0}, "Dielectric_FE_112": {"avail": 1.0, "util": 0.6243071757459048, "br": 0.0}, "Dielectric_FE_130": {"avail": 1.0, "util": 0.3443645150538829, "br": 0.0}, "Dielectric_FE_29": {"avail": 1.0, "util": 0.4111580194793171, "br": 0.0}, "Dielectric_FE_30": {"avail": 1.0, "util": 0.8907621375402733, "br": 0.0}, "Dielectric_FE_31": {"avail": 1.0, "util": 0.3734168425730474, "br": 0.0}, "Diffusion_BE_123": {"avail": 1.0, "util": 0.0, "br": 0.0}, "Diffusion_FE_100": {"avail": 1.0, "util": 0.0, "br": 0.0}, "Diffusion_FE_101": {"avail": 1.0, "util": 0.0, "br": 0.0}, "Diffusion_FE_120": {"avail": 1.0, "util": 0.0, "br": 0.0}, "Diffusion_FE_122": {"avail": 1.0, "util": 0.0, "br": 0.0}, "Diffusion_FE_125": {"avail": 1.0, "util": 0.0, "br": 0.0}, "Diffusion_FE_126": {"avail": 1.0, "util": 0.0, "br": 0.0}, "Diffusion_FE_127": {"avail": 1.0, "util": 0.0, "br": 0.0}, "Diffusion_FE_44": {"avail": 1.0, "util": 0.0, "br": 0.0}, "Diffusion_FE_94": {"avail": 1.0, "util": 0.0, "br": 0.0}, "EPI_36": {"avail": 1.0, "util": 0.011554271747583602, "br": 0.0}, "EPI_38": {"avail": 1.0, "util": 0.2640262193089657, "br": 0.0}, "Implant_119": {"avail": 1.0, "util": 0.013137429174536162, "br": 0.0}, "Implant_128": {"avail": 1.0, "util": 0.036016200220177555, "br": 0.0}, "Implant_132": {"avail": 1.0, "util": 0.01896614661862968, "br": 0.0}, "Implant_74": {"avail": 1.0, "util": 0.013554049550049994, "br": 0.0}, "Implant_88": {"avail": 1.0, "util": 0.005721586490389957, "br": 0.0}, "Implant_90": {"avail": 1.0, "util": 0.022191978669036775, "br": 0.0}, "Implant_91": {"avail": 1.0, "util": 0.04738362404177314, "br": 0.0}, "LithoMet_BE_18": {"avail": 1.0, "util": 0.9624991162598096, "br": 0.0}, "LithoMet_FE_19": {"avail": 1.0, "util": 0.9468947894678369, "br": 0.0}, "LithoTrack_BE_117": {"avail": 1.0, "util": 0.0670814353960671, "br": 0.0}, "LithoTrack_FE_115": {"avail": 1.0, "util": 0.04456008952934769, "br": 0.0}, "LithoTrack_FE_95": {"avail": 1.0, "util": 0.06468447950227753, "br": 0.0}, "LithoTrack_FE_96": {"avail": 1.0, "util": 0.012220864348405733, "br": 0.0}, "Litho_BE_110": {"avail": 1.0, "util": 0.06119368379358816, "br": 0.0}, "Litho_BE_93": {"avail": 1.0, "util": 0.06454838351294301, "br": 0.0}, "Litho_BE_99": {"avail": 1.0, "util": 0.09897048476095249, "br": 0.0}, "Litho_FE_111": {"avail": 1.0, "util": 0.08672091989778914, "br": 0.0}, "Litho_FE_35": {"avail": 1.0, "util": 0.023636262637484723, "br": 0.0}, "Litho_FE_92": {"avail": 1.0, "util": 0.06974011434626923, "br": 0.0}, "Litho_FE_98": {"avail": 1.0, "util": 0.031024330629930007, "br": 0.0}, "Litho_REG_BE_63": {"avail": 1.0, "util": 0.9693575713809577, "br": 0.0}, "Litho_REG_FE_64": {"avail": 1.0, "util": 0.9585277561752399, "br": 0.0}, "Planar_BE_75": {"avail": 1.0, "util": 0.870811973272811, "br": 0.0}, "Planar_FE_76": {"avail": 1.0, "util": 0.9279246750361071, "br": 0.0}, "Planar_FE_77": {"avail": 1.0, "util": 0.8634596155982669, "br": 0.0}, "Planar_FE_78": {"avail": 1.0, "util": 0.4258693478502389, "br": 0.0}, "Planar_FE_79": {"avail": 1.0, "util": 0.2546105988223531, "br": 0.0}, "Planar_FE_80": {"avail": 1.0, "util": 0.2578046883679591, "br": 0.0}, "TF_BE_2": {"avail": 1.0, "util": 0.47922453060771025, "br": 0.0}, "TF_BE_23": {"avail": 1.0, "util": 0.43243211071785675, "br": 0.0}, "TF_BE_24": {"avail": 1.0, "util": 0.868431285412732, "br": 0.0}, "TF_BE_26": {"avail": 1.0, "util": 0.7585225573226906, "br": 0.0}, "TF_BE_40": {"avail": 1.0, "util": 0.6804734114510153, "br": 0.0}, "TF_FE_103": {"avail": 1.0, "util": 0.6296919389909058, "br": 0.0}, "TF_FE_104": {"avail": 1.0, "util": 0.685512720808799, "br": 0.0}, "TF_FE_113": {"avail": 1.0, "util": 0.08963818834944266, "br": 0.0}, "TF_FE_131": {"avail": 1.0, "util": 0.8510721030996556, "br": 0.0}, "TF_FE_3": {"avail": 1.0, "util": 0.356997370662519, "br": 0.0}, "TF_FE_5": {"avail": 1.0, "util": 0.2857645446802207, "br": 0.0}, "TF_Met_FE_45": {"avail": 1.0, "util": 0.07138095767136984, "br": 0.0}, "TF_Met_FE_61": {"avail": 1.0, "util": 0.9877513609598934, "br": 0.0}, "WE_BE_14": {"avail": 1.0, "util": 0.03745139428952339, "br": 0.0}, "WE_BE_16": {"avail": 1.0, "util": 0.033197700255527166, "br": 0.0}, "WE_BE_17": {"avail": 1.0, "util": 0.03210754360626597, "br": 0.0}, "WE_BE_7": {"avail": 1.0, "util": 0.02505277191423175, "br": 0.0}, "WE_BE_81": {"avail": 1.0, "util": 0.04012517127726549, "br": 0.0}, "WE_BE_82": {"avail": 1.0, "util": 0.04565542100260465, "br": 0.0}, "WE_BE_9": {"avail": 1.0, "util": 0.04477280302188646, "br": 0.0}, "WE_FE_108": {"avail": 1.0, "util": 0.03774101728160473, "br": 0.0}, "WE_FE_41": {"avail": 1.0, "util": 0.0298855682701922, "br": 0.0}, "WE_FE_47": {"avail": 1.0, "util": 0.03639595600488835, "br": 0.0}, "WE_FE_8": {"avail": 1.0, "util": 0.029052327519164537, "br": 0.0}, "WE_FE_83": {"avail": 1.0, "util": 0.040532533422212344, "br": 0.0}, "WE_FE_84": {"avail": 1.0, "util": 0.034064842468483895, "br": 0.0}, "WE_FE_85": {"avail": 1.0, "util": 0.0301355404955005, "br": 0.0}}, "plugins": {"cost": 429025.13097222225}}