{"lots": {}, "machines": {"DE_BE_11": {"avail": 1.0, "util": 0.7426113500763147, "br": 0.0}, "DE_BE_12": {"avail": 1.0, "util": 0.0, "br": 0.0}, "DE_BE_13": {"avail": 1.0, "util": 0.8412654363812959, "br": 0.0}, "DE_BE_48": {"avail": 1.0, "util": 0.35433984636149196, "br": 0.0}, "DE_BE_50": {"avail": 1.0, "util": 0.2427778548633273, "br": 0.0}, "DE_BE_65": {"avail": 1.0, "util": 0.5868789182234444, "br": 0.0}, "DE_BE_66": {"avail": 1.0, "util": 0.7162317681339221, "br": 0.0}, "DE_BE_67": {"avail": 1.0, "util": 0.41117852592807497, "br": 0.0}, "DE_BE_69": {"avail": 1.0, "util": 0.18310901438416355, "br": 0.0}, "DE_FE_1": {"avail": 1.0, "util": 0.0, "br": 0.0}, "DE_FE_51": {"avail": 1.0, "util": 0.03087970029138338, "br": 0.0}, "DE_FE_53": {"avail": 1.0, "util": 0.0, "br": 0.0}, "DE_FE_54": {"avail": 1.0, "util": 0.8085194949354794, "br": 0.0}, "DE_FE_56": {"avail": 1.0, "util": 0.5993478562508672, "br": 0.0}, "DE_FE_58": {"avail": 1.0, "util": 0.7202719578187873, "br": 0.0}, "DE_FE_59": {"avail": 1.0, "util": 0.21742750104065492, "br": 0.0}, "DE_FE_62": {"avail": 1.0, "util": 0.0926305307748186, "br": 0.0}, "DE_FE_70": {"avail": 1.0, "util": 0.36924959319853173, "br": 0.0}, "DE_FE_71": {"avail": 1.0, "util": 0.23265960563032856, "br": 0.0}, "DE_FE_72": {"avail": 1.0, "util": 0.19628643868965778, "br": 0.0}, "DE_FE_86": {"avail": 1.0, "util": 0.2253905689619085, "br": 0.0}, "DefMEt_FE_118": {"avail": 1.0, "util": 0.6173858748439017, "br": 0.0}, "DefMet_BE_33": {"avail": 1.0, "util": 0.7715415568197586, "br": 0.0}, "DefMet_BE_42": {"avail": 1.0, "util": 0.9042597474677397, "br": 0.0}, "DefMet_FE_10": {"avail": 1.0, "util": 0.4805744415151936, "br": 0.0}, "DefMet_FE_106": {"avail": 1.0, "util": 0.25780491189121685, "br": 0.0}, "DefMet_FE_34": {"avail": 1.0, "util": 0.4066879422783405, "br": 0.0}, "DefMet_FE_43": {"avail": 1.0, "util": 0.5854030803385597, "br": 0.0}, "Delay_32": {"avail": 1.0, "util": 0.09632926321631748, "br": 0.0}, "Dielectric_BE_20": {"avail": 1.0, "util": 0.7630914388788678, "br": 0.0}, "Dielectric_BE_21": {"avail": 1.0, "util": 0.9003283844410527, "br": 0.0}, "Dielectric_BE_27": {"avail": 1.0, "util": 0.8696059386707368, "br": 0.0}, "Dielectric_BE_28": {"avail": 1.0, "util": 0.8019518061144258, "br": 0.0}, "Dielectric_BE_60": {"avail": 1.0, "util": 0.8796077887239258, "br": 0.0}, "Dielectric_FE_112": {"avail": 1.0, "util": 0.7368453509705071, "br": 0.0}, "Dielectric_FE_130": {"avail": 1.0, "util": 0.867177743860136, "br": 0.0}, "Dielectric_FE_29": {"avail": 1.0, "util": 0.3807409463022062, "br": 0.0}, "Dielectric_FE_30": {"avail": 1.0, "util": 0.8353683918412654, "br": 0.0}, "Dielectric_FE_31": {"avail": 1.0, "util": 0.4277785486332732, "br": 0.0}, "Diffusion_BE_123": {"avail": 1.0, "util": 0.0, "br": 0.0}, "Diffusion_FE_100": {"avail": 1.0, "util": 0.0, "br": 0.0}, "Diffusion_FE_101": {"avail": 1.0, "util": 0.0, "br": 0.0}, "Diffusion_FE_120": {"avail": 1.0, "util": 0.0, "br": 0.0}, "Diffusion_FE_122": {"avail": 1.0, "util": 0.0, "br": 0.0}, "Diffusion_FE_125": {"avail": 1.0, "util": 0.0, "br": 0.0}, "Diffusion_FE_126": {"avail": 1.0, "util": 0.0, "br": 0.0}, "Diffusion_FE_127": {"avail": 1.0, "util": 0.0, "br": 0.0}, "Diffusion_FE_44": {"avail": 1.0, "util": 0.0, "br": 0.0}, "Diffusion_FE_94": {"avail": 1.0, "util": 0.0, "br": 0.0}, "EPI_36": {"avail": 1.0, "util": 0.010892188150409324, "br": 0.0}, "EPI_38": {"avail": 1.0, "util": 0.609823782433745, "br": 0.0}, "Implant_119": {"avail": 1.0, "util": 0.02809768280838074, "br": 0.0}, "Implant_128": {"avail": 1.0, "util": 0.04250917668428422, "br": 0.0}, "Implant_132": {"avail": 1.0, "util": 0.03421276933140399, "br": 0.0}, "Implant_74": {"avail": 1.0, "util": 0.03378659636464548, "br": 0.0}, "Implant_88": {"avail": 1.0, "util": 0.0, "br": 0.0}, "Implant_90": {"avail": 1.0, "util": 0.03371721937005689, "br": 0.0}, "Implant_91": {"avail": 1.0, "util": 0.05526373168942893, "br": 0.0}, "LithoMet_BE_18": {"avail": 1.0, "util": 0.9343567491201736, "br": 0.0}, "LithoMet_FE_19": {"avail": 1.0, "util": 0.900632321750679, "br": 0.0}, "LithoTrack_BE_117": {"avail": 1.0, "util": 0.10942139586513112, "br": 0.0}, "LithoTrack_FE_115": {"avail": 1.0, "util": 0.07227729138676152, "br": 0.0}, "LithoTrack_FE_95": {"avail": 1.0, "util": 0.12879839045372554, "br": 0.0}, "LithoTrack_FE_96": {"avail": 1.0, "util": 0.03010961565144998, "br": 0.0}, "Litho_BE_110": {"avail": 1.0, "util": 0.11021892966379306, "br": 0.0}, "Litho_BE_93": {"avail": 1.0, "util": 0.12997779936173165, "br": 0.0}, "Litho_BE_99": {"avail": 1.0, "util": 0.2077147217982517, "br": 0.0}, "Litho_FE_111": {"avail": 1.0, "util": 0.1660815873456362, "br": 0.0}, "Litho_FE_35": {"avail": 1.0, "util": 0.04204245872068822, "br": 0.0}, "Litho_FE_92": {"avail": 1.0, "util": 0.12652762805392193, "br": 0.0}, "Litho_FE_98": {"avail": 1.0, "util": 0.02299847370611905, "br": 0.0}, "Litho_REG_BE_63": {"avail": 1.0, "util": 0.8427050090190092, "br": 0.0}, "Litho_REG_FE_64": {"avail": 1.0, "util": 0.8857245270801536, "br": 0.0}, "Planar_BE_75": {"avail": 1.0, "util": 0.7130071953854388, "br": 0.0}, "Planar_FE_76": {"avail": 1.0, "util": 0.9313167753572915, "br": 0.0}, "Planar_FE_77": {"avail": 1.0, "util": 0.7190231719161926, "br": 0.0}, "Planar_FE_78": {"avail": 1.0, "util": 0.4267378937144443, "br": 0.0}, "Planar_FE_79": {"avail": 1.0, "util": 0.32145830442625223, "br": 0.0}, "Planar_FE_80": {"avail": 1.0, "util": 0.48432079922297766, "br": 0.0}, "TF_BE_2": {"avail": 1.0, "util": 0.5339947273484112, "br": 0.0}, "TF_BE_23": {"avail": 1.0, "util": 0.6044024658566077, "br": 0.0}, "TF_BE_24": {"avail": 1.0, "util": 0.7310253919800195, "br": 0.0}, "TF_BE_26": {"avail": 1.0, "util": 0.5791591508255862, "br": 0.0}, "TF_BE_40": {"avail": 1.0, "util": 0.5972379794154375, "br": 0.0}, "TF_FE_103": {"avail": 1.0, "util": 0.7186663759440227, "br": 0.0}, "TF_FE_104": {"avail": 1.0, "util": 0.5706951574857777, "br": 0.0}, "TF_FE_113": {"avail": 1.0, "util": 0.2166412284353175, "br": 0.0}, "TF_FE_131": {"avail": 1.0, "util": 0.7085703713981777, "br": 0.0}, "TF_FE_3": {"avail": 1.0, "util": 0.6643541001803802, "br": 0.0}, "TF_FE_5": {"avail": 1.0, "util": 0.5350816335969659, "br": 0.0}, "TF_Met_FE_45": {"avail": 1.0, "util": 0.17621756625502982, "br": 0.0}, "TF_Met_FE_61": {"avail": 1.0, "util": 0.984251422228389, "br": 0.0}, "WE_BE_14": {"avail": 1.0, "util": 0.0365200499514361, "br": 0.0}, "WE_BE_16": {"avail": 1.0, "util": 0.039024559456084365, "br": 0.0}, "WE_BE_17": {"avail": 1.0, "util": 0.028167059802969335, "br": 0.0}, "WE_BE_7": {"avail": 1.0, "util": 0.03427223532676565, "br": 0.0}, "WE_BE_81": {"avail": 1.0, "util": 0.04338374728273438, "br": 0.0}, "WE_BE_82": {"avail": 1.0, "util": 0.049519757026347845, "br": 0.0}, "WE_BE_9": {"avail": 1.0, "util": 0.07179131400027751, "br": 0.0}, "WE_FE_108": {"avail": 1.0, "util": 0.028693368037779363, "br": 0.0}, "WE_FE_41": {"avail": 1.0, "util": 0.03160815873456362, "br": 0.0}, "WE_FE_47": {"avail": 1.0, "util": 0.028749826557513528, "br": 0.0}, "WE_FE_8": {"avail": 1.0, "util": 0.026293880949077288, "br": 0.0}, "WE_FE_83": {"avail": 1.0, "util": 0.05446094075204662, "br": 0.0}, "WE_FE_84": {"avail": 1.0, "util": 0.03223173548592463, "br": 0.0}, "WE_FE_85": {"avail": 1.0, "util": 0.04745386429859858, "br": 0.0}}, "plugins": {"cost": 429200}}