{"lots": {}, "machines": {"DE_BE_11": {"avail": 1.0, "util": 0.7817210270645385, "br": 0.0}, "DE_BE_12": {"avail": 1.0, "util": 0.7080037011334722, "br": 0.0}, "DE_BE_13": {"avail": 1.0, "util": 0.831036647830541, "br": 0.0}, "DE_BE_48": {"avail": 1.0, "util": 0.7749063150589868, "br": 0.0}, "DE_BE_50": {"avail": 1.0, "util": 0.6291849795666589, "br": 0.0}, "DE_BE_65": {"avail": 1.0, "util": 0.7401518553292239, "br": 0.0}, "DE_BE_66": {"avail": 1.0, "util": 0.7024580883158624, "br": 0.0}, "DE_BE_67": {"avail": 1.0, "util": 0.8450312283136711, "br": 0.0}, "DE_BE_69": {"avail": 1.0, "util": 0.8297362942401111, "br": 0.0}, "DE_FE_1": {"avail": 1.0, "util": 0.5617527510657282, "br": 0.0}, "DE_FE_51": {"avail": 1.0, "util": 0.6609883487344316, "br": 0.0}, "DE_FE_53": {"avail": 1.0, "util": 0.6869257460097155, "br": 0.0}, "DE_FE_54": {"avail": 1.0, "util": 0.8105343511450381, "br": 0.0}, "DE_FE_56": {"avail": 1.0, "util": 0.7442401110340041, "br": 0.0}, "DE_FE_58": {"avail": 1.0, "util": 0.7377746934998843, "br": 0.0}, "DE_FE_59": {"avail": 1.0, "util": 0.6604857737682165, "br": 0.0}, "DE_FE_62": {"avail": 1.0, "util": 0.7638693367701002, "br": 0.0}, "DE_FE_70": {"avail": 1.0, "util": 0.8349436822719265, "br": 0.0}, "DE_FE_71": {"avail": 1.0, "util": 0.6781104391791415, "br": 0.0}, "DE_FE_72": {"avail": 1.0, "util": 0.8622638599737836, "br": 0.0}, "DE_FE_86": {"avail": 1.0, "util": 0.672493381653687, "br": 0.0}, "DefMEt_FE_118": {"avail": 1.0, "util": 0.37293546148507983, "br": 0.0}, "DefMet_BE_33": {"avail": 1.0, "util": 0.9109646079111728, "br": 0.0}, "DefMet_BE_42": {"avail": 1.0, "util": 0.9310201249132547, "br": 0.0}, "DefMet_FE_10": {"avail": 1.0, "util": 0.8056210964607912, "br": 0.0}, "DefMet_FE_106": {"avail": 1.0, "util": 0.4573213046495489, "br": 0.0}, "DefMet_FE_34": {"avail": 1.0, "util": 0.7226578764746704, "br": 0.0}, "DefMet_FE_43": {"avail": 1.0, "util": 0.9793661808928984, "br": 0.0}, "Delay_32": {"avail": 1.0, "util": 0.3776892782789729, "br": 0.0}, "Dielectric_BE_20": {"avail": 1.0, "util": 0.861679389312977, "br": 0.0}, "Dielectric_BE_21": {"avail": 1.0, "util": 0.9524895905621097, "br": 0.0}, "Dielectric_BE_27": {"avail": 1.0, "util": 0.8056118436271108, "br": 0.0}, "Dielectric_BE_28": {"avail": 1.0, "util": 0.8239937543372657, "br": 0.0}, "Dielectric_BE_60": {"avail": 1.0, "util": 0.9269257460097154, "br": 0.0}, "Dielectric_FE_112": {"avail": 1.0, "util": 0.9098959056210965, "br": 0.0}, "Dielectric_FE_130": {"avail": 1.0, "util": 0.8570090215128383, "br": 0.0}, "Dielectric_FE_29": {"avail": 1.0, "util": 0.9708073097386075, "br": 0.0}, "Dielectric_FE_30": {"avail": 1.0, "util": 0.979528105482304, "br": 0.0}, "Dielectric_FE_31": {"avail": 1.0, "util": 0.9388098542678696, "br": 0.0}, "Diffusion_BE_123": {"avail": 1.0, "util": 0.0, "br": 0.0}, "Diffusion_FE_100": {"avail": 1.0, "util": 0.0, "br": 0.0}, "Diffusion_FE_101": {"avail": 1.0, "util": 0.0, "br": 0.0}, "Diffusion_FE_120": {"avail": 1.0, "util": 0.0, "br": 0.0}, "Diffusion_FE_122": {"avail": 1.0, "util": 0.0, "br": 0.0}, "Diffusion_FE_125": {"avail": 1.0, "util": 0.0, "br": 0.0}, "Diffusion_FE_126": {"avail": 1.0, "util": 0.0, "br": 0.0}, "Diffusion_FE_127": {"avail": 1.0, "util": 0.0, "br": 0.0}, "Diffusion_FE_44": {"avail": 1.0, "util": 0.0, "br": 0.0}, "Diffusion_FE_94": {"avail": 1.0, "util": 0.0, "br": 0.0}, "EPI_36": {"avail": 1.0, "util": 0.008882720333102013, "br": 0.0}, "EPI_38": {"avail": 1.0, "util": 0.02220680083275503, "br": 0.0}, "Implant_119": {"avail": 1.0, "util": 0.023039555863983346, "br": 0.0}, "Implant_128": {"avail": 1.0, "util": 0.05475364330326162, "br": 0.0}, "Implant_132": {"avail": 1.0, "util": 0.03479354614850798, "br": 0.0}, "Implant_74": {"avail": 1.0, "util": 0.008535739070090215, "br": 0.0}, "Implant_88": {"avail": 1.0, "util": 0.017730742539902845, "br": 0.0}, "Implant_90": {"avail": 1.0, "util": 0.04871616932685635, "br": 0.0}, "Implant_91": {"avail": 1.0, "util": 0.04647235715938006, "br": 0.0}, "LithoMet_BE_18": {"avail": 1.0, "util": 0.9526557412053595, "br": 0.0}, "LithoMet_FE_19": {"avail": 1.0, "util": 0.9565964993445909, "br": 0.0}, "LithoTrack_BE_117": {"avail": 1.0, "util": 0.10655100624566274, "br": 0.0}, "LithoTrack_FE_115": {"avail": 1.0, "util": 0.05110149542120804, "br": 0.0}, "LithoTrack_FE_95": {"avail": 1.0, "util": 0.06022744975852937, "br": 0.0}, "LithoTrack_FE_96": {"avail": 1.0, "util": 0.0, "br": 0.0}, "Litho_BE_110": {"avail": 1.0, "util": 0.0713963517398632, "br": 0.0}, "Litho_BE_93": {"avail": 1.0, "util": 0.06273421235253296, "br": 0.0}, "Litho_BE_99": {"avail": 1.0, "util": 0.1987971316215591, "br": 0.0}, "Litho_FE_111": {"avail": 1.0, "util": 0.10815721405589553, "br": 0.0}, "Litho_FE_35": {"avail": 1.0, "util": 0.054510756419153365, "br": 0.0}, "Litho_FE_92": {"avail": 1.0, "util": 0.10360229638508613, "br": 0.0}, "Litho_FE_98": {"avail": 1.0, "util": 0.11805690492713394, "br": 0.0}, "Litho_REG_BE_63": {"avail": 1.0, "util": 0.9316099930603747, "br": 0.0}, "Litho_REG_FE_64": {"avail": 1.0, "util": 0.9552344601962922, "br": 0.0}, "Planar_BE_75": {"avail": 1.0, "util": 0.8269673837612769, "br": 0.0}, "Planar_FE_76": {"avail": 1.0, "util": 0.8537820957668286, "br": 0.0}, "Planar_FE_77": {"avail": 1.0, "util": 0.8967730742539903, "br": 0.0}, "Planar_FE_78": {"avail": 1.0, "util": 0.5244968771686329, "br": 0.0}, "Planar_FE_79": {"avail": 1.0, "util": 0.9377099236641221, "br": 0.0}, "Planar_FE_80": {"avail": 1.0, "util": 0.8896946564885496, "br": 0.0}, "TF_BE_2": {"avail": 1.0, "util": 0.3932685634975711, "br": 0.0}, "TF_BE_23": {"avail": 1.0, "util": 0.546192337192739, "br": 0.0}, "TF_BE_24": {"avail": 1.0, "util": 0.29011797362942404, "br": 0.0}, "TF_BE_26": {"avail": 1.0, "util": 0.5690631505898682, "br": 0.0}, "TF_BE_40": {"avail": 1.0, "util": 0.6549040018505667, "br": 0.0}, "TF_FE_103": {"avail": 1.0, "util": 0.7369188063844553, "br": 0.0}, "TF_FE_104": {"avail": 1.0, "util": 0.8736016655100625, "br": 0.0}, "TF_FE_113": {"avail": 1.0, "util": 0.4947258848022207, "br": 0.0}, "TF_FE_131": {"avail": 1.0, "util": 0.3982535276428406, "br": 0.0}, "TF_FE_3": {"avail": 1.0, "util": 0.676648160999306, "br": 0.0}, "TF_FE_5": {"avail": 1.0, "util": 0.33471547536433033, "br": 0.0}, "TF_Met_FE_45": {"avail": 1.0, "util": 0.10659264399722415, "br": 0.0}, "TF_Met_FE_61": {"avail": 1.0, "util": 0.972380291464261, "br": 0.0}, "WE_BE_14": {"avail": 1.0, "util": 0.037071478140180435, "br": 0.0}, "WE_BE_16": {"avail": 1.0, "util": 0.04481455779165703, "br": 0.0}, "WE_BE_17": {"avail": 1.0, "util": 0.0369882026370576, "br": 0.0}, "WE_BE_7": {"avail": 1.0, "util": 0.005759888965995837, "br": 0.0}, "WE_BE_81": {"avail": 1.0, "util": 0.045362017117742306, "br": 0.0}, "WE_BE_82": {"avail": 1.0, "util": 0.06685634975711312, "br": 0.0}, "WE_BE_9": {"avail": 1.0, "util": 0.050252800634480024, "br": 0.0}, "WE_FE_108": {"avail": 1.0, "util": 0.042603350847625655, "br": 0.0}, "WE_FE_41": {"avail": 1.0, "util": 0.03891741845940319, "br": 0.0}, "WE_FE_47": {"avail": 1.0, "util": 0.03365718251214434, "br": 0.0}, "WE_FE_8": {"avail": 1.0, "util": 0.04618320610687023, "br": 0.0}, "WE_FE_83": {"avail": 1.0, "util": 0.04315455536829583, "br": 0.0}, "WE_FE_84": {"avail": 1.0, "util": 0.04219677692960136, "br": 0.0}, "WE_FE_85": {"avail": 1.0, "util": 0.0238029146426093, "br": 0.0}}, "plugins": {"cost": 448200.0}}