{"lots": {}, "machines": {"DE_BE_11": {"avail": 1.0, "util": 0.8685984971223132, "br": 0.0}, "DE_BE_12": {"avail": 1.0, "util": 0.7080564207352152, "br": 0.0}, "DE_BE_13": {"avail": 1.0, "util": 0.8512653157146977, "br": 0.0}, "DE_BE_48": {"avail": 1.0, "util": 0.5765992097057226, "br": 0.0}, "DE_BE_50": {"avail": 1.0, "util": 0.6846410220802667, "br": 0.0}, "DE_BE_65": {"avail": 1.0, "util": 0.8864299150370529, "br": 0.0}, "DE_BE_66": {"avail": 1.0, "util": 0.7477392845764885, "br": 0.0}, "DE_BE_67": {"avail": 1.0, "util": 0.7487848909873629, "br": 0.0}, "DE_BE_69": {"avail": 1.0, "util": 0.37145303892977827, "br": 0.0}, "DE_FE_1": {"avail": 1.0, "util": 0.5705457575336759, "br": 0.0}, "DE_FE_51": {"avail": 1.0, "util": 0.4137932231634495, "br": 0.0}, "DE_FE_53": {"avail": 1.0, "util": 0.137925288154423, "br": 0.0}, "DE_FE_54": {"avail": 1.0, "util": 0.8128037772531593, "br": 0.0}, "DE_FE_56": {"avail": 1.0, "util": 0.9047701708096098, "br": 0.0}, "DE_FE_58": {"avail": 1.0, "util": 0.73920288848771, "br": 0.0}, "DE_FE_59": {"avail": 1.0, "util": 0.7129738925149285, "br": 0.0}, "DE_FE_62": {"avail": 1.0, "util": 0.6900348807763628, "br": 0.0}, "DE_FE_70": {"avail": 1.0, "util": 0.7732006918231054, "br": 0.0}, "DE_FE_71": {"avail": 1.0, "util": 0.6875781141508124, "br": 0.0}, "DE_FE_72": {"avail": 1.0, "util": 0.26442665791367365, "br": 0.0}, "DE_FE_86": {"avail": 1.0, "util": 0.6540711153582718, "br": 0.0}, "DefMEt_FE_118": {"avail": 1.0, "util": 0.3081863630051382, "br": 0.0}, "DefMet_BE_33": {"avail": 1.0, "util": 0.9097347590612415, "br": 0.0}, "DefMet_BE_42": {"avail": 1.0, "util": 0.9721566449104291, "br": 0.0}, "DefMet_FE_10": {"avail": 1.0, "util": 0.49975697819747256, "br": 0.0}, "DefMet_FE_106": {"avail": 1.0, "util": 0.12935703374531315, "br": 0.0}, "DefMet_FE_34": {"avail": 1.0, "util": 0.7218789057075407, "br": 0.0}, "DefMet_FE_43": {"avail": 1.0, "util": 0.8628107207332315, "br": 0.0}, "Delay_32": {"avail": 1.0, "util": 0.2711949729204277, "br": 0.0}, "Dielectric_BE_20": {"avail": 1.0, "util": 0.8796000555478406, "br": 0.0}, "Dielectric_BE_21": {"avail": 1.0, "util": 0.9580613803638384, "br": 0.0}, "Dielectric_BE_27": {"avail": 1.0, "util": 0.8900442068231263, "br": 0.0}, "Dielectric_BE_28": {"avail": 1.0, "util": 0.9101976577327222, "br": 0.0}, "Dielectric_BE_60": {"avail": 1.0, "util": 0.9215965375179374, "br": 0.0}, "Dielectric_FE_112": {"avail": 1.0, "util": 0.5354426082797142, "br": 0.0}, "Dielectric_FE_130": {"avail": 1.0, "util": 0.43941813636994864, "br": 0.0}, "Dielectric_FE_29": {"avail": 1.0, "util": 0.9673656436606027, "br": 0.0}, "Dielectric_FE_30": {"avail": 1.0, "util": 0.97153173170393, "br": 0.0}, "Dielectric_FE_31": {"avail": 1.0, "util": 0.29131370642966253, "br": 0.0}, "Diffusion_BE_123": {"avail": 1.0, "util": 0.0, "br": 0.0}, "Diffusion_FE_100": {"avail": 1.0, "util": 0.0, "br": 0.0}, "Diffusion_FE_101": {"avail": 1.0, "util": 0.0, "br": 0.0}, "Diffusion_FE_120": {"avail": 1.0, "util": 0.0, "br": 0.0}, "Diffusion_FE_122": {"avail": 1.0, "util": 0.0, "br": 0.0}, "Diffusion_FE_125": {"avail": 1.0, "util": 0.0, "br": 0.0}, "Diffusion_FE_126": {"avail": 1.0, "util": 0.0, "br": 0.0}, "Diffusion_FE_127": {"avail": 1.0, "util": 0.0, "br": 0.0}, "Diffusion_FE_44": {"avail": 1.0, "util": 0.0, "br": 0.0}, "Diffusion_FE_94": {"avail": 1.0, "util": 0.0, "br": 0.0}, "EPI_36": {"avail": 1.0, "util": 0.008991806693514789, "br": 0.0}, "EPI_38": {"avail": 1.0, "util": 0.3182196917094848, "br": 0.0}, "Implant_119": {"avail": 1.0, "util": 0.04523677267046244, "br": 0.0}, "Implant_128": {"avail": 1.0, "util": 0.0357967958995594, "br": 0.0}, "Implant_132": {"avail": 1.0, "util": 0.038982680976848455, "br": 0.0}, "Implant_74": {"avail": 1.0, "util": 0.017046243577280934, "br": 0.0}, "Implant_88": {"avail": 1.0, "util": 0.0, "br": 0.0}, "Implant_90": {"avail": 1.0, "util": 0.05370781835856131, "br": 0.0}, "Implant_91": {"avail": 1.0, "util": 0.04780090066855794, "br": 0.0}, "LithoMet_BE_18": {"avail": 1.0, "util": 0.9600371160571133, "br": 0.0}, "LithoMet_FE_19": {"avail": 1.0, "util": 0.9561023270577499, "br": 0.0}, "LithoTrack_BE_117": {"avail": 1.0, "util": 0.07337869740313845, "br": 0.0}, "LithoTrack_FE_115": {"avail": 1.0, "util": 0.046707604973563965, "br": 0.0}, "LithoTrack_FE_95": {"avail": 1.0, "util": 0.07756388001666435, "br": 0.0}, "LithoTrack_FE_96": {"avail": 1.0, "util": 0.014997916955978336, "br": 0.0}, "Litho_BE_110": {"avail": 1.0, "util": 0.07204011520139111, "br": 0.0}, "Litho_BE_93": {"avail": 1.0, "util": 0.07160463824468824, "br": 0.0}, "Litho_BE_99": {"avail": 1.0, "util": 0.1239179743554136, "br": 0.0}, "Litho_FE_111": {"avail": 1.0, "util": 0.0964692403832801, "br": 0.0}, "Litho_FE_35": {"avail": 1.0, "util": 0.06263019025135398, "br": 0.0}, "Litho_FE_92": {"avail": 1.0, "util": 0.07615395297661649, "br": 0.0}, "Litho_FE_98": {"avail": 1.0, "util": 0.031940008332176084, "br": 0.0}, "Litho_REG_BE_63": {"avail": 1.0, "util": 0.9406853214831273, "br": 0.0}, "Litho_REG_FE_64": {"avail": 1.0, "util": 0.941871499328797, "br": 0.0}, "Planar_BE_75": {"avail": 1.0, "util": 0.818368480568175, "br": 0.0}, "Planar_FE_76": {"avail": 1.0, "util": 0.931120677683655, "br": 0.0}, "Planar_FE_77": {"avail": 1.0, "util": 0.8959172337175393, "br": 0.0}, "Planar_FE_78": {"avail": 1.0, "util": 0.21004027218441884, "br": 0.0}, "Planar_FE_79": {"avail": 1.0, "util": 0.32448618247465627, "br": 0.0}, "Planar_FE_80": {"avail": 1.0, "util": 0.3277322594084155, "br": 0.0}, "TF_BE_2": {"avail": 1.0, "util": 0.4594847937786419, "br": 0.0}, "TF_BE_23": {"avail": 1.0, "util": 0.7310095820024997, "br": 0.0}, "TF_BE_24": {"avail": 1.0, "util": 0.7225906124149424, "br": 0.0}, "TF_BE_26": {"avail": 1.0, "util": 0.6946684755322444, "br": 0.0}, "TF_BE_40": {"avail": 1.0, "util": 0.7632681735379889, "br": 0.0}, "TF_FE_103": {"avail": 1.0, "util": 0.7385779752812109, "br": 0.0}, "TF_FE_104": {"avail": 1.0, "util": 0.7432301069295931, "br": 0.0}, "TF_FE_113": {"avail": 1.0, "util": 0.1103087534138777, "br": 0.0}, "TF_FE_131": {"avail": 1.0, "util": 0.7142063602277462, "br": 0.0}, "TF_FE_3": {"avail": 1.0, "util": 0.4483405082627413, "br": 0.0}, "TF_FE_5": {"avail": 1.0, "util": 0.36133870295792253, "br": 0.0}, "TF_Met_FE_45": {"avail": 1.0, "util": 0.08828634911817804, "br": 0.0}, "TF_Met_FE_61": {"avail": 1.0, "util": 0.9850020830440217, "br": 0.0}, "WE_BE_14": {"avail": 1.0, "util": 0.03789751423413414, "br": 0.0}, "WE_BE_16": {"avail": 1.0, "util": 0.03808498819608388, "br": 0.0}, "WE_BE_17": {"avail": 1.0, "util": 0.032599638939036245, "br": 0.0}, "WE_BE_7": {"avail": 1.0, "util": 0.017011526176919874, "br": 0.0}, "WE_BE_81": {"avail": 1.0, "util": 0.048002592232560294, "br": 0.0}, "WE_BE_82": {"avail": 1.0, "util": 0.044723726642904534, "br": 0.0}, "WE_BE_9": {"avail": 1.0, "util": 0.05367310095820025, "br": 0.0}, "WE_FE_108": {"avail": 1.0, "util": 0.04032246479176743, "br": 0.0}, "WE_FE_41": {"avail": 1.0, "util": 0.03184279961116512, "br": 0.0}, "WE_FE_47": {"avail": 1.0, "util": 0.036939313984168866, "br": 0.0}, "WE_FE_8": {"avail": 1.0, "util": 0.027322594084154977, "br": 0.0}, "WE_FE_83": {"avail": 1.0, "util": 0.036487987779475074, "br": 0.0}, "WE_FE_84": {"avail": 1.0, "util": 0.03631031637762729, "br": 0.0}, "WE_FE_85": {"avail": 1.0, "util": 0.02558672406610193, "br": 0.0}}, "plugins": {"cost": 429025.1313425926}}