{"lots": {}, "machines": {"DE_BE_11": {"avail": 1.0, "util": 0.8054506405983856, "br": 0.0}, "DE_BE_12": {"avail": 1.0, "util": 0.5687624972228393, "br": 0.0}, "DE_BE_13": {"avail": 1.0, "util": 0.7440440585852717, "br": 0.0}, "DE_BE_48": {"avail": 1.0, "util": 0.7268182828058412, "br": 0.0}, "DE_BE_50": {"avail": 1.0, "util": 0.7479393468118196, "br": 0.0}, "DE_BE_65": {"avail": 1.0, "util": 0.7408202217688998, "br": 0.0}, "DE_BE_66": {"avail": 1.0, "util": 0.7341799861468694, "br": 0.0}, "DE_BE_67": {"avail": 1.0, "util": 0.7492274444062936, "br": 0.0}, "DE_BE_69": {"avail": 1.0, "util": 0.2986743686588165, "br": 0.0}, "DE_FE_1": {"avail": 1.0, "util": 0.8998889135747612, "br": 0.0}, "DE_FE_51": {"avail": 1.0, "util": 0.33689457898244834, "br": 0.0}, "DE_FE_53": {"avail": 1.0, "util": 0.1091313041546323, "br": 0.0}, "DE_FE_54": {"avail": 1.0, "util": 0.9700436939939273, "br": 0.0}, "DE_FE_56": {"avail": 1.0, "util": 0.9566485225505443, "br": 0.0}, "DE_FE_58": {"avail": 1.0, "util": 0.8826927349477893, "br": 0.0}, "DE_FE_59": {"avail": 1.0, "util": 0.8569415129971117, "br": 0.0}, "DE_FE_62": {"avail": 1.0, "util": 0.6354012833749363, "br": 0.0}, "DE_FE_70": {"avail": 1.0, "util": 0.8710640059784694, "br": 0.0}, "DE_FE_71": {"avail": 1.0, "util": 0.7431311560393987, "br": 0.0}, "DE_FE_72": {"avail": 1.0, "util": 0.5129314697743936, "br": 0.0}, "DE_FE_86": {"avail": 1.0, "util": 0.7415098904574877, "br": 0.0}, "DefMEt_FE_118": {"avail": 1.0, "util": 0.24816707398355922, "br": 0.0}, "DefMet_BE_33": {"avail": 1.0, "util": 0.9387636080870918, "br": 0.0}, "DefMet_BE_42": {"avail": 1.0, "util": 0.985503221506332, "br": 0.0}, "DefMet_FE_10": {"avail": 1.0, "util": 0.4677849366807376, "br": 0.0}, "DefMet_FE_106": {"avail": 1.0, "util": 0.10414352366140858, "br": 0.0}, "DefMet_FE_34": {"avail": 1.0, "util": 0.4553988002666074, "br": 0.0}, "DefMet_FE_43": {"avail": 1.0, "util": 0.8735836480782049, "br": 0.0}, "Delay_32": {"avail": 1.0, "util": 0.30330190513219285, "br": 0.0}, "Dielectric_BE_20": {"avail": 1.0, "util": 0.6235169962230614, "br": 0.0}, "Dielectric_BE_21": {"avail": 1.0, "util": 0.935838332222469, "br": 0.0}, "Dielectric_BE_27": {"avail": 1.0, "util": 0.9077704954454565, "br": 0.0}, "Dielectric_BE_28": {"avail": 1.0, "util": 0.9598237428719545, "br": 0.0}, "Dielectric_BE_60": {"avail": 1.0, "util": 0.8458583277790122, "br": 0.0}, "Dielectric_FE_112": {"avail": 1.0, "util": 0.6248426275642449, "br": 0.0}, "Dielectric_FE_130": {"avail": 1.0, "util": 0.3443956898467007, "br": 0.0}, "Dielectric_FE_29": {"avail": 1.0, "util": 0.3621602606828112, "br": 0.0}, "Dielectric_FE_30": {"avail": 1.0, "util": 0.9465952010664297, "br": 0.0}, "Dielectric_FE_31": {"avail": 1.0, "util": 0.3692373916907354, "br": 0.0}, "Diffusion_BE_123": {"avail": 1.0, "util": 0.0, "br": 0.0}, "Diffusion_FE_100": {"avail": 1.0, "util": 0.0, "br": 0.0}, "Diffusion_FE_101": {"avail": 1.0, "util": 0.0, "br": 0.0}, "Diffusion_FE_120": {"avail": 1.0, "util": 0.0, "br": 0.0}, "Diffusion_FE_122": {"avail": 1.0, "util": 0.0, "br": 0.0}, "Diffusion_FE_125": {"avail": 1.0, "util": 0.0, "br": 0.0}, "Diffusion_FE_126": {"avail": 1.0, "util": 0.0, "br": 0.0}, "Diffusion_FE_127": {"avail": 1.0, "util": 0.0, "br": 0.0}, "Diffusion_FE_44": {"avail": 1.0, "util": 0.0, "br": 0.0}, "Diffusion_FE_94": {"avail": 1.0, "util": 0.0, "br": 0.0}, "EPI_36": {"avail": 1.0, "util": 0.01008109309042435, "br": 0.0}, "EPI_38": {"avail": 1.0, "util": 0.2656076427460564, "br": 0.0}, "Implant_119": {"avail": 1.0, "util": 0.011191957342812708, "br": 0.0}, "Implant_128": {"avail": 1.0, "util": 0.03595160671365959, "br": 0.0}, "Implant_132": {"avail": 1.0, "util": 0.019471863395435933, "br": 0.0}, "Implant_74": {"avail": 1.0, "util": 0.013635858698067096, "br": 0.0}, "Implant_88": {"avail": 1.0, "util": 0.0056654076871806265, "br": 0.0}, "Implant_90": {"avail": 1.0, "util": 0.022189513441457455, "br": 0.0}, "Implant_91": {"avail": 1.0, "util": 0.04742596883232298, "br": 0.0}, "LithoMet_BE_18": {"avail": 1.0, "util": 0.9693048009533235, "br": 0.0}, "LithoMet_FE_19": {"avail": 1.0, "util": 0.9452105881232742, "br": 0.0}, "LithoTrack_BE_117": {"avail": 1.0, "util": 0.0670517662741613, "br": 0.0}, "LithoTrack_FE_115": {"avail": 1.0, "util": 0.04440612113297316, "br": 0.0}, "LithoTrack_FE_95": {"avail": 1.0, "util": 0.06441068651410799, "br": 0.0}, "LithoTrack_FE_96": {"avail": 1.0, "util": 0.012080648744723395, "br": 0.0}, "Litho_BE_110": {"avail": 1.0, "util": 0.06099127730069647, "br": 0.0}, "Litho_BE_93": {"avail": 1.0, "util": 0.06445789824483449, "br": 0.0}, "Litho_BE_99": {"avail": 1.0, "util": 0.09927423535510627, "br": 0.0}, "Litho_FE_111": {"avail": 1.0, "util": 0.08701121972894912, "br": 0.0}, "Litho_FE_35": {"avail": 1.0, "util": 0.023716951788491446, "br": 0.0}, "Litho_FE_92": {"avail": 1.0, "util": 0.06924315963973818, "br": 0.0}, "Litho_FE_98": {"avail": 1.0, "util": 0.031006998444790046, "br": 0.0}, "Litho_REG_BE_63": {"avail": 1.0, "util": 0.9675072206176405, "br": 0.0}, "Litho_REG_FE_64": {"avail": 1.0, "util": 0.9623231874398283, "br": 0.0}, "Planar_BE_75": {"avail": 1.0, "util": 0.8990740152981876, "br": 0.0}, "Planar_FE_76": {"avail": 1.0, "util": 0.919462341701844, "br": 0.0}, "Planar_FE_77": {"avail": 1.0, "util": 0.8603088202621639, "br": 0.0}, "Planar_FE_78": {"avail": 1.0, "util": 0.42579426794045766, "br": 0.0}, "Planar_FE_79": {"avail": 1.0, "util": 0.25562375027771606, "br": 0.0}, "Planar_FE_80": {"avail": 1.0, "util": 0.2574983337036214, "br": 0.0}, "TF_BE_2": {"avail": 1.0, "util": 0.4769356809597867, "br": 0.0}, "TF_BE_23": {"avail": 1.0, "util": 0.4303051702796204, "br": 0.0}, "TF_BE_24": {"avail": 1.0, "util": 0.8672933792490558, "br": 0.0}, "TF_BE_26": {"avail": 1.0, "util": 0.7396347820142533, "br": 0.0}, "TF_BE_40": {"avail": 1.0, "util": 0.6796855600716181, "br": 0.0}, "TF_FE_103": {"avail": 1.0, "util": 0.6240359285238201, "br": 0.0}, "TF_FE_104": {"avail": 1.0, "util": 0.6921906243057099, "br": 0.0}, "TF_FE_113": {"avail": 1.0, "util": 0.08736947345034436, "br": 0.0}, "TF_FE_131": {"avail": 1.0, "util": 0.8487188032289121, "br": 0.0}, "TF_FE_3": {"avail": 1.0, "util": 0.3575501740353995, "br": 0.0}, "TF_FE_5": {"avail": 1.0, "util": 0.2858253721395245, "br": 0.0}, "TF_Met_FE_45": {"avail": 1.0, "util": 0.07051210842035104, "br": 0.0}, "TF_Met_FE_61": {"avail": 1.0, "util": 0.9827538324816707, "br": 0.0}, "WE_BE_14": {"avail": 1.0, "util": 0.03751388580315485, "br": 0.0}, "WE_BE_16": {"avail": 1.0, "util": 0.03360364363474783, "br": 0.0}, "WE_BE_17": {"avail": 1.0, "util": 0.03202066207509442, "br": 0.0}, "WE_BE_7": {"avail": 1.0, "util": 0.02493890246611864, "br": 0.0}, "WE_BE_81": {"avail": 1.0, "util": 0.04004665629860031, "br": 0.0}, "WE_BE_82": {"avail": 1.0, "util": 0.04559480609247328, "br": 0.0}, "WE_BE_9": {"avail": 1.0, "util": 0.04481226394134637, "br": 0.0}, "WE_FE_108": {"avail": 1.0, "util": 0.03780769024507964, "br": 0.0}, "WE_FE_41": {"avail": 1.0, "util": 0.03018218173739169, "br": 0.0}, "WE_FE_47": {"avail": 1.0, "util": 0.03658075983114863, "br": 0.0}, "WE_FE_8": {"avail": 1.0, "util": 0.028826927349477893, "br": 0.0}, "WE_FE_83": {"avail": 1.0, "util": 0.040583574020588015, "br": 0.0}, "WE_FE_84": {"avail": 1.0, "util": 0.0339336356626632, "br": 0.0}, "WE_FE_85": {"avail": 1.0, "util": 0.029937791601866253, "br": 0.0}}, "plugins": {"cost": 429025.1324537037}}