{"lots": {}, "machines": {"DE_BE_11": {"avail": 1.0, "util": 0.6381290967670259, "br": 0.0}, "DE_BE_12": {"avail": 1.0, "util": 0.5649989507338691, "br": 0.0}, "DE_BE_13": {"avail": 1.0, "util": 0.9051322339845838, "br": 0.0}, "DE_BE_48": {"avail": 1.0, "util": 0.8567825797133651, "br": 0.0}, "DE_BE_50": {"avail": 1.0, "util": 0.8372403066325964, "br": 0.0}, "DE_BE_65": {"avail": 1.0, "util": 0.7410255069698137, "br": 0.0}, "DE_BE_66": {"avail": 1.0, "util": 0.6773750285056046, "br": 0.0}, "DE_BE_67": {"avail": 1.0, "util": 0.7919508943450728, "br": 0.0}, "DE_BE_69": {"avail": 1.0, "util": 0.8849016775913787, "br": 0.0}, "DE_FE_1": {"avail": 1.0, "util": 0.8998285904740744, "br": 0.0}, "DE_FE_51": {"avail": 1.0, "util": 0.5436296551845117, "br": 0.0}, "DE_FE_53": {"avail": 1.0, "util": 0.5503277413620709, "br": 0.0}, "DE_FE_54": {"avail": 1.0, "util": 0.9795800466614821, "br": 0.0}, "DE_FE_56": {"avail": 1.0, "util": 0.8375458282413065, "br": 0.0}, "DE_FE_58": {"avail": 1.0, "util": 0.6922749324149169, "br": 0.0}, "DE_FE_59": {"avail": 1.0, "util": 0.8041773136318187, "br": 0.0}, "DE_FE_62": {"avail": 1.0, "util": 0.9511919310552794, "br": 0.0}, "DE_FE_70": {"avail": 1.0, "util": 0.9074333621050653, "br": 0.0}, "DE_FE_71": {"avail": 1.0, "util": 0.7126549431015602, "br": 0.0}, "DE_FE_72": {"avail": 1.0, "util": 0.8140206643706255, "br": 0.0}, "DE_FE_86": {"avail": 1.0, "util": 0.7884963399128492, "br": 0.0}, "DefMEt_FE_118": {"avail": 1.0, "util": 0.29713365181646484, "br": 0.0}, "DefMet_BE_33": {"avail": 1.0, "util": 0.9244250638817909, "br": 0.0}, "DefMet_BE_42": {"avail": 1.0, "util": 0.993222975224975, "br": 0.0}, "DefMet_FE_10": {"avail": 1.0, "util": 0.6615931563159649, "br": 0.0}, "DefMet_FE_106": {"avail": 1.0, "util": 0.3602933007443617, "br": 0.0}, "DefMet_FE_34": {"avail": 1.0, "util": 0.5593545161648705, "br": 0.0}, "DefMet_FE_43": {"avail": 1.0, "util": 0.9292856349294523, "br": 0.0}, "Delay_32": {"avail": 1.0, "util": 0.44654399511165427, "br": 0.0}, "Dielectric_BE_20": {"avail": 1.0, "util": 0.9720919897789134, "br": 0.0}, "Dielectric_BE_21": {"avail": 1.0, "util": 0.939187312520831, "br": 0.0}, "Dielectric_BE_27": {"avail": 1.0, "util": 0.8451283190756582, "br": 0.0}, "Dielectric_BE_28": {"avail": 1.0, "util": 0.7755666037106989, "br": 0.0}, "Dielectric_BE_60": {"avail": 1.0, "util": 0.9428119097878014, "br": 0.0}, "Dielectric_FE_112": {"avail": 1.0, "util": 0.8958949005666037, "br": 0.0}, "Dielectric_FE_130": {"avail": 1.0, "util": 0.851474836129319, "br": 0.0}, "Dielectric_FE_29": {"avail": 1.0, "util": 0.9330259600785097, "br": 0.0}, "Dielectric_FE_30": {"avail": 1.0, "util": 0.8923730696589268, "br": 0.0}, "Dielectric_FE_31": {"avail": 1.0, "util": 0.9711282079768915, "br": 0.0}, "Diffusion_BE_123": {"avail": 1.0, "util": 0.0, "br": 0.0}, "Diffusion_FE_100": {"avail": 1.0, "util": 0.0, "br": 0.0}, "Diffusion_FE_101": {"avail": 1.0, "util": 0.0, "br": 0.0}, "Diffusion_FE_120": {"avail": 1.0, "util": 0.0, "br": 0.0}, "Diffusion_FE_122": {"avail": 1.0, "util": 0.0, "br": 0.0}, "Diffusion_FE_125": {"avail": 1.0, "util": 0.0, "br": 0.0}, "Diffusion_FE_126": {"avail": 1.0, "util": 0.0, "br": 0.0}, "Diffusion_FE_127": {"avail": 1.0, "util": 0.0, "br": 0.0}, "Diffusion_FE_44": {"avail": 1.0, "util": 0.0, "br": 0.0}, "Diffusion_FE_94": {"avail": 1.0, "util": 0.0, "br": 0.0}, "EPI_36": {"avail": 1.0, "util": 0.010109987779135651, "br": 0.0}, "EPI_38": {"avail": 1.0, "util": 0.03521830907676925, "br": 0.0}, "Implant_119": {"avail": 1.0, "util": 0.018442395289412286, "br": 0.0}, "Implant_128": {"avail": 1.0, "util": 0.04983335184979447, "br": 0.0}, "Implant_132": {"avail": 1.0, "util": 0.04568936784801689, "br": 0.0}, "Implant_74": {"avail": 1.0, "util": 0.006832574158426841, "br": 0.0}, "Implant_88": {"avail": 1.0, "util": 0.021303188534607265, "br": 0.0}, "Implant_90": {"avail": 1.0, "util": 0.042800799911120985, "br": 0.0}, "Implant_91": {"avail": 1.0, "util": 0.041125060178498686, "br": 0.0}, "LithoMet_BE_18": {"avail": 1.0, "util": 0.9803697025116866, "br": 0.0}, "LithoMet_FE_19": {"avail": 1.0, "util": 0.9589088866669135, "br": 0.0}, "LithoTrack_BE_117": {"avail": 1.0, "util": 0.10227752471947561, "br": 0.0}, "LithoTrack_FE_115": {"avail": 1.0, "util": 0.04685427109406145, "br": 0.0}, "LithoTrack_FE_95": {"avail": 1.0, "util": 0.054976884654539517, "br": 0.0}, "LithoTrack_FE_96": {"avail": 1.0, "util": 0.0030829907788023554, "br": 0.0}, "Litho_BE_110": {"avail": 1.0, "util": 0.059919929531639333, "br": 0.0}, "Litho_BE_93": {"avail": 1.0, "util": 0.052605266081546496, "br": 0.0}, "Litho_BE_99": {"avail": 1.0, "util": 0.17990593637743954, "br": 0.0}, "Litho_FE_111": {"avail": 1.0, "util": 0.09890820211895648, "br": 0.0}, "Litho_FE_35": {"avail": 1.0, "util": 0.050299966670369956, "br": 0.0}, "Litho_FE_92": {"avail": 1.0, "util": 0.09032329741139873, "br": 0.0}, "Litho_FE_98": {"avail": 1.0, "util": 0.09527830241084324, "br": 0.0}, "Litho_REG_BE_63": {"avail": 1.0, "util": 0.9634554493945118, "br": 0.0}, "Litho_REG_FE_64": {"avail": 1.0, "util": 0.9703842430206167, "br": 0.0}, "Planar_BE_75": {"avail": 1.0, "util": 0.7863626263748472, "br": 0.0}, "Planar_FE_76": {"avail": 1.0, "util": 0.6209495241269489, "br": 0.0}, "Planar_FE_77": {"avail": 1.0, "util": 0.8647094767248084, "br": 0.0}, "Planar_FE_78": {"avail": 1.0, "util": 0.6814798355738251, "br": 0.0}, "Planar_FE_79": {"avail": 1.0, "util": 0.9650705477169204, "br": 0.0}, "Planar_FE_80": {"avail": 1.0, "util": 0.9018442395289412, "br": 0.0}, "TF_BE_2": {"avail": 1.0, "util": 0.26603988445728255, "br": 0.0}, "TF_BE_23": {"avail": 1.0, "util": 0.7909676702588602, "br": 0.0}, "TF_BE_24": {"avail": 1.0, "util": 0.23184090656593714, "br": 0.0}, "TF_BE_26": {"avail": 1.0, "util": 0.6519312668962708, "br": 0.0}, "TF_BE_40": {"avail": 1.0, "util": 0.6900853608858275, "br": 0.0}, "TF_FE_103": {"avail": 1.0, "util": 0.7457782468614599, "br": 0.0}, "TF_FE_104": {"avail": 1.0, "util": 0.6943450727696923, "br": 0.0}, "TF_FE_113": {"avail": 1.0, "util": 0.4035940451060993, "br": 0.0}, "TF_FE_131": {"avail": 1.0, "util": 0.36642224937969853, "br": 0.0}, "TF_FE_3": {"avail": 1.0, "util": 0.7997722475280524, "br": 0.0}, "TF_FE_5": {"avail": 1.0, "util": 0.6438034662815243, "br": 0.0}, "TF_Met_FE_45": {"avail": 1.0, "util": 0.08568492389734474, "br": 0.0}, "TF_Met_FE_61": {"avail": 1.0, "util": 0.9820297744695033, "br": 0.0}, "WE_BE_14": {"avail": 1.0, "util": 0.0409065659371181, "br": 0.0}, "WE_BE_16": {"avail": 1.0, "util": 0.04400745596168327, "br": 0.0}, "WE_BE_17": {"avail": 1.0, "util": 0.04177313631818687, "br": 0.0}, "WE_BE_7": {"avail": 1.0, "util": 0.018220197755804912, "br": 0.0}, "WE_BE_81": {"avail": 1.0, "util": 0.055604932785246086, "br": 0.0}, "WE_BE_82": {"avail": 1.0, "util": 0.06350405510498834, "br": 0.0}, "WE_BE_9": {"avail": 1.0, "util": 0.0511054327296967, "br": 0.0}, "WE_FE_108": {"avail": 1.0, "util": 0.04380148237497421, "br": 0.0}, "WE_FE_41": {"avail": 1.0, "util": 0.03811798689034552, "br": 0.0}, "WE_FE_47": {"avail": 1.0, "util": 0.03996778135762693, "br": 0.0}, "WE_FE_8": {"avail": 1.0, "util": 0.054827241417620264, "br": 0.0}, "WE_FE_83": {"avail": 1.0, "util": 0.043026965257828495, "br": 0.0}, "WE_FE_84": {"avail": 1.0, "util": 0.04120838425360145, "br": 0.0}, "WE_FE_85": {"avail": 1.0, "util": 0.026830352183090767, "br": 0.0}}, "plugins": {"cost": 447800.0}}