{"lots": {}, "machines": {"DE_BE_11": {"avail": 1.0, "util": 0.8869754415202649, "br": 0.0}, "DE_BE_12": {"avail": 1.0, "util": 0.7111807711766048, "br": 0.0}, "DE_BE_13": {"avail": 1.0, "util": 0.8614519290861211, "br": 0.0}, "DE_BE_48": {"avail": 1.0, "util": 0.6814488892816787, "br": 0.0}, "DE_BE_50": {"avail": 1.0, "util": 0.7692035275328102, "br": 0.0}, "DE_BE_65": {"avail": 1.0, "util": 0.7715310174167198, "br": 0.0}, "DE_BE_66": {"avail": 1.0, "util": 0.6367735900693171, "br": 0.0}, "DE_BE_67": {"avail": 1.0, "util": 0.7325312004848148, "br": 0.0}, "DE_BE_69": {"avail": 1.0, "util": 0.36911788533203715, "br": 0.0}, "DE_FE_1": {"avail": 1.0, "util": 0.5614193458787584, "br": 0.0}, "DE_FE_51": {"avail": 1.0, "util": 0.2821470731199222, "br": 0.0}, "DE_FE_53": {"avail": 1.0, "util": 0.13905978751475592, "br": 0.0}, "DE_FE_54": {"avail": 1.0, "util": 0.8133231488554035, "br": 0.0}, "DE_FE_56": {"avail": 1.0, "util": 0.9063953892090827, "br": 0.0}, "DE_FE_58": {"avail": 1.0, "util": 0.725123255329491, "br": 0.0}, "DE_FE_59": {"avail": 1.0, "util": 0.8115842649815985, "br": 0.0}, "DE_FE_62": {"avail": 1.0, "util": 0.6582835342316914, "br": 0.0}, "DE_FE_70": {"avail": 1.0, "util": 0.815012846330116, "br": 0.0}, "DE_FE_71": {"avail": 1.0, "util": 0.6642092755904296, "br": 0.0}, "DE_FE_72": {"avail": 1.0, "util": 0.5863355448800904, "br": 0.0}, "DE_FE_86": {"avail": 1.0, "util": 0.6756598823763416, "br": 0.0}, "DefMEt_FE_118": {"avail": 1.0, "util": 0.309527116172488, "br": 0.0}, "DefMet_BE_33": {"avail": 1.0, "util": 0.8925421845705159, "br": 0.0}, "DefMet_BE_42": {"avail": 1.0, "util": 0.9906950906187071, "br": 0.0}, "DefMet_FE_10": {"avail": 1.0, "util": 0.46875216998819524, "br": 0.0}, "DefMet_FE_106": {"avail": 1.0, "util": 0.12686618984792722, "br": 0.0}, "DefMet_FE_34": {"avail": 1.0, "util": 0.4839247274494827, "br": 0.0}, "DefMet_FE_43": {"avail": 1.0, "util": 0.8204013610165961, "br": 0.0}, "Delay_32": {"avail": 1.0, "util": 0.26978230678425114, "br": 0.0}, "Dielectric_BE_20": {"avail": 1.0, "util": 0.5133810152072773, "br": 0.0}, "Dielectric_BE_21": {"avail": 1.0, "util": 0.9636715042936833, "br": 0.0}, "Dielectric_BE_27": {"avail": 1.0, "util": 0.906852533388885, "br": 0.0}, "Dielectric_BE_28": {"avail": 1.0, "util": 0.8793370830729348, "br": 0.0}, "Dielectric_BE_60": {"avail": 1.0, "util": 0.9224127954077262, "br": 0.0}, "Dielectric_FE_112": {"avail": 1.0, "util": 0.6377103441890609, "br": 0.0}, "Dielectric_FE_130": {"avail": 1.0, "util": 0.43399763905284355, "br": 0.0}, "Dielectric_FE_29": {"avail": 1.0, "util": 0.32599587991574663, "br": 0.0}, "Dielectric_FE_30": {"avail": 1.0, "util": 0.9719463926116242, "br": 0.0}, "Dielectric_FE_31": {"avail": 1.0, "util": 0.3488473022706757, "br": 0.0}, "Diffusion_BE_123": {"avail": 1.0, "util": 0.0, "br": 0.0}, "Diffusion_FE_100": {"avail": 1.0, "util": 0.0, "br": 0.0}, "Diffusion_FE_101": {"avail": 1.0, "util": 0.0, "br": 0.0}, "Diffusion_FE_120": {"avail": 1.0, "util": 0.0, "br": 0.0}, "Diffusion_FE_122": {"avail": 1.0, "util": 0.0, "br": 0.0}, "Diffusion_FE_125": {"avail": 1.0, "util": 0.0, "br": 0.0}, "Diffusion_FE_126": {"avail": 1.0, "util": 0.0, "br": 0.0}, "Diffusion_FE_127": {"avail": 1.0, "util": 0.0, "br": 0.0}, "Diffusion_FE_44": {"avail": 1.0, "util": 0.0, "br": 0.0}, "Diffusion_FE_94": {"avail": 1.0, "util": 0.0, "br": 0.0}, "EPI_36": {"avail": 1.0, "util": 0.009061870703423373, "br": 0.0}, "EPI_38": {"avail": 1.0, "util": 0.3126171793625443, "br": 0.0}, "Implant_119": {"avail": 1.0, "util": 0.009270189570168738, "br": 0.0}, "Implant_128": {"avail": 1.0, "util": 0.03902506770363169, "br": 0.0}, "Implant_132": {"avail": 1.0, "util": 0.01791542254010138, "br": 0.0}, "Implant_74": {"avail": 1.0, "util": 0.01683910839525033, "br": 0.0}, "Implant_88": {"avail": 1.0, "util": 0.003541420734671203, "br": 0.0}, "Implant_90": {"avail": 1.0, "util": 0.022012360252760224, "br": 0.0}, "Implant_91": {"avail": 1.0, "util": 0.04652454690646483, "br": 0.0}, "LithoMet_BE_18": {"avail": 1.0, "util": 0.9678242041272387, "br": 0.0}, "LithoMet_FE_19": {"avail": 1.0, "util": 0.9524140188677374, "br": 0.0}, "LithoTrack_BE_117": {"avail": 1.0, "util": 0.06478716755780849, "br": 0.0}, "LithoTrack_FE_115": {"avail": 1.0, "util": 0.047796477548137754, "br": 0.0}, "LithoTrack_FE_95": {"avail": 1.0, "util": 0.07523262273453232, "br": 0.0}, "LithoTrack_FE_96": {"avail": 1.0, "util": 0.01517255746128741, "br": 0.0}, "Litho_BE_110": {"avail": 1.0, "util": 0.07176434003677282, "br": 0.0}, "Litho_BE_93": {"avail": 1.0, "util": 0.07353655996111381, "br": 0.0}, "Litho_BE_99": {"avail": 1.0, "util": 0.10760826794435573, "br": 0.0}, "Litho_FE_111": {"avail": 1.0, "util": 0.10193042149850705, "br": 0.0}, "Litho_FE_35": {"avail": 1.0, "util": 0.029511839455593363, "br": 0.0}, "Litho_FE_92": {"avail": 1.0, "util": 0.0740733816561884, "br": 0.0}, "Litho_FE_98": {"avail": 1.0, "util": 0.0375147559197278, "br": 0.0}, "Litho_REG_BE_63": {"avail": 1.0, "util": 0.963223040066662, "br": 0.0}, "Litho_REG_FE_64": {"avail": 1.0, "util": 0.934830914519825, "br": 0.0}, "Planar_BE_75": {"avail": 1.0, "util": 0.8495243385875981, "br": 0.0}, "Planar_FE_76": {"avail": 1.0, "util": 0.9354211513089369, "br": 0.0}, "Planar_FE_77": {"avail": 1.0, "util": 0.8917436289146587, "br": 0.0}, "Planar_FE_78": {"avail": 1.0, "util": 0.5260398583431706, "br": 0.0}, "Planar_FE_79": {"avail": 1.0, "util": 0.32013401847093953, "br": 0.0}, "Planar_FE_80": {"avail": 1.0, "util": 0.3259148670231234, "br": 0.0}, "TF_BE_2": {"avail": 1.0, "util": 0.6016943267828623, "br": 0.0}, "TF_BE_23": {"avail": 1.0, "util": 0.5393623458688385, "br": 0.0}, "TF_BE_24": {"avail": 1.0, "util": 0.7185785709325742, "br": 0.0}, "TF_BE_26": {"avail": 1.0, "util": 0.7990257086847601, "br": 0.0}, "TF_BE_40": {"avail": 1.0, "util": 0.8324993770857415, "br": 0.0}, "TF_FE_103": {"avail": 1.0, "util": 0.7385697421806026, "br": 0.0}, "TF_FE_104": {"avail": 1.0, "util": 0.7515589195194778, "br": 0.0}, "TF_FE_113": {"avail": 1.0, "util": 0.10878874152257946, "br": 0.0}, "TF_FE_131": {"avail": 1.0, "util": 0.7196259519014884, "br": 0.0}, "TF_FE_3": {"avail": 1.0, "util": 0.44922806286600464, "br": 0.0}, "TF_FE_5": {"avail": 1.0, "util": 0.36143323380320813, "br": 0.0}, "TF_Met_FE_45": {"avail": 1.0, "util": 0.08846607874453163, "br": 0.0}, "TF_Met_FE_61": {"avail": 1.0, "util": 0.9875355878064024, "br": 0.0}, "WE_BE_14": {"avail": 1.0, "util": 0.0364002499826401, "br": 0.0}, "WE_BE_16": {"avail": 1.0, "util": 0.038374071245052425, "br": 0.0}, "WE_BE_17": {"avail": 1.0, "util": 0.03263662245677384, "br": 0.0}, "WE_BE_7": {"avail": 1.0, "util": 0.017012707450871467, "br": 0.0}, "WE_BE_81": {"avail": 1.0, "util": 0.03497442307247182, "br": 0.0}, "WE_BE_82": {"avail": 1.0, "util": 0.0430679968212084, "br": 0.0}, "WE_BE_9": {"avail": 1.0, "util": 0.05059370877022429, "br": 0.0}, "WE_FE_108": {"avail": 1.0, "util": 0.03643425145284451, "br": 0.0}, "WE_FE_41": {"avail": 1.0, "util": 0.0325255190611763, "br": 0.0}, "WE_FE_47": {"avail": 1.0, "util": 0.02948406360669398, "br": 0.0}, "WE_FE_8": {"avail": 1.0, "util": 0.029581279077841815, "br": 0.0}, "WE_FE_83": {"avail": 1.0, "util": 0.04304099252366734, "br": 0.0}, "WE_FE_84": {"avail": 1.0, "util": 0.037117520433630015, "br": 0.0}, "WE_FE_85": {"avail": 1.0, "util": 0.02541490174293452, "br": 0.0}}, "plugins": {"cost": 429025.1290162037}}