{"lots": {}, "machines": {"DE_BE_11": {"avail": 1.0, "util": 0.0, "br": 0.0}, "DE_BE_12": {"avail": 1.0, "util": 0.0, "br": 0.0}, "DE_BE_13": {"avail": 1.0, "util": 0.0, "br": 0.0}, "DE_BE_48": {"avail": 1.0, "util": 0.0, "br": 0.0}, "DE_BE_50": {"avail": 1.0, "util": 0.0, "br": 0.0}, "DE_BE_65": {"avail": 1.0, "util": 0.0, "br": 0.0}, "DE_BE_66": {"avail": 1.0, "util": 0.0, "br": 0.0}, "DE_BE_67": {"avail": 1.0, "util": 0.0, "br": 0.0}, "DE_BE_69": {"avail": 1.0, "util": 0.0, "br": 0.0}, "DE_FE_1": {"avail": 1.0, "util": 0.0, "br": 0.0}, "DE_FE_51": {"avail": 1.0, "util": 0.0, "br": 0.0}, "DE_FE_53": {"avail": 1.0, "util": 0.0, "br": 0.0}, "DE_FE_54": {"avail": 1.0, "util": 0.0, "br": 0.0}, "DE_FE_56": {"avail": 1.0, "util": 0.0, "br": 0.0}, "DE_FE_58": {"avail": 1.0, "util": 0.0, "br": 0.0}, "DE_FE_59": {"avail": 1.0, "util": 0.0, "br": 0.0}, "DE_FE_62": {"avail": 1.0, "util": 0.0, "br": 0.0}, "DE_FE_70": {"avail": 1.0, "util": 0.0, "br": 0.0}, "DE_FE_71": {"avail": 1.0, "util": 0.0, "br": 0.0}, "DE_FE_72": {"avail": 1.0, "util": 0.0, "br": 0.0}, "DE_FE_86": {"avail": 1.0, "util": 0.0, "br": 0.0}, "DefMEt_FE_118": {"avail": 1.0, "util": 0.9875173370319001, "br": 0.0}, "DefMet_BE_33": {"avail": 1.0, "util": 0.6808599167822469, "br": 0.0}, "DefMet_BE_42": {"avail": 1.0, "util": 0.7794729542302358, "br": 0.0}, "DefMet_FE_10": {"avail": 1.0, "util": 0.8489597780859917, "br": 0.0}, "DefMet_FE_106": {"avail": 1.0, "util": 0.7766990291262136, "br": 0.0}, "DefMet_FE_34": {"avail": 1.0, "util": 0.7356449375866851, "br": 0.0}, "DefMet_FE_43": {"avail": 1.0, "util": 0.8887656033287101, "br": 0.0}, "Delay_32": {"avail": 1.0, "util": 0.0, "br": 0.0}, "Dielectric_BE_20": {"avail": 1.0, "util": 0.821137309292649, "br": 0.0}, "Dielectric_BE_21": {"avail": 1.0, "util": 0.6226768377253814, "br": 0.0}, "Dielectric_BE_27": {"avail": 1.0, "util": 0.8220064724919094, "br": 0.0}, "Dielectric_BE_28": {"avail": 1.0, "util": 0.7545076282940361, "br": 0.0}, "Dielectric_BE_60": {"avail": 1.0, "util": 0.860748959778086, "br": 0.0}, "Dielectric_FE_112": {"avail": 1.0, "util": 0.6513730929264909, "br": 0.0}, "Dielectric_FE_130": {"avail": 1.0, "util": 0.8369625520110957, "br": 0.0}, "Dielectric_FE_29": {"avail": 1.0, "util": 0.7693018955154878, "br": 0.0}, "Dielectric_FE_30": {"avail": 1.0, "util": 0.5434119278779473, "br": 0.0}, "Dielectric_FE_31": {"avail": 1.0, "util": 0.6972954230235784, "br": 0.0}, "Diffusion_BE_123": {"avail": 1.0, "util": 0.0, "br": 0.0}, "Diffusion_FE_100": {"avail": 1.0, "util": 0.0, "br": 0.0}, "Diffusion_FE_101": {"avail": 1.0, "util": 0.0, "br": 0.0}, "Diffusion_FE_120": {"avail": 1.0, "util": 0.0, "br": 0.0}, "Diffusion_FE_122": {"avail": 1.0, "util": 0.0, "br": 0.0}, "Diffusion_FE_125": {"avail": 1.0, "util": 0.0, "br": 0.0}, "Diffusion_FE_126": {"avail": 1.0, "util": 0.0, "br": 0.0}, "Diffusion_FE_127": {"avail": 1.0, "util": 0.0, "br": 0.0}, "Diffusion_FE_44": {"avail": 1.0, "util": 0.0, "br": 0.0}, "Diffusion_FE_94": {"avail": 1.0, "util": 0.0, "br": 0.0}, "EPI_36": {"avail": 1.0, "util": 0.014147018030513176, "br": 0.0}, "EPI_38": {"avail": 1.0, "util": 0.03522884882108183, "br": 0.0}, "Implant_119": {"avail": 1.0, "util": 0.05589459084604716, "br": 0.0}, "Implant_128": {"avail": 1.0, "util": 0.1207766990291262, "br": 0.0}, "Implant_132": {"avail": 1.0, "util": 0.048786407766990295, "br": 0.0}, "Implant_74": {"avail": 1.0, "util": 0.0, "br": 0.0}, "Implant_88": {"avail": 1.0, "util": 0.007073509015256588, "br": 0.0}, "Implant_90": {"avail": 1.0, "util": 0.06490984743411927, "br": 0.0}, "Implant_91": {"avail": 1.0, "util": 0.07092001849283402, "br": 0.0}, "LithoMet_BE_18": {"avail": 1.0, "util": 0.8032860343539955, "br": 0.0}, "LithoMet_FE_19": {"avail": 1.0, "util": 0.843488981353059, "br": 0.0}, "LithoTrack_BE_117": {"avail": 1.0, "util": 0.26335644937586683, "br": 0.0}, "LithoTrack_FE_115": {"avail": 1.0, "util": 0.1301079655163036, "br": 0.0}, "LithoTrack_FE_95": {"avail": 1.0, "util": 0.15083925387075775, "br": 0.0}, "LithoTrack_FE_96": {"avail": 1.0, "util": 0.0, "br": 0.0}, "Litho_BE_110": {"avail": 1.0, "util": 0.2063304933623935, "br": 0.0}, "Litho_BE_93": {"avail": 1.0, "util": 0.2061950993989829, "br": 0.0}, "Litho_BE_99": {"avail": 1.0, "util": 0.6102635228848821, "br": 0.0}, "Litho_FE_111": {"avail": 1.0, "util": 0.3112722229227084, "br": 0.0}, "Litho_FE_35": {"avail": 1.0, "util": 0.11775312066574202, "br": 0.0}, "Litho_FE_92": {"avail": 1.0, "util": 0.3309292649098474, "br": 0.0}, "Litho_FE_98": {"avail": 1.0, "util": 0.3758113730929265, "br": 0.0}, "Litho_REG_BE_63": {"avail": 1.0, "util": 0.8319694868238557, "br": 0.0}, "Litho_REG_FE_64": {"avail": 1.0, "util": 0.8236179908856747, "br": 0.0}, "Planar_BE_75": {"avail": 1.0, "util": 0.2177115117891817, "br": 0.0}, "Planar_FE_76": {"avail": 1.0, "util": 0.6115580212667591, "br": 0.0}, "Planar_FE_77": {"avail": 1.0, "util": 0.7213592233009709, "br": 0.0}, "Planar_FE_78": {"avail": 1.0, "util": 0.4270457697642164, "br": 0.0}, "Planar_FE_79": {"avail": 1.0, "util": 0.0, "br": 0.0}, "Planar_FE_80": {"avail": 1.0, "util": 0.6457697642163661, "br": 0.0}, "TF_BE_2": {"avail": 1.0, "util": 0.0, "br": 0.0}, "TF_BE_23": {"avail": 1.0, "util": 0.05223738959048106, "br": 0.0}, "TF_BE_24": {"avail": 1.0, "util": 0.0, "br": 0.0}, "TF_BE_26": {"avail": 1.0, "util": 0.0, "br": 0.0}, "TF_BE_40": {"avail": 1.0, "util": 0.0, "br": 0.0}, "TF_FE_103": {"avail": 1.0, "util": 0.0, "br": 0.0}, "TF_FE_104": {"avail": 1.0, "util": 0.0, "br": 0.0}, "TF_FE_113": {"avail": 1.0, "util": 0.0, "br": 0.0}, "TF_FE_131": {"avail": 1.0, "util": 0.0, "br": 0.0}, "TF_FE_3": {"avail": 1.0, "util": 0.0, "br": 0.0}, "TF_FE_5": {"avail": 1.0, "util": 0.0, "br": 0.0}, "TF_Met_FE_45": {"avail": 1.0, "util": 0.2807212205270458, "br": 0.0}, "TF_Met_FE_61": {"avail": 1.0, "util": 0.9278779472954231, "br": 0.0}, "WE_BE_14": {"avail": 1.0, "util": 0.021359223300970873, "br": 0.0}, "WE_BE_16": {"avail": 1.0, "util": 0.025181075666512558, "br": 0.0}, "WE_BE_17": {"avail": 1.0, "util": 0.04216366158113731, "br": 0.0}, "WE_BE_7": {"avail": 1.0, "util": 0.011373092926490984, "br": 0.0}, "WE_BE_81": {"avail": 1.0, "util": 0.02237632917244568, "br": 0.0}, "WE_BE_82": {"avail": 1.0, "util": 0.1471012482662968, "br": 0.0}, "WE_BE_9": {"avail": 1.0, "util": 0.08226669308500098, "br": 0.0}, "WE_FE_108": {"avail": 1.0, "util": 0.04224291658410937, "br": 0.0}, "WE_FE_41": {"avail": 1.0, "util": 0.03783633841886269, "br": 0.0}, "WE_FE_47": {"avail": 1.0, "util": 0.03846509477577439, "br": 0.0}, "WE_FE_8": {"avail": 1.0, "util": 0.08668515950069348, "br": 0.0}, "WE_FE_83": {"avail": 1.0, "util": 0.06110560729146027, "br": 0.0}, "WE_FE_84": {"avail": 1.0, "util": 0.054600092464170136, "br": 0.0}, "WE_FE_85": {"avail": 1.0, "util": 0.03758668515950069, "br": 0.0}}, "plugins": {"cost": 448800}}