{"lots": {}, "machines": {"DE_BE_11": {"avail": 1.0, "util": 0.6331318364997122, "br": 0.0}, "DE_BE_12": {"avail": 1.0, "util": 0.9497197842867717, "br": 0.0}, "DE_BE_13": {"avail": 1.0, "util": 0.6347506120822183, "br": 0.0}, "DE_BE_48": {"avail": 1.0, "util": 0.7699431397617925, "br": 0.0}, "DE_BE_50": {"avail": 1.0, "util": 0.8653127313101405, "br": 0.0}, "DE_BE_65": {"avail": 1.0, "util": 0.6781760985128861, "br": 0.0}, "DE_BE_66": {"avail": 1.0, "util": 0.7075477859537598, "br": 0.0}, "DE_BE_67": {"avail": 1.0, "util": 0.6387356167148913, "br": 0.0}, "DE_BE_69": {"avail": 1.0, "util": 0.36590180113496173, "br": 0.0}, "DE_FE_1": {"avail": 1.0, "util": 0.7469837157660991, "br": 0.0}, "DE_FE_51": {"avail": 1.0, "util": 0.46822261287934863, "br": 0.0}, "DE_FE_53": {"avail": 1.0, "util": 0.18032938564026646, "br": 0.0}, "DE_FE_54": {"avail": 1.0, "util": 0.5400629163582531, "br": 0.0}, "DE_FE_56": {"avail": 1.0, "util": 0.8049130273871207, "br": 0.0}, "DE_FE_58": {"avail": 1.0, "util": 0.9742320503330866, "br": 0.0}, "DE_FE_59": {"avail": 1.0, "util": 0.9012074389341229, "br": 0.0}, "DE_FE_62": {"avail": 1.0, "util": 0.8828591021900988, "br": 0.0}, "DE_FE_70": {"avail": 1.0, "util": 0.8018471166139559, "br": 0.0}, "DE_FE_71": {"avail": 1.0, "util": 0.825381404720783, "br": 0.0}, "DE_FE_72": {"avail": 1.0, "util": 0.260665500302806, "br": 0.0}, "DE_FE_86": {"avail": 1.0, "util": 0.7665947383607874, "br": 0.0}, "DefMEt_FE_118": {"avail": 1.0, "util": 0.4134900074019245, "br": 0.0}, "DefMet_BE_33": {"avail": 1.0, "util": 0.8631106587712806, "br": 0.0}, "DefMet_BE_42": {"avail": 1.0, "util": 0.9546632124352331, "br": 0.0}, "DefMet_FE_10": {"avail": 1.0, "util": 0.37097520355292374, "br": 0.0}, "DefMet_FE_106": {"avail": 1.0, "util": 0.1702442635085122, "br": 0.0}, "DefMet_FE_34": {"avail": 1.0, "util": 0.4953737971872687, "br": 0.0}, "DefMet_FE_43": {"avail": 1.0, "util": 0.8295521835677275, "br": 0.0}, "Delay_32": {"avail": 1.0, "util": 0.19972728534418951, "br": 0.0}, "Dielectric_BE_20": {"avail": 1.0, "util": 0.8222242783123612, "br": 0.0}, "Dielectric_BE_21": {"avail": 1.0, "util": 0.8535344189489267, "br": 0.0}, "Dielectric_BE_27": {"avail": 1.0, "util": 0.9195117813964965, "br": 0.0}, "Dielectric_BE_28": {"avail": 1.0, "util": 0.9186405132000987, "br": 0.0}, "Dielectric_BE_60": {"avail": 1.0, "util": 0.9369294349864299, "br": 0.0}, "Dielectric_FE_112": {"avail": 1.0, "util": 0.6578460399703923, "br": 0.0}, "Dielectric_FE_130": {"avail": 1.0, "util": 0.5822770170244264, "br": 0.0}, "Dielectric_FE_29": {"avail": 1.0, "util": 0.7768011349617566, "br": 0.0}, "Dielectric_FE_30": {"avail": 1.0, "util": 0.932920059215396, "br": 0.0}, "Dielectric_FE_31": {"avail": 1.0, "util": 0.39116857883049594, "br": 0.0}, "Diffusion_BE_123": {"avail": 1.0, "util": 0.0, "br": 0.0}, "Diffusion_FE_100": {"avail": 1.0, "util": 0.0, "br": 0.0}, "Diffusion_FE_101": {"avail": 1.0, "util": 0.0, "br": 0.0}, "Diffusion_FE_120": {"avail": 1.0, "util": 0.0, "br": 0.0}, "Diffusion_FE_122": {"avail": 1.0, "util": 0.0, "br": 0.0}, "Diffusion_FE_125": {"avail": 1.0, "util": 0.0, "br": 0.0}, "Diffusion_FE_126": {"avail": 1.0, "util": 0.0, "br": 0.0}, "Diffusion_FE_127": {"avail": 1.0, "util": 0.0, "br": 0.0}, "Diffusion_FE_44": {"avail": 1.0, "util": 0.0, "br": 0.0}, "Diffusion_FE_94": {"avail": 1.0, "util": 0.0, "br": 0.0}, "EPI_36": {"avail": 1.0, "util": 0.01193560325684678, "br": 0.0}, "EPI_38": {"avail": 1.0, "util": 0.405440414507772, "br": 0.0}, "Implant_119": {"avail": 1.0, "util": 0.07998704663212436, "br": 0.0}, "Implant_128": {"avail": 1.0, "util": 0.03920496601843752, "br": 0.0}, "Implant_132": {"avail": 1.0, "util": 0.03944168340911494, "br": 0.0}, "Implant_74": {"avail": 1.0, "util": 0.022575869726128794, "br": 0.0}, "Implant_88": {"avail": 1.0, "util": 0.0, "br": 0.0}, "Implant_90": {"avail": 1.0, "util": 0.060048112509252405, "br": 0.0}, "Implant_91": {"avail": 1.0, "util": 0.0507824891614677, "br": 0.0}, "LithoMet_BE_18": {"avail": 1.0, "util": 0.9458229594239957, "br": 0.0}, "LithoMet_FE_19": {"avail": 1.0, "util": 0.9696917627154488, "br": 0.0}, "LithoTrack_BE_117": {"avail": 1.0, "util": 0.09161732050333087, "br": 0.0}, "LithoTrack_FE_115": {"avail": 1.0, "util": 0.05859029445216732, "br": 0.0}, "LithoTrack_FE_95": {"avail": 1.0, "util": 0.09656967061435973, "br": 0.0}, "LithoTrack_FE_96": {"avail": 1.0, "util": 0.020031458179126573, "br": 0.0}, "Litho_BE_110": {"avail": 1.0, "util": 0.08546809126894732, "br": 0.0}, "Litho_BE_93": {"avail": 1.0, "util": 0.09287102146558106, "br": 0.0}, "Litho_BE_99": {"avail": 1.0, "util": 0.16530964717493216, "br": 0.0}, "Litho_FE_111": {"avail": 1.0, "util": 0.1257124352331606, "br": 0.0}, "Litho_FE_35": {"avail": 1.0, "util": 0.05010177646188009, "br": 0.0}, "Litho_FE_92": {"avail": 1.0, "util": 0.0929332972726755, "br": 0.0}, "Litho_FE_98": {"avail": 1.0, "util": 0.03786547002220577, "br": 0.0}, "Litho_REG_BE_63": {"avail": 1.0, "util": 0.9527780347890451, "br": 0.0}, "Litho_REG_FE_64": {"avail": 1.0, "util": 0.9464131507525291, "br": 0.0}, "Planar_BE_75": {"avail": 1.0, "util": 0.7998109865707942, "br": 0.0}, "Planar_FE_76": {"avail": 1.0, "util": 0.9236213915618061, "br": 0.0}, "Planar_FE_77": {"avail": 1.0, "util": 0.9612324204293117, "br": 0.0}, "Planar_FE_78": {"avail": 1.0, "util": 0.28307735011102886, "br": 0.0}, "Planar_FE_79": {"avail": 1.0, "util": 0.21243523316062177, "br": 0.0}, "Planar_FE_80": {"avail": 1.0, "util": 0.43426165803108807, "br": 0.0}, "TF_BE_2": {"avail": 1.0, "util": 0.7031134344929681, "br": 0.0}, "TF_BE_23": {"avail": 1.0, "util": 0.6542574283599449, "br": 0.0}, "TF_BE_24": {"avail": 1.0, "util": 0.9636149148778682, "br": 0.0}, "TF_BE_26": {"avail": 1.0, "util": 0.7710812503558618, "br": 0.0}, "TF_BE_40": {"avail": 1.0, "util": 0.813406191492141, "br": 0.0}, "TF_FE_103": {"avail": 1.0, "util": 0.9789441683409115, "br": 0.0}, "TF_FE_104": {"avail": 1.0, "util": 0.686621021465581, "br": 0.0}, "TF_FE_113": {"avail": 1.0, "util": 0.14396743153219838, "br": 0.0}, "TF_FE_131": {"avail": 1.0, "util": 0.9462435233160622, "br": 0.0}, "TF_FE_3": {"avail": 1.0, "util": 0.5953614606464348, "br": 0.0}, "TF_FE_5": {"avail": 1.0, "util": 0.4748026153466568, "br": 0.0}, "TF_Met_FE_45": {"avail": 1.0, "util": 0.11695040710584752, "br": 0.0}, "TF_Met_FE_61": {"avail": 1.0, "util": 0.9874167283493709, "br": 0.0}, "WE_BE_14": {"avail": 1.0, "util": 0.04629903774981495, "br": 0.0}, "WE_BE_16": {"avail": 1.0, "util": 0.03773824944485566, "br": 0.0}, "WE_BE_17": {"avail": 1.0, "util": 0.04154330125832716, "br": 0.0}, "WE_BE_7": {"avail": 1.0, "util": 0.02266839378238342, "br": 0.0}, "WE_BE_81": {"avail": 1.0, "util": 0.04694053787318036, "br": 0.0}, "WE_BE_82": {"avail": 1.0, "util": 0.05074430463031499, "br": 0.0}, "WE_BE_9": {"avail": 1.0, "util": 0.058604737231680235, "br": 0.0}, "WE_FE_108": {"avail": 1.0, "util": 0.04168368258505832, "br": 0.0}, "WE_FE_41": {"avail": 1.0, "util": 0.03721317542561066, "br": 0.0}, "WE_FE_47": {"avail": 1.0, "util": 0.037694300518134716, "br": 0.0}, "WE_FE_8": {"avail": 1.0, "util": 0.021743153219837157, "br": 0.0}, "WE_FE_83": {"avail": 1.0, "util": 0.04248396249691587, "br": 0.0}, "WE_FE_84": {"avail": 1.0, "util": 0.04613684852179213, "br": 0.0}, "WE_FE_85": {"avail": 1.0, "util": 0.0339100666173205, "br": 0.0}}, "plugins": {"cost": 429200}}