{"lots": {}, "machines": {"DE_BE_11": {"avail": 1.0, "util": 0.6411383618695049, "br": 0.0}, "DE_BE_12": {"avail": 1.0, "util": 0.9413337446655355, "br": 0.0}, "DE_BE_13": {"avail": 1.0, "util": 0.674784601485203, "br": 0.0}, "DE_BE_48": {"avail": 1.0, "util": 0.7723368810735771, "br": 0.0}, "DE_BE_50": {"avail": 1.0, "util": 0.9091675664558588, "br": 0.0}, "DE_BE_65": {"avail": 1.0, "util": 0.7422162941993087, "br": 0.0}, "DE_BE_66": {"avail": 1.0, "util": 0.6711220438880635, "br": 0.0}, "DE_BE_67": {"avail": 1.0, "util": 0.5939009717723277, "br": 0.0}, "DE_BE_69": {"avail": 1.0, "util": 0.736603424340583, "br": 0.0}, "DE_FE_1": {"avail": 1.0, "util": 0.7518212467772857, "br": 0.0}, "DE_FE_51": {"avail": 1.0, "util": 0.6760612776735916, "br": 0.0}, "DE_FE_53": {"avail": 1.0, "util": 0.5453031004164739, "br": 0.0}, "DE_FE_54": {"avail": 1.0, "util": 0.5445997223507635, "br": 0.0}, "DE_FE_56": {"avail": 1.0, "util": 0.6088847755668672, "br": 0.0}, "DE_FE_58": {"avail": 1.0, "util": 0.663612525065556, "br": 0.0}, "DE_FE_59": {"avail": 1.0, "util": 0.7715687181860249, "br": 0.0}, "DE_FE_62": {"avail": 1.0, "util": 0.6807165994579228, "br": 0.0}, "DE_FE_70": {"avail": 1.0, "util": 0.737813690243121, "br": 0.0}, "DE_FE_71": {"avail": 1.0, "util": 0.7823527467442323, "br": 0.0}, "DE_FE_72": {"avail": 1.0, "util": 0.8731245822407322, "br": 0.0}, "DE_FE_86": {"avail": 1.0, "util": 0.7638404716609251, "br": 0.0}, "DefMEt_FE_118": {"avail": 1.0, "util": 0.5010643220731144, "br": 0.0}, "DefMet_BE_33": {"avail": 1.0, "util": 0.8588153632577511, "br": 0.0}, "DefMet_BE_42": {"avail": 1.0, "util": 0.9892642295233688, "br": 0.0}, "DefMet_FE_10": {"avail": 1.0, "util": 0.74909763998149, "br": 0.0}, "DefMet_FE_106": {"avail": 1.0, "util": 0.6033317908375752, "br": 0.0}, "DefMet_FE_34": {"avail": 1.0, "util": 0.7016658954187875, "br": 0.0}, "DefMet_FE_43": {"avail": 1.0, "util": 0.9422643837729445, "br": 0.0}, "Delay_32": {"avail": 1.0, "util": 0.2081131420638593, "br": 0.0}, "Dielectric_BE_20": {"avail": 1.0, "util": 0.8929384544192505, "br": 0.0}, "Dielectric_BE_21": {"avail": 1.0, "util": 0.8596945858398889, "br": 0.0}, "Dielectric_BE_27": {"avail": 1.0, "util": 0.7784914391485424, "br": 0.0}, "Dielectric_BE_28": {"avail": 1.0, "util": 0.8413465987968534, "br": 0.0}, "Dielectric_BE_60": {"avail": 1.0, "util": 0.8228135122628413, "br": 0.0}, "Dielectric_FE_112": {"avail": 1.0, "util": 0.8226099028227671, "br": 0.0}, "Dielectric_FE_130": {"avail": 1.0, "util": 0.8299398426654326, "br": 0.0}, "Dielectric_FE_29": {"avail": 1.0, "util": 0.7788986580286904, "br": 0.0}, "Dielectric_FE_30": {"avail": 1.0, "util": 0.9285515964831097, "br": 0.0}, "Dielectric_FE_31": {"avail": 1.0, "util": 0.8934289680703378, "br": 0.0}, "Diffusion_BE_123": {"avail": 1.0, "util": 0.0, "br": 0.0}, "Diffusion_FE_100": {"avail": 1.0, "util": 0.0, "br": 0.0}, "Diffusion_FE_101": {"avail": 1.0, "util": 0.0, "br": 0.0}, "Diffusion_FE_120": {"avail": 1.0, "util": 0.0, "br": 0.0}, "Diffusion_FE_122": {"avail": 1.0, "util": 0.0, "br": 0.0}, "Diffusion_FE_125": {"avail": 1.0, "util": 0.0, "br": 0.0}, "Diffusion_FE_126": {"avail": 1.0, "util": 0.0, "br": 0.0}, "Diffusion_FE_127": {"avail": 1.0, "util": 0.0, "br": 0.0}, "Diffusion_FE_44": {"avail": 1.0, "util": 0.0, "br": 0.0}, "Diffusion_FE_94": {"avail": 1.0, "util": 0.0, "br": 0.0}, "EPI_36": {"avail": 1.0, "util": 0.011985192040721888, "br": 0.0}, "EPI_38": {"avail": 1.0, "util": 0.011753817677001389, "br": 0.0}, "Implant_119": {"avail": 1.0, "util": 0.03058769088385007, "br": 0.0}, "Implant_128": {"avail": 1.0, "util": 0.06496992133271634, "br": 0.0}, "Implant_132": {"avail": 1.0, "util": 0.03891716797778806, "br": 0.0}, "Implant_74": {"avail": 1.0, "util": 0.011198519204072188, "br": 0.0}, "Implant_88": {"avail": 1.0, "util": 0.0023600185099490975, "br": 0.0}, "Implant_90": {"avail": 1.0, "util": 0.03428968070337807, "br": 0.0}, "Implant_91": {"avail": 1.0, "util": 0.04983803794539565, "br": 0.0}, "LithoMet_BE_18": {"avail": 1.0, "util": 0.931192823835119, "br": 0.0}, "LithoMet_FE_19": {"avail": 1.0, "util": 0.9269731091572833, "br": 0.0}, "LithoTrack_BE_117": {"avail": 1.0, "util": 0.15385469689958353, "br": 0.0}, "LithoTrack_FE_115": {"avail": 1.0, "util": 0.06152743374073368, "br": 0.0}, "LithoTrack_FE_95": {"avail": 1.0, "util": 0.07738291985003164, "br": 0.0}, "LithoTrack_FE_96": {"avail": 1.0, "util": 0.0, "br": 0.0}, "Litho_BE_110": {"avail": 1.0, "util": 0.09030871950816421, "br": 0.0}, "Litho_BE_93": {"avail": 1.0, "util": 0.07687798858553138, "br": 0.0}, "Litho_BE_99": {"avail": 1.0, "util": 0.26793151318833874, "br": 0.0}, "Litho_FE_111": {"avail": 1.0, "util": 0.13298557065331706, "br": 0.0}, "Litho_FE_35": {"avail": 1.0, "util": 0.06737621471540953, "br": 0.0}, "Litho_FE_92": {"avail": 1.0, "util": 0.12940698049444, "br": 0.0}, "Litho_FE_98": {"avail": 1.0, "util": 0.14983803794539566, "br": 0.0}, "Litho_REG_BE_63": {"avail": 1.0, "util": 0.943521517815826, "br": 0.0}, "Litho_REG_FE_64": {"avail": 1.0, "util": 0.9446949163746942, "br": 0.0}, "Planar_BE_75": {"avail": 1.0, "util": 0.7556455344747802, "br": 0.0}, "Planar_FE_76": {"avail": 1.0, "util": 0.207403979639056, "br": 0.0}, "Planar_FE_77": {"avail": 1.0, "util": 0.9560851457658491, "br": 0.0}, "Planar_FE_78": {"avail": 1.0, "util": 0.7086071263304026, "br": 0.0}, "Planar_FE_79": {"avail": 1.0, "util": 0.8588616381304951, "br": 0.0}, "Planar_FE_80": {"avail": 1.0, "util": 0.8575659416936603, "br": 0.0}, "TF_BE_2": {"avail": 1.0, "util": 0.4485192040721888, "br": 0.0}, "TF_BE_23": {"avail": 1.0, "util": 0.6896027667502862, "br": 0.0}, "TF_BE_24": {"avail": 1.0, "util": 0.38626561776955115, "br": 0.0}, "TF_BE_26": {"avail": 1.0, "util": 0.6330155792071572, "br": 0.0}, "TF_BE_40": {"avail": 1.0, "util": 0.848172142526608, "br": 0.0}, "TF_FE_103": {"avail": 1.0, "util": 0.86760758907913, "br": 0.0}, "TF_FE_104": {"avail": 1.0, "util": 0.6242850532161036, "br": 0.0}, "TF_FE_113": {"avail": 1.0, "util": 0.6691809347524295, "br": 0.0}, "TF_FE_131": {"avail": 1.0, "util": 0.15070183556995217, "br": 0.0}, "TF_FE_3": {"avail": 1.0, "util": 0.8989819527996298, "br": 0.0}, "TF_FE_5": {"avail": 1.0, "util": 0.2697825080981027, "br": 0.0}, "TF_Met_FE_45": {"avail": 1.0, "util": 0.14039796390559925, "br": 0.0}, "TF_Met_FE_61": {"avail": 1.0, "util": 0.9752892179546506, "br": 0.0}, "WE_BE_14": {"avail": 1.0, "util": 0.04451642757982416, "br": 0.0}, "WE_BE_16": {"avail": 1.0, "util": 0.04448557766466142, "br": 0.0}, "WE_BE_17": {"avail": 1.0, "util": 0.045627024525682555, "br": 0.0}, "WE_BE_7": {"avail": 1.0, "util": 0.0074965293845441925, "br": 0.0}, "WE_BE_81": {"avail": 1.0, "util": 0.0596637359247262, "br": 0.0}, "WE_BE_82": {"avail": 1.0, "util": 0.08535863026376678, "br": 0.0}, "WE_BE_9": {"avail": 1.0, "util": 0.06126793151318834, "br": 0.0}, "WE_FE_108": {"avail": 1.0, "util": 0.04345607192437364, "br": 0.0}, "WE_FE_41": {"avail": 1.0, "util": 0.04190652475705692, "br": 0.0}, "WE_FE_47": {"avail": 1.0, "util": 0.04055221348141293, "br": 0.0}, "WE_FE_8": {"avail": 1.0, "util": 0.046136048125867656, "br": 0.0}, "WE_FE_83": {"avail": 1.0, "util": 0.048429959674753754, "br": 0.0}, "WE_FE_84": {"avail": 1.0, "util": 0.04844979176307265, "br": 0.0}, "WE_FE_85": {"avail": 1.0, "util": 0.03183711244794077, "br": 0.0}}, "plugins": {"cost": 448600.0}}