{"lots": {}, "machines": {"DE_BE_11": {"avail": 1.0, "util": 0.7327740202781782, "br": 0.0}, "DE_BE_12": {"avail": 1.0, "util": 0.5671914846435303, "br": 0.0}, "DE_BE_13": {"avail": 1.0, "util": 0.7982592305133607, "br": 0.0}, "DE_BE_48": {"avail": 1.0, "util": 0.7138969246741728, "br": 0.0}, "DE_BE_50": {"avail": 1.0, "util": 0.8235835458476549, "br": 0.0}, "DE_BE_65": {"avail": 1.0, "util": 0.8178491870697214, "br": 0.0}, "DE_BE_66": {"avail": 1.0, "util": 0.7643830345088473, "br": 0.0}, "DE_BE_67": {"avail": 1.0, "util": 0.7232761140622322, "br": 0.0}, "DE_BE_69": {"avail": 1.0, "util": 0.29537642754185606, "br": 0.0}, "DE_FE_1": {"avail": 1.0, "util": 0.8977159330302694, "br": 0.0}, "DE_FE_51": {"avail": 1.0, "util": 0.5387044018183834, "br": 0.0}, "DE_FE_53": {"avail": 1.0, "util": 0.10687437631666481, "br": 0.0}, "DE_FE_54": {"avail": 1.0, "util": 0.9705621465794434, "br": 0.0}, "DE_FE_56": {"avail": 1.0, "util": 0.9611098791440292, "br": 0.0}, "DE_FE_58": {"avail": 1.0, "util": 0.8893447167091695, "br": 0.0}, "DE_FE_59": {"avail": 1.0, "util": 0.9307365007207007, "br": 0.0}, "DE_FE_62": {"avail": 1.0, "util": 0.69295865590942, "br": 0.0}, "DE_FE_70": {"avail": 1.0, "util": 0.9547016903708333, "br": 0.0}, "DE_FE_71": {"avail": 1.0, "util": 0.9027454386418795, "br": 0.0}, "DE_FE_72": {"avail": 1.0, "util": 0.37719864125230573, "br": 0.0}, "DE_FE_86": {"avail": 1.0, "util": 0.7533765816421453, "br": 0.0}, "DefMEt_FE_118": {"avail": 1.0, "util": 0.2508870162989245, "br": 0.0}, "DefMet_BE_33": {"avail": 1.0, "util": 0.9072790775030491, "br": 0.0}, "DefMet_BE_42": {"avail": 1.0, "util": 0.9895221199689545, "br": 0.0}, "DefMet_FE_10": {"avail": 1.0, "util": 0.2804357467568467, "br": 0.0}, "DefMet_FE_106": {"avail": 1.0, "util": 0.10500055438518682, "br": 0.0}, "DefMet_FE_34": {"avail": 1.0, "util": 0.5161048896773478, "br": 0.0}, "DefMet_FE_43": {"avail": 1.0, "util": 0.883911741878257, "br": 0.0}, "Delay_32": {"avail": 1.0, "util": 0.3094910743984921, "br": 0.0}, "Dielectric_BE_20": {"avail": 1.0, "util": 0.7184499390176294, "br": 0.0}, "Dielectric_BE_21": {"avail": 1.0, "util": 0.9144768451786968, "br": 0.0}, "Dielectric_BE_27": {"avail": 1.0, "util": 0.9496895442953764, "br": 0.0}, "Dielectric_BE_28": {"avail": 1.0, "util": 0.9732047159699894, "br": 0.0}, "Dielectric_BE_60": {"avail": 1.0, "util": 0.915058949624866, "br": 0.0}, "Dielectric_FE_112": {"avail": 1.0, "util": 0.47034655234012146, "br": 0.0}, "Dielectric_FE_130": {"avail": 1.0, "util": 0.3459640758398936, "br": 0.0}, "Dielectric_FE_29": {"avail": 1.0, "util": 0.9308312081901171, "br": 0.0}, "Dielectric_FE_30": {"avail": 1.0, "util": 0.8913127841224082, "br": 0.0}, "Dielectric_FE_31": {"avail": 1.0, "util": 0.32561813948331303, "br": 0.0}, "Diffusion_BE_123": {"avail": 1.0, "util": 0.0, "br": 0.0}, "Diffusion_FE_100": {"avail": 1.0, "util": 0.0, "br": 0.0}, "Diffusion_FE_101": {"avail": 1.0, "util": 0.0, "br": 0.0}, "Diffusion_FE_120": {"avail": 1.0, "util": 0.0, "br": 0.0}, "Diffusion_FE_122": {"avail": 1.0, "util": 0.0, "br": 0.0}, "Diffusion_FE_125": {"avail": 1.0, "util": 0.0, "br": 0.0}, "Diffusion_FE_126": {"avail": 1.0, "util": 0.0, "br": 0.0}, "Diffusion_FE_127": {"avail": 1.0, "util": 0.0, "br": 0.0}, "Diffusion_FE_44": {"avail": 1.0, "util": 0.0, "br": 0.0}, "Diffusion_FE_94": {"avail": 1.0, "util": 0.0, "br": 0.0}, "EPI_36": {"avail": 1.0, "util": 0.011531211886018406, "br": 0.0}, "EPI_38": {"avail": 1.0, "util": 0.26427541856081604, "br": 0.0}, "Implant_119": {"avail": 1.0, "util": 0.07434305355360905, "br": 0.0}, "Implant_128": {"avail": 1.0, "util": 0.032406334102752773, "br": 0.0}, "Implant_132": {"avail": 1.0, "util": 0.030435746756846658, "br": 0.0}, "Implant_74": {"avail": 1.0, "util": 0.013526998558598515, "br": 0.0}, "Implant_88": {"avail": 1.0, "util": 0.005682448164985031, "br": 0.0}, "Implant_90": {"avail": 1.0, "util": 0.04285397494178955, "br": 0.0}, "Implant_91": {"avail": 1.0, "util": 0.04728905643641202, "br": 0.0}, "LithoMet_BE_18": {"avail": 1.0, "util": 0.9679313368746788, "br": 0.0}, "LithoMet_FE_19": {"avail": 1.0, "util": 0.9669071642405714, "br": 0.0}, "LithoTrack_BE_117": {"avail": 1.0, "util": 0.06773478212662157, "br": 0.0}, "LithoTrack_FE_115": {"avail": 1.0, "util": 0.04518374488545861, "br": 0.0}, "LithoTrack_FE_95": {"avail": 1.0, "util": 0.06427403259784899, "br": 0.0}, "LithoTrack_FE_96": {"avail": 1.0, "util": 0.012224193369553165, "br": 0.0}, "Litho_BE_110": {"avail": 1.0, "util": 0.06413995574559987, "br": 0.0}, "Litho_BE_93": {"avail": 1.0, "util": 0.06143973833019182, "br": 0.0}, "Litho_BE_99": {"avail": 1.0, "util": 0.10139705067080608, "br": 0.0}, "Litho_FE_111": {"avail": 1.0, "util": 0.09102173189932365, "br": 0.0}, "Litho_FE_35": {"avail": 1.0, "util": 0.04701186384299812, "br": 0.0}, "Litho_FE_92": {"avail": 1.0, "util": 0.06943887690090152, "br": 0.0}, "Litho_FE_98": {"avail": 1.0, "util": 0.031073289721698635, "br": 0.0}, "Litho_REG_BE_63": {"avail": 1.0, "util": 0.9595576006209114, "br": 0.0}, "Litho_REG_FE_64": {"avail": 1.0, "util": 0.9640804597701149, "br": 0.0}, "Planar_BE_75": {"avail": 1.0, "util": 0.8861609617791013, "br": 0.0}, "Planar_FE_76": {"avail": 1.0, "util": 0.9283457146025058, "br": 0.0}, "Planar_FE_77": {"avail": 1.0, "util": 0.8611819492183169, "br": 0.0}, "Planar_FE_78": {"avail": 1.0, "util": 0.4275695753409469, "br": 0.0}, "Planar_FE_79": {"avail": 1.0, "util": 0.25735946335513915, "br": 0.0}, "Planar_FE_80": {"avail": 1.0, "util": 0.25656946446390955, "br": 0.0}, "TF_BE_2": {"avail": 1.0, "util": 0.424562035702406, "br": 0.0}, "TF_BE_23": {"avail": 1.0, "util": 0.6009139435794275, "br": 0.0}, "TF_BE_24": {"avail": 1.0, "util": 0.8713964962856192, "br": 0.0}, "TF_BE_26": {"avail": 1.0, "util": 0.6706354960041622, "br": 0.0}, "TF_BE_40": {"avail": 1.0, "util": 0.775754453017486, "br": 0.0}, "TF_FE_103": {"avail": 1.0, "util": 0.6296548556222578, "br": 0.0}, "TF_FE_104": {"avail": 1.0, "util": 0.6886240159662934, "br": 0.0}, "TF_FE_113": {"avail": 1.0, "util": 0.08945928964778062, "br": 0.0}, "TF_FE_131": {"avail": 1.0, "util": 0.8564696751302805, "br": 0.0}, "TF_FE_3": {"avail": 1.0, "util": 0.3576338840226189, "br": 0.0}, "TF_FE_5": {"avail": 1.0, "util": 0.35561961784381124, "br": 0.0}, "TF_Met_FE_45": {"avail": 1.0, "util": 0.07021288391174188, "br": 0.0}, "TF_Met_FE_61": {"avail": 1.0, "util": 0.9809291495731234, "br": 0.0}, "WE_BE_14": {"avail": 1.0, "util": 0.03896219093025834, "br": 0.0}, "WE_BE_16": {"avail": 1.0, "util": 0.03514109103004768, "br": 0.0}, "WE_BE_17": {"avail": 1.0, "util": 0.032902760838230405, "br": 0.0}, "WE_BE_7": {"avail": 1.0, "util": 0.02505821044461692, "br": 0.0}, "WE_BE_81": {"avail": 1.0, "util": 0.04192999963040988, "br": 0.0}, "WE_BE_82": {"avail": 1.0, "util": 0.04652523684567148, "br": 0.0}, "WE_BE_9": {"avail": 1.0, "util": 0.05091473555826588, "br": 0.0}, "WE_FE_108": {"avail": 1.0, "util": 0.047812854854311394, "br": 0.0}, "WE_FE_41": {"avail": 1.0, "util": 0.026699190597627234, "br": 0.0}, "WE_FE_47": {"avail": 1.0, "util": 0.03621244040359242, "br": 0.0}, "WE_FE_8": {"avail": 1.0, "util": 0.03079609712828473, "br": 0.0}, "WE_FE_83": {"avail": 1.0, "util": 0.041200059134419924, "br": 0.0}, "WE_FE_84": {"avail": 1.0, "util": 0.04236481154164737, "br": 0.0}, "WE_FE_85": {"avail": 1.0, "util": 0.029909080829360238, "br": 0.0}}, "plugins": {"cost": 428825.1292476852}}