{"lots": {}, "machines": {"DE_BE_11": {"avail": 1.0, "util": 0.6559700494718546, "br": 0.0}, "DE_BE_12": {"avail": 1.0, "util": 0.9501593472712607, "br": 0.0}, "DE_BE_13": {"avail": 1.0, "util": 0.6342611382877976, "br": 0.0}, "DE_BE_48": {"avail": 1.0, "util": 0.771065276480439, "br": 0.0}, "DE_BE_50": {"avail": 1.0, "util": 0.7695084698694807, "br": 0.0}, "DE_BE_65": {"avail": 1.0, "util": 0.6416904395243745, "br": 0.0}, "DE_BE_66": {"avail": 1.0, "util": 0.7333964966158638, "br": 0.0}, "DE_BE_67": {"avail": 1.0, "util": 0.6013481103733811, "br": 0.0}, "DE_BE_69": {"avail": 1.0, "util": 0.36974297263105926, "br": 0.0}, "DE_FE_1": {"avail": 1.0, "util": 0.7473294455243913, "br": 0.0}, "DE_FE_51": {"avail": 1.0, "util": 0.4866472276219569, "br": 0.0}, "DE_FE_53": {"avail": 1.0, "util": 0.1804128482828844, "br": 0.0}, "DE_FE_54": {"avail": 1.0, "util": 0.5403128760529483, "br": 0.0}, "DE_FE_56": {"avail": 1.0, "util": 0.8026011293159308, "br": 0.0}, "DE_FE_58": {"avail": 1.0, "util": 0.9745441081181153, "br": 0.0}, "DE_FE_59": {"avail": 1.0, "util": 0.6132555771544941, "br": 0.0}, "DE_FE_62": {"avail": 1.0, "util": 0.8659522681608051, "br": 0.0}, "DE_FE_70": {"avail": 1.0, "util": 0.6979542719614922, "br": 0.0}, "DE_FE_71": {"avail": 1.0, "util": 0.7634864800929784, "br": 0.0}, "DE_FE_72": {"avail": 1.0, "util": 0.3102505196368012, "br": 0.0}, "DE_FE_86": {"avail": 1.0, "util": 0.7749981565070595, "br": 0.0}, "DefMEt_FE_118": {"avail": 1.0, "util": 0.4123391650467463, "br": 0.0}, "DefMet_BE_33": {"avail": 1.0, "util": 0.8474960659076183, "br": 0.0}, "DefMet_BE_42": {"avail": 1.0, "util": 0.9472368786448209, "br": 0.0}, "DefMet_FE_10": {"avail": 1.0, "util": 0.2272979727853374, "br": 0.0}, "DefMet_FE_106": {"avail": 1.0, "util": 0.17208182912154033, "br": 0.0}, "DefMet_FE_34": {"avail": 1.0, "util": 0.7011015458668888, "br": 0.0}, "DefMet_FE_43": {"avail": 1.0, "util": 0.7754882902897343, "br": 0.0}, "Delay_32": {"avail": 1.0, "util": 0.18418402295658615, "br": 0.0}, "Dielectric_BE_20": {"avail": 1.0, "util": 0.7782097565491067, "br": 0.0}, "Dielectric_BE_21": {"avail": 1.0, "util": 0.8454750223703291, "br": 0.0}, "Dielectric_BE_27": {"avail": 1.0, "util": 0.8648060723872998, "br": 0.0}, "Dielectric_BE_28": {"avail": 1.0, "util": 0.9585917492054675, "br": 0.0}, "Dielectric_BE_60": {"avail": 1.0, "util": 0.8626153229041317, "br": 0.0}, "Dielectric_FE_112": {"avail": 1.0, "util": 0.6122579118969012, "br": 0.0}, "Dielectric_FE_130": {"avail": 1.0, "util": 0.5743774877348885, "br": 0.0}, "Dielectric_FE_29": {"avail": 1.0, "util": 0.7822209879971613, "br": 0.0}, "Dielectric_FE_30": {"avail": 1.0, "util": 0.9297417384059984, "br": 0.0}, "Dielectric_FE_31": {"avail": 1.0, "util": 0.3877626585207813, "br": 0.0}, "Diffusion_BE_123": {"avail": 1.0, "util": 0.0, "br": 0.0}, "Diffusion_FE_100": {"avail": 1.0, "util": 0.0, "br": 0.0}, "Diffusion_FE_101": {"avail": 1.0, "util": 0.0, "br": 0.0}, "Diffusion_FE_120": {"avail": 1.0, "util": 0.0, "br": 0.0}, "Diffusion_FE_122": {"avail": 1.0, "util": 0.0, "br": 0.0}, "Diffusion_FE_125": {"avail": 1.0, "util": 0.0, "br": 0.0}, "Diffusion_FE_126": {"avail": 1.0, "util": 0.0, "br": 0.0}, "Diffusion_FE_127": {"avail": 1.0, "util": 0.0, "br": 0.0}, "Diffusion_FE_44": {"avail": 1.0, "util": 0.0, "br": 0.0}, "Diffusion_FE_94": {"avail": 1.0, "util": 0.0, "br": 0.0}, "EPI_36": {"avail": 1.0, "util": 0.011987410904378413, "br": 0.0}, "EPI_38": {"avail": 1.0, "util": 0.40572063315745627, "br": 0.0}, "Implant_119": {"avail": 1.0, "util": 0.05702119781542164, "br": 0.0}, "Implant_128": {"avail": 1.0, "util": 0.03774204135214966, "br": 0.0}, "Implant_132": {"avail": 1.0, "util": 0.04014757805371524, "br": 0.0}, "Implant_74": {"avail": 1.0, "util": 0.022447468295843747, "br": 0.0}, "Implant_88": {"avail": 1.0, "util": 0.0, "br": 0.0}, "Implant_90": {"avail": 1.0, "util": 0.0560492455799315, "br": 0.0}, "Implant_91": {"avail": 1.0, "util": 0.05079276920432155, "br": 0.0}, "LithoMet_BE_18": {"avail": 1.0, "util": 0.9324430082552826, "br": 0.0}, "LithoMet_FE_19": {"avail": 1.0, "util": 0.9487576202377646, "br": 0.0}, "LithoTrack_BE_117": {"avail": 1.0, "util": 0.0958622604831991, "br": 0.0}, "LithoTrack_FE_115": {"avail": 1.0, "util": 0.05734179530076334, "br": 0.0}, "LithoTrack_FE_95": {"avail": 1.0, "util": 0.09833148199574193, "br": 0.0}, "LithoTrack_FE_96": {"avail": 1.0, "util": 0.020040729427011017, "br": 0.0}, "Litho_BE_110": {"avail": 1.0, "util": 0.08743545472473427, "br": 0.0}, "Litho_BE_93": {"avail": 1.0, "util": 0.09226603721188559, "br": 0.0}, "Litho_BE_99": {"avail": 1.0, "util": 0.1649850350211361, "br": 0.0}, "Litho_FE_111": {"avail": 1.0, "util": 0.12295195778950292, "br": 0.0}, "Litho_FE_35": {"avail": 1.0, "util": 0.07808016291770804, "br": 0.0}, "Litho_FE_92": {"avail": 1.0, "util": 0.09206488226204972, "br": 0.0}, "Litho_FE_98": {"avail": 1.0, "util": 0.042441914283069516, "br": 0.0}, "Litho_REG_BE_63": {"avail": 1.0, "util": 0.9254720910858095, "br": 0.0}, "Litho_REG_FE_64": {"avail": 1.0, "util": 0.9400166620383227, "br": 0.0}, "Planar_BE_75": {"avail": 1.0, "util": 0.7825471760489812, "br": 0.0}, "Planar_FE_76": {"avail": 1.0, "util": 0.9288623530500787, "br": 0.0}, "Planar_FE_77": {"avail": 1.0, "util": 0.9567712672405814, "br": 0.0}, "Planar_FE_78": {"avail": 1.0, "util": 0.28320836804591315, "br": 0.0}, "Planar_FE_79": {"avail": 1.0, "util": 0.3195871517171156, "br": 0.0}, "Planar_FE_80": {"avail": 1.0, "util": 0.4363139868555031, "br": 0.0}, "TF_BE_2": {"avail": 1.0, "util": 0.6147829306674072, "br": 0.0}, "TF_BE_23": {"avail": 1.0, "util": 0.6730207217571839, "br": 0.0}, "TF_BE_24": {"avail": 1.0, "util": 0.9610756271406091, "br": 0.0}, "TF_BE_26": {"avail": 1.0, "util": 0.7833721402174609, "br": 0.0}, "TF_BE_40": {"avail": 1.0, "util": 0.816810145330001, "br": 0.0}, "TF_FE_103": {"avail": 1.0, "util": 0.976845056267439, "br": 0.0}, "TF_FE_104": {"avail": 1.0, "util": 0.6830139775988152, "br": 0.0}, "TF_FE_113": {"avail": 1.0, "util": 0.14403406461168194, "br": 0.0}, "TF_FE_131": {"avail": 1.0, "util": 0.9513869604122313, "br": 0.0}, "TF_FE_3": {"avail": 1.0, "util": 0.5977043413866518, "br": 0.0}, "TF_FE_5": {"avail": 1.0, "util": 0.4779227992224382, "br": 0.0}, "TF_Met_FE_45": {"avail": 1.0, "util": 0.11853188929001203, "br": 0.0}, "TF_Met_FE_61": {"avail": 1.0, "util": 0.9720910858094973, "br": 0.0}, "WE_BE_14": {"avail": 1.0, "util": 0.04508007035082847, "br": 0.0}, "WE_BE_16": {"avail": 1.0, "util": 0.0377788577247061, "br": 0.0}, "WE_BE_17": {"avail": 1.0, "util": 0.04146996204757938, "br": 0.0}, "WE_BE_7": {"avail": 1.0, "util": 0.02286401925391095, "br": 0.0}, "WE_BE_81": {"avail": 1.0, "util": 0.05288654386127311, "br": 0.0}, "WE_BE_82": {"avail": 1.0, "util": 0.05285568823474961, "br": 0.0}, "WE_BE_9": {"avail": 1.0, "util": 0.05413311117282236, "br": 0.0}, "WE_FE_108": {"avail": 1.0, "util": 0.03982929390622656, "br": 0.0}, "WE_FE_41": {"avail": 1.0, "util": 0.03604554290474868, "br": 0.0}, "WE_FE_47": {"avail": 1.0, "util": 0.03797093399981487, "br": 0.0}, "WE_FE_8": {"avail": 1.0, "util": 0.02179950013885032, "br": 0.0}, "WE_FE_83": {"avail": 1.0, "util": 0.04142367860779413, "br": 0.0}, "WE_FE_84": {"avail": 1.0, "util": 0.0431525012115371, "br": 0.0}, "WE_FE_85": {"avail": 1.0, "util": 0.0340646116819402, "br": 0.0}}, "plugins": {"cost": 429200}}