{"lots": {}, "machines": {"DE_BE_11": {"avail": 1.0, "util": 0.0, "br": 0.0}, "DE_BE_12": {"avail": 1.0, "util": 0.0, "br": 0.0}, "DE_BE_13": {"avail": 1.0, "util": 0.0, "br": 0.0}, "DE_BE_48": {"avail": 1.0, "util": 0.0, "br": 0.0}, "DE_BE_50": {"avail": 1.0, "util": 0.0, "br": 0.0}, "DE_BE_65": {"avail": 1.0, "util": 0.0, "br": 0.0}, "DE_BE_66": {"avail": 1.0, "util": 0.0, "br": 0.0}, "DE_BE_67": {"avail": 1.0, "util": 0.0, "br": 0.0}, "DE_BE_69": {"avail": 1.0, "util": 0.0, "br": 0.0}, "DE_FE_1": {"avail": 1.0, "util": 0.0, "br": 0.0}, "DE_FE_51": {"avail": 1.0, "util": 0.0, "br": 0.0}, "DE_FE_53": {"avail": 1.0, "util": 0.0, "br": 0.0}, "DE_FE_54": {"avail": 1.0, "util": 0.0, "br": 0.0}, "DE_FE_56": {"avail": 1.0, "util": 0.0, "br": 0.0}, "DE_FE_58": {"avail": 1.0, "util": 0.0, "br": 0.0}, "DE_FE_59": {"avail": 1.0, "util": 0.0, "br": 0.0}, "DE_FE_62": {"avail": 1.0, "util": 0.0, "br": 0.0}, "DE_FE_70": {"avail": 1.0, "util": 0.0, "br": 0.0}, "DE_FE_71": {"avail": 1.0, "util": 0.0, "br": 0.0}, "DE_FE_72": {"avail": 1.0, "util": 0.0, "br": 0.0}, "DE_FE_86": {"avail": 1.0, "util": 0.0, "br": 0.0}, "DefMEt_FE_118": {"avail": 1.0, "util": 0.9933573207860503, "br": 0.0}, "DefMet_BE_33": {"avail": 1.0, "util": 0.5294768890119015, "br": 0.0}, "DefMet_BE_42": {"avail": 1.0, "util": 0.9133683919180736, "br": 0.0}, "DefMet_FE_10": {"avail": 1.0, "util": 0.6585939662330473, "br": 0.0}, "DefMet_FE_106": {"avail": 1.0, "util": 0.2632161638527539, "br": 0.0}, "DefMet_FE_34": {"avail": 1.0, "util": 0.4983393301965126, "br": 0.0}, "DefMet_FE_43": {"avail": 1.0, "util": 0.867921394962635, "br": 0.0}, "Delay_32": {"avail": 1.0, "util": 0.0, "br": 0.0}, "Dielectric_BE_20": {"avail": 1.0, "util": 0.6712427345696097, "br": 0.0}, "Dielectric_BE_21": {"avail": 1.0, "util": 0.6320232493772489, "br": 0.0}, "Dielectric_BE_27": {"avail": 1.0, "util": 0.6226819817326321, "br": 0.0}, "Dielectric_BE_28": {"avail": 1.0, "util": 0.6419411384814098, "br": 0.0}, "Dielectric_BE_60": {"avail": 1.0, "util": 0.7128425131469692, "br": 0.0}, "Dielectric_FE_112": {"avail": 1.0, "util": 0.6397269120767599, "br": 0.0}, "Dielectric_FE_130": {"avail": 1.0, "util": 0.8799474121228895, "br": 0.0}, "Dielectric_FE_29": {"avail": 1.0, "util": 0.7688901190146693, "br": 0.0}, "Dielectric_FE_30": {"avail": 1.0, "util": 0.5572931082203155, "br": 0.0}, "Dielectric_FE_31": {"avail": 1.0, "util": 0.849570993634099, "br": 0.0}, "Diffusion_BE_123": {"avail": 1.0, "util": 0.0, "br": 0.0}, "Diffusion_FE_100": {"avail": 1.0, "util": 0.0, "br": 0.0}, "Diffusion_FE_101": {"avail": 1.0, "util": 0.0, "br": 0.0}, "Diffusion_FE_120": {"avail": 1.0, "util": 0.0, "br": 0.0}, "Diffusion_FE_122": {"avail": 1.0, "util": 0.0, "br": 0.0}, "Diffusion_FE_125": {"avail": 1.0, "util": 0.0, "br": 0.0}, "Diffusion_FE_126": {"avail": 1.0, "util": 0.0, "br": 0.0}, "Diffusion_FE_127": {"avail": 1.0, "util": 0.0, "br": 0.0}, "Diffusion_FE_44": {"avail": 1.0, "util": 0.0, "br": 0.0}, "Diffusion_FE_94": {"avail": 1.0, "util": 0.0, "br": 0.0}, "EPI_36": {"avail": 1.0, "util": 0.014254082479933573, "br": 0.0}, "EPI_38": {"avail": 1.0, "util": 0.9864378632715195, "br": 0.0}, "Implant_119": {"avail": 1.0, "util": 0.06559645723775256, "br": 0.0}, "Implant_128": {"avail": 1.0, "util": 0.06413708074377877, "br": 0.0}, "Implant_132": {"avail": 1.0, "util": 0.04483808469415998, "br": 0.0}, "Implant_74": {"avail": 1.0, "util": 0.06725712704123997, "br": 0.0}, "Implant_88": {"avail": 1.0, "util": 0.0, "br": 0.0}, "Implant_90": {"avail": 1.0, "util": 0.0377802380293385, "br": 0.0}, "Implant_91": {"avail": 1.0, "util": 0.07318809062512356, "br": 0.0}, "LithoMet_BE_18": {"avail": 1.0, "util": 0.8954029640439826, "br": 0.0}, "LithoMet_FE_19": {"avail": 1.0, "util": 0.8833774860622357, "br": 0.0}, "LithoTrack_BE_117": {"avail": 1.0, "util": 0.19806255189593136, "br": 0.0}, "LithoTrack_FE_115": {"avail": 1.0, "util": 0.12014203452302998, "br": 0.0}, "LithoTrack_FE_95": {"avail": 1.0, "util": 0.20808884583448659, "br": 0.0}, "LithoTrack_FE_96": {"avail": 1.0, "util": 0.060891226127871574, "br": 0.0}, "Litho_BE_110": {"avail": 1.0, "util": 0.19061601222638058, "br": 0.0}, "Litho_BE_93": {"avail": 1.0, "util": 0.2515222806531968, "br": 0.0}, "Litho_BE_99": {"avail": 1.0, "util": 0.3769720453916413, "br": 0.0}, "Litho_FE_111": {"avail": 1.0, "util": 0.32205923055632435, "br": 0.0}, "Litho_FE_35": {"avail": 1.0, "util": 0.10019374481040687, "br": 0.0}, "Litho_FE_92": {"avail": 1.0, "util": 0.21539738976771916, "br": 0.0}, "Litho_FE_98": {"avail": 1.0, "util": 0.0313451425408248, "br": 0.0}, "Litho_REG_BE_63": {"avail": 1.0, "util": 0.8429629117077221, "br": 0.0}, "Litho_REG_FE_64": {"avail": 1.0, "util": 0.8315112095211735, "br": 0.0}, "Planar_BE_75": {"avail": 1.0, "util": 0.25169032462140684, "br": 0.0}, "Planar_FE_76": {"avail": 1.0, "util": 0.9247163022419043, "br": 0.0}, "Planar_FE_77": {"avail": 1.0, "util": 0.72197619706615, "br": 0.0}, "Planar_FE_78": {"avail": 1.0, "util": 0.8587046775532798, "br": 0.0}, "Planar_FE_79": {"avail": 1.0, "util": 0.0, "br": 0.0}, "Planar_FE_80": {"avail": 1.0, "util": 0.6436479380016606, "br": 0.0}, "TF_BE_2": {"avail": 1.0, "util": 0.0, "br": 0.0}, "TF_BE_23": {"avail": 1.0, "util": 0.0707168557985054, "br": 0.0}, "TF_BE_24": {"avail": 1.0, "util": 0.0, "br": 0.0}, "TF_BE_26": {"avail": 1.0, "util": 0.3038812833996892, "br": 0.0}, "TF_BE_40": {"avail": 1.0, "util": 0.0, "br": 0.0}, "TF_FE_103": {"avail": 1.0, "util": 0.0, "br": 0.0}, "TF_FE_104": {"avail": 1.0, "util": 0.0, "br": 0.0}, "TF_FE_113": {"avail": 1.0, "util": 0.0, "br": 0.0}, "TF_FE_131": {"avail": 1.0, "util": 0.0, "br": 0.0}, "TF_FE_3": {"avail": 1.0, "util": 0.0, "br": 0.0}, "TF_FE_5": {"avail": 1.0, "util": 0.0, "br": 0.0}, "TF_Met_FE_45": {"avail": 1.0, "util": 0.28383614724605594, "br": 0.0}, "TF_Met_FE_61": {"avail": 1.0, "util": 0.9505950733462497, "br": 0.0}, "WE_BE_14": {"avail": 1.0, "util": 0.02967063382230833, "br": 0.0}, "WE_BE_16": {"avail": 1.0, "util": 0.02314558538610573, "br": 0.0}, "WE_BE_17": {"avail": 1.0, "util": 0.026709106006089122, "br": 0.0}, "WE_BE_7": {"avail": 1.0, "util": 0.011347910323830611, "br": 0.0}, "WE_BE_81": {"avail": 1.0, "util": 0.028046867792231756, "br": 0.0}, "WE_BE_82": {"avail": 1.0, "util": 0.06864101854414614, "br": 0.0}, "WE_BE_9": {"avail": 1.0, "util": 0.07102131192914476, "br": 0.0}, "WE_FE_108": {"avail": 1.0, "util": 0.03231625261269172, "br": 0.0}, "WE_FE_41": {"avail": 1.0, "util": 0.036700802657071686, "br": 0.0}, "WE_FE_47": {"avail": 1.0, "util": 0.034984777193468035, "br": 0.0}, "WE_FE_8": {"avail": 1.0, "util": 0.026432327705507887, "br": 0.0}, "WE_FE_83": {"avail": 1.0, "util": 0.06822585109327428, "br": 0.0}, "WE_FE_84": {"avail": 1.0, "util": 0.03987235636020254, "br": 0.0}, "WE_FE_85": {"avail": 1.0, "util": 0.08524771657902021, "br": 0.0}}, "plugins": {"cost": 429200}}