{"lots": {}, "machines": {"DE_BE_11": {"avail": 1.0, "util": 0.6356992113739864, "br": 0.0}, "DE_BE_12": {"avail": 1.0, "util": 0.5684710034926629, "br": 0.0}, "DE_BE_13": {"avail": 1.0, "util": 0.9025510015180126, "br": 0.0}, "DE_BE_48": {"avail": 1.0, "util": 0.8563256692213707, "br": 0.0}, "DE_BE_50": {"avail": 1.0, "util": 0.836202747232404, "br": 0.0}, "DE_BE_65": {"avail": 1.0, "util": 0.722468327550947, "br": 0.0}, "DE_BE_66": {"avail": 1.0, "util": 0.6893579333204721, "br": 0.0}, "DE_BE_67": {"avail": 1.0, "util": 0.7340775297123181, "br": 0.0}, "DE_BE_69": {"avail": 1.0, "util": 0.8841774963900922, "br": 0.0}, "DE_FE_1": {"avail": 1.0, "util": 0.8994779517938465, "br": 0.0}, "DE_FE_51": {"avail": 1.0, "util": 0.6134417182576568, "br": 0.0}, "DE_FE_53": {"avail": 1.0, "util": 0.5505387093191159, "br": 0.0}, "DE_FE_54": {"avail": 1.0, "util": 0.9861934910585362, "br": 0.0}, "DE_FE_56": {"avail": 1.0, "util": 0.8423858713762079, "br": 0.0}, "DE_FE_58": {"avail": 1.0, "util": 0.6934725461883076, "br": 0.0}, "DE_FE_59": {"avail": 1.0, "util": 0.7777296456736643, "br": 0.0}, "DE_FE_62": {"avail": 1.0, "util": 0.9523492169276908, "br": 0.0}, "DE_FE_70": {"avail": 1.0, "util": 0.9127513051205154, "br": 0.0}, "DE_FE_71": {"avail": 1.0, "util": 0.7123042319226924, "br": 0.0}, "DE_FE_72": {"avail": 1.0, "util": 0.7942290841324496, "br": 0.0}, "DE_FE_86": {"avail": 1.0, "util": 0.8018080392955435, "br": 0.0}, "DefMEt_FE_118": {"avail": 1.0, "util": 0.2980117738531601, "br": 0.0}, "DefMet_BE_33": {"avail": 1.0, "util": 0.9243863156725536, "br": 0.0}, "DefMet_BE_42": {"avail": 1.0, "util": 0.9874486282350328, "br": 0.0}, "DefMet_FE_10": {"avail": 1.0, "util": 0.6698878151727202, "br": 0.0}, "DefMet_FE_106": {"avail": 1.0, "util": 0.3603243363323337, "br": 0.0}, "DefMet_FE_34": {"avail": 1.0, "util": 0.5811396201266245, "br": 0.0}, "DefMet_FE_43": {"avail": 1.0, "util": 0.9592820911548002, "br": 0.0}, "Delay_32": {"avail": 1.0, "util": 0.4581117405309341, "br": 0.0}, "Dielectric_BE_20": {"avail": 1.0, "util": 0.9548483838720426, "br": 0.0}, "Dielectric_BE_21": {"avail": 1.0, "util": 0.9378957014328557, "br": 0.0}, "Dielectric_BE_27": {"avail": 1.0, "util": 0.8599837091339924, "br": 0.0}, "Dielectric_BE_28": {"avail": 1.0, "util": 0.7753943130067755, "br": 0.0}, "Dielectric_BE_60": {"avail": 1.0, "util": 0.9334110851938243, "br": 0.0}, "Dielectric_FE_112": {"avail": 1.0, "util": 0.894168610463179, "br": 0.0}, "Dielectric_FE_130": {"avail": 1.0, "util": 0.8541736087970676, "br": 0.0}, "Dielectric_FE_29": {"avail": 1.0, "util": 0.9324854678070272, "br": 0.0}, "Dielectric_FE_30": {"avail": 1.0, "util": 0.9459624569587916, "br": 0.0}, "Dielectric_FE_31": {"avail": 1.0, "util": 0.9665666999888926, "br": 0.0}, "Diffusion_BE_123": {"avail": 1.0, "util": 0.0, "br": 0.0}, "Diffusion_FE_100": {"avail": 1.0, "util": 0.0, "br": 0.0}, "Diffusion_FE_101": {"avail": 1.0, "util": 0.0, "br": 0.0}, "Diffusion_FE_120": {"avail": 1.0, "util": 0.0, "br": 0.0}, "Diffusion_FE_122": {"avail": 1.0, "util": 0.0, "br": 0.0}, "Diffusion_FE_125": {"avail": 1.0, "util": 0.0, "br": 0.0}, "Diffusion_FE_126": {"avail": 1.0, "util": 0.0, "br": 0.0}, "Diffusion_FE_127": {"avail": 1.0, "util": 0.0, "br": 0.0}, "Diffusion_FE_44": {"avail": 1.0, "util": 0.0, "br": 0.0}, "Diffusion_FE_94": {"avail": 1.0, "util": 0.0, "br": 0.0}, "EPI_36": {"avail": 1.0, "util": 0.008636010218815951, "br": 0.0}, "EPI_38": {"avail": 1.0, "util": 0.03532155948017328, "br": 0.0}, "Implant_119": {"avail": 1.0, "util": 0.01852160390980784, "br": 0.0}, "Implant_128": {"avail": 1.0, "util": 0.050033322225924694, "br": 0.0}, "Implant_132": {"avail": 1.0, "util": 0.04571392869043652, "br": 0.0}, "Implant_74": {"avail": 1.0, "util": 0.006692213706542264, "br": 0.0}, "Implant_88": {"avail": 1.0, "util": 0.021215150505387092, "br": 0.0}, "Implant_90": {"avail": 1.0, "util": 0.0427357547484172, "br": 0.0}, "Implant_91": {"avail": 1.0, "util": 0.041134436669258395, "br": 0.0}, "LithoMet_BE_18": {"avail": 1.0, "util": 0.9735857278343117, "br": 0.0}, "LithoMet_FE_19": {"avail": 1.0, "util": 0.9591926148074099, "br": 0.0}, "LithoTrack_BE_117": {"avail": 1.0, "util": 0.10301010774186382, "br": 0.0}, "LithoTrack_FE_115": {"avail": 1.0, "util": 0.0469298904722391, "br": 0.0}, "LithoTrack_FE_95": {"avail": 1.0, "util": 0.05481052800993773, "br": 0.0}, "LithoTrack_FE_96": {"avail": 1.0, "util": 0.0029712318116183493, "br": 0.0}, "Litho_BE_110": {"avail": 1.0, "util": 0.06011289887497818, "br": 0.0}, "Litho_BE_93": {"avail": 1.0, "util": 0.05248250583138954, "br": 0.0}, "Litho_BE_99": {"avail": 1.0, "util": 0.1796808471250324, "br": 0.0}, "Litho_FE_111": {"avail": 1.0, "util": 0.09803802772813103, "br": 0.0}, "Litho_FE_35": {"avail": 1.0, "util": 0.05045540375430412, "br": 0.0}, "Litho_FE_92": {"avail": 1.0, "util": 0.09064318627797467, "br": 0.0}, "Litho_FE_98": {"avail": 1.0, "util": 0.09560146617794069, "br": 0.0}, "Litho_REG_BE_63": {"avail": 1.0, "util": 0.9643799289125847, "br": 0.0}, "Litho_REG_FE_64": {"avail": 1.0, "util": 0.9778724552133415, "br": 0.0}, "Planar_BE_75": {"avail": 1.0, "util": 0.7744585138287238, "br": 0.0}, "Planar_FE_76": {"avail": 1.0, "util": 0.6206264578473842, "br": 0.0}, "Planar_FE_77": {"avail": 1.0, "util": 0.9275796956570033, "br": 0.0}, "Planar_FE_78": {"avail": 1.0, "util": 0.6701932689103632, "br": 0.0}, "Planar_FE_79": {"avail": 1.0, "util": 0.964367433077863, "br": 0.0}, "Planar_FE_80": {"avail": 1.0, "util": 0.9006442297012107, "br": 0.0}, "TF_BE_2": {"avail": 1.0, "util": 0.2661335110518716, "br": 0.0}, "TF_BE_23": {"avail": 1.0, "util": 0.7794770164331187, "br": 0.0}, "TF_BE_24": {"avail": 1.0, "util": 0.23262245918027327, "br": 0.0}, "TF_BE_26": {"avail": 1.0, "util": 0.670295086822911, "br": 0.0}, "TF_BE_40": {"avail": 1.0, "util": 0.6645886556333075, "br": 0.0}, "TF_FE_103": {"avail": 1.0, "util": 0.7394618460513163, "br": 0.0}, "TF_FE_104": {"avail": 1.0, "util": 0.6952238142841276, "br": 0.0}, "TF_FE_113": {"avail": 1.0, "util": 0.39311896034655114, "br": 0.0}, "TF_FE_131": {"avail": 1.0, "util": 0.36676663334444076, "br": 0.0}, "TF_FE_3": {"avail": 1.0, "util": 0.8028712651338443, "br": 0.0}, "TF_FE_5": {"avail": 1.0, "util": 0.6449516827724092, "br": 0.0}, "TF_Met_FE_45": {"avail": 1.0, "util": 0.08477729645673664, "br": 0.0}, "TF_Met_FE_61": {"avail": 1.0, "util": 0.9857825169387981, "br": 0.0}, "WE_BE_14": {"avail": 1.0, "util": 0.041041874930578696, "br": 0.0}, "WE_BE_16": {"avail": 1.0, "util": 0.04417046169795254, "br": 0.0}, "WE_BE_17": {"avail": 1.0, "util": 0.04173608797067644, "br": 0.0}, "WE_BE_7": {"avail": 1.0, "util": 0.018160613128957014, "br": 0.0}, "WE_BE_81": {"avail": 1.0, "util": 0.05579621607612277, "br": 0.0}, "WE_BE_82": {"avail": 1.0, "util": 0.06360102188159503, "br": 0.0}, "WE_BE_9": {"avail": 1.0, "util": 0.05112581520445566, "br": 0.0}, "WE_FE_108": {"avail": 1.0, "util": 0.04403452817314863, "br": 0.0}, "WE_FE_41": {"avail": 1.0, "util": 0.03816505609241364, "br": 0.0}, "WE_FE_47": {"avail": 1.0, "util": 0.04077344588840757, "br": 0.0}, "WE_FE_8": {"avail": 1.0, "util": 0.05473175608130623, "br": 0.0}, "WE_FE_83": {"avail": 1.0, "util": 0.0430491423493756, "br": 0.0}, "WE_FE_84": {"avail": 1.0, "util": 0.040807385192590126, "br": 0.0}, "WE_FE_85": {"avail": 1.0, "util": 0.026796623347772965, "br": 0.0}}, "plugins": {"cost": 447800.0}}