{"lots": {}, "machines": {"DE_BE_11": {"avail": 1.0, "util": 0.5932135913341358, "br": 0.0}, "DE_BE_12": {"avail": 1.0, "util": 0.948636443127694, "br": 0.0}, "DE_BE_13": {"avail": 1.0, "util": 0.7039295303344928, "br": 0.0}, "DE_BE_48": {"avail": 1.0, "util": 0.6506342005369873, "br": 0.0}, "DE_BE_50": {"avail": 1.0, "util": 0.9665051589873366, "br": 0.0}, "DE_BE_65": {"avail": 1.0, "util": 0.7367182777193833, "br": 0.0}, "DE_BE_66": {"avail": 1.0, "util": 0.6708881731223717, "br": 0.0}, "DE_BE_67": {"avail": 1.0, "util": 0.5939635218961207, "br": 0.0}, "DE_BE_69": {"avail": 1.0, "util": 0.7396537357652069, "br": 0.0}, "DE_FE_1": {"avail": 1.0, "util": 0.7458436388165117, "br": 0.0}, "DE_FE_51": {"avail": 1.0, "util": 0.6754540271612277, "br": 0.0}, "DE_FE_53": {"avail": 1.0, "util": 0.3653180261086937, "br": 0.0}, "DE_FE_54": {"avail": 1.0, "util": 0.5396167021572076, "br": 0.0}, "DE_FE_56": {"avail": 1.0, "util": 0.6020738820479585, "br": 0.0}, "DE_FE_58": {"avail": 1.0, "util": 0.6535197358269297, "br": 0.0}, "DE_FE_59": {"avail": 1.0, "util": 0.7353331481652933, "br": 0.0}, "DE_FE_62": {"avail": 1.0, "util": 0.6825293954263494, "br": 0.0}, "DE_FE_70": {"avail": 1.0, "util": 0.7405297230313432, "br": 0.0}, "DE_FE_71": {"avail": 1.0, "util": 0.8436685756609839, "br": 0.0}, "DE_FE_72": {"avail": 1.0, "util": 0.8687261467559588, "br": 0.0}, "DE_FE_86": {"avail": 1.0, "util": 0.7550363992360104, "br": 0.0}, "DefMEt_FE_118": {"avail": 1.0, "util": 0.49986112397000276, "br": 0.0}, "DefMet_BE_33": {"avail": 1.0, "util": 0.8825571706323488, "br": 0.0}, "DefMet_BE_42": {"avail": 1.0, "util": 0.9941672067401166, "br": 0.0}, "DefMet_FE_10": {"avail": 1.0, "util": 0.7582168317748357, "br": 0.0}, "DefMet_FE_106": {"avail": 1.0, "util": 0.6034626423479308, "br": 0.0}, "DefMet_FE_34": {"avail": 1.0, "util": 0.7057679844458846, "br": 0.0}, "DefMet_FE_43": {"avail": 1.0, "util": 0.9475202913310495, "br": 0.0}, "Delay_32": {"avail": 1.0, "util": 0.22656929913896864, "br": 0.0}, "Dielectric_BE_20": {"avail": 1.0, "util": 0.8954726414220906, "br": 0.0}, "Dielectric_BE_21": {"avail": 1.0, "util": 0.8579876863253403, "br": 0.0}, "Dielectric_BE_27": {"avail": 1.0, "util": 0.792451316236151, "br": 0.0}, "Dielectric_BE_28": {"avail": 1.0, "util": 0.8487408573280252, "br": 0.0}, "Dielectric_BE_60": {"avail": 1.0, "util": 0.8579298213128415, "br": 0.0}, "Dielectric_FE_112": {"avail": 1.0, "util": 0.7559300064808814, "br": 0.0}, "Dielectric_FE_130": {"avail": 1.0, "util": 0.8889686140172206, "br": 0.0}, "Dielectric_FE_29": {"avail": 1.0, "util": 0.7732617350245348, "br": 0.0}, "Dielectric_FE_30": {"avail": 1.0, "util": 0.9219053791315619, "br": 0.0}, "Dielectric_FE_31": {"avail": 1.0, "util": 0.8970234237570596, "br": 0.0}, "Diffusion_BE_123": {"avail": 1.0, "util": 0.0, "br": 0.0}, "Diffusion_FE_100": {"avail": 1.0, "util": 0.0, "br": 0.0}, "Diffusion_FE_101": {"avail": 1.0, "util": 0.0, "br": 0.0}, "Diffusion_FE_120": {"avail": 1.0, "util": 0.0, "br": 0.0}, "Diffusion_FE_122": {"avail": 1.0, "util": 0.0, "br": 0.0}, "Diffusion_FE_125": {"avail": 1.0, "util": 0.0, "br": 0.0}, "Diffusion_FE_126": {"avail": 1.0, "util": 0.0, "br": 0.0}, "Diffusion_FE_127": {"avail": 1.0, "util": 0.0, "br": 0.0}, "Diffusion_FE_44": {"avail": 1.0, "util": 0.0, "br": 0.0}, "Diffusion_FE_94": {"avail": 1.0, "util": 0.0, "br": 0.0}, "EPI_36": {"avail": 1.0, "util": 0.011897046569762058, "br": 0.0}, "EPI_38": {"avail": 1.0, "util": 0.012035922599759281, "br": 0.0}, "Implant_119": {"avail": 1.0, "util": 0.027451161929450976, "br": 0.0}, "Implant_128": {"avail": 1.0, "util": 0.06499398203870012, "br": 0.0}, "Implant_132": {"avail": 1.0, "util": 0.029765762429404683, "br": 0.0}, "Implant_74": {"avail": 1.0, "util": 0.011248958429775021, "br": 0.0}, "Implant_88": {"avail": 1.0, "util": 0.002314600499953708, "br": 0.0}, "Implant_90": {"avail": 1.0, "util": 0.027080825849458385, "br": 0.0}, "Implant_91": {"avail": 1.0, "util": 0.04982563342900349, "br": 0.0}, "LithoMet_BE_18": {"avail": 1.0, "util": 0.9360173203335873, "br": 0.0}, "LithoMet_FE_19": {"avail": 1.0, "util": 0.9435751833677951, "br": 0.0}, "LithoTrack_BE_117": {"avail": 1.0, "util": 0.10784186649384316, "br": 0.0}, "LithoTrack_FE_115": {"avail": 1.0, "util": 0.06178440267876432, "br": 0.0}, "LithoTrack_FE_95": {"avail": 1.0, "util": 0.07191510990101069, "br": 0.0}, "LithoTrack_FE_96": {"avail": 1.0, "util": 0.0, "br": 0.0}, "Litho_BE_110": {"avail": 1.0, "util": 0.09213763275887153, "br": 0.0}, "Litho_BE_93": {"avail": 1.0, "util": 0.0763200938184736, "br": 0.0}, "Litho_BE_99": {"avail": 1.0, "util": 0.21683177483566338, "br": 0.0}, "Litho_FE_111": {"avail": 1.0, "util": 0.13361557431550952, "br": 0.0}, "Litho_FE_35": {"avail": 1.0, "util": 0.049717618739005646, "br": 0.0}, "Litho_FE_92": {"avail": 1.0, "util": 0.1280633386919842, "br": 0.0}, "Litho_FE_98": {"avail": 1.0, "util": 0.15022683084899546, "br": 0.0}, "Litho_REG_BE_63": {"avail": 1.0, "util": 0.9207827978890843, "br": 0.0}, "Litho_REG_FE_64": {"avail": 1.0, "util": 0.9410967238483209, "br": 0.0}, "Planar_BE_75": {"avail": 1.0, "util": 0.7365938339042681, "br": 0.0}, "Planar_FE_76": {"avail": 1.0, "util": 0.9250069438014998, "br": 0.0}, "Planar_FE_77": {"avail": 1.0, "util": 0.952550689750949, "br": 0.0}, "Planar_FE_78": {"avail": 1.0, "util": 0.8454772706230904, "br": 0.0}, "Planar_FE_79": {"avail": 1.0, "util": 0.8592537727988149, "br": 0.0}, "Planar_FE_80": {"avail": 1.0, "util": 0.5339783353393205, "br": 0.0}, "TF_BE_2": {"avail": 1.0, "util": 0.44720396259605594, "br": 0.0}, "TF_BE_23": {"avail": 1.0, "util": 0.6906231879114507, "br": 0.0}, "TF_BE_24": {"avail": 1.0, "util": 0.38424219979631513, "br": 0.0}, "TF_BE_26": {"avail": 1.0, "util": 0.6008394284479832, "br": 0.0}, "TF_BE_40": {"avail": 1.0, "util": 0.8420555195506588, "br": 0.0}, "TF_FE_103": {"avail": 1.0, "util": 0.9881260994352374, "br": 0.0}, "TF_FE_104": {"avail": 1.0, "util": 0.7720396259605592, "br": 0.0}, "TF_FE_113": {"avail": 1.0, "util": 0.6562818257568743, "br": 0.0}, "TF_FE_131": {"avail": 1.0, "util": 0.15518624818689628, "br": 0.0}, "TF_FE_3": {"avail": 1.0, "util": 0.8787149338024257, "br": 0.0}, "TF_FE_5": {"avail": 1.0, "util": 0.26914174613461717, "br": 0.0}, "TF_Met_FE_45": {"avail": 1.0, "util": 0.1410054624571799, "br": 0.0}, "TF_Met_FE_61": {"avail": 1.0, "util": 0.983196000370336, "br": 0.0}, "WE_BE_14": {"avail": 1.0, "util": 0.03670030552726599, "br": 0.0}, "WE_BE_16": {"avail": 1.0, "util": 0.046333158452406674, "br": 0.0}, "WE_BE_17": {"avail": 1.0, "util": 0.04587538190908249, "br": 0.0}, "WE_BE_7": {"avail": 1.0, "util": 0.007591889639848162, "br": 0.0}, "WE_BE_81": {"avail": 1.0, "util": 0.022096719439558064, "br": 0.0}, "WE_BE_82": {"avail": 1.0, "util": 0.0735394870845292, "br": 0.0}, "WE_BE_9": {"avail": 1.0, "util": 0.06135675268163, "br": 0.0}, "WE_FE_108": {"avail": 1.0, "util": 0.0420543071408732, "br": 0.0}, "WE_FE_41": {"avail": 1.0, "util": 0.04127395611517452, "br": 0.0}, "WE_FE_47": {"avail": 1.0, "util": 0.03953337653920933, "br": 0.0}, "WE_FE_8": {"avail": 1.0, "util": 0.04865290250902694, "br": 0.0}, "WE_FE_83": {"avail": 1.0, "util": 0.04917534090758792, "br": 0.0}, "WE_FE_84": {"avail": 1.0, "util": 0.048899793229022, "br": 0.0}, "WE_FE_85": {"avail": 1.0, "util": 0.031617442829367653, "br": 0.0}}, "plugins": {"cost": 448600.0}}