{"lots": {}, "machines": {"DE_BE_11": {"avail": 1.0, "util": 0.0, "br": 0.0}, "DE_BE_12": {"avail": 1.0, "util": 0.0, "br": 0.0}, "DE_BE_13": {"avail": 1.0, "util": 0.0, "br": 0.0}, "DE_BE_48": {"avail": 1.0, "util": 0.0, "br": 0.0}, "DE_BE_50": {"avail": 1.0, "util": 0.0, "br": 0.0}, "DE_BE_65": {"avail": 1.0, "util": 0.0, "br": 0.0}, "DE_BE_66": {"avail": 1.0, "util": 0.0, "br": 0.0}, "DE_BE_67": {"avail": 1.0, "util": 0.0, "br": 0.0}, "DE_BE_69": {"avail": 1.0, "util": 0.0, "br": 0.0}, "DE_FE_1": {"avail": 1.0, "util": 0.0, "br": 0.0}, "DE_FE_51": {"avail": 1.0, "util": 0.0, "br": 0.0}, "DE_FE_53": {"avail": 1.0, "util": 0.0, "br": 0.0}, "DE_FE_54": {"avail": 1.0, "util": 0.0, "br": 0.0}, "DE_FE_56": {"avail": 1.0, "util": 0.0, "br": 0.0}, "DE_FE_58": {"avail": 1.0, "util": 0.0, "br": 0.0}, "DE_FE_59": {"avail": 1.0, "util": 0.0, "br": 0.0}, "DE_FE_62": {"avail": 1.0, "util": 0.0, "br": 0.0}, "DE_FE_70": {"avail": 1.0, "util": 0.0, "br": 0.0}, "DE_FE_71": {"avail": 1.0, "util": 0.0, "br": 0.0}, "DE_FE_72": {"avail": 1.0, "util": 0.0, "br": 0.0}, "DE_FE_86": {"avail": 1.0, "util": 0.0, "br": 0.0}, "DefMEt_FE_118": {"avail": 1.0, "util": 0.7444506104328524, "br": 0.0}, "DefMet_BE_33": {"avail": 1.0, "util": 0.6370699223085461, "br": 0.0}, "DefMet_BE_42": {"avail": 1.0, "util": 0.9051054384017758, "br": 0.0}, "DefMet_FE_10": {"avail": 1.0, "util": 0.412180910099889, "br": 0.0}, "DefMet_FE_106": {"avail": 1.0, "util": 0.26387347391786903, "br": 0.0}, "DefMet_FE_34": {"avail": 1.0, "util": 0.506243063263041, "br": 0.0}, "DefMet_FE_43": {"avail": 1.0, "util": 0.8840177580466149, "br": 0.0}, "Delay_32": {"avail": 1.0, "util": 0.0, "br": 0.0}, "Dielectric_BE_20": {"avail": 1.0, "util": 0.6714761376248612, "br": 0.0}, "Dielectric_BE_21": {"avail": 1.0, "util": 0.6263873473917869, "br": 0.0}, "Dielectric_BE_27": {"avail": 1.0, "util": 0.8614964853866075, "br": 0.0}, "Dielectric_BE_28": {"avail": 1.0, "util": 0.7639659637439882, "br": 0.0}, "Dielectric_BE_60": {"avail": 1.0, "util": 0.7233166851646319, "br": 0.0}, "Dielectric_FE_112": {"avail": 1.0, "util": 0.5383524478973979, "br": 0.0}, "Dielectric_FE_130": {"avail": 1.0, "util": 0.8790233074361821, "br": 0.0}, "Dielectric_FE_29": {"avail": 1.0, "util": 0.7684979652238253, "br": 0.0}, "Dielectric_FE_30": {"avail": 1.0, "util": 0.5584073251942286, "br": 0.0}, "Dielectric_FE_31": {"avail": 1.0, "util": 0.8397613762486127, "br": 0.0}, "Diffusion_BE_123": {"avail": 1.0, "util": 0.0, "br": 0.0}, "Diffusion_FE_100": {"avail": 1.0, "util": 0.0, "br": 0.0}, "Diffusion_FE_101": {"avail": 1.0, "util": 0.0, "br": 0.0}, "Diffusion_FE_120": {"avail": 1.0, "util": 0.0, "br": 0.0}, "Diffusion_FE_122": {"avail": 1.0, "util": 0.0, "br": 0.0}, "Diffusion_FE_125": {"avail": 1.0, "util": 0.0, "br": 0.0}, "Diffusion_FE_126": {"avail": 1.0, "util": 0.0, "br": 0.0}, "Diffusion_FE_127": {"avail": 1.0, "util": 0.0, "br": 0.0}, "Diffusion_FE_44": {"avail": 1.0, "util": 0.0, "br": 0.0}, "Diffusion_FE_94": {"avail": 1.0, "util": 0.0, "br": 0.0}, "EPI_36": {"avail": 1.0, "util": 0.014428412874583796, "br": 0.0}, "EPI_38": {"avail": 1.0, "util": 0.9916759156492786, "br": 0.0}, "Implant_119": {"avail": 1.0, "util": 0.056742508324084354, "br": 0.0}, "Implant_128": {"avail": 1.0, "util": 0.06515487841791948, "br": 0.0}, "Implant_132": {"avail": 1.0, "util": 0.047922942762010465, "br": 0.0}, "Implant_74": {"avail": 1.0, "util": 0.06798002219755826, "br": 0.0}, "Implant_88": {"avail": 1.0, "util": 0.0, "br": 0.0}, "Implant_90": {"avail": 1.0, "util": 0.03773584905660377, "br": 0.0}, "Implant_91": {"avail": 1.0, "util": 0.07047724750277469, "br": 0.0}, "LithoMet_BE_18": {"avail": 1.0, "util": 0.7785793562708102, "br": 0.0}, "LithoMet_FE_19": {"avail": 1.0, "util": 0.8148684001902647, "br": 0.0}, "LithoTrack_BE_117": {"avail": 1.0, "util": 0.197669256381798, "br": 0.0}, "LithoTrack_FE_115": {"avail": 1.0, "util": 0.11661162394087869, "br": 0.0}, "LithoTrack_FE_95": {"avail": 1.0, "util": 0.20646503884572698, "br": 0.0}, "LithoTrack_FE_96": {"avail": 1.0, "util": 0.06048834628190899, "br": 0.0}, "Litho_BE_110": {"avail": 1.0, "util": 0.18805192298412393, "br": 0.0}, "Litho_BE_93": {"avail": 1.0, "util": 0.2536764705882353, "br": 0.0}, "Litho_BE_99": {"avail": 1.0, "util": 0.37671106178320385, "br": 0.0}, "Litho_FE_111": {"avail": 1.0, "util": 0.32280799112097674, "br": 0.0}, "Litho_FE_35": {"avail": 1.0, "util": 0.10072142064372919, "br": 0.0}, "Litho_FE_92": {"avail": 1.0, "util": 0.2118586186288739, "br": 0.0}, "Litho_FE_98": {"avail": 1.0, "util": 0.0322558268590455, "br": 0.0}, "Litho_REG_BE_63": {"avail": 1.0, "util": 0.8216564927857936, "br": 0.0}, "Litho_REG_FE_64": {"avail": 1.0, "util": 0.825309840917499, "br": 0.0}, "Planar_BE_75": {"avail": 1.0, "util": 0.2511891549072459, "br": 0.0}, "Planar_FE_76": {"avail": 1.0, "util": 0.9388179800221975, "br": 0.0}, "Planar_FE_77": {"avail": 1.0, "util": 0.7054661487236404, "br": 0.0}, "Planar_FE_78": {"avail": 1.0, "util": 0.8344894561598224, "br": 0.0}, "Planar_FE_79": {"avail": 1.0, "util": 0.0, "br": 0.0}, "Planar_FE_80": {"avail": 1.0, "util": 0.6556603773584906, "br": 0.0}, "TF_BE_2": {"avail": 1.0, "util": 0.0, "br": 0.0}, "TF_BE_23": {"avail": 1.0, "util": 0.07023941652132551, "br": 0.0}, "TF_BE_24": {"avail": 1.0, "util": 0.0, "br": 0.0}, "TF_BE_26": {"avail": 1.0, "util": 0.2291044138990865, "br": 0.0}, "TF_BE_40": {"avail": 1.0, "util": 0.0, "br": 0.0}, "TF_FE_103": {"avail": 1.0, "util": 0.0, "br": 0.0}, "TF_FE_104": {"avail": 1.0, "util": 0.0, "br": 0.0}, "TF_FE_113": {"avail": 1.0, "util": 0.0, "br": 0.0}, "TF_FE_131": {"avail": 1.0, "util": 0.0, "br": 0.0}, "TF_FE_3": {"avail": 1.0, "util": 0.0, "br": 0.0}, "TF_FE_5": {"avail": 1.0, "util": 0.0, "br": 0.0}, "TF_Met_FE_45": {"avail": 1.0, "util": 0.2082408435072142, "br": 0.0}, "TF_Met_FE_61": {"avail": 1.0, "util": 0.9393729189789123, "br": 0.0}, "WE_BE_14": {"avail": 1.0, "util": 0.02957824639289678, "br": 0.0}, "WE_BE_16": {"avail": 1.0, "util": 0.02348085460599334, "br": 0.0}, "WE_BE_17": {"avail": 1.0, "util": 0.026498335183129856, "br": 0.0}, "WE_BE_7": {"avail": 1.0, "util": 0.011376248612652608, "br": 0.0}, "WE_BE_81": {"avail": 1.0, "util": 0.02830188679245283, "br": 0.0}, "WE_BE_82": {"avail": 1.0, "util": 0.0639721297323961, "br": 0.0}, "WE_BE_9": {"avail": 1.0, "util": 0.0709211986681465, "br": 0.0}, "WE_FE_108": {"avail": 1.0, "util": 0.03261701557656244, "br": 0.0}, "WE_FE_41": {"avail": 1.0, "util": 0.03662597114317425, "br": 0.0}, "WE_FE_47": {"avail": 1.0, "util": 0.03118756936736959, "br": 0.0}, "WE_FE_8": {"avail": 1.0, "util": 0.025943396226415096, "br": 0.0}, "WE_FE_83": {"avail": 1.0, "util": 0.06557528671846097, "br": 0.0}, "WE_FE_84": {"avail": 1.0, "util": 0.038943657374159425, "br": 0.0}, "WE_FE_85": {"avail": 1.0, "util": 0.08532186459489456, "br": 0.0}}, "plugins": {"cost": 429200}}