{"lots": {}, "machines": {"DE_BE_11": {"avail": 1.0, "util": 0.7621744683213949, "br": 0.0}, "DE_BE_12": {"avail": 1.0, "util": 0.5626234501796721, "br": 0.0}, "DE_BE_13": {"avail": 1.0, "util": 0.7432138631538932, "br": 0.0}, "DE_BE_48": {"avail": 1.0, "util": 0.7298724375186144, "br": 0.0}, "DE_BE_50": {"avail": 1.0, "util": 0.7501915708812261, "br": 0.0}, "DE_BE_65": {"avail": 1.0, "util": 0.7675202802639085, "br": 0.0}, "DE_BE_66": {"avail": 1.0, "util": 0.7555764601359451, "br": 0.0}, "DE_BE_67": {"avail": 1.0, "util": 0.8166926637691255, "br": 0.0}, "DE_BE_69": {"avail": 1.0, "util": 0.29803616710163433, "br": 0.0}, "DE_FE_1": {"avail": 1.0, "util": 0.9018712865789327, "br": 0.0}, "DE_FE_51": {"avail": 1.0, "util": 0.3854433894164029, "br": 0.0}, "DE_FE_53": {"avail": 1.0, "util": 0.1116997057027042, "br": 0.0}, "DE_FE_54": {"avail": 1.0, "util": 0.9796213004608807, "br": 0.0}, "DE_FE_56": {"avail": 1.0, "util": 0.9565495030262646, "br": 0.0}, "DE_FE_58": {"avail": 1.0, "util": 0.8863068465767117, "br": 0.0}, "DE_FE_59": {"avail": 1.0, "util": 0.8591259925592759, "br": 0.0}, "DE_FE_62": {"avail": 1.0, "util": 0.6384128197339239, "br": 0.0}, "DE_FE_70": {"avail": 1.0, "util": 0.8718317608872331, "br": 0.0}, "DE_FE_71": {"avail": 1.0, "util": 0.7433135284209748, "br": 0.0}, "DE_FE_72": {"avail": 1.0, "util": 0.5443944694319507, "br": 0.0}, "DE_FE_86": {"avail": 1.0, "util": 0.7373704861316988, "br": 0.0}, "DefMEt_FE_118": {"avail": 1.0, "util": 0.24740407573990783, "br": 0.0}, "DefMet_BE_33": {"avail": 1.0, "util": 0.9417235826531178, "br": 0.0}, "DefMet_BE_42": {"avail": 1.0, "util": 0.9821755788772281, "br": 0.0}, "DefMet_FE_10": {"avail": 1.0, "util": 0.47895496696096396, "br": 0.0}, "DefMet_FE_106": {"avail": 1.0, "util": 0.10539174857015937, "br": 0.0}, "DefMet_FE_34": {"avail": 1.0, "util": 0.45766005885945915, "br": 0.0}, "DefMet_FE_43": {"avail": 1.0, "util": 0.8626686656671664, "br": 0.0}, "Delay_32": {"avail": 1.0, "util": 0.3041487589538564, "br": 0.0}, "Dielectric_BE_20": {"avail": 1.0, "util": 0.6241656949303126, "br": 0.0}, "Dielectric_BE_21": {"avail": 1.0, "util": 0.9309697003350176, "br": 0.0}, "Dielectric_BE_27": {"avail": 1.0, "util": 0.8918735076905991, "br": 0.0}, "Dielectric_BE_28": {"avail": 1.0, "util": 0.9625557591574584, "br": 0.0}, "Dielectric_BE_60": {"avail": 1.0, "util": 0.8434301367834601, "br": 0.0}, "Dielectric_FE_112": {"avail": 1.0, "util": 0.6364780572676625, "br": 0.0}, "Dielectric_FE_130": {"avail": 1.0, "util": 0.3477427952690321, "br": 0.0}, "Dielectric_FE_29": {"avail": 1.0, "util": 0.4133673903788846, "br": 0.0}, "Dielectric_FE_30": {"avail": 1.0, "util": 0.9420012216114165, "br": 0.0}, "Dielectric_FE_31": {"avail": 1.0, "util": 0.36970403687045367, "br": 0.0}, "Diffusion_BE_123": {"avail": 1.0, "util": 0.0, "br": 0.0}, "Diffusion_FE_100": {"avail": 1.0, "util": 0.0, "br": 0.0}, "Diffusion_FE_101": {"avail": 1.0, "util": 0.0, "br": 0.0}, "Diffusion_FE_120": {"avail": 1.0, "util": 0.0, "br": 0.0}, "Diffusion_FE_122": {"avail": 1.0, "util": 0.0, "br": 0.0}, "Diffusion_FE_125": {"avail": 1.0, "util": 0.0, "br": 0.0}, "Diffusion_FE_126": {"avail": 1.0, "util": 0.0, "br": 0.0}, "Diffusion_FE_127": {"avail": 1.0, "util": 0.0, "br": 0.0}, "Diffusion_FE_44": {"avail": 1.0, "util": 0.0, "br": 0.0}, "Diffusion_FE_94": {"avail": 1.0, "util": 0.0, "br": 0.0}, "EPI_36": {"avail": 1.0, "util": 0.007163085124104614, "br": 0.0}, "EPI_38": {"avail": 1.0, "util": 0.26464545505025266, "br": 0.0}, "Implant_119": {"avail": 1.0, "util": 0.013104558831695264, "br": 0.0}, "Implant_128": {"avail": 1.0, "util": 0.035876001393242776, "br": 0.0}, "Implant_132": {"avail": 1.0, "util": 0.018927044414300785, "br": 0.0}, "Implant_74": {"avail": 1.0, "util": 0.013632072852462658, "br": 0.0}, "Implant_88": {"avail": 1.0, "util": 0.0057193625409517465, "br": 0.0}, "Implant_90": {"avail": 1.0, "util": 0.022016769393081236, "br": 0.0}, "Implant_91": {"avail": 1.0, "util": 0.04727794832742359, "br": 0.0}, "LithoMet_BE_18": {"avail": 1.0, "util": 0.9661583349739272, "br": 0.0}, "LithoMet_FE_19": {"avail": 1.0, "util": 0.9523730198392867, "br": 0.0}, "LithoTrack_BE_117": {"avail": 1.0, "util": 0.06698872785829309, "br": 0.0}, "LithoTrack_FE_115": {"avail": 1.0, "util": 0.044640281485273624, "br": 0.0}, "LithoTrack_FE_95": {"avail": 1.0, "util": 0.06459548003775889, "br": 0.0}, "LithoTrack_FE_96": {"avail": 1.0, "util": 0.012049530790160475, "br": 0.0}, "Litho_BE_110": {"avail": 1.0, "util": 0.06114816987641444, "br": 0.0}, "Litho_BE_93": {"avail": 1.0, "util": 0.06456493975234605, "br": 0.0}, "Litho_BE_99": {"avail": 1.0, "util": 0.09872841357099228, "br": 0.0}, "Litho_FE_111": {"avail": 1.0, "util": 0.08651229940585263, "br": 0.0}, "Litho_FE_35": {"avail": 1.0, "util": 0.023349436392914653, "br": 0.0}, "Litho_FE_92": {"avail": 1.0, "util": 0.06926024167403479, "br": 0.0}, "Litho_FE_98": {"avail": 1.0, "util": 0.03081792437114776, "br": 0.0}, "Litho_REG_BE_63": {"avail": 1.0, "util": 0.966405686045866, "br": 0.0}, "Litho_REG_FE_64": {"avail": 1.0, "util": 0.9572528550539545, "br": 0.0}, "Planar_BE_75": {"avail": 1.0, "util": 0.8709573784536304, "br": 0.0}, "Planar_FE_76": {"avail": 1.0, "util": 0.92914653784219, "br": 0.0}, "Planar_FE_77": {"avail": 1.0, "util": 0.9332278305291799, "br": 0.0}, "Planar_FE_78": {"avail": 1.0, "util": 0.424704314509412, "br": 0.0}, "Planar_FE_79": {"avail": 1.0, "util": 0.25841246043644844, "br": 0.0}, "Planar_FE_80": {"avail": 1.0, "util": 0.2581209395302349, "br": 0.0}, "TF_BE_2": {"avail": 1.0, "util": 0.47992670331500914, "br": 0.0}, "TF_BE_23": {"avail": 1.0, "util": 0.43265668752925124, "br": 0.0}, "TF_BE_24": {"avail": 1.0, "util": 0.8741462602032317, "br": 0.0}, "TF_BE_26": {"avail": 1.0, "util": 0.7404716445196206, "br": 0.0}, "TF_BE_40": {"avail": 1.0, "util": 0.6811104251795671, "br": 0.0}, "TF_FE_103": {"avail": 1.0, "util": 0.6313827213377439, "br": 0.0}, "TF_FE_104": {"avail": 1.0, "util": 0.6920539730134933, "br": 0.0}, "TF_FE_113": {"avail": 1.0, "util": 0.08819664241953097, "br": 0.0}, "TF_FE_131": {"avail": 1.0, "util": 0.8529253891572732, "br": 0.0}, "TF_FE_3": {"avail": 1.0, "util": 0.35550743146945046, "br": 0.0}, "TF_FE_5": {"avail": 1.0, "util": 0.28526477501989744, "br": 0.0}, "TF_Met_FE_45": {"avail": 1.0, "util": 0.07068687878283081, "br": 0.0}, "TF_Met_FE_61": {"avail": 1.0, "util": 0.9922538730634682, "br": 0.0}, "WE_BE_14": {"avail": 1.0, "util": 0.037558998278638456, "br": 0.0}, "WE_BE_16": {"avail": 1.0, "util": 0.03319173746460103, "br": 0.0}, "WE_BE_17": {"avail": 1.0, "util": 0.031928480204342274, "br": 0.0}, "WE_BE_7": {"avail": 1.0, "util": 0.02476539508023766, "br": 0.0}, "WE_BE_81": {"avail": 1.0, "util": 0.03996150073111592, "br": 0.0}, "WE_BE_82": {"avail": 1.0, "util": 0.04555129842486164, "br": 0.0}, "WE_BE_9": {"avail": 1.0, "util": 0.04464434449441946, "br": 0.0}, "WE_FE_108": {"avail": 1.0, "util": 0.03773209180850188, "br": 0.0}, "WE_FE_41": {"avail": 1.0, "util": 0.030118274196235216, "br": 0.0}, "WE_FE_47": {"avail": 1.0, "util": 0.03572658115386751, "br": 0.0}, "WE_FE_8": {"avail": 1.0, "util": 0.028846687767227496, "br": 0.0}, "WE_FE_83": {"avail": 1.0, "util": 0.04060007033520277, "br": 0.0}, "WE_FE_84": {"avail": 1.0, "util": 0.0339470787482076, "br": 0.0}, "WE_FE_85": {"avail": 1.0, "util": 0.0300405352879116, "br": 0.0}}, "plugins": {"cost": 429025.12796296296}}