{"lots": {}, "machines": {"DE_BE_11": {"avail": 1.0, "util": 0.0, "br": 0.0}, "DE_BE_12": {"avail": 1.0, "util": 0.0, "br": 0.0}, "DE_BE_13": {"avail": 1.0, "util": 0.0, "br": 0.0}, "DE_BE_48": {"avail": 1.0, "util": 0.0, "br": 0.0}, "DE_BE_50": {"avail": 1.0, "util": 0.0, "br": 0.0}, "DE_BE_65": {"avail": 1.0, "util": 0.0, "br": 0.0}, "DE_BE_66": {"avail": 1.0, "util": 0.0, "br": 0.0}, "DE_BE_67": {"avail": 1.0, "util": 0.0, "br": 0.0}, "DE_BE_69": {"avail": 1.0, "util": 0.0, "br": 0.0}, "DE_FE_1": {"avail": 1.0, "util": 0.0, "br": 0.0}, "DE_FE_51": {"avail": 1.0, "util": 0.0, "br": 0.0}, "DE_FE_53": {"avail": 1.0, "util": 0.0, "br": 0.0}, "DE_FE_54": {"avail": 1.0, "util": 0.0, "br": 0.0}, "DE_FE_56": {"avail": 1.0, "util": 0.0, "br": 0.0}, "DE_FE_58": {"avail": 1.0, "util": 0.0, "br": 0.0}, "DE_FE_59": {"avail": 1.0, "util": 0.0, "br": 0.0}, "DE_FE_62": {"avail": 1.0, "util": 0.0, "br": 0.0}, "DE_FE_70": {"avail": 1.0, "util": 0.0, "br": 0.0}, "DE_FE_71": {"avail": 1.0, "util": 0.0, "br": 0.0}, "DE_FE_72": {"avail": 1.0, "util": 0.0, "br": 0.0}, "DE_FE_86": {"avail": 1.0, "util": 0.0, "br": 0.0}, "DefMEt_FE_118": {"avail": 1.0, "util": 0.9854328523862376, "br": 0.0}, "DefMet_BE_33": {"avail": 1.0, "util": 0.5929522752497225, "br": 0.0}, "DefMet_BE_42": {"avail": 1.0, "util": 0.6484461709211987, "br": 0.0}, "DefMet_FE_10": {"avail": 1.0, "util": 0.9730854605993341, "br": 0.0}, "DefMet_FE_106": {"avail": 1.0, "util": 0.2541620421753607, "br": 0.0}, "DefMet_FE_34": {"avail": 1.0, "util": 0.4987513873473918, "br": 0.0}, "DefMet_FE_43": {"avail": 1.0, "util": 0.8052719200887902, "br": 0.0}, "Delay_32": {"avail": 1.0, "util": 0.0, "br": 0.0}, "Dielectric_BE_20": {"avail": 1.0, "util": 0.7513873473917869, "br": 0.0}, "Dielectric_BE_21": {"avail": 1.0, "util": 0.603496115427303, "br": 0.0}, "Dielectric_BE_27": {"avail": 1.0, "util": 0.8455882352941176, "br": 0.0}, "Dielectric_BE_28": {"avail": 1.0, "util": 0.7032926378098409, "br": 0.0}, "Dielectric_BE_60": {"avail": 1.0, "util": 0.7644746577876433, "br": 0.0}, "Dielectric_FE_112": {"avail": 1.0, "util": 0.5392773461585892, "br": 0.0}, "Dielectric_FE_130": {"avail": 1.0, "util": 0.8790233074361821, "br": 0.0}, "Dielectric_FE_29": {"avail": 1.0, "util": 0.0, "br": 0.0}, "Dielectric_FE_30": {"avail": 1.0, "util": 0.5584073251942286, "br": 0.0}, "Dielectric_FE_31": {"avail": 1.0, "util": 0.8505826859045506, "br": 0.0}, "Diffusion_BE_123": {"avail": 1.0, "util": 0.0, "br": 0.0}, "Diffusion_FE_100": {"avail": 1.0, "util": 0.0, "br": 0.0}, "Diffusion_FE_101": {"avail": 1.0, "util": 0.0, "br": 0.0}, "Diffusion_FE_120": {"avail": 1.0, "util": 0.0, "br": 0.0}, "Diffusion_FE_122": {"avail": 1.0, "util": 0.0, "br": 0.0}, "Diffusion_FE_125": {"avail": 1.0, "util": 0.0, "br": 0.0}, "Diffusion_FE_126": {"avail": 1.0, "util": 0.0, "br": 0.0}, "Diffusion_FE_127": {"avail": 1.0, "util": 0.0, "br": 0.0}, "Diffusion_FE_44": {"avail": 1.0, "util": 0.0, "br": 0.0}, "Diffusion_FE_94": {"avail": 1.0, "util": 0.0, "br": 0.0}, "EPI_36": {"avail": 1.0, "util": 0.014567147613762486, "br": 0.0}, "EPI_38": {"avail": 1.0, "util": 0.9864039955604883, "br": 0.0}, "Implant_119": {"avail": 1.0, "util": 0.008740288568257492, "br": 0.0}, "Implant_128": {"avail": 1.0, "util": 0.07007365553425486, "br": 0.0}, "Implant_132": {"avail": 1.0, "util": 0.042413191691771046, "br": 0.0}, "Implant_74": {"avail": 1.0, "util": 0.06728634850166482, "br": 0.0}, "Implant_88": {"avail": 1.0, "util": 0.0, "br": 0.0}, "Implant_90": {"avail": 1.0, "util": 0.038429522752497225, "br": 0.0}, "Implant_91": {"avail": 1.0, "util": 0.07348977326779768, "br": 0.0}, "LithoMet_BE_18": {"avail": 1.0, "util": 0.8009534860256281, "br": 0.0}, "LithoMet_FE_19": {"avail": 1.0, "util": 0.7864277786586332, "br": 0.0}, "LithoTrack_BE_117": {"avail": 1.0, "util": 0.19778024417314094, "br": 0.0}, "LithoTrack_FE_115": {"avail": 1.0, "util": 0.12078043366449204, "br": 0.0}, "LithoTrack_FE_95": {"avail": 1.0, "util": 0.20871254162042177, "br": 0.0}, "LithoTrack_FE_96": {"avail": 1.0, "util": 0.06062708102108768, "br": 0.0}, "Litho_BE_110": {"avail": 1.0, "util": 0.1887998841866525, "br": 0.0}, "Litho_BE_93": {"avail": 1.0, "util": 0.2538845726970033, "br": 0.0}, "Litho_BE_99": {"avail": 1.0, "util": 0.37837587865334815, "br": 0.0}, "Litho_FE_111": {"avail": 1.0, "util": 0.3231132075471698, "br": 0.0}, "Litho_FE_35": {"avail": 1.0, "util": 0.08462819089900112, "br": 0.0}, "Litho_FE_92": {"avail": 1.0, "util": 0.21647955263382568, "br": 0.0}, "Litho_FE_98": {"avail": 1.0, "util": 0.0322558268590455, "br": 0.0}, "Litho_REG_BE_63": {"avail": 1.0, "util": 0.8082339067702553, "br": 0.0}, "Litho_REG_FE_64": {"avail": 1.0, "util": 0.8589530151683314, "br": 0.0}, "Planar_BE_75": {"avail": 1.0, "util": 0.2503765657206279, "br": 0.0}, "Planar_FE_76": {"avail": 1.0, "util": 0.9388179800221975, "br": 0.0}, "Planar_FE_77": {"avail": 1.0, "util": 0.7054661487236404, "br": 0.0}, "Planar_FE_78": {"avail": 1.0, "util": 0.8344894561598224, "br": 0.0}, "Planar_FE_79": {"avail": 1.0, "util": 0.0, "br": 0.0}, "Planar_FE_80": {"avail": 1.0, "util": 0.6556603773584906, "br": 0.0}, "TF_BE_2": {"avail": 1.0, "util": 0.0, "br": 0.0}, "TF_BE_23": {"avail": 1.0, "util": 0.141885999682892, "br": 0.0}, "TF_BE_24": {"avail": 1.0, "util": 0.0, "br": 0.0}, "TF_BE_26": {"avail": 1.0, "util": 0.22916844531716896, "br": 0.0}, "TF_BE_40": {"avail": 1.0, "util": 0.0, "br": 0.0}, "TF_FE_103": {"avail": 1.0, "util": 0.0, "br": 0.0}, "TF_FE_104": {"avail": 1.0, "util": 0.0, "br": 0.0}, "TF_FE_113": {"avail": 1.0, "util": 0.0, "br": 0.0}, "TF_FE_131": {"avail": 1.0, "util": 0.0, "br": 0.0}, "TF_FE_3": {"avail": 1.0, "util": 0.0, "br": 0.0}, "TF_FE_5": {"avail": 1.0, "util": 0.0, "br": 0.0}, "TF_Met_FE_45": {"avail": 1.0, "util": 0.2827413984461709, "br": 0.0}, "TF_Met_FE_61": {"avail": 1.0, "util": 0.9346559378468369, "br": 0.0}, "WE_BE_14": {"avail": 1.0, "util": 0.029633740288568258, "br": 0.0}, "WE_BE_16": {"avail": 1.0, "util": 0.02361958934517203, "br": 0.0}, "WE_BE_17": {"avail": 1.0, "util": 0.026637069922308545, "br": 0.0}, "WE_BE_7": {"avail": 1.0, "util": 0.011376248612652608, "br": 0.0}, "WE_BE_81": {"avail": 1.0, "util": 0.028116907140214576, "br": 0.0}, "WE_BE_82": {"avail": 1.0, "util": 0.06702429399432729, "br": 0.0}, "WE_BE_9": {"avail": 1.0, "util": 0.0711431742508324, "br": 0.0}, "WE_FE_108": {"avail": 1.0, "util": 0.02699108270504038, "br": 0.0}, "WE_FE_41": {"avail": 1.0, "util": 0.0427857935627081, "br": 0.0}, "WE_FE_47": {"avail": 1.0, "util": 0.03107658157602664, "br": 0.0}, "WE_FE_8": {"avail": 1.0, "util": 0.025943396226415096, "br": 0.0}, "WE_FE_83": {"avail": 1.0, "util": 0.06821124676285609, "br": 0.0}, "WE_FE_84": {"avail": 1.0, "util": 0.034814258666840764, "br": 0.0}, "WE_FE_85": {"avail": 1.0, "util": 0.08573806881243064, "br": 0.0}}, "plugins": {"cost": 429200}}