{"lots": {}, "machines": {"DE_BE_11": {"avail": 1.0, "util": 0.8863112591975566, "br": 0.0}, "DE_BE_12": {"avail": 1.0, "util": 0.0, "br": 0.0}, "DE_BE_13": {"avail": 1.0, "util": 0.6948559793207857, "br": 0.0}, "DE_BE_48": {"avail": 1.0, "util": 0.984159378036929, "br": 0.0}, "DE_BE_50": {"avail": 1.0, "util": 0.6869514245607541, "br": 0.0}, "DE_BE_65": {"avail": 1.0, "util": 0.46934692244244636, "br": 0.0}, "DE_BE_66": {"avail": 1.0, "util": 0.7771323352112058, "br": 0.0}, "DE_BE_67": {"avail": 1.0, "util": 0.4220047202554491, "br": 0.0}, "DE_BE_69": {"avail": 1.0, "util": 0.5613633208385395, "br": 0.0}, "DE_FE_1": {"avail": 1.0, "util": 0.0, "br": 0.0}, "DE_FE_51": {"avail": 1.0, "util": 0.19117034568929614, "br": 0.0}, "DE_FE_53": {"avail": 1.0, "util": 0.0, "br": 0.0}, "DE_FE_54": {"avail": 1.0, "util": 0.8283215326947105, "br": 0.0}, "DE_FE_56": {"avail": 1.0, "util": 0.2960571983895599, "br": 0.0}, "DE_FE_58": {"avail": 1.0, "util": 0.7379795455597206, "br": 0.0}, "DE_FE_59": {"avail": 1.0, "util": 0.6908695450969503, "br": 0.0}, "DE_FE_62": {"avail": 1.0, "util": 0.41317109934352747, "br": 0.0}, "DE_FE_70": {"avail": 1.0, "util": 0.3128076976473478, "br": 0.0}, "DE_FE_71": {"avail": 1.0, "util": 0.38661966244223633, "br": 0.0}, "DE_FE_72": {"avail": 1.0, "util": 0.11475156956206518, "br": 0.0}, "DE_FE_86": {"avail": 1.0, "util": 0.18689434957656534, "br": 0.0}, "DefMEt_FE_118": {"avail": 1.0, "util": 0.7578092461474386, "br": 0.0}, "DefMet_BE_33": {"avail": 1.0, "util": 0.8037623212550327, "br": 0.0}, "DefMet_BE_42": {"avail": 1.0, "util": 0.9325281132861308, "br": 0.0}, "DefMet_FE_10": {"avail": 1.0, "util": 0.8785922532278218, "br": 0.0}, "DefMet_FE_106": {"avail": 1.0, "util": 0.7750937109537692, "br": 0.0}, "DefMet_FE_34": {"avail": 1.0, "util": 0.8274330140219353, "br": 0.0}, "DefMet_FE_43": {"avail": 1.0, "util": 0.9101994539312324, "br": 0.0}, "Delay_32": {"avail": 1.0, "util": 0.08628418714424545, "br": 0.0}, "Dielectric_BE_20": {"avail": 1.0, "util": 0.9027905039566847, "br": 0.0}, "Dielectric_BE_21": {"avail": 1.0, "util": 0.9272698875468555, "br": 0.0}, "Dielectric_BE_27": {"avail": 1.0, "util": 0.7783978897681522, "br": 0.0}, "Dielectric_BE_28": {"avail": 1.0, "util": 0.7830764959044842, "br": 0.0}, "Dielectric_BE_60": {"avail": 1.0, "util": 0.8499236429265584, "br": 0.0}, "Dielectric_FE_112": {"avail": 1.0, "util": 0.8436207135915591, "br": 0.0}, "Dielectric_FE_130": {"avail": 1.0, "util": 0.8400666389004582, "br": 0.0}, "Dielectric_FE_29": {"avail": 1.0, "util": 0.7749548799111481, "br": 0.0}, "Dielectric_FE_30": {"avail": 1.0, "util": 0.8313896987366375, "br": 0.0}, "Dielectric_FE_31": {"avail": 1.0, "util": 0.847667638483965, "br": 0.0}, "Diffusion_BE_123": {"avail": 1.0, "util": 0.0, "br": 0.0}, "Diffusion_FE_100": {"avail": 1.0, "util": 0.0, "br": 0.0}, "Diffusion_FE_101": {"avail": 1.0, "util": 0.0, "br": 0.0}, "Diffusion_FE_120": {"avail": 1.0, "util": 0.0, "br": 0.0}, "Diffusion_FE_122": {"avail": 1.0, "util": 0.0, "br": 0.0}, "Diffusion_FE_125": {"avail": 1.0, "util": 0.0, "br": 0.0}, "Diffusion_FE_126": {"avail": 1.0, "util": 0.0, "br": 0.0}, "Diffusion_FE_127": {"avail": 1.0, "util": 0.0, "br": 0.0}, "Diffusion_FE_44": {"avail": 1.0, "util": 0.0, "br": 0.0}, "Diffusion_FE_94": {"avail": 1.0, "util": 0.0, "br": 0.0}, "EPI_36": {"avail": 1.0, "util": 0.0071497986949881995, "br": 0.0}, "EPI_38": {"avail": 1.0, "util": 0.01763154241288352, "br": 0.0}, "Implant_119": {"avail": 1.0, "util": 0.04164931278633902, "br": 0.0}, "Implant_128": {"avail": 1.0, "util": 0.0816465361654866, "br": 0.0}, "Implant_132": {"avail": 1.0, "util": 0.039532139386366794, "br": 0.0}, "Implant_74": {"avail": 1.0, "util": 0.0, "br": 0.0}, "Implant_88": {"avail": 1.0, "util": 0.003470776065528252, "br": 0.0}, "Implant_90": {"avail": 1.0, "util": 0.053727613494377345, "br": 0.0}, "Implant_91": {"avail": 1.0, "util": 0.045328335415798976, "br": 0.0}, "LithoMet_BE_18": {"avail": 1.0, "util": 0.9504373177842566, "br": 0.0}, "LithoMet_FE_19": {"avail": 1.0, "util": 0.9445987011584679, "br": 0.0}, "LithoTrack_BE_117": {"avail": 1.0, "util": 0.19233652644731364, "br": 0.0}, "LithoTrack_FE_115": {"avail": 1.0, "util": 0.08000479103205908, "br": 0.0}, "LithoTrack_FE_95": {"avail": 1.0, "util": 0.09935769393138345, "br": 0.0}, "LithoTrack_FE_96": {"avail": 1.0, "util": 0.0, "br": 0.0}, "Litho_BE_110": {"avail": 1.0, "util": 0.12224569127942723, "br": 0.0}, "Litho_BE_93": {"avail": 1.0, "util": 0.10926003054282937, "br": 0.0}, "Litho_BE_99": {"avail": 1.0, "util": 0.3757230783469851, "br": 0.0}, "Litho_FE_111": {"avail": 1.0, "util": 0.16696957075965824, "br": 0.0}, "Litho_FE_35": {"avail": 1.0, "util": 0.07517700957934194, "br": 0.0}, "Litho_FE_92": {"avail": 1.0, "util": 0.1837071253980875, "br": 0.0}, "Litho_FE_98": {"avail": 1.0, "util": 0.19397473275024296, "br": 0.0}, "Litho_REG_BE_63": {"avail": 1.0, "util": 0.8951478550603915, "br": 0.0}, "Litho_REG_FE_64": {"avail": 1.0, "util": 0.9354336486781302, "br": 0.0}, "Planar_BE_75": {"avail": 1.0, "util": 0.7325767041510481, "br": 0.0}, "Planar_FE_76": {"avail": 1.0, "util": 0.6249710768661206, "br": 0.0}, "Planar_FE_77": {"avail": 1.0, "util": 0.712897403859503, "br": 0.0}, "Planar_FE_78": {"avail": 1.0, "util": 0.425308899069832, "br": 0.0}, "Planar_FE_79": {"avail": 1.0, "util": 0.6427044287102596, "br": 0.0}, "Planar_FE_80": {"avail": 1.0, "util": 0.9718172983479106, "br": 0.0}, "TF_BE_2": {"avail": 1.0, "util": 0.529362765514369, "br": 0.0}, "TF_BE_23": {"avail": 1.0, "util": 0.6094975046946812, "br": 0.0}, "TF_BE_24": {"avail": 1.0, "util": 0.5771206441760378, "br": 0.0}, "TF_BE_26": {"avail": 1.0, "util": 0.5664676755055764, "br": 0.0}, "TF_BE_40": {"avail": 1.0, "util": 0.6339141098616317, "br": 0.0}, "TF_FE_103": {"avail": 1.0, "util": 0.754546716645842, "br": 0.0}, "TF_FE_104": {"avail": 1.0, "util": 0.5787033180619185, "br": 0.0}, "TF_FE_113": {"avail": 1.0, "util": 0.656393169512703, "br": 0.0}, "TF_FE_131": {"avail": 1.0, "util": 0.2328427969827387, "br": 0.0}, "TF_FE_3": {"avail": 1.0, "util": 0.67076218242399, "br": 0.0}, "TF_FE_5": {"avail": 1.0, "util": 0.4030612244897959, "br": 0.0}, "TF_Met_FE_45": {"avail": 1.0, "util": 0.21393863667916146, "br": 0.0}, "TF_Met_FE_61": {"avail": 1.0, "util": 0.9723726225183951, "br": 0.0}, "WE_BE_14": {"avail": 1.0, "util": 0.04675829515479661, "br": 0.0}, "WE_BE_16": {"avail": 1.0, "util": 0.047973838061301614, "br": 0.0}, "WE_BE_17": {"avail": 1.0, "util": 0.03095932250451201, "br": 0.0}, "WE_BE_7": {"avail": 1.0, "util": 0.011245314452311536, "br": 0.0}, "WE_BE_81": {"avail": 1.0, "util": 0.056596788375214035, "br": 0.0}, "WE_BE_82": {"avail": 1.0, "util": 0.10998195196445926, "br": 0.0}, "WE_BE_9": {"avail": 1.0, "util": 0.07298546240653696, "br": 0.0}, "WE_FE_108": {"avail": 1.0, "util": 0.0368695583189544, "br": 0.0}, "WE_FE_41": {"avail": 1.0, "util": 0.031125919755657365, "br": 0.0}, "WE_FE_47": {"avail": 1.0, "util": 0.04326900828358555, "br": 0.0}, "WE_FE_8": {"avail": 1.0, "util": 0.05629598778286825, "br": 0.0}, "WE_FE_83": {"avail": 1.0, "util": 0.04968168025227583, "br": 0.0}, "WE_FE_84": {"avail": 1.0, "util": 0.03769262807163682, "br": 0.0}, "WE_FE_85": {"avail": 1.0, "util": 0.037900874635568516, "br": 0.0}}, "plugins": {"cost": 448800}}