{"lots": {}, "machines": {"DE_BE_11": {"avail": 1.0, "util": 0.6378833235605756, "br": 0.0}, "DE_BE_12": {"avail": 1.0, "util": 0.9451638075839539, "br": 0.0}, "DE_BE_13": {"avail": 1.0, "util": 0.6032632306125502, "br": 0.0}, "DE_BE_48": {"avail": 1.0, "util": 0.8146047083182533, "br": 0.0}, "DE_BE_50": {"avail": 1.0, "util": 0.8252106286454958, "br": 0.0}, "DE_BE_65": {"avail": 1.0, "util": 0.6058866603260641, "br": 0.0}, "DE_BE_66": {"avail": 1.0, "util": 0.6878121306850673, "br": 0.0}, "DE_BE_67": {"avail": 1.0, "util": 0.5629781754214678, "br": 0.0}, "DE_BE_69": {"avail": 1.0, "util": 0.2458414344350832, "br": 0.0}, "DE_FE_1": {"avail": 1.0, "util": 0.750449032496991, "br": 0.0}, "DE_FE_51": {"avail": 1.0, "util": 0.3203221923895936, "br": 0.0}, "DE_FE_53": {"avail": 1.0, "util": 0.18542727525229144, "br": 0.0}, "DE_FE_54": {"avail": 1.0, "util": 0.540351202049193, "br": 0.0}, "DE_FE_56": {"avail": 1.0, "util": 0.8011758170539764, "br": 0.0}, "DE_FE_58": {"avail": 1.0, "util": 0.9906953059901861, "br": 0.0}, "DE_FE_59": {"avail": 1.0, "util": 0.6838371447088233, "br": 0.0}, "DE_FE_62": {"avail": 1.0, "util": 0.7832553630655112, "br": 0.0}, "DE_FE_70": {"avail": 1.0, "util": 0.7596098004393532, "br": 0.0}, "DE_FE_71": {"avail": 1.0, "util": 0.7860074684442798, "br": 0.0}, "DE_FE_72": {"avail": 1.0, "util": 0.43505230997129896, "br": 0.0}, "DE_FE_86": {"avail": 1.0, "util": 0.7629040939398267, "br": 0.0}, "DefMEt_FE_118": {"avail": 1.0, "util": 0.41352652532172945, "br": 0.0}, "DefMet_BE_33": {"avail": 1.0, "util": 0.8251550782334969, "br": 0.0}, "DefMet_BE_42": {"avail": 1.0, "util": 0.9714841218405703, "br": 0.0}, "DefMet_FE_10": {"avail": 1.0, "util": 0.46153133969076937, "br": 0.0}, "DefMet_FE_106": {"avail": 1.0, "util": 0.1712804369965744, "br": 0.0}, "DefMet_FE_34": {"avail": 1.0, "util": 0.4953245069900935, "br": 0.0}, "DefMet_FE_43": {"avail": 1.0, "util": 0.7999444495880011, "br": 0.0}, "Delay_32": {"avail": 1.0, "util": 0.1970641607258587, "br": 0.0}, "Dielectric_BE_20": {"avail": 1.0, "util": 0.8386075363392278, "br": 0.0}, "Dielectric_BE_21": {"avail": 1.0, "util": 0.8561861556028763, "br": 0.0}, "Dielectric_BE_27": {"avail": 1.0, "util": 0.8893698114372126, "br": 0.0}, "Dielectric_BE_28": {"avail": 1.0, "util": 0.8961515909020771, "br": 0.0}, "Dielectric_BE_60": {"avail": 1.0, "util": 0.8584698947628306, "br": 0.0}, "Dielectric_FE_112": {"avail": 1.0, "util": 0.7609892088181136, "br": 0.0}, "Dielectric_FE_130": {"avail": 1.0, "util": 0.5838348301083233, "br": 0.0}, "Dielectric_FE_29": {"avail": 1.0, "util": 0.6053451840878931, "br": 0.0}, "Dielectric_FE_30": {"avail": 1.0, "util": 0.9329228775113415, "br": 0.0}, "Dielectric_FE_31": {"avail": 1.0, "util": 0.3880427738172391, "br": 0.0}, "Diffusion_BE_123": {"avail": 1.0, "util": 0.0, "br": 0.0}, "Diffusion_FE_100": {"avail": 1.0, "util": 0.0, "br": 0.0}, "Diffusion_FE_101": {"avail": 1.0, "util": 0.0, "br": 0.0}, "Diffusion_FE_120": {"avail": 1.0, "util": 0.0, "br": 0.0}, "Diffusion_FE_122": {"avail": 1.0, "util": 0.0, "br": 0.0}, "Diffusion_FE_125": {"avail": 1.0, "util": 0.0, "br": 0.0}, "Diffusion_FE_126": {"avail": 1.0, "util": 0.0, "br": 0.0}, "Diffusion_FE_127": {"avail": 1.0, "util": 0.0, "br": 0.0}, "Diffusion_FE_44": {"avail": 1.0, "util": 0.0, "br": 0.0}, "Diffusion_FE_94": {"avail": 1.0, "util": 0.0, "br": 0.0}, "EPI_36": {"avail": 1.0, "util": 0.011989630589760207, "br": 0.0}, "EPI_38": {"avail": 1.0, "util": 0.40662901583186745, "br": 0.0}, "Implant_119": {"avail": 1.0, "util": 0.024997685399500046, "br": 0.0}, "Implant_128": {"avail": 1.0, "util": 0.045643921859087125, "br": 0.0}, "Implant_132": {"avail": 1.0, "util": 0.03590937347071038, "br": 0.0}, "Implant_74": {"avail": 1.0, "util": 0.02259050087954819, "br": 0.0}, "Implant_88": {"avail": 1.0, "util": 0.0, "br": 0.0}, "Implant_90": {"avail": 1.0, "util": 0.04078326080918433, "br": 0.0}, "Implant_91": {"avail": 1.0, "util": 0.050802174401841094, "br": 0.0}, "LithoMet_BE_18": {"avail": 1.0, "util": 0.9493817912482851, "br": 0.0}, "LithoMet_FE_19": {"avail": 1.0, "util": 0.9295964659356939, "br": 0.0}, "LithoTrack_BE_117": {"avail": 1.0, "util": 0.0959355615220813, "br": 0.0}, "LithoTrack_FE_115": {"avail": 1.0, "util": 0.059472813041249566, "br": 0.0}, "LithoTrack_FE_95": {"avail": 1.0, "util": 0.09718313119155633, "br": 0.0}, "LithoTrack_FE_96": {"avail": 1.0, "util": 0.020090732339598186, "br": 0.0}, "Litho_BE_110": {"avail": 1.0, "util": 0.08669487124783132, "br": 0.0}, "Litho_BE_93": {"avail": 1.0, "util": 0.09223682992315527, "br": 0.0}, "Litho_BE_99": {"avail": 1.0, "util": 0.15992346387680154, "br": 0.0}, "Litho_FE_111": {"avail": 1.0, "util": 0.12324784742153505, "br": 0.0}, "Litho_FE_35": {"avail": 1.0, "util": 0.061799833348764, "br": 0.0}, "Litho_FE_92": {"avail": 1.0, "util": 0.09367010177120352, "br": 0.0}, "Litho_FE_98": {"avail": 1.0, "util": 0.03802888621423942, "br": 0.0}, "Litho_REG_BE_63": {"avail": 1.0, "util": 0.9266040181464679, "br": 0.0}, "Litho_REG_FE_64": {"avail": 1.0, "util": 0.9422121408511558, "br": 0.0}, "Planar_BE_75": {"avail": 1.0, "util": 0.7585871678548283, "br": 0.0}, "Planar_FE_76": {"avail": 1.0, "util": 0.9292195167114156, "br": 0.0}, "Planar_FE_77": {"avail": 1.0, "util": 0.9591241551708175, "br": 0.0}, "Planar_FE_78": {"avail": 1.0, "util": 0.27969632441440606, "br": 0.0}, "Planar_FE_79": {"avail": 1.0, "util": 0.31811869271363763, "br": 0.0}, "Planar_FE_80": {"avail": 1.0, "util": 0.4278770484214425, "br": 0.0}, "TF_BE_2": {"avail": 1.0, "util": 0.7081751689658365, "br": 0.0}, "TF_BE_23": {"avail": 1.0, "util": 0.6001097781951407, "br": 0.0}, "TF_BE_24": {"avail": 1.0, "util": 0.9564160725858717, "br": 0.0}, "TF_BE_26": {"avail": 1.0, "util": 0.7683262945738644, "br": 0.0}, "TF_BE_40": {"avail": 1.0, "util": 0.8244824825588044, "br": 0.0}, "TF_FE_103": {"avail": 1.0, "util": 0.8348168820347323, "br": 0.0}, "TF_FE_104": {"avail": 1.0, "util": 0.6903064531061939, "br": 0.0}, "TF_FE_113": {"avail": 1.0, "util": 0.1428262815171435, "br": 0.0}, "TF_FE_131": {"avail": 1.0, "util": 0.9511619294509768, "br": 0.0}, "TF_FE_3": {"avail": 1.0, "util": 0.6003456470079931, "br": 0.0}, "TF_FE_5": {"avail": 1.0, "util": 0.4802641730703947, "br": 0.0}, "TF_Met_FE_45": {"avail": 1.0, "util": 0.11795204147764096, "br": 0.0}, "TF_Met_FE_61": {"avail": 1.0, "util": 0.9755115267104898, "br": 0.0}, "WE_BE_14": {"avail": 1.0, "util": 0.04553282103508934, "br": 0.0}, "WE_BE_16": {"avail": 1.0, "util": 0.03673270993426535, "br": 0.0}, "WE_BE_17": {"avail": 1.0, "util": 0.041662808999166745, "br": 0.0}, "WE_BE_7": {"avail": 1.0, "util": 0.02268308489954634, "br": 0.0}, "WE_BE_81": {"avail": 1.0, "util": 0.04798938369904022, "br": 0.0}, "WE_BE_82": {"avail": 1.0, "util": 0.05169274449896615, "br": 0.0}, "WE_BE_9": {"avail": 1.0, "util": 0.058346449402833074, "br": 0.0}, "WE_FE_108": {"avail": 1.0, "util": 0.034390174600691506, "br": 0.0}, "WE_FE_41": {"avail": 1.0, "util": 0.03638551985927229, "br": 0.0}, "WE_FE_47": {"avail": 1.0, "util": 0.033793167299324134, "br": 0.0}, "WE_FE_8": {"avail": 1.0, "util": 0.021618368669567633, "br": 0.0}, "WE_FE_83": {"avail": 1.0, "util": 0.0442397308891152, "br": 0.0}, "WE_FE_84": {"avail": 1.0, "util": 0.04097115190859234, "br": 0.0}, "WE_FE_85": {"avail": 1.0, "util": 0.033793167299324134, "br": 0.0}}, "plugins": {"cost": 429200}}