{"lots": {}, "machines": {"DE_BE_11": {"avail": 1.0, "util": 0.7009999444475308, "br": 0.0}, "DE_BE_12": {"avail": 1.0, "util": 0.5657710374115019, "br": 0.0}, "DE_BE_13": {"avail": 1.0, "util": 0.8279143222201941, "br": 0.0}, "DE_BE_48": {"avail": 1.0, "util": 0.8569801677684573, "br": 0.0}, "DE_BE_50": {"avail": 1.0, "util": 0.8506626175089038, "br": 0.0}, "DE_BE_65": {"avail": 1.0, "util": 0.7883941088240196, "br": 0.0}, "DE_BE_66": {"avail": 1.0, "util": 0.7291553977995374, "br": 0.0}, "DE_BE_67": {"avail": 1.0, "util": 0.8343258707849565, "br": 0.0}, "DE_BE_69": {"avail": 1.0, "util": 0.889089495028054, "br": 0.0}, "DE_FE_1": {"avail": 1.0, "util": 0.6478608331283182, "br": 0.0}, "DE_FE_51": {"avail": 1.0, "util": 0.5124130530759987, "br": 0.0}, "DE_FE_53": {"avail": 1.0, "util": 0.5463585356369091, "br": 0.0}, "DE_FE_54": {"avail": 1.0, "util": 0.9798900061107716, "br": 0.0}, "DE_FE_56": {"avail": 1.0, "util": 0.8466474084773068, "br": 0.0}, "DE_FE_58": {"avail": 1.0, "util": 0.686776660555895, "br": 0.0}, "DE_FE_59": {"avail": 1.0, "util": 0.7358035664685295, "br": 0.0}, "DE_FE_62": {"avail": 1.0, "util": 0.8546549001245962, "br": 0.0}, "DE_FE_70": {"avail": 1.0, "util": 0.8751095024635384, "br": 0.0}, "DE_FE_71": {"avail": 1.0, "util": 0.6593661463252042, "br": 0.0}, "DE_FE_72": {"avail": 1.0, "util": 0.7906844681468314, "br": 0.0}, "DE_FE_86": {"avail": 1.0, "util": 0.7800517255214217, "br": 0.0}, "DefMEt_FE_118": {"avail": 1.0, "util": 0.3024554191433809, "br": 0.0}, "DefMet_BE_33": {"avail": 1.0, "util": 0.9522248763957558, "br": 0.0}, "DefMet_BE_42": {"avail": 1.0, "util": 0.9402810954946947, "br": 0.0}, "DefMet_FE_10": {"avail": 1.0, "util": 0.5246097439031165, "br": 0.0}, "DefMet_FE_106": {"avail": 1.0, "util": 0.36231320482195434, "br": 0.0}, "DefMet_FE_34": {"avail": 1.0, "util": 0.6054385867451808, "br": 0.0}, "DefMet_FE_43": {"avail": 1.0, "util": 0.9656222802436902, "br": 0.0}, "Delay_32": {"avail": 1.0, "util": 0.43090647741792126, "br": 0.0}, "Dielectric_BE_20": {"avail": 1.0, "util": 0.9239264485306371, "br": 0.0}, "Dielectric_BE_21": {"avail": 1.0, "util": 0.9065051941558803, "br": 0.0}, "Dielectric_BE_27": {"avail": 1.0, "util": 0.8402125807825491, "br": 0.0}, "Dielectric_BE_28": {"avail": 1.0, "util": 0.8121076606855174, "br": 0.0}, "Dielectric_BE_60": {"avail": 1.0, "util": 0.8695628020665519, "br": 0.0}, "Dielectric_FE_112": {"avail": 1.0, "util": 0.9248375090272762, "br": 0.0}, "Dielectric_FE_130": {"avail": 1.0, "util": 0.8731876006888506, "br": 0.0}, "Dielectric_FE_29": {"avail": 1.0, "util": 0.9351517508286578, "br": 0.0}, "Dielectric_FE_30": {"avail": 1.0, "util": 0.9934448086217432, "br": 0.0}, "Dielectric_FE_31": {"avail": 1.0, "util": 0.9345314149213932, "br": 0.0}, "Diffusion_BE_123": {"avail": 1.0, "util": 0.0, "br": 0.0}, "Diffusion_FE_100": {"avail": 1.0, "util": 0.0, "br": 0.0}, "Diffusion_FE_101": {"avail": 1.0, "util": 0.0, "br": 0.0}, "Diffusion_FE_120": {"avail": 1.0, "util": 0.0, "br": 0.0}, "Diffusion_FE_122": {"avail": 1.0, "util": 0.0, "br": 0.0}, "Diffusion_FE_125": {"avail": 1.0, "util": 0.0, "br": 0.0}, "Diffusion_FE_126": {"avail": 1.0, "util": 0.0, "br": 0.0}, "Diffusion_FE_127": {"avail": 1.0, "util": 0.0, "br": 0.0}, "Diffusion_FE_44": {"avail": 1.0, "util": 0.0, "br": 0.0}, "Diffusion_FE_94": {"avail": 1.0, "util": 0.0, "br": 0.0}, "EPI_36": {"avail": 1.0, "util": 0.011499361146602967, "br": 0.0}, "EPI_38": {"avail": 1.0, "util": 0.03533137047941781, "br": 0.0}, "Implant_119": {"avail": 1.0, "util": 0.02024887506249653, "br": 0.0}, "Implant_128": {"avail": 1.0, "util": 0.04521415476917949, "br": 0.0}, "Implant_132": {"avail": 1.0, "util": 0.03910893839231154, "br": 0.0}, "Implant_74": {"avail": 1.0, "util": 0.006805177490139437, "br": 0.0}, "Implant_88": {"avail": 1.0, "util": 0.021498805621909894, "br": 0.0}, "Implant_90": {"avail": 1.0, "util": 0.038192322648741735, "br": 0.0}, "Implant_91": {"avail": 1.0, "util": 0.040432938910801255, "br": 0.0}, "LithoMet_BE_18": {"avail": 1.0, "util": 0.9674334331853358, "br": 0.0}, "LithoMet_FE_19": {"avail": 1.0, "util": 0.9678474652642755, "br": 0.0}, "LithoTrack_BE_117": {"avail": 1.0, "util": 0.08511749347258486, "br": 0.0}, "LithoTrack_FE_115": {"avail": 1.0, "util": 0.048662873849056314, "br": 0.0}, "LithoTrack_FE_95": {"avail": 1.0, "util": 0.05152888331600625, "br": 0.0}, "LithoTrack_FE_96": {"avail": 1.0, "util": 0.003055385811899339, "br": 0.0}, "Litho_BE_110": {"avail": 1.0, "util": 0.06136365440015237, "br": 0.0}, "Litho_BE_93": {"avail": 1.0, "util": 0.05651537877525323, "br": 0.0}, "Litho_BE_99": {"avail": 1.0, "util": 0.15938003444253096, "br": 0.0}, "Litho_FE_111": {"avail": 1.0, "util": 0.09275242284519547, "br": 0.0}, "Litho_FE_35": {"avail": 1.0, "util": 0.030081662129881673, "br": 0.0}, "Litho_FE_92": {"avail": 1.0, "util": 0.08754564140376041, "br": 0.0}, "Litho_FE_98": {"avail": 1.0, "util": 0.08999500027776235, "br": 0.0}, "Litho_REG_BE_63": {"avail": 1.0, "util": 0.9705502472084884, "br": 0.0}, "Litho_REG_FE_64": {"avail": 1.0, "util": 0.9504551334449675, "br": 0.0}, "Planar_BE_75": {"avail": 1.0, "util": 0.7553608132881506, "br": 0.0}, "Planar_FE_76": {"avail": 1.0, "util": 0.9353184082365795, "br": 0.0}, "Planar_FE_77": {"avail": 1.0, "util": 0.8594244764179768, "br": 0.0}, "Planar_FE_78": {"avail": 1.0, "util": 0.8493139270040553, "br": 0.0}, "Planar_FE_79": {"avail": 1.0, "util": 0.9375812454863619, "br": 0.0}, "Planar_FE_80": {"avail": 1.0, "util": 0.645325259707794, "br": 0.0}, "TF_BE_2": {"avail": 1.0, "util": 0.26734625854119215, "br": 0.0}, "TF_BE_23": {"avail": 1.0, "util": 0.4133074478318456, "br": 0.0}, "TF_BE_24": {"avail": 1.0, "util": 0.23375368035109162, "br": 0.0}, "TF_BE_26": {"avail": 1.0, "util": 0.5989000611077162, "br": 0.0}, "TF_BE_40": {"avail": 1.0, "util": 0.5894232727811418, "br": 0.0}, "TF_FE_103": {"avail": 1.0, "util": 0.737375701349925, "br": 0.0}, "TF_FE_104": {"avail": 1.0, "util": 0.8856396866840731, "br": 0.0}, "TF_FE_113": {"avail": 1.0, "util": 0.3964224209766124, "br": 0.0}, "TF_FE_131": {"avail": 1.0, "util": 0.36695183600911063, "br": 0.0}, "TF_FE_3": {"avail": 1.0, "util": 0.800427754013666, "br": 0.0}, "TF_FE_5": {"avail": 1.0, "util": 0.16110216099105606, "br": 0.0}, "TF_Met_FE_45": {"avail": 1.0, "util": 0.08524526415199156, "br": 0.0}, "TF_Met_FE_61": {"avail": 1.0, "util": 0.9786956280206656, "br": 0.0}, "WE_BE_14": {"avail": 1.0, "util": 0.037797900116660184, "br": 0.0}, "WE_BE_16": {"avail": 1.0, "util": 0.04308402619607553, "br": 0.0}, "WE_BE_17": {"avail": 1.0, "util": 0.04158102327648464, "br": 0.0}, "WE_BE_7": {"avail": 1.0, "util": 0.018221209932781514, "br": 0.0}, "WE_BE_81": {"avail": 1.0, "util": 0.027405884858248616, "br": 0.0}, "WE_BE_82": {"avail": 1.0, "util": 0.05488028442864285, "br": 0.0}, "WE_BE_9": {"avail": 1.0, "util": 0.049989286309490746, "br": 0.0}, "WE_FE_108": {"avail": 1.0, "util": 0.041929416619711606, "br": 0.0}, "WE_FE_41": {"avail": 1.0, "util": 0.03817565690794956, "br": 0.0}, "WE_FE_47": {"avail": 1.0, "util": 0.043682758365276006, "br": 0.0}, "WE_FE_8": {"avail": 1.0, "util": 0.054802510971612685, "br": 0.0}, "WE_FE_83": {"avail": 1.0, "util": 0.04359281627211187, "br": 0.0}, "WE_FE_84": {"avail": 1.0, "util": 0.03858427618218741, "br": 0.0}, "WE_FE_85": {"avail": 1.0, "util": 0.026831842675406923, "br": 0.0}}, "plugins": {"cost": 447600.0}}