{"lots": {}, "machines": {"DE_BE_11": {"avail": 1.0, "util": 0.6349647241819899, "br": 0.0}, "DE_BE_12": {"avail": 1.0, "util": 0.5651229252695837, "br": 0.0}, "DE_BE_13": {"avail": 1.0, "util": 0.7761182579803767, "br": 0.0}, "DE_BE_48": {"avail": 1.0, "util": 0.8103994222543192, "br": 0.0}, "DE_BE_50": {"avail": 1.0, "util": 0.6794252171175675, "br": 0.0}, "DE_BE_65": {"avail": 1.0, "util": 0.7200024835221572, "br": 0.0}, "DE_BE_66": {"avail": 1.0, "util": 0.7245650095462532, "br": 0.0}, "DE_BE_67": {"avail": 1.0, "util": 0.7734236986834064, "br": 0.0}, "DE_BE_69": {"avail": 1.0, "util": 0.8997277929003944, "br": 0.0}, "DE_FE_1": {"avail": 1.0, "util": 0.8991246518050584, "br": 0.0}, "DE_FE_51": {"avail": 1.0, "util": 0.5826489171654207, "br": 0.0}, "DE_FE_53": {"avail": 1.0, "util": 0.5549913893672573, "br": 0.0}, "DE_FE_54": {"avail": 1.0, "util": 0.975179156713516, "br": 0.0}, "DE_FE_56": {"avail": 1.0, "util": 0.843480917726793, "br": 0.0}, "DE_FE_58": {"avail": 1.0, "util": 0.39171897857526433, "br": 0.0}, "DE_FE_59": {"avail": 1.0, "util": 0.8436568338795992, "br": 0.0}, "DE_FE_62": {"avail": 1.0, "util": 0.6420357599180998, "br": 0.0}, "DE_FE_70": {"avail": 1.0, "util": 0.9142098943221103, "br": 0.0}, "DE_FE_71": {"avail": 1.0, "util": 0.7516070535763886, "br": 0.0}, "DE_FE_72": {"avail": 1.0, "util": 0.742545167243795, "br": 0.0}, "DE_FE_86": {"avail": 1.0, "util": 0.7656393574842549, "br": 0.0}, "DefMEt_FE_118": {"avail": 1.0, "util": 0.30053885895228044, "br": 0.0}, "DefMet_BE_33": {"avail": 1.0, "util": 0.9235320259985557, "br": 0.0}, "DefMet_BE_42": {"avail": 1.0, "util": 0.9917226820732181, "br": 0.0}, "DefMet_FE_10": {"avail": 1.0, "util": 0.9333092605966335, "br": 0.0}, "DefMet_FE_106": {"avail": 1.0, "util": 0.31059385589689464, "br": 0.0}, "DefMet_FE_34": {"avail": 1.0, "util": 0.6229931670462752, "br": 0.0}, "DefMet_FE_43": {"avail": 1.0, "util": 0.9713904783067607, "br": 0.0}, "Delay_32": {"avail": 1.0, "util": 0.4443997555691351, "br": 0.0}, "Dielectric_BE_20": {"avail": 1.0, "util": 0.9291817121271041, "br": 0.0}, "Dielectric_BE_21": {"avail": 1.0, "util": 0.9136784067551803, "br": 0.0}, "Dielectric_BE_27": {"avail": 1.0, "util": 0.8090217210154992, "br": 0.0}, "Dielectric_BE_28": {"avail": 1.0, "util": 0.7348758402310983, "br": 0.0}, "Dielectric_BE_60": {"avail": 1.0, "util": 0.9168518415643575, "br": 0.0}, "Dielectric_FE_112": {"avail": 1.0, "util": 0.9463085384145326, "br": 0.0}, "Dielectric_FE_130": {"avail": 1.0, "util": 0.878798400088884, "br": 0.0}, "Dielectric_FE_29": {"avail": 1.0, "util": 0.9310223506101513, "br": 0.0}, "Dielectric_FE_30": {"avail": 1.0, "util": 0.9967224043108717, "br": 0.0}, "Dielectric_FE_31": {"avail": 1.0, "util": 0.9249902783178713, "br": 0.0}, "Diffusion_BE_123": {"avail": 1.0, "util": 0.0, "br": 0.0}, "Diffusion_FE_100": {"avail": 1.0, "util": 0.0, "br": 0.0}, "Diffusion_FE_101": {"avail": 1.0, "util": 0.0, "br": 0.0}, "Diffusion_FE_120": {"avail": 1.0, "util": 0.0, "br": 0.0}, "Diffusion_FE_122": {"avail": 1.0, "util": 0.0, "br": 0.0}, "Diffusion_FE_125": {"avail": 1.0, "util": 0.0, "br": 0.0}, "Diffusion_FE_126": {"avail": 1.0, "util": 0.0, "br": 0.0}, "Diffusion_FE_127": {"avail": 1.0, "util": 0.0, "br": 0.0}, "Diffusion_FE_44": {"avail": 1.0, "util": 0.0, "br": 0.0}, "Diffusion_FE_94": {"avail": 1.0, "util": 0.0, "br": 0.0}, "EPI_36": {"avail": 1.0, "util": 0.012971501583245375, "br": 0.0}, "EPI_38": {"avail": 1.0, "util": 0.03533137047941781, "br": 0.0}, "Implant_119": {"avail": 1.0, "util": 0.012860396644630854, "br": 0.0}, "Implant_128": {"avail": 1.0, "util": 0.05174712515971335, "br": 0.0}, "Implant_132": {"avail": 1.0, "util": 0.036963224265318596, "br": 0.0}, "Implant_74": {"avail": 1.0, "util": 0.006749625020832176, "br": 0.0}, "Implant_88": {"avail": 1.0, "util": 0.021471029387256264, "br": 0.0}, "Implant_90": {"avail": 1.0, "util": 0.056941281039942226, "br": 0.0}, "Implant_91": {"avail": 1.0, "util": 0.040386645186378536, "br": 0.0}, "LithoMet_BE_18": {"avail": 1.0, "util": 0.9659719759158679, "br": 0.0}, "LithoMet_FE_19": {"avail": 1.0, "util": 0.9617984186063736, "br": 0.0}, "LithoTrack_BE_117": {"avail": 1.0, "util": 0.07898450086106328, "br": 0.0}, "LithoTrack_FE_115": {"avail": 1.0, "util": 0.04673160859255096, "br": 0.0}, "LithoTrack_FE_95": {"avail": 1.0, "util": 0.051460859884201446, "br": 0.0}, "LithoTrack_FE_96": {"avail": 1.0, "util": 0.0, "br": 0.0}, "Litho_BE_110": {"avail": 1.0, "util": 0.060119675891021934, "br": 0.0}, "Litho_BE_93": {"avail": 1.0, "util": 0.05242301353628502, "br": 0.0}, "Litho_BE_99": {"avail": 1.0, "util": 0.14614002925763384, "br": 0.0}, "Litho_FE_111": {"avail": 1.0, "util": 0.09519673149471494, "br": 0.0}, "Litho_FE_35": {"avail": 1.0, "util": 0.05405255263596467, "br": 0.0}, "Litho_FE_92": {"avail": 1.0, "util": 0.0899276639513293, "br": 0.0}, "Litho_FE_98": {"avail": 1.0, "util": 0.09011721571023833, "br": 0.0}, "Litho_REG_BE_63": {"avail": 1.0, "util": 0.9579745569690573, "br": 0.0}, "Litho_REG_FE_64": {"avail": 1.0, "util": 0.9669899291309213, "br": 0.0}, "Planar_BE_75": {"avail": 1.0, "util": 0.7739820009999445, "br": 0.0}, "Planar_FE_76": {"avail": 1.0, "util": 0.9334851767494399, "br": 0.0}, "Planar_FE_77": {"avail": 1.0, "util": 0.8610910504971946, "br": 0.0}, "Planar_FE_78": {"avail": 1.0, "util": 0.1691017165713016, "br": 0.0}, "Planar_FE_79": {"avail": 1.0, "util": 0.7696905727459586, "br": 0.0}, "Planar_FE_80": {"avail": 1.0, "util": 0.4548636186878507, "br": 0.0}, "TF_BE_2": {"avail": 1.0, "util": 0.4249625020832176, "br": 0.0}, "TF_BE_23": {"avail": 1.0, "util": 0.8379388279598502, "br": 0.0}, "TF_BE_24": {"avail": 1.0, "util": 0.23170934948058441, "br": 0.0}, "TF_BE_26": {"avail": 1.0, "util": 0.7713978853026683, "br": 0.0}, "TF_BE_40": {"avail": 1.0, "util": 0.7508286576671666, "br": 0.0}, "TF_FE_103": {"avail": 1.0, "util": 0.7471807121826565, "br": 0.0}, "TF_FE_104": {"avail": 1.0, "util": 0.8837286817399034, "br": 0.0}, "TF_FE_113": {"avail": 1.0, "util": 0.265929670573857, "br": 0.0}, "TF_FE_131": {"avail": 1.0, "util": 0.36558154176619817, "br": 0.0}, "TF_FE_3": {"avail": 1.0, "util": 0.804399755569135, "br": 0.0}, "TF_FE_5": {"avail": 1.0, "util": 0.32109327259596687, "br": 0.0}, "TF_Met_FE_45": {"avail": 1.0, "util": 0.08513415921337704, "br": 0.0}, "TF_Met_FE_61": {"avail": 1.0, "util": 0.9792789289483917, "br": 0.0}, "WE_BE_14": {"avail": 1.0, "util": 0.034809177267929564, "br": 0.0}, "WE_BE_16": {"avail": 1.0, "util": 0.03913980087526001, "br": 0.0}, "WE_BE_17": {"avail": 1.0, "util": 0.04171990444975279, "br": 0.0}, "WE_BE_7": {"avail": 1.0, "util": 0.01805455252485973, "br": 0.0}, "WE_BE_81": {"avail": 1.0, "util": 0.038923763494620664, "br": 0.0}, "WE_BE_82": {"avail": 1.0, "util": 0.05618021221043275, "br": 0.0}, "WE_BE_9": {"avail": 1.0, "util": 0.04925916814145245, "br": 0.0}, "WE_FE_108": {"avail": 1.0, "util": 0.04176752085201616, "br": 0.0}, "WE_FE_41": {"avail": 1.0, "util": 0.037220154435864676, "br": 0.0}, "WE_FE_47": {"avail": 1.0, "util": 0.04047923263522397, "br": 0.0}, "WE_FE_8": {"avail": 1.0, "util": 0.054774734736959055, "br": 0.0}, "WE_FE_83": {"avail": 1.0, "util": 0.040624727197695366, "br": 0.0}, "WE_FE_84": {"avail": 1.0, "util": 0.03671092346721479, "br": 0.0}, "WE_FE_85": {"avail": 1.0, "util": 0.02666518526748514, "br": 0.0}}, "plugins": {"cost": 447800.0}}