{"lots": {}, "machines": {"DE_BE_11": {"avail": 1.0, "util": 0.8356955947295096, "br": 0.0}, "DE_BE_12": {"avail": 1.0, "util": 0.9416753144602125, "br": 0.0}, "DE_BE_13": {"avail": 1.0, "util": 0.8652057700315694, "br": 0.0}, "DE_BE_48": {"avail": 1.0, "util": 0.8026272066895767, "br": 0.0}, "DE_BE_50": {"avail": 1.0, "util": 0.8809605330125387, "br": 0.0}, "DE_BE_65": {"avail": 1.0, "util": 0.796435646896018, "br": 0.0}, "DE_BE_66": {"avail": 1.0, "util": 0.7417567313789903, "br": 0.0}, "DE_BE_67": {"avail": 1.0, "util": 0.7999436366160098, "br": 0.0}, "DE_BE_69": {"avail": 1.0, "util": 0.2447292524560835, "br": 0.0}, "DE_FE_1": {"avail": 1.0, "util": 0.7562763151806783, "br": 0.0}, "DE_FE_51": {"avail": 1.0, "util": 0.5089552584092907, "br": 0.0}, "DE_FE_53": {"avail": 1.0, "util": 0.18316753805579977, "br": 0.0}, "DE_FE_54": {"avail": 1.0, "util": 0.8183654899057665, "br": 0.0}, "DE_FE_56": {"avail": 1.0, "util": 0.8058807199370749, "br": 0.0}, "DE_FE_58": {"avail": 1.0, "util": 0.9781612918151112, "br": 0.0}, "DE_FE_59": {"avail": 1.0, "util": 0.8056031092398094, "br": 0.0}, "DE_FE_62": {"avail": 1.0, "util": 0.8989687579098635, "br": 0.0}, "DE_FE_70": {"avail": 1.0, "util": 0.7515384259473465, "br": 0.0}, "DE_FE_71": {"avail": 1.0, "util": 0.8435380969272609, "br": 0.0}, "DE_FE_72": {"avail": 1.0, "util": 0.1752690930963267, "br": 0.0}, "DE_FE_86": {"avail": 1.0, "util": 0.7789332691325921, "br": 0.0}, "DefMEt_FE_118": {"avail": 1.0, "util": 0.2066580298894184, "br": 0.0}, "DefMet_BE_33": {"avail": 1.0, "util": 0.9264331652246334, "br": 0.0}, "DefMet_BE_42": {"avail": 1.0, "util": 0.9841299218063203, "br": 0.0}, "DefMet_FE_10": {"avail": 1.0, "util": 0.6435247304862814, "br": 0.0}, "DefMet_FE_106": {"avail": 1.0, "util": 0.08476379956507657, "br": 0.0}, "DefMet_FE_34": {"avail": 1.0, "util": 0.7635913570536251, "br": 0.0}, "DefMet_FE_43": {"avail": 1.0, "util": 0.8826076898163142, "br": 0.0}, "Delay_32": {"avail": 1.0, "util": 0.30102808494887334, "br": 0.0}, "Dielectric_BE_20": {"avail": 1.0, "util": 0.8531809559061676, "br": 0.0}, "Dielectric_BE_21": {"avail": 1.0, "util": 0.9618362405342464, "br": 0.0}, "Dielectric_BE_27": {"avail": 1.0, "util": 0.9080221780101482, "br": 0.0}, "Dielectric_BE_28": {"avail": 1.0, "util": 0.9564151205293111, "br": 0.0}, "Dielectric_BE_60": {"avail": 1.0, "util": 0.9385709218217431, "br": 0.0}, "Dielectric_FE_112": {"avail": 1.0, "util": 0.38702015762118475, "br": 0.0}, "Dielectric_FE_130": {"avail": 1.0, "util": 0.289975940406237, "br": 0.0}, "Dielectric_FE_29": {"avail": 1.0, "util": 0.9038695846635512, "br": 0.0}, "Dielectric_FE_30": {"avail": 1.0, "util": 0.9289779299495674, "br": 0.0}, "Dielectric_FE_31": {"avail": 1.0, "util": 0.19336741775783092, "br": 0.0}, "Diffusion_BE_123": {"avail": 1.0, "util": 0.0, "br": 0.0}, "Diffusion_FE_100": {"avail": 1.0, "util": 0.0, "br": 0.0}, "Diffusion_FE_101": {"avail": 1.0, "util": 0.0, "br": 0.0}, "Diffusion_FE_120": {"avail": 1.0, "util": 0.0, "br": 0.0}, "Diffusion_FE_122": {"avail": 1.0, "util": 0.0, "br": 0.0}, "Diffusion_FE_125": {"avail": 1.0, "util": 0.0, "br": 0.0}, "Diffusion_FE_126": {"avail": 1.0, "util": 0.0, "br": 0.0}, "Diffusion_FE_127": {"avail": 1.0, "util": 0.0, "br": 0.0}, "Diffusion_FE_44": {"avail": 1.0, "util": 0.6973118030814788, "br": 0.0}, "Diffusion_FE_94": {"avail": 1.0, "util": 0.0, "br": 0.0}, "EPI_36": {"avail": 1.0, "util": 0.009600703280433073, "br": 0.0}, "EPI_38": {"avail": 1.0, "util": 0.2238930273446537, "br": 0.0}, "Implant_119": {"avail": 1.0, "util": 0.03493267940591311, "br": 0.0}, "Implant_128": {"avail": 1.0, "util": 0.030768518946930088, "br": 0.0}, "Implant_132": {"avail": 1.0, "util": 0.0350780945330522, "br": 0.0}, "Implant_74": {"avail": 1.0, "util": 0.011312635913570537, "br": 0.0}, "Implant_88": {"avail": 1.0, "util": 0.009554434830888817, "br": 0.0}, "Implant_90": {"avail": 1.0, "util": 0.04918336186554389, "br": 0.0}, "Implant_91": {"avail": 1.0, "util": 0.04100045607471693, "br": 0.0}, "LithoMet_BE_18": {"avail": 1.0, "util": 0.9708424643417471, "br": 0.0}, "LithoMet_FE_19": {"avail": 1.0, "util": 0.9653978095194031, "br": 0.0}, "LithoTrack_BE_117": {"avail": 1.0, "util": 0.06829223152732151, "br": 0.0}, "LithoTrack_FE_115": {"avail": 1.0, "util": 0.03810376094784868, "br": 0.0}, "LithoTrack_FE_95": {"avail": 1.0, "util": 0.059070929533151344, "br": 0.0}, "LithoTrack_FE_96": {"avail": 1.0, "util": 0.012538749826493315, "br": 0.0}, "Litho_BE_110": {"avail": 1.0, "util": 0.05556639623093187, "br": 0.0}, "Litho_BE_93": {"avail": 1.0, "util": 0.05951279322629899, "br": 0.0}, "Litho_BE_99": {"avail": 1.0, "util": 0.09754931445580593, "br": 0.0}, "Litho_FE_111": {"avail": 1.0, "util": 0.07583861564798963, "br": 0.0}, "Litho_FE_35": {"avail": 1.0, "util": 0.047587100356267065, "br": 0.0}, "Litho_FE_92": {"avail": 1.0, "util": 0.05975748214215803, "br": 0.0}, "Litho_FE_98": {"avail": 1.0, "util": 0.022289825567945218, "br": 0.0}, "Litho_REG_BE_63": {"avail": 1.0, "util": 0.9614063295238977, "br": 0.0}, "Litho_REG_FE_64": {"avail": 1.0, "util": 0.9443313437900028, "br": 0.0}, "Planar_BE_75": {"avail": 1.0, "util": 0.7916796108162415, "br": 0.0}, "Planar_FE_76": {"avail": 1.0, "util": 0.9266645074723546, "br": 0.0}, "Planar_FE_77": {"avail": 1.0, "util": 0.953153194836441, "br": 0.0}, "Planar_FE_78": {"avail": 1.0, "util": 0.14121130800906861, "br": 0.0}, "Planar_FE_79": {"avail": 1.0, "util": 0.2638342664137325, "br": 0.0}, "Planar_FE_80": {"avail": 1.0, "util": 0.21630500161939573, "br": 0.0}, "TF_BE_2": {"avail": 1.0, "util": 0.39925045111738305, "br": 0.0}, "TF_BE_23": {"avail": 1.0, "util": 0.669768856045634, "br": 0.0}, "TF_BE_24": {"avail": 1.0, "util": 0.8482510526072271, "br": 0.0}, "TF_BE_26": {"avail": 1.0, "util": 0.667461534902427, "br": 0.0}, "TF_BE_40": {"avail": 1.0, "util": 0.6898680260518587, "br": 0.0}, "TF_FE_103": {"avail": 1.0, "util": 0.5270372989801112, "br": 0.0}, "TF_FE_104": {"avail": 1.0, "util": 0.6540230416878731, "br": 0.0}, "TF_FE_113": {"avail": 1.0, "util": 0.07348972069279291, "br": 0.0}, "TF_FE_131": {"avail": 1.0, "util": 0.939943552491556, "br": 0.0}, "TF_FE_3": {"avail": 1.0, "util": 0.29588673483551564, "br": 0.0}, "TF_FE_5": {"avail": 1.0, "util": 0.41650858279739045, "br": 0.0}, "TF_Met_FE_45": {"avail": 1.0, "util": 0.05880719937074909, "br": 0.0}, "TF_Met_FE_61": {"avail": 1.0, "util": 0.9818859020034238, "br": 0.0}, "WE_BE_14": {"avail": 1.0, "util": 0.044639800120297966, "br": 0.0}, "WE_BE_16": {"avail": 1.0, "util": 0.04016101420441401, "br": 0.0}, "WE_BE_17": {"avail": 1.0, "util": 0.04643038911766067, "br": 0.0}, "WE_BE_7": {"avail": 1.0, "util": 0.022625271827141073, "br": 0.0}, "WE_BE_81": {"avail": 1.0, "util": 0.03946698746125017, "br": 0.0}, "WE_BE_82": {"avail": 1.0, "util": 0.0421197119017875, "br": 0.0}, "WE_BE_9": {"avail": 1.0, "util": 0.045703974459815846, "br": 0.0}, "WE_FE_108": {"avail": 1.0, "util": 0.04105606938352875, "br": 0.0}, "WE_FE_41": {"avail": 1.0, "util": 0.029167630592698838, "br": 0.0}, "WE_FE_47": {"avail": 1.0, "util": 0.03390551982603063, "br": 0.0}, "WE_FE_8": {"avail": 1.0, "util": 0.028709572942210708, "br": 0.0}, "WE_FE_83": {"avail": 1.0, "util": 0.033829948025108345, "br": 0.0}, "WE_FE_84": {"avail": 1.0, "util": 0.03391477351593948, "br": 0.0}, "WE_FE_85": {"avail": 1.0, "util": 0.024892425854809604, "br": 0.0}}, "plugins": {"cost": 428625.1295833333}}