{"lots": {}, "machines": {"DE_BE_11": {"avail": 0.9767488805532484, "util": 0.00016011162276795483, "br": 0.023251119446751674, "waiting_time": 0.0}, "DE_BE_12": {"avail": 0.9811990305578073, "util": 8.569025617421642e-05, "br": 0.018800969442192655, "waiting_time": 1.947305212829838e-08}, "DE_BE_13": {"avail": 0.9741395081070813, "util": 0.00015309939869341673, "br": 0.025860491892918714, "waiting_time": 2.352454080096357e-08}, "DE_BE_48": {"avail": 0.9824009287798573, "util": 0.0001234338639666695, "br": 0.017599071220142683, "waiting_time": 1.5465976618978432e-08}, "DE_BE_50": {"avail": 0.9793686437501395, "util": 0.0001312048428939379, "br": 0.020631356249860542, "waiting_time": 6.255004003202563e-08}, "DE_BE_65": {"avail": 0.9755277087641715, "util": 0.0001418984707019644, "br": 0.02447229123582864, "waiting_time": 0.0}, "DE_BE_66": {"avail": 0.9774767723284175, "util": 0.00012783661953145894, "br": 0.022523227671582515, "waiting_time": 0.0}, "DE_BE_67": {"avail": 0.9765772382764663, "util": 0.0001600686538134205, "br": 0.023422761723533626, "waiting_time": 0.0}, "DE_BE_69": {"avail": 0.9719894773515944, "util": 0.00021505142637914422, "br": 0.02801052264840557, "waiting_time": 6.408678889299045e-08}, "DE_FE_1": {"avail": 0.9783372895326247, "util": 9.743137001682098e-05, "br": 0.021662710467375407, "waiting_time": 0.0}, "DE_FE_51": {"avail": 0.979157709513448, "util": 0.00011251188717610251, "br": 0.020842290486551847, "waiting_time": 0.0}, "DE_FE_53": {"avail": 0.9756148944238862, "util": 7.331556705765109e-05, "br": 0.024385105576113807, "waiting_time": 0.0}, "DE_FE_54": {"avail": 0.9749519688091027, "util": 0.0001378510096581704, "br": 0.025048031190897182, "waiting_time": 3.9869356093951345e-09}, "DE_FE_56": {"avail": 0.9852502517919757, "util": 0.00019171661161625786, "br": 0.014749748208024356, "waiting_time": 0.0}, "DE_FE_58": {"avail": 0.9618354626418774, "util": 0.00012446460933680865, "br": 0.03816453735812265, "waiting_time": 0.0}, "DE_FE_59": {"avail": 0.9761963912027766, "util": 0.00011874473296313004, "br": 0.023803608797223333, "waiting_time": 3.081694488204506e-09}, "DE_FE_62": {"avail": 0.9790705696671907, "util": 0.00010654538329502556, "br": 0.020929430332809338, "waiting_time": 1.0640296343260364e-07}, "DE_FE_70": {"avail": 0.9805306649756792, "util": 0.00014326284254536687, "br": 0.019469335024320845, "waiting_time": 7.335577433181692e-10}, "DE_FE_71": {"avail": 0.9779569232233325, "util": 0.00010029274582367443, "br": 0.022043076776667524, "waiting_time": 4.877812741939512e-09}, "DE_FE_72": {"avail": 0.9782508110623921, "util": 0.0001688208506723807, "br": 0.021749188937607817, "waiting_time": 0.0}, "DE_FE_86": {"avail": 0.9769704535037091, "util": 0.00010972774104482419, "br": 0.023029546496290913, "waiting_time": 0.0}, "DefMEt_FE_118": {"avail": 0.9974609378792468, "util": 0.0004838093151828408, "br": 0.0025390621207532684, "waiting_time": 1.3879450862302524e-09}, "DefMet_BE_33": {"avail": 0.9971837212460657, "util": 0.00021170728304593228, "br": 0.0028162787539343357, "waiting_time": 0.0}, "DefMet_BE_42": {"avail": 0.9978195169401943, "util": 0.00034890884762689244, "br": 0.0021804830598057645, "waiting_time": 7.514059170236601e-10}, "DefMet_FE_10": {"avail": 0.9976640944009176, "util": 0.0007812808144596526, "br": 0.002335905599082301, "waiting_time": 0.0}, "DefMet_FE_106": {"avail": 0.9937181788582365, "util": 3.890177134455307e-05, "br": 0.006281821141763352, "waiting_time": 0.0}, "DefMet_FE_34": {"avail": 0.9967090114842709, "util": 0.0005957103217349471, "br": 0.003290988515729027, "waiting_time": 0.0}, "DefMet_FE_43": {"avail": 0.9959741076996832, "util": 0.0006778832306474442, "br": 0.004025892300316714, "waiting_time": 3.306878306878307e-10}, "Delay_32": {"avail": 1.0, "util": 3.0679100834320476e-05, "br": 0.0, "waiting_time": 0.0}, "Dielectric_BE_20": {"avail": 0.963016973588421, "util": 0.0003219530126000057, "br": 0.03698302641157903, "waiting_time": 5.6168046499538215e-08}, "Dielectric_BE_21": {"avail": 0.9426653923080879, "util": 0.0003645653145428707, "br": 0.05733460769191216, "waiting_time": 2.923484231895447e-08}, "Dielectric_BE_27": {"avail": 0.9470315698169857, "util": 0.0003302390779594025, "br": 0.05296843018301433, "waiting_time": 2.8555398386642836e-10}, "Dielectric_BE_28": {"avail": 0.9441323002159905, "util": 0.00031992795891907827, "br": 0.05586769978400953, "waiting_time": 6.652403912677886e-09}, "Dielectric_BE_60": {"avail": 0.9475313637352466, "util": 0.00030140448600490225, "br": 0.05246863626475338, "waiting_time": 4.69060752748696e-09}, "Dielectric_FE_112": {"avail": 0.9497115641236634, "util": 0.0002936807081105036, "br": 0.05028843587633657, "waiting_time": 2.401459472585707e-09}, "Dielectric_FE_130": {"avail": 0.9551652081757396, "util": 0.0002934519219777774, "br": 0.04483479182426033, "waiting_time": 4.0384402157913053e-07}, "Dielectric_FE_29": {"avail": 0.9374966191882514, "util": 0.0002631696050231615, "br": 0.06250338081174855, "waiting_time": 1.0316219268525758e-07}, "Dielectric_FE_30": {"avail": 0.9438080843098945, "util": 0.00036599405836439195, "br": 0.05619191569010553, "waiting_time": 4.847576677028847e-08}, "Dielectric_FE_31": {"avail": 0.9340100454839468, "util": 0.00029758921555251313, "br": 0.06598995451605312, "waiting_time": 1.8434658893746961e-07}, "Diffusion_BE_123": {"avail": 0.9853862406200415, "util": 0.00013125842322442047, "br": 0.014613759379958423, "waiting_time": 3.624989642886735e-08}, "Diffusion_FE_100": {"avail": 0.9875050249034317, "util": 0.00017985135882364587, "br": 0.01249497509656841, "waiting_time": 4.525542159950762e-08}, "Diffusion_FE_101": {"avail": 0.9860348635779508, "util": 0.00015782571030945242, "br": 0.013965136422049234, "waiting_time": 1.0452574333789804e-07}, "Diffusion_FE_120": {"avail": 0.9863385194367308, "util": 0.00012469378973110876, "br": 0.013661480563269253, "waiting_time": 5.6439577570555406e-08}, "Diffusion_FE_122": {"avail": 0.9854539250836595, "util": 0.00014349935267157692, "br": 0.014546074916340612, "waiting_time": 8.715131894048248e-08}, "Diffusion_FE_125": {"avail": 0.9834963199923883, "util": 8.446690996044068e-05, "br": 0.01650368000761179, "waiting_time": 8.062747526349059e-09}, "Diffusion_FE_126": {"avail": 0.9850244889987789, "util": 0.00012408035725772776, "br": 0.014975511001221171, "waiting_time": 1.278701365506921e-07}, "Diffusion_FE_127": {"avail": 0.9871644369774821, "util": 0.0001525626118014548, "br": 0.01283556302251793, "waiting_time": 1.1859695063520527e-07}, "Diffusion_FE_44": {"avail": 0.9849126318304269, "util": 0.00013014106228304205, "br": 0.015087368169573094, "waiting_time": 5.7005782666593705e-08}, "Diffusion_FE_94": {"avail": 0.9855445650837581, "util": 0.00013666619083704687, "br": 0.014455434916241893, "waiting_time": 1.0397769850156382e-07}, "EPI_36": {"avail": 0.9348769040609445, "util": 0.00019127587520847218, "br": 0.0651230959390555, "waiting_time": 0.0}, "EPI_38": {"avail": 0.922157495359162, "util": 0.00038958547518264065, "br": 0.07784250464083795, "waiting_time": 3.462117918370627e-10}, "Implant_119": {"avail": 0.9466080332702752, "util": 0.00039297220298771144, "br": 0.05339196672972482, "waiting_time": 7.202286293761091e-09}, "Implant_128": {"avail": 0.9355404704489508, "util": 0.0006123909505549308, "br": 0.06445952955104914, "waiting_time": 1.0521885521885521e-08}, "Implant_132": {"avail": 0.9519297089687379, "util": 0.0004952779397548656, "br": 0.0480702910312622, "waiting_time": 1.7758184107760639e-09}, "Implant_74": {"avail": 0.9611509508306505, "util": 0.0001846021266010982, "br": 0.038849049169349524, "waiting_time": 0.0}, "Implant_88": {"avail": 0.9483489997859658, "util": 0.000360885371974457, "br": 0.05165100021403421, "waiting_time": 0.0}, "Implant_90": {"avail": 0.9105621962550634, "util": 0.0004033170678199145, "br": 0.08943780374493662, "waiting_time": 3.6476754094150873e-09}, "Implant_91": {"avail": 0.9385603471077882, "util": 0.0005044293407348352,