{"lots": {}, "machines": {"DE_BE_11": {"avail": 1.0, "util": 0.7002666518526749, "br": 0.0}, "DE_BE_12": {"avail": 1.0, "util": 0.5659191773296546, "br": 0.0}, "DE_BE_13": {"avail": 1.0, "util": 0.7835014456868797, "br": 0.0}, "DE_BE_48": {"avail": 1.0, "util": 0.8087272929281706, "br": 0.0}, "DE_BE_50": {"avail": 1.0, "util": 0.7383910770389299, "br": 0.0}, "DE_BE_65": {"avail": 1.0, "util": 0.7138884441060463, "br": 0.0}, "DE_BE_66": {"avail": 1.0, "util": 0.5917536745034633, "br": 0.0}, "DE_BE_67": {"avail": 1.0, "util": 0.8097161268818399, "br": 0.0}, "DE_BE_69": {"avail": 1.0, "util": 0.8796455752458197, "br": 0.0}, "DE_FE_1": {"avail": 1.0, "util": 0.8995849436936043, "br": 0.0}, "DE_FE_51": {"avail": 1.0, "util": 0.5460603065911542, "br": 0.0}, "DE_FE_53": {"avail": 1.0, "util": 0.5448808399533359, "br": 0.0}, "DE_FE_54": {"avail": 1.0, "util": 0.9691350480528861, "br": 0.0}, "DE_FE_56": {"avail": 1.0, "util": 0.8443697572357092, "br": 0.0}, "DE_FE_58": {"avail": 1.0, "util": 0.6905542284687888, "br": 0.0}, "DE_FE_59": {"avail": 1.0, "util": 0.8135844304946022, "br": 0.0}, "DE_FE_62": {"avail": 1.0, "util": 0.6911719190203719, "br": 0.0}, "DE_FE_70": {"avail": 1.0, "util": 0.8551447996478828, "br": 0.0}, "DE_FE_71": {"avail": 1.0, "util": 0.6859995873245137, "br": 0.0}, "DE_FE_72": {"avail": 1.0, "util": 0.8339351517508287, "br": 0.0}, "DE_FE_86": {"avail": 1.0, "util": 0.7729290759566856, "br": 0.0}, "DefMEt_FE_118": {"avail": 1.0, "util": 0.3009832787067385, "br": 0.0}, "DefMet_BE_33": {"avail": 1.0, "util": 0.9491972668185101, "br": 0.0}, "DefMet_BE_42": {"avail": 1.0, "util": 0.9376145769679463, "br": 0.0}, "DefMet_FE_10": {"avail": 1.0, "util": 0.717682350980501, "br": 0.0}, "DefMet_FE_106": {"avail": 1.0, "util": 0.3102049886117438, "br": 0.0}, "DefMet_FE_34": {"avail": 1.0, "util": 0.557107938447864, "br": 0.0}, "DefMet_FE_43": {"avail": 1.0, "util": 0.953095198414903, "br": 0.0}, "Delay_32": {"avail": 1.0, "util": 0.44775804121993223, "br": 0.0}, "Dielectric_BE_20": {"avail": 1.0, "util": 0.9141825454141437, "br": 0.0}, "Dielectric_BE_21": {"avail": 1.0, "util": 0.9053455363590912, "br": 0.0}, "Dielectric_BE_27": {"avail": 1.0, "util": 0.8299612984463826, "br": 0.0}, "Dielectric_BE_28": {"avail": 1.0, "util": 0.77306816287984, "br": 0.0}, "Dielectric_BE_60": {"avail": 1.0, "util": 0.9192683739792233, "br": 0.0}, "Dielectric_FE_112": {"avail": 1.0, "util": 0.9091606021887673, "br": 0.0}, "Dielectric_FE_130": {"avail": 1.0, "util": 0.8518832287095162, "br": 0.0}, "Dielectric_FE_29": {"avail": 1.0, "util": 0.9288558043071681, "br": 0.0}, "Dielectric_FE_30": {"avail": 1.0, "util": 0.8935059163379813, "br": 0.0}, "Dielectric_FE_31": {"avail": 1.0, "util": 0.9228792844841953, "br": 0.0}, "Diffusion_BE_123": {"avail": 1.0, "util": 0.0, "br": 0.0}, "Diffusion_FE_100": {"avail": 1.0, "util": 0.0, "br": 0.0}, "Diffusion_FE_101": {"avail": 1.0, "util": 0.0, "br": 0.0}, "Diffusion_FE_120": {"avail": 1.0, "util": 0.0, "br": 0.0}, "Diffusion_FE_122": {"avail": 1.0, "util": 0.0, "br": 0.0}, "Diffusion_FE_125": {"avail": 1.0, "util": 0.0, "br": 0.0}, "Diffusion_FE_126": {"avail": 1.0, "util": 0.0, "br": 0.0}, "Diffusion_FE_127": {"avail": 1.0, "util": 0.0, "br": 0.0}, "Diffusion_FE_44": {"avail": 1.0, "util": 0.0, "br": 0.0}, "Diffusion_FE_94": {"avail": 1.0, "util": 0.0, "br": 0.0}, "EPI_36": {"avail": 1.0, "util": 0.01016610188322871, "br": 0.0}, "EPI_38": {"avail": 1.0, "util": 0.03538692294872507, "br": 0.0}, "Implant_119": {"avail": 1.0, "util": 0.016776845730792734, "br": 0.0}, "Implant_128": {"avail": 1.0, "util": 0.048508416199100055, "br": 0.0}, "Implant_132": {"avail": 1.0, "util": 0.03331759346702961, "br": 0.0}, "Implant_74": {"avail": 1.0, "util": 0.006860729959446698, "br": 0.0}, "Implant_88": {"avail": 1.0, "util": 0.02130437197933448, "br": 0.0}, "Implant_90": {"avail": 1.0, "util": 0.045247486250763844, "br": 0.0}, "Implant_91": {"avail": 1.0, "util": 0.041192155991333815, "br": 0.0}, "LithoMet_BE_18": {"avail": 1.0, "util": 0.9598312914239808, "br": 0.0}, "LithoMet_FE_19": {"avail": 1.0, "util": 0.9583912004888617, "br": 0.0}, "LithoTrack_BE_117": {"avail": 1.0, "util": 0.08467307371812677, "br": 0.0}, "LithoTrack_FE_115": {"avail": 1.0, "util": 0.046224011520057166, "br": 0.0}, "LithoTrack_FE_95": {"avail": 1.0, "util": 0.05234289704993713, "br": 0.0}, "LithoTrack_FE_96": {"avail": 1.0, "util": 0.005944114215876896, "br": 0.0}, "Litho_BE_110": {"avail": 1.0, "util": 0.060486718991802045, "br": 0.0}, "Litho_BE_93": {"avail": 1.0, "util": 0.05888561746569635, "br": 0.0}, "Litho_BE_99": {"avail": 1.0, "util": 0.1564913060385534, "br": 0.0}, "Litho_FE_111": {"avail": 1.0, "util": 0.09280292509002025, "br": 0.0}, "Litho_FE_35": {"avail": 1.0, "util": 0.057357924559746684, "br": 0.0}, "Litho_FE_92": {"avail": 1.0, "util": 0.08952196258457022, "br": 0.0}, "Litho_FE_98": {"avail": 1.0, "util": 0.0923726459641131, "br": 0.0}, "Litho_REG_BE_63": {"avail": 1.0, "util": 0.9583217599022277, "br": 0.0}, "Litho_REG_FE_64": {"avail": 1.0, "util": 0.9565778091693318, "br": 0.0}, "Planar_BE_75": {"avail": 1.0, "util": 0.715026942947614, "br": 0.0}, "Planar_FE_76": {"avail": 1.0, "util": 0.6196507601429551, "br": 0.0}, "Planar_FE_77": {"avail": 1.0, "util": 0.8680906616299094, "br": 0.0}, "Planar_FE_78": {"avail": 1.0, "util": 0.5933003722015444, "br": 0.0}, "Planar_FE_79": {"avail": 1.0, "util": 0.8812288206210767, "br": 0.0}, "Planar_FE_80": {"avail": 1.0, "util": 0.9033942558746736, "br": 0.0}, "TF_BE_2": {"avail": 1.0, "util": 0.42464307538470086, "br": 0.0}, "TF_BE_23": {"avail": 1.0, "util": 0.582131402056611, "br": 0.0}, "TF_BE_24": {"avail": 1.0, "util": 0.23262040997722347, "br": 0.0}, "TF_BE_26": {"avail": 1.0, "util": 0.6403199822232098, "br": 0.0}, "TF_BE_40": {"avail": 1.0, "util": 0.5920527563283521, "br": 0.0}, "TF_FE_103": {"avail": 1.0, "util": 0.73752847064052, "br": 0.0}, "TF_FE_104": {"avail": 1.0, "util": 0.6542969835009166, "br": 0.0}, "TF_FE_113": {"avail": 1.0, "util": 0.26670740514415864, "br": 0.0}, "TF_FE_131": {"avail": 1.0, "util": 0.36881284373090384, "br": 0.0}, "TF_FE_3": {"avail": 1.0, "util": 0.808538414532526, "br": 0.0}, "TF_FE_5": {"avail": 1.0, "util": 0.5953002610966057, "br": 0.0}, "TF_Met_FE_45": {"avail": 1.0, "util": 0.08488417310149436, "br": 0.0}, "TF_Met_FE_61": {"avail": 1.0, "util": 0.9858896727959557, "br": 0.0}, "WE_BE_14": {"avail": 1.0, "util": 0.03915338036775735, "br": 0.0}, "WE_BE_16": {"avail": 1.0, "util": 0.04060885506360758, "br": 0.0}, "WE_BE_17": {"avail": 1.0, "util": 0.041469918337870115, "br": 0.0}, "WE_BE_7": {"avail": 1.0, "util": 0.01816565746347425, "br": 0.0}, "WE_BE_81": {"avail": 1.0, "util": 0.04190507934744366, "br": 0.0}, "WE_BE_82": {"avail": 1.0, "util": 0.058313427031831566, "br": 0.0}, "WE_BE_9": {"avail": 1.0, "util": 0.04812431055417556, "br": 0.0}, "WE_FE_108": {"avail": 1.0, "util": 0.04140246176799702, "br": 0.0}, "WE_FE_41": {"avail": 1.0, "util": 0.04025331926004111, "br": 0.0}, "WE_FE_47": {"avail": 1.0, "util": 0.03954409940188508, "br": 0.0}, "WE_FE_8": {"avail": 1.0, "util": 0.05483028720626632, "br": 0.0}, "WE_FE_83": {"avail": 1.0, "util": 0.04221194060647424, "br": 0.0}, "WE_FE_84": {"avail": 1.0, "util": 0.037757161639168195, "br": 0.0}, "WE_FE_85": {"avail": 1.0, "util": 0.026776290206099663, "br": 0.0}}, "plugins": {"cost": 447800.0}}