{"lots": {}, "machines": {"DE_BE_11": {"avail": 1.0, "util": 0.7753244148189296, "br": 0.0}, "DE_BE_12": {"avail": 1.0, "util": 0.0, "br": 0.0}, "DE_BE_13": {"avail": 1.0, "util": 0.8438464743144649, "br": 0.0}, "DE_BE_48": {"avail": 1.0, "util": 0.4434232619206928, "br": 0.0}, "DE_BE_50": {"avail": 1.0, "util": 0.13993889737536455, "br": 0.0}, "DE_BE_65": {"avail": 1.0, "util": 0.5884662483745945, "br": 0.0}, "DE_BE_66": {"avail": 1.0, "util": 0.7301845331939192, "br": 0.0}, "DE_BE_67": {"avail": 1.0, "util": 0.4154347249750666, "br": 0.0}, "DE_BE_69": {"avail": 1.0, "util": 0.18395593204647503, "br": 0.0}, "DE_FE_1": {"avail": 1.0, "util": 0.0, "br": 0.0}, "DE_FE_51": {"avail": 1.0, "util": 0.030197194834050825, "br": 0.0}, "DE_FE_53": {"avail": 1.0, "util": 0.0, "br": 0.0}, "DE_FE_54": {"avail": 1.0, "util": 0.8159977780863769, "br": 0.0}, "DE_FE_56": {"avail": 1.0, "util": 0.5920705457575337, "br": 0.0}, "DE_FE_58": {"avail": 1.0, "util": 0.7432995417303152, "br": 0.0}, "DE_FE_59": {"avail": 1.0, "util": 0.2179384807665602, "br": 0.0}, "DE_FE_62": {"avail": 1.0, "util": 0.09225842815948765, "br": 0.0}, "DE_FE_70": {"avail": 1.0, "util": 0.3255608438221964, "br": 0.0}, "DE_FE_71": {"avail": 1.0, "util": 0.0936829761298585, "br": 0.0}, "DE_FE_72": {"avail": 1.0, "util": 0.28289000265114694, "br": 0.0}, "DE_FE_86": {"avail": 1.0, "util": 0.2275013592744887, "br": 0.0}, "DefMEt_FE_118": {"avail": 1.0, "util": 0.619566726843494, "br": 0.0}, "DefMet_BE_33": {"avail": 1.0, "util": 0.8305790862380225, "br": 0.0}, "DefMet_BE_42": {"avail": 1.0, "util": 0.9194556311623385, "br": 0.0}, "DefMet_FE_10": {"avail": 1.0, "util": 0.5446465768643244, "br": 0.0}, "DefMet_FE_106": {"avail": 1.0, "util": 0.2626024163310651, "br": 0.0}, "DefMet_FE_34": {"avail": 1.0, "util": 0.5143730037494793, "br": 0.0}, "DefMet_FE_43": {"avail": 1.0, "util": 0.6401888626579642, "br": 0.0}, "Delay_32": {"avail": 1.0, "util": 0.09855575614497987, "br": 0.0}, "Dielectric_BE_20": {"avail": 1.0, "util": 0.6319955561727538, "br": 0.0}, "Dielectric_BE_21": {"avail": 1.0, "util": 0.9345461278526132, "br": 0.0}, "Dielectric_BE_27": {"avail": 1.0, "util": 0.8301971948340509, "br": 0.0}, "Dielectric_BE_28": {"avail": 1.0, "util": 0.7348053511086423, "br": 0.0}, "Dielectric_BE_60": {"avail": 1.0, "util": 0.7942646854603528, "br": 0.0}, "Dielectric_FE_112": {"avail": 1.0, "util": 0.6689040102454905, "br": 0.0}, "Dielectric_FE_130": {"avail": 1.0, "util": 0.8765796417164283, "br": 0.0}, "Dielectric_FE_29": {"avail": 1.0, "util": 0.0, "br": 0.0}, "Dielectric_FE_30": {"avail": 1.0, "util": 0.8413414803499514, "br": 0.0}, "Dielectric_FE_31": {"avail": 1.0, "util": 0.42851687265657545, "br": 0.0}, "Diffusion_BE_123": {"avail": 1.0, "util": 0.0, "br": 0.0}, "Diffusion_FE_100": {"avail": 1.0, "util": 0.0, "br": 0.0}, "Diffusion_FE_101": {"avail": 1.0, "util": 0.0, "br": 0.0}, "Diffusion_FE_120": {"avail": 1.0, "util": 0.0, "br": 0.0}, "Diffusion_FE_122": {"avail": 1.0, "util": 0.0, "br": 0.0}, "Diffusion_FE_125": {"avail": 1.0, "util": 0.0, "br": 0.0}, "Diffusion_FE_126": {"avail": 1.0, "util": 0.0, "br": 0.0}, "Diffusion_FE_127": {"avail": 1.0, "util": 0.0, "br": 0.0}, "Diffusion_FE_44": {"avail": 1.0, "util": 0.0, "br": 0.0}, "Diffusion_FE_94": {"avail": 1.0, "util": 0.0, "br": 0.0}, "EPI_36": {"avail": 1.0, "util": 0.007082349673656437, "br": 0.0}, "EPI_38": {"avail": 1.0, "util": 0.6075545063185669, "br": 0.0}, "Implant_119": {"avail": 1.0, "util": 0.00867935009026524, "br": 0.0}, "Implant_128": {"avail": 1.0, "util": 0.05000568102914999, "br": 0.0}, "Implant_132": {"avail": 1.0, "util": 0.025155236375900173, "br": 0.0}, "Implant_74": {"avail": 1.0, "util": 0.03374531315095126, "br": 0.0}, "Implant_88": {"avail": 1.0, "util": 0.0, "br": 0.0}, "Implant_90": {"avail": 1.0, "util": 0.033328704346618526, "br": 0.0}, "Implant_91": {"avail": 1.0, "util": 0.05532961691828516, "br": 0.0}, "LithoMet_BE_18": {"avail": 1.0, "util": 0.9267778465112169, "br": 0.0}, "LithoMet_FE_19": {"avail": 1.0, "util": 0.9036740928839249, "br": 0.0}, "LithoTrack_BE_117": {"avail": 1.0, "util": 0.11390084710456881, "br": 0.0}, "LithoTrack_FE_115": {"avail": 1.0, "util": 0.07184300283497211, "br": 0.0}, "LithoTrack_FE_95": {"avail": 1.0, "util": 0.12900985974170254, "br": 0.0}, "LithoTrack_FE_96": {"avail": 1.0, "util": 0.030481877517011525, "br": 0.0}, "Litho_BE_110": {"avail": 1.0, "util": 0.11237569661218551, "br": 0.0}, "Litho_BE_93": {"avail": 1.0, "util": 0.13015553395361756, "br": 0.0}, "Litho_BE_99": {"avail": 1.0, "util": 0.21566449104291072, "br": 0.0}, "Litho_FE_111": {"avail": 1.0, "util": 0.16823357866962924, "br": 0.0}, "Litho_FE_35": {"avail": 1.0, "util": 0.05832523260658242, "br": 0.0}, "Litho_FE_92": {"avail": 1.0, "util": 0.12424022304594448, "br": 0.0}, "Litho_FE_98": {"avail": 1.0, "util": 0.02301763643938342, "br": 0.0}, "Litho_REG_BE_63": {"avail": 1.0, "util": 0.8796694903485627, "br": 0.0}, "Litho_REG_FE_64": {"avail": 1.0, "util": 0.8965190019904642, "br": 0.0}, "Planar_BE_75": {"avail": 1.0, "util": 0.6725851568234571, "br": 0.0}, "Planar_FE_76": {"avail": 1.0, "util": 0.9257047632273295, "br": 0.0}, "Planar_FE_77": {"avail": 1.0, "util": 0.7262185807526732, "br": 0.0}, "Planar_FE_78": {"avail": 1.0, "util": 0.42445493681433133, "br": 0.0}, "Planar_FE_79": {"avail": 1.0, "util": 0.32766282460769336, "br": 0.0}, "Planar_FE_80": {"avail": 1.0, "util": 0.48521038744618805, "br": 0.0}, "TF_BE_2": {"avail": 1.0, "util": 0.5331551173448132, "br": 0.0}, "TF_BE_23": {"avail": 1.0, "util": 0.600263852242744, "br": 0.0}, "TF_BE_24": {"avail": 1.0, "util": 0.7143799472295514, "br": 0.0}, "TF_BE_26": {"avail": 1.0, "util": 0.5278647196436392, "br": 0.0}, "TF_BE_40": {"avail": 1.0, "util": 0.6028247710693776, "br": 0.0}, "TF_FE_103": {"avail": 1.0, "util": 0.7245223877636043, "br": 0.0}, "TF_FE_104": {"avail": 1.0, "util": 0.5628107207332316, "br": 0.0}, "TF_FE_113": {"avail": 1.0, "util": 0.22496875433967506, "br": 0.0}, "TF_FE_131": {"avail": 1.0, "util": 0.7117529972688978, "br": 0.0}, "TF_FE_3": {"avail": 1.0, "util": 0.6713419432486228, "br": 0.0}, "TF_FE_5": {"avail": 1.0, "util": 0.5391843725408508, "br": 0.0}, "TF_Met_FE_45": {"avail": 1.0, "util": 0.17816969865296486, "br": 0.0}, "TF_Met_FE_61": {"avail": 1.0, "util": 0.9904179975003472, "br": 0.0}, "WE_BE_14": {"avail": 1.0, "util": 0.035745035411748366, "br": 0.0}, "WE_BE_16": {"avail": 1.0, "util": 0.04011595611720594, "br": 0.0}, "WE_BE_17": {"avail": 1.0, "util": 0.02346896264407721, "br": 0.0}, "WE_BE_7": {"avail": 1.0, "util": 0.03402305235383975, "br": 0.0}, "WE_BE_81": {"avail": 1.0, "util": 0.03485626996250521, "br": 0.0}, "WE_BE_82": {"avail": 1.0, "util": 0.05023993581138422, "br": 0.0}, "WE_BE_9": {"avail": 1.0, "util": 0.06990695736703235, "br": 0.0}, "WE_FE_108": {"avail": 1.0, "util": 0.026433110343869862, "br": 0.0}, "WE_FE_41": {"avail": 1.0, "util": 0.02866268573809193, "br": 0.0}, "WE_FE_47": {"avail": 1.0, "util": 0.026385224274406333, "br": 0.0}, "WE_FE_8": {"avail": 1.0, "util": 0.026038050270795723, "br": 0.0}, "WE_FE_83": {"avail": 1.0, "util": 0.054645188168309954, "br": 0.0}, "WE_FE_84": {"avail": 1.0, "util": 0.030771869920027447, "br": 0.0}, "WE_FE_85": {"avail": 1.0, "util": 0.047701708096097764, "br": 0.0}}, "plugins": {"cost": 429200}}