{"lots": {}, "machines": {"DE_BE_11": {"avail": 1.0, "util": 0.8469734141863013, "br": 0.0}, "DE_BE_12": {"avail": 1.0, "util": 0.7088400420576507, "br": 0.0}, "DE_BE_13": {"avail": 1.0, "util": 0.8706055782850672, "br": 0.0}, "DE_BE_48": {"avail": 1.0, "util": 0.6981606090063248, "br": 0.0}, "DE_BE_50": {"avail": 1.0, "util": 0.7194209137619775, "br": 0.0}, "DE_BE_65": {"avail": 1.0, "util": 0.805046016336115, "br": 0.0}, "DE_BE_66": {"avail": 1.0, "util": 0.5961671990001388, "br": 0.0}, "DE_BE_67": {"avail": 1.0, "util": 0.8311093156253551, "br": 0.0}, "DE_BE_69": {"avail": 1.0, "util": 0.3677961394250798, "br": 0.0}, "DE_FE_1": {"avail": 1.0, "util": 0.5628107207332316, "br": 0.0}, "DE_FE_51": {"avail": 1.0, "util": 0.3463199555617275, "br": 0.0}, "DE_FE_53": {"avail": 1.0, "util": 0.1390640188862658, "br": 0.0}, "DE_FE_54": {"avail": 1.0, "util": 0.80868397907698, "br": 0.0}, "DE_FE_56": {"avail": 1.0, "util": 0.9017150395778364, "br": 0.0}, "DE_FE_58": {"avail": 1.0, "util": 0.7429870851270657, "br": 0.0}, "DE_FE_59": {"avail": 1.0, "util": 0.8314557005971392, "br": 0.0}, "DE_FE_62": {"avail": 1.0, "util": 0.756455394267136, "br": 0.0}, "DE_FE_70": {"avail": 1.0, "util": 0.8343411899862393, "br": 0.0}, "DE_FE_71": {"avail": 1.0, "util": 0.6355868783656591, "br": 0.0}, "DE_FE_72": {"avail": 1.0, "util": 0.6118784007271718, "br": 0.0}, "DE_FE_86": {"avail": 1.0, "util": 0.6792547645218767, "br": 0.0}, "DefMEt_FE_118": {"avail": 1.0, "util": 0.31013053742535757, "br": 0.0}, "DefMet_BE_33": {"avail": 1.0, "util": 0.8966810165254826, "br": 0.0}, "DefMet_BE_42": {"avail": 1.0, "util": 0.9815303430079155, "br": 0.0}, "DefMet_FE_10": {"avail": 1.0, "util": 0.5411401194278572, "br": 0.0}, "DefMet_FE_106": {"avail": 1.0, "util": 0.12845438133592557, "br": 0.0}, "DefMet_FE_34": {"avail": 1.0, "util": 0.48611303985557563, "br": 0.0}, "DefMet_FE_43": {"avail": 1.0, "util": 0.8501735870018053, "br": 0.0}, "Delay_32": {"avail": 1.0, "util": 0.2866914317455909, "br": 0.0}, "Dielectric_BE_20": {"avail": 1.0, "util": 0.808373836967088, "br": 0.0}, "Dielectric_BE_21": {"avail": 1.0, "util": 0.9363051428042402, "br": 0.0}, "Dielectric_BE_27": {"avail": 1.0, "util": 0.9016629634772948, "br": 0.0}, "Dielectric_BE_28": {"avail": 1.0, "util": 0.8460167569319077, "br": 0.0}, "Dielectric_BE_60": {"avail": 1.0, "util": 0.9244896542146924, "br": 0.0}, "Dielectric_FE_112": {"avail": 1.0, "util": 0.6977271675230292, "br": 0.0}, "Dielectric_FE_130": {"avail": 1.0, "util": 0.43785585335370086, "br": 0.0}, "Dielectric_FE_29": {"avail": 1.0, "util": 0.7146229690320789, "br": 0.0}, "Dielectric_FE_30": {"avail": 1.0, "util": 0.9791348423830024, "br": 0.0}, "Dielectric_FE_31": {"avail": 1.0, "util": 0.2910186085265935, "br": 0.0}, "Diffusion_BE_123": {"avail": 1.0, "util": 0.0, "br": 0.0}, "Diffusion_FE_100": {"avail": 1.0, "util": 0.0, "br": 0.0}, "Diffusion_FE_101": {"avail": 1.0, "util": 0.0, "br": 0.0}, "Diffusion_FE_120": {"avail": 1.0, "util": 0.0, "br": 0.0}, "Diffusion_FE_122": {"avail": 1.0, "util": 0.0, "br": 0.0}, "Diffusion_FE_125": {"avail": 1.0, "util": 0.0, "br": 0.0}, "Diffusion_FE_126": {"avail": 1.0, "util": 0.0, "br": 0.0}, "Diffusion_FE_127": {"avail": 1.0, "util": 0.0, "br": 0.0}, "Diffusion_FE_44": {"avail": 1.0, "util": 0.0, "br": 0.0}, "Diffusion_FE_94": {"avail": 1.0, "util": 0.0, "br": 0.0}, "EPI_36": {"avail": 1.0, "util": 0.008991806693514789, "br": 0.0}, "EPI_38": {"avail": 1.0, "util": 0.31370642966254686, "br": 0.0}, "Implant_119": {"avail": 1.0, "util": 0.02836411609498681, "br": 0.0}, "Implant_128": {"avail": 1.0, "util": 0.03918016437111007, "br": 0.0}, "Implant_132": {"avail": 1.0, "util": 0.03230702085027873, "br": 0.0}, "Implant_74": {"avail": 1.0, "util": 0.01694209137619775, "br": 0.0}, "Implant_88": {"avail": 1.0, "util": 0.00361060963755034, "br": 0.0}, "Implant_90": {"avail": 1.0, "util": 0.036210248576586584, "br": 0.0}, "Implant_91": {"avail": 1.0, "util": 0.0465808320272978, "br": 0.0}, "LithoMet_BE_18": {"avail": 1.0, "util": 0.9433222658469151, "br": 0.0}, "LithoMet_FE_19": {"avail": 1.0, "util": 0.9580365822207233, "br": 0.0}, "LithoTrack_BE_117": {"avail": 1.0, "util": 0.07194834050826275, "br": 0.0}, "LithoTrack_FE_115": {"avail": 1.0, "util": 0.04832323423914701, "br": 0.0}, "LithoTrack_FE_95": {"avail": 1.0, "util": 0.0750555478405777, "br": 0.0}, "LithoTrack_FE_96": {"avail": 1.0, "util": 0.018816830995695043, "br": 0.0}, "Litho_BE_110": {"avail": 1.0, "util": 0.07034650984464719, "br": 0.0}, "Litho_BE_93": {"avail": 1.0, "util": 0.06917442021941397, "br": 0.0}, "Litho_BE_99": {"avail": 1.0, "util": 0.12313104661389622, "br": 0.0}, "Litho_FE_111": {"avail": 1.0, "util": 0.10069781974725732, "br": 0.0}, "Litho_FE_35": {"avail": 1.0, "util": 0.058984863213442575, "br": 0.0}, "Litho_FE_92": {"avail": 1.0, "util": 0.0764690801491246, "br": 0.0}, "Litho_FE_98": {"avail": 1.0, "util": 0.03535967226774059, "br": 0.0}, "Litho_REG_BE_63": {"avail": 1.0, "util": 0.9402773920288848, "br": 0.0}, "Litho_REG_FE_64": {"avail": 1.0, "util": 0.9384749803268064, "br": 0.0}, "Planar_BE_75": {"avail": 1.0, "util": 0.8358412522070346, "br": 0.0}, "Planar_FE_76": {"avail": 1.0, "util": 0.9325440910984586, "br": 0.0}, "Planar_FE_77": {"avail": 1.0, "util": 0.8967504513262047, "br": 0.0}, "Planar_FE_78": {"avail": 1.0, "util": 0.4206707401749757, "br": 0.0}, "Planar_FE_79": {"avail": 1.0, "util": 0.3188446049159839, "br": 0.0}, "Planar_FE_80": {"avail": 1.0, "util": 0.3208929315372865, "br": 0.0}, "TF_BE_2": {"avail": 1.0, "util": 0.6663657825302042, "br": 0.0}, "TF_BE_23": {"avail": 1.0, "util": 0.5814470212470491, "br": 0.0}, "TF_BE_24": {"avail": 1.0, "util": 0.7172788501597, "br": 0.0}, "TF_BE_26": {"avail": 1.0, "util": 0.7332314956256075, "br": 0.0}, "TF_BE_40": {"avail": 1.0, "util": 0.7638890023444457, "br": 0.0}, "TF_FE_103": {"avail": 1.0, "util": 0.7336778622016783, "br": 0.0}, "TF_FE_104": {"avail": 1.0, "util": 0.7500486043605056, "br": 0.0}, "TF_FE_113": {"avail": 1.0, "util": 0.1071147525806601, "br": 0.0}, "TF_FE_131": {"avail": 1.0, "util": 0.7133384252187196, "br": 0.0}, "TF_FE_3": {"avail": 1.0, "util": 0.45023839281581257, "br": 0.0}, "TF_FE_5": {"avail": 1.0, "util": 0.36018145627922044, "br": 0.0}, "TF_Met_FE_45": {"avail": 1.0, "util": 0.08845993611998333, "br": 0.0}, "TF_Met_FE_61": {"avail": 1.0, "util": 0.9828148868212748, "br": 0.0}, "WE_BE_14": {"avail": 1.0, "util": 0.03932787112900986, "br": 0.0}, "WE_BE_16": {"avail": 1.0, "util": 0.0389529232051104, "br": 0.0}, "WE_BE_17": {"avail": 1.0, "util": 0.032599638939036245, "br": 0.0}, "WE_BE_7": {"avail": 1.0, "util": 0.017011526176919874, "br": 0.0}, "WE_BE_81": {"avail": 1.0, "util": 0.040549923621719206, "br": 0.0}, "WE_BE_82": {"avail": 1.0, "util": 0.045148050425095274, "br": 0.0}, "WE_BE_9": {"avail": 1.0, "util": 0.04977086515761699, "br": 0.0}, "WE_FE_108": {"avail": 1.0, "util": 0.03757141010108749, "br": 0.0}, "WE_FE_41": {"avail": 1.0, "util": 0.03420358283571726, "br": 0.0}, "WE_FE_47": {"avail": 1.0, "util": 0.03312039994445216, "br": 0.0}, "WE_FE_8": {"avail": 1.0, "util": 0.029509790306901817, "br": 0.0}, "WE_FE_83": {"avail": 1.0, "util": 0.0395778364116095, "br": 0.0}, "WE_FE_84": {"avail": 1.0, "util": 0.03758464919088035, "br": 0.0}, "WE_FE_85": {"avail": 1.0, "util": 0.025343702263574505, "br": 0.0}}, "plugins": {"cost": 429025.13033564814}}