{"lots": {}, "machines": {"DE_BE_11": {"avail": 1.0, "util": 0.7788084988196083, "br": 0.0}, "DE_BE_12": {"avail": 1.0, "util": 0.7062290731225601, "br": 0.0}, "DE_BE_13": {"avail": 1.0, "util": 0.7903300467527659, "br": 0.0}, "DE_BE_48": {"avail": 1.0, "util": 0.8202749618108597, "br": 0.0}, "DE_BE_50": {"avail": 1.0, "util": 0.8510469224953324, "br": 0.0}, "DE_BE_65": {"avail": 1.0, "util": 0.7154766086409567, "br": 0.0}, "DE_BE_66": {"avail": 1.0, "util": 0.691143042998414, "br": 0.0}, "DE_BE_67": {"avail": 1.0, "util": 0.8078600194417441, "br": 0.0}, "DE_BE_69": {"avail": 1.0, "util": 0.8284613248159978, "br": 0.0}, "DE_FE_1": {"avail": 1.0, "util": 0.5640486440375345, "br": 0.0}, "DE_FE_51": {"avail": 1.0, "util": 0.5354665653162207, "br": 0.0}, "DE_FE_53": {"avail": 1.0, "util": 0.6882932925982502, "br": 0.0}, "DE_FE_54": {"avail": 1.0, "util": 0.8156228301624775, "br": 0.0}, "DE_FE_56": {"avail": 1.0, "util": 0.7560408276628247, "br": 0.0}, "DE_FE_58": {"avail": 1.0, "util": 0.49787066611118824, "br": 0.0}, "DE_FE_59": {"avail": 1.0, "util": 0.8268805258528908, "br": 0.0}, "DE_FE_62": {"avail": 1.0, "util": 0.6379867875493482, "br": 0.0}, "DE_FE_70": {"avail": 1.0, "util": 0.8077136722463761, "br": 0.0}, "DE_FE_71": {"avail": 1.0, "util": 0.702769456623088, "br": 0.0}, "DE_FE_72": {"avail": 1.0, "util": 0.8722939715163017, "br": 0.0}, "DE_FE_86": {"avail": 1.0, "util": 0.6558353520858728, "br": 0.0}, "DefMEt_FE_118": {"avail": 1.0, "util": 0.37592001110956813, "br": 0.0}, "DefMet_BE_33": {"avail": 1.0, "util": 0.9085196500486044, "br": 0.0}, "DefMet_BE_42": {"avail": 1.0, "util": 0.9854186918483544, "br": 0.0}, "DefMet_FE_10": {"avail": 1.0, "util": 0.6614359116789335, "br": 0.0}, "DefMet_FE_106": {"avail": 1.0, "util": 0.45264546590751287, "br": 0.0}, "DefMet_FE_34": {"avail": 1.0, "util": 0.6397028190529093, "br": 0.0}, "DefMet_FE_43": {"avail": 1.0, "util": 0.9630838309494052, "br": 0.0}, "Delay_32": {"avail": 1.0, "util": 0.3777543049576447, "br": 0.0}, "Dielectric_BE_20": {"avail": 1.0, "util": 0.9086515761699764, "br": 0.0}, "Dielectric_BE_21": {"avail": 1.0, "util": 0.9505624218858492, "br": 0.0}, "Dielectric_BE_27": {"avail": 1.0, "util": 0.8098365967689672, "br": 0.0}, "Dielectric_BE_28": {"avail": 1.0, "util": 0.8237918344674351, "br": 0.0}, "Dielectric_BE_60": {"avail": 1.0, "util": 0.9289855575614498, "br": 0.0}, "Dielectric_FE_112": {"avail": 1.0, "util": 0.9066449104291071, "br": 0.0}, "Dielectric_FE_130": {"avail": 1.0, "util": 0.8280794334120261, "br": 0.0}, "Dielectric_FE_29": {"avail": 1.0, "util": 0.9719483405082627, "br": 0.0}, "Dielectric_FE_30": {"avail": 1.0, "util": 0.9728162755172892, "br": 0.0}, "Dielectric_FE_31": {"avail": 1.0, "util": 0.9392619080683239, "br": 0.0}, "Diffusion_BE_123": {"avail": 1.0, "util": 0.0, "br": 0.0}, "Diffusion_FE_100": {"avail": 1.0, "util": 0.0, "br": 0.0}, "Diffusion_FE_101": {"avail": 1.0, "util": 0.0, "br": 0.0}, "Diffusion_FE_120": {"avail": 1.0, "util": 0.0, "br": 0.0}, "Diffusion_FE_122": {"avail": 1.0, "util": 0.0, "br": 0.0}, "Diffusion_FE_125": {"avail": 1.0, "util": 0.0, "br": 0.0}, "Diffusion_FE_126": {"avail": 1.0, "util": 0.0, "br": 0.0}, "Diffusion_FE_127": {"avail": 1.0, "util": 0.0, "br": 0.0}, "Diffusion_FE_44": {"avail": 1.0, "util": 0.0, "br": 0.0}, "Diffusion_FE_94": {"avail": 1.0, "util": 0.0, "br": 0.0}, "EPI_36": {"avail": 1.0, "util": 0.008991806693514789, "br": 0.0}, "EPI_38": {"avail": 1.0, "util": 0.017567004582696846, "br": 0.0}, "Implant_119": {"avail": 1.0, "util": 0.022948201638661295, "br": 0.0}, "Implant_128": {"avail": 1.0, "util": 0.05621441466462991, "br": 0.0}, "Implant_132": {"avail": 1.0, "util": 0.037286487987779476, "br": 0.0}, "Implant_74": {"avail": 1.0, "util": 0.008401610887376754, "br": 0.0}, "Implant_88": {"avail": 1.0, "util": 0.017914178586307457, "br": 0.0}, "Implant_90": {"avail": 1.0, "util": 0.036696292181641436, "br": 0.0}, "Implant_91": {"avail": 1.0, "util": 0.04664861361847892, "br": 0.0}, "LithoMet_BE_18": {"avail": 1.0, "util": 0.9552893294734706, "br": 0.0}, "LithoMet_FE_19": {"avail": 1.0, "util": 0.9627366569457946, "br": 0.0}, "LithoTrack_BE_117": {"avail": 1.0, "util": 0.12252464935425635, "br": 0.0}, "LithoTrack_FE_115": {"avail": 1.0, "util": 0.05126330493313837, "br": 0.0}, "LithoTrack_FE_95": {"avail": 1.0, "util": 0.062171070344538316, "br": 0.0}, "LithoTrack_FE_96": {"avail": 1.0, "util": 0.003853631440077767, "br": 0.0}, "Litho_BE_110": {"avail": 1.0, "util": 0.0709028507945325, "br": 0.0}, "Litho_BE_93": {"avail": 1.0, "util": 0.06306994398926076, "br": 0.0}, "Litho_BE_99": {"avail": 1.0, "util": 0.2205480720270333, "br": 0.0}, "Litho_FE_111": {"avail": 1.0, "util": 0.10676547449217913, "br": 0.0}, "Litho_FE_35": {"avail": 1.0, "util": 0.05054853492570476, "br": 0.0}, "Litho_FE_92": {"avail": 1.0, "util": 0.10269827843775906, "br": 0.0}, "Litho_FE_98": {"avail": 1.0, "util": 0.11517844743785585, "br": 0.0}, "Litho_REG_BE_63": {"avail": 1.0, "util": 0.9303134981252604, "br": 0.0}, "Litho_REG_FE_64": {"avail": 1.0, "util": 0.9366655424841788, "br": 0.0}, "Planar_BE_75": {"avail": 1.0, "util": 0.8388348840438827, "br": 0.0}, "Planar_FE_76": {"avail": 1.0, "util": 0.15560338841827523, "br": 0.0}, "Planar_FE_77": {"avail": 1.0, "util": 0.8959866685182614, "br": 0.0}, "Planar_FE_78": {"avail": 1.0, "util": 0.7423274545202055, "br": 0.0}, "Planar_FE_79": {"avail": 1.0, "util": 0.9554367448965422, "br": 0.0}, "Planar_FE_80": {"avail": 1.0, "util": 0.9656992084432717, "br": 0.0}, "TF_BE_2": {"avail": 1.0, "util": 0.3364984029995834, "br": 0.0}, "TF_BE_23": {"avail": 1.0, "util": 0.5173696635701183, "br": 0.0}, "TF_BE_24": {"avail": 1.0, "util": 0.2897930842938481, "br": 0.0}, "TF_BE_26": {"avail": 1.0, "util": 0.591987223996667, "br": 0.0}, "TF_BE_40": {"avail": 1.0, "util": 0.7253737906772209, "br": 0.0}, "TF_FE_103": {"avail": 1.0, "util": 0.7448791834467435, "br": 0.0}, "TF_FE_104": {"avail": 1.0, "util": 0.4683655047910012, "br": 0.0}, "TF_FE_113": {"avail": 1.0, "util": 0.5020483266213026, "br": 0.0}, "TF_FE_131": {"avail": 1.0, "util": 0.4535365458501134, "br": 0.0}, "TF_FE_3": {"avail": 1.0, "util": 0.839362588529371, "br": 0.0}, "TF_FE_5": {"avail": 1.0, "util": 0.20240244410498542, "br": 0.0}, "TF_Met_FE_45": {"avail": 1.0, "util": 0.10533259269545897, "br": 0.0}, "TF_Met_FE_61": {"avail": 1.0, "util": 0.9905221497014304, "br": 0.0}, "WE_BE_14": {"avail": 1.0, "util": 0.04159144563255104, "br": 0.0}, "WE_BE_16": {"avail": 1.0, "util": 0.04550293940656391, "br": 0.0}, "WE_BE_17": {"avail": 1.0, "util": 0.036904596583807805, "br": 0.0}, "WE_BE_7": {"avail": 1.0, "util": 0.005624218858491876, "br": 0.0}, "WE_BE_81": {"avail": 1.0, "util": 0.05582557978058603, "br": 0.0}, "WE_BE_82": {"avail": 1.0, "util": 0.07090681849743091, "br": 0.0}, "WE_BE_9": {"avail": 1.0, "util": 0.05314738032416133, "br": 0.0}, "WE_FE_108": {"avail": 1.0, "util": 0.04379947229551451, "br": 0.0}, "WE_FE_41": {"avail": 1.0, "util": 0.03777253159283433, "br": 0.0}, "WE_FE_47": {"avail": 1.0, "util": 0.03767995185853816, "br": 0.0}, "WE_FE_8": {"avail": 1.0, "util": 0.04853492570476323, "br": 0.0}, "WE_FE_83": {"avail": 1.0, "util": 0.04614438470847303, "br": 0.0}, "WE_FE_84": {"avail": 1.0, "util": 0.04201191192581277, "br": 0.0}, "WE_FE_85": {"avail": 1.0, "util": 0.023885571448409942, "br": 0.0}}, "plugins": {"cost": 448000.0}}