{"lots": {}, "machines": {"DE_BE_11": {"avail": 1.0, "util": 0.0, "br": 0.0}, "DE_BE_12": {"avail": 1.0, "util": 0.0, "br": 0.0}, "DE_BE_13": {"avail": 1.0, "util": 0.0, "br": 0.0}, "DE_BE_48": {"avail": 1.0, "util": 0.0, "br": 0.0}, "DE_BE_50": {"avail": 1.0, "util": 0.0, "br": 0.0}, "DE_BE_65": {"avail": 1.0, "util": 0.0, "br": 0.0}, "DE_BE_66": {"avail": 1.0, "util": 0.0, "br": 0.0}, "DE_BE_67": {"avail": 1.0, "util": 0.0, "br": 0.0}, "DE_BE_69": {"avail": 1.0, "util": 0.0, "br": 0.0}, "DE_FE_1": {"avail": 1.0, "util": 0.0, "br": 0.0}, "DE_FE_51": {"avail": 1.0, "util": 0.0, "br": 0.0}, "DE_FE_53": {"avail": 1.0, "util": 0.0, "br": 0.0}, "DE_FE_54": {"avail": 1.0, "util": 0.0, "br": 0.0}, "DE_FE_56": {"avail": 1.0, "util": 0.0, "br": 0.0}, "DE_FE_58": {"avail": 1.0, "util": 0.0, "br": 0.0}, "DE_FE_59": {"avail": 1.0, "util": 0.0, "br": 0.0}, "DE_FE_62": {"avail": 1.0, "util": 0.0, "br": 0.0}, "DE_FE_70": {"avail": 1.0, "util": 0.0, "br": 0.0}, "DE_FE_71": {"avail": 1.0, "util": 0.0, "br": 0.0}, "DE_FE_72": {"avail": 1.0, "util": 0.0, "br": 0.0}, "DE_FE_86": {"avail": 1.0, "util": 0.0, "br": 0.0}, "DefMEt_FE_118": {"avail": 1.0, "util": 0.9912572855953372, "br": 0.0}, "DefMet_BE_33": {"avail": 1.0, "util": 0.4479600333055787, "br": 0.0}, "DefMet_BE_42": {"avail": 1.0, "util": 0.8903691368304191, "br": 0.0}, "DefMet_FE_10": {"avail": 1.0, "util": 0.6625034693311129, "br": 0.0}, "DefMet_FE_106": {"avail": 1.0, "util": 0.25284485151262837, "br": 0.0}, "DefMet_FE_34": {"avail": 1.0, "util": 0.5027754648903692, "br": 0.0}, "DefMet_FE_43": {"avail": 1.0, "util": 0.8768248681654176, "br": 0.0}, "Delay_32": {"avail": 1.0, "util": 0.0, "br": 0.0}, "Dielectric_BE_20": {"avail": 1.0, "util": 0.6764918123785735, "br": 0.0}, "Dielectric_BE_21": {"avail": 1.0, "util": 0.6165695253955037, "br": 0.0}, "Dielectric_BE_27": {"avail": 1.0, "util": 0.8642566379868628, "br": 0.0}, "Dielectric_BE_28": {"avail": 1.0, "util": 0.7616800814136369, "br": 0.0}, "Dielectric_BE_60": {"avail": 1.0, "util": 0.7283745027292072, "br": 0.0}, "Dielectric_FE_112": {"avail": 1.0, "util": 0.5348320843741327, "br": 0.0}, "Dielectric_FE_130": {"avail": 1.0, "util": 0.8783652511795725, "br": 0.0}, "Dielectric_FE_29": {"avail": 1.0, "util": 0.7720418170043482, "br": 0.0}, "Dielectric_FE_30": {"avail": 1.0, "util": 0.549819594782126, "br": 0.0}, "Dielectric_FE_31": {"avail": 1.0, "util": 0.8501942825423259, "br": 0.0}, "Diffusion_BE_123": {"avail": 1.0, "util": 0.0, "br": 0.0}, "Diffusion_FE_100": {"avail": 1.0, "util": 0.0, "br": 0.0}, "Diffusion_FE_101": {"avail": 1.0, "util": 0.0, "br": 0.0}, "Diffusion_FE_120": {"avail": 1.0, "util": 0.0, "br": 0.0}, "Diffusion_FE_122": {"avail": 1.0, "util": 0.0, "br": 0.0}, "Diffusion_FE_125": {"avail": 1.0, "util": 0.0, "br": 0.0}, "Diffusion_FE_126": {"avail": 1.0, "util": 0.0, "br": 0.0}, "Diffusion_FE_127": {"avail": 1.0, "util": 0.0, "br": 0.0}, "Diffusion_FE_44": {"avail": 1.0, "util": 0.0, "br": 0.0}, "Diffusion_FE_94": {"avail": 1.0, "util": 0.0, "br": 0.0}, "EPI_36": {"avail": 1.0, "util": 0.014293644185401055, "br": 0.0}, "EPI_38": {"avail": 1.0, "util": 0.990563419372745, "br": 0.0}, "Implant_119": {"avail": 1.0, "util": 0.06563974465723009, "br": 0.0}, "Implant_128": {"avail": 1.0, "util": 0.06519819342467136, "br": 0.0}, "Implant_132": {"avail": 1.0, "util": 0.0481344910986876, "br": 0.0}, "Implant_74": {"avail": 1.0, "util": 0.0678601165695254, "br": 0.0}, "Implant_88": {"avail": 1.0, "util": 0.0, "br": 0.0}, "Implant_90": {"avail": 1.0, "util": 0.03788509575353872, "br": 0.0}, "Implant_91": {"avail": 1.0, "util": 0.07017961222790532, "br": 0.0}, "LithoMet_BE_18": {"avail": 1.0, "util": 0.7569197386016703, "br": 0.0}, "LithoMet_FE_19": {"avail": 1.0, "util": 0.7903334522818286, "br": 0.0}, "LithoTrack_BE_117": {"avail": 1.0, "util": 0.19861226755481542, "br": 0.0}, "LithoTrack_FE_115": {"avail": 1.0, "util": 0.11768648077821327, "br": 0.0}, "LithoTrack_FE_95": {"avail": 1.0, "util": 0.20611296142103802, "br": 0.0}, "LithoTrack_FE_96": {"avail": 1.0, "util": 0.060088814876491814, "br": 0.0}, "Litho_BE_110": {"avail": 1.0, "util": 0.18859887291990973, "br": 0.0}, "Litho_BE_93": {"avail": 1.0, "util": 0.25402442409103526, "br": 0.0}, "Litho_BE_99": {"avail": 1.0, "util": 0.3759829771486724, "br": 0.0}, "Litho_FE_111": {"avail": 1.0, "util": 0.322120455176242, "br": 0.0}, "Litho_FE_35": {"avail": 1.0, "util": 0.10116569525395504, "br": 0.0}, "Litho_FE_92": {"avail": 1.0, "util": 0.21158649843079483, "br": 0.0}, "Litho_FE_98": {"avail": 1.0, "util": 0.03157091312794893, "br": 0.0}, "Litho_REG_BE_63": {"avail": 1.0, "util": 0.8240702192617263, "br": 0.0}, "Litho_REG_FE_64": {"avail": 1.0, "util": 0.8226709223794986, "br": 0.0}, "Planar_BE_75": {"avail": 1.0, "util": 0.24963324213948693, "br": 0.0}, "Planar_FE_76": {"avail": 1.0, "util": 0.9285317790729948, "br": 0.0}, "Planar_FE_77": {"avail": 1.0, "util": 0.7180127671384957, "br": 0.0}, "Planar_FE_78": {"avail": 1.0, "util": 0.8470718845406605, "br": 0.0}, "Planar_FE_79": {"avail": 1.0, "util": 0.0, "br": 0.0}, "Planar_FE_80": {"avail": 1.0, "util": 0.6465445462114904, "br": 0.0}, "TF_BE_2": {"avail": 1.0, "util": 0.0, "br": 0.0}, "TF_BE_23": {"avail": 1.0, "util": 0.0, "br": 0.0}, "TF_BE_24": {"avail": 1.0, "util": 0.0, "br": 0.0}, "TF_BE_26": {"avail": 1.0, "util": 0.15333376032793186, "br": 0.0}, "TF_BE_40": {"avail": 1.0, "util": 0.0, "br": 0.0}, "TF_FE_103": {"avail": 1.0, "util": 0.0, "br": 0.0}, "TF_FE_104": {"avail": 1.0, "util": 0.0, "br": 0.0}, "TF_FE_113": {"avail": 1.0, "util": 0.0, "br": 0.0}, "TF_FE_131": {"avail": 1.0, "util": 0.0, "br": 0.0}, "TF_FE_3": {"avail": 1.0, "util": 0.0, "br": 0.0}, "TF_FE_5": {"avail": 1.0, "util": 0.0, "br": 0.0}, "TF_Met_FE_45": {"avail": 1.0, "util": 0.28184845961698585, "br": 0.0}, "TF_Met_FE_61": {"avail": 1.0, "util": 0.9407438245906189, "br": 0.0}, "WE_BE_14": {"avail": 1.0, "util": 0.02953094643352762, "br": 0.0}, "WE_BE_16": {"avail": 1.0, "util": 0.02324451845684152, "br": 0.0}, "WE_BE_17": {"avail": 1.0, "util": 0.027060782681099085, "br": 0.0}, "WE_BE_7": {"avail": 1.0, "util": 0.011379406050513461, "br": 0.0}, "WE_BE_81": {"avail": 1.0, "util": 0.028309741881765195, "br": 0.0}, "WE_BE_82": {"avail": 1.0, "util": 0.06106022758812101, "br": 0.0}, "WE_BE_9": {"avail": 1.0, "util": 0.07155148487371635, "br": 0.0}, "WE_FE_108": {"avail": 1.0, "util": 0.03277919741211825, "br": 0.0}, "WE_FE_41": {"avail": 1.0, "util": 0.03669164585067999, "br": 0.0}, "WE_FE_47": {"avail": 1.0, "util": 0.03130724396336386, "br": 0.0}, "WE_FE_8": {"avail": 1.0, "util": 0.026089369969469887, "br": 0.0}, "WE_FE_83": {"avail": 1.0, "util": 0.06480710519011934, "br": 0.0}, "WE_FE_84": {"avail": 1.0, "util": 0.038970792313594876, "br": 0.0}, "WE_FE_85": {"avail": 1.0, "util": 0.08576186511240633, "br": 0.0}}, "plugins": {"cost": 429200}}