{"lots": {}, "machines": {"DE_BE_11": {"avail": 1.0, "util": 0.7328103304637601, "br": 0.0}, "DE_BE_12": {"avail": 1.0, "util": 0.7113147582461662, "br": 0.0}, "DE_BE_13": {"avail": 1.0, "util": 0.8516318218484283, "br": 0.0}, "DE_BE_48": {"avail": 1.0, "util": 0.8755554012774229, "br": 0.0}, "DE_BE_50": {"avail": 1.0, "util": 0.7038708383473726, "br": 0.0}, "DE_BE_65": {"avail": 1.0, "util": 0.7721384582713952, "br": 0.0}, "DE_BE_66": {"avail": 1.0, "util": 0.7061342609509054, "br": 0.0}, "DE_BE_67": {"avail": 1.0, "util": 0.825131907803388, "br": 0.0}, "DE_BE_69": {"avail": 1.0, "util": 0.8264718133851708, "br": 0.0}, "DE_FE_1": {"avail": 1.0, "util": 0.5611536477962471, "br": 0.0}, "DE_FE_51": {"avail": 1.0, "util": 0.6167840804454903, "br": 0.0}, "DE_FE_53": {"avail": 1.0, "util": 0.6796306581505137, "br": 0.0}, "DE_FE_54": {"avail": 1.0, "util": 0.8140099972229936, "br": 0.0}, "DE_FE_56": {"avail": 1.0, "util": 0.7540613718411552, "br": 0.0}, "DE_FE_58": {"avail": 1.0, "util": 0.48377765435527165, "br": 0.0}, "DE_FE_59": {"avail": 1.0, "util": 0.7580903452744607, "br": 0.0}, "DE_FE_62": {"avail": 1.0, "util": 0.8060707343198318, "br": 0.0}, "DE_FE_70": {"avail": 1.0, "util": 0.8572298293209151, "br": 0.0}, "DE_FE_71": {"avail": 1.0, "util": 0.6486789383901298, "br": 0.0}, "DE_FE_72": {"avail": 1.0, "util": 0.9275201332963066, "br": 0.0}, "DE_FE_86": {"avail": 1.0, "util": 0.6595863289004082, "br": 0.0}, "DefMEt_FE_118": {"avail": 1.0, "util": 0.3787142460427659, "br": 0.0}, "DefMet_BE_33": {"avail": 1.0, "util": 0.9160649819494585, "br": 0.0}, "DefMet_BE_42": {"avail": 1.0, "util": 0.9793807275756734, "br": 0.0}, "DefMet_FE_10": {"avail": 1.0, "util": 0.9314773673979451, "br": 0.0}, "DefMet_FE_106": {"avail": 1.0, "util": 0.388086642599278, "br": 0.0}, "DefMet_FE_34": {"avail": 1.0, "util": 0.5882393779505692, "br": 0.0}, "DefMet_FE_43": {"avail": 1.0, "util": 0.9441127464593169, "br": 0.0}, "Delay_32": {"avail": 1.0, "util": 0.38225475562343797, "br": 0.0}, "Dielectric_BE_20": {"avail": 1.0, "util": 0.8782976950846987, "br": 0.0}, "Dielectric_BE_21": {"avail": 1.0, "util": 0.9413878089419606, "br": 0.0}, "Dielectric_BE_27": {"avail": 1.0, "util": 0.8119781542164214, "br": 0.0}, "Dielectric_BE_28": {"avail": 1.0, "util": 0.828190086087198, "br": 0.0}, "Dielectric_BE_60": {"avail": 1.0, "util": 0.9184080810885865, "br": 0.0}, "Dielectric_FE_112": {"avail": 1.0, "util": 0.9091016384337685, "br": 0.0}, "Dielectric_FE_130": {"avail": 1.0, "util": 0.883331019161344, "br": 0.0}, "Dielectric_FE_29": {"avail": 1.0, "util": 0.9610756271406091, "br": 0.0}, "Dielectric_FE_30": {"avail": 1.0, "util": 0.9743126909191892, "br": 0.0}, "Dielectric_FE_31": {"avail": 1.0, "util": 0.9253158844765343, "br": 0.0}, "Diffusion_BE_123": {"avail": 1.0, "util": 0.0, "br": 0.0}, "Diffusion_FE_100": {"avail": 1.0, "util": 0.0, "br": 0.0}, "Diffusion_FE_101": {"avail": 1.0, "util": 0.0, "br": 0.0}, "Diffusion_FE_120": {"avail": 1.0, "util": 0.0, "br": 0.0}, "Diffusion_FE_122": {"avail": 1.0, "util": 0.0, "br": 0.0}, "Diffusion_FE_125": {"avail": 1.0, "util": 0.0, "br": 0.0}, "Diffusion_FE_126": {"avail": 1.0, "util": 0.0, "br": 0.0}, "Diffusion_FE_127": {"avail": 1.0, "util": 0.0, "br": 0.0}, "Diffusion_FE_44": {"avail": 1.0, "util": 0.0, "br": 0.0}, "Diffusion_FE_94": {"avail": 1.0, "util": 0.0, "br": 0.0}, "EPI_36": {"avail": 1.0, "util": 0.009025270758122744, "br": 0.0}, "EPI_38": {"avail": 1.0, "util": 0.022077200777561787, "br": 0.0}, "Implant_119": {"avail": 1.0, "util": 0.016106637045265205, "br": 0.0}, "Implant_128": {"avail": 1.0, "util": 0.05965009719522355, "br": 0.0}, "Implant_132": {"avail": 1.0, "util": 0.0346257983893363, "br": 0.0}, "Implant_74": {"avail": 1.0, "util": 0.008469869480699806, "br": 0.0}, "Implant_88": {"avail": 1.0, "util": 0.01242710358233824, "br": 0.0}, "Implant_90": {"avail": 1.0, "util": 0.0631768953068592, "br": 0.0}, "Implant_91": {"avail": 1.0, "util": 0.04672313246320466, "br": 0.0}, "LithoMet_BE_18": {"avail": 1.0, "util": 0.9535065046034221, "br": 0.0}, "LithoMet_FE_19": {"avail": 1.0, "util": 0.948825943410781, "br": 0.0}, "LithoTrack_BE_117": {"avail": 1.0, "util": 0.08272702027214662, "br": 0.0}, "LithoTrack_FE_115": {"avail": 1.0, "util": 0.04917751604946338, "br": 0.0}, "LithoTrack_FE_95": {"avail": 1.0, "util": 0.058273212089612295, "br": 0.0}, "LithoTrack_FE_96": {"avail": 1.0, "util": 0.0, "br": 0.0}, "Litho_BE_110": {"avail": 1.0, "util": 0.07135170785892808, "br": 0.0}, "Litho_BE_93": {"avail": 1.0, "util": 0.06593075997408127, "br": 0.0}, "Litho_BE_99": {"avail": 1.0, "util": 0.16270943256502823, "br": 0.0}, "Litho_FE_111": {"avail": 1.0, "util": 0.1089217641564212, "br": 0.0}, "Litho_FE_35": {"avail": 1.0, "util": 0.06713412940849764, "br": 0.0}, "Litho_FE_92": {"avail": 1.0, "util": 0.10330463760066648, "br": 0.0}, "Litho_FE_98": {"avail": 1.0, "util": 0.11282976950846987, "br": 0.0}, "Litho_REG_BE_63": {"avail": 1.0, "util": 0.9592734657039711, "br": 0.0}, "Litho_REG_FE_64": {"avail": 1.0, "util": 0.9493840996548577, "br": 0.0}, "Planar_BE_75": {"avail": 1.0, "util": 0.816207303526798, "br": 0.0}, "Planar_FE_76": {"avail": 1.0, "util": 0.9311765250393409, "br": 0.0}, "Planar_FE_77": {"avail": 1.0, "util": 0.895410996945293, "br": 0.0}, "Planar_FE_78": {"avail": 1.0, "util": 0.0, "br": 0.0}, "Planar_FE_79": {"avail": 1.0, "util": 0.9653846153846154, "br": 0.0}, "Planar_FE_80": {"avail": 1.0, "util": 0.4024229380727576, "br": 0.0}, "TF_BE_2": {"avail": 1.0, "util": 0.40138156067758957, "br": 0.0}, "TF_BE_23": {"avail": 1.0, "util": 0.8317426445870298, "br": 0.0}, "TF_BE_24": {"avail": 1.0, "util": 0.2899472368786448, "br": 0.0}, "TF_BE_26": {"avail": 1.0, "util": 0.754369156715727, "br": 0.0}, "TF_BE_40": {"avail": 1.0, "util": 0.7933733685087476, "br": 0.0}, "TF_FE_103": {"avail": 1.0, "util": 0.7417210497084143, "br": 0.0}, "TF_FE_104": {"avail": 1.0, "util": 0.8656623160233269, "br": 0.0}, "TF_FE_113": {"avail": 1.0, "util": 0.3337267425715079, "br": 0.0}, "TF_FE_131": {"avail": 1.0, "util": 0.404632972322503, "br": 0.0}, "TF_FE_3": {"avail": 1.0, "util": 0.6721743960011108, "br": 0.0}, "TF_FE_5": {"avail": 1.0, "util": 0.4031866148292141, "br": 0.0}, "TF_Met_FE_45": {"avail": 1.0, "util": 0.10670647042488197, "br": 0.0}, "TF_Met_FE_61": {"avail": 1.0, "util": 0.9739655651207998, "br": 0.0}, "WE_BE_14": {"avail": 1.0, "util": 0.03500416550958067, "br": 0.0}, "WE_BE_16": {"avail": 1.0, "util": 0.04458638032645253, "br": 0.0}, "WE_BE_17": {"avail": 1.0, "util": 0.03721188558733685, "br": 0.0}, "WE_BE_7": {"avail": 1.0, "util": 0.005692863093585116, "br": 0.0}, "WE_BE_81": {"avail": 1.0, "util": 0.031033046376006665, "br": 0.0}, "WE_BE_82": {"avail": 1.0, "util": 0.06062204943071369, "br": 0.0}, "WE_BE_9": {"avail": 1.0, "util": 0.056482326337922, "br": 0.0}, "WE_FE_108": {"avail": 1.0, "util": 0.042585392946403774, "br": 0.0}, "WE_FE_41": {"avail": 1.0, "util": 0.037406276034434874, "br": 0.0}, "WE_FE_47": {"avail": 1.0, "util": 0.02881144126631491, "br": 0.0}, "WE_FE_8": {"avail": 1.0, "util": 0.044154401555123575, "br": 0.0}, "WE_FE_83": {"avail": 1.0, "util": 0.038173919942873016, "br": 0.0}, "WE_FE_84": {"avail": 1.0, "util": 0.039695763522478326, "br": 0.0}, "WE_FE_85": {"avail": 1.0, "util": 0.024055817828381006, "br": 0.0}}, "plugins": {"cost": 448200.0}}