{"lots": {}, "machines": {"DE_BE_11": {"avail": 1.0, "util": 0.8866083819039688, "br": 0.0}, "DE_BE_12": {"avail": 1.0, "util": 0.0, "br": 0.0}, "DE_BE_13": {"avail": 1.0, "util": 0.7705880020617739, "br": 0.0}, "DE_BE_48": {"avail": 1.0, "util": 0.49310296974743273, "br": 0.0}, "DE_BE_50": {"avail": 1.0, "util": 0.6837511949918278, "br": 0.0}, "DE_BE_65": {"avail": 1.0, "util": 0.4266134430458278, "br": 0.0}, "DE_BE_66": {"avail": 1.0, "util": 0.7737996114349154, "br": 0.0}, "DE_BE_67": {"avail": 1.0, "util": 0.4206217041354427, "br": 0.0}, "DE_BE_69": {"avail": 1.0, "util": 0.5508603941160144, "br": 0.0}, "DE_FE_1": {"avail": 1.0, "util": 0.0, "br": 0.0}, "DE_FE_51": {"avail": 1.0, "util": 0.18797931548271177, "br": 0.0}, "DE_FE_53": {"avail": 1.0, "util": 0.0, "br": 0.0}, "DE_FE_54": {"avail": 1.0, "util": 0.8200111018595615, "br": 0.0}, "DE_FE_56": {"avail": 1.0, "util": 0.2954482375797946, "br": 0.0}, "DE_FE_58": {"avail": 1.0, "util": 0.7268017392913313, "br": 0.0}, "DE_FE_59": {"avail": 1.0, "util": 0.5080025904338976, "br": 0.0}, "DE_FE_62": {"avail": 1.0, "util": 0.2640260100709726, "br": 0.0}, "DE_FE_70": {"avail": 1.0, "util": 0.26789641111039947, "br": 0.0}, "DE_FE_71": {"avail": 1.0, "util": 0.24014709963918957, "br": 0.0}, "DE_FE_72": {"avail": 1.0, "util": 0.1149967619576279, "br": 0.0}, "DE_FE_86": {"avail": 1.0, "util": 0.17399183807732238, "br": 0.0}, "DefMEt_FE_118": {"avail": 1.0, "util": 0.7355675825700805, "br": 0.0}, "DefMet_BE_33": {"avail": 1.0, "util": 0.9127116291978906, "br": 0.0}, "DefMet_BE_42": {"avail": 1.0, "util": 0.9605883985567583, "br": 0.0}, "DefMet_FE_10": {"avail": 1.0, "util": 0.9043852345267832, "br": 0.0}, "DefMet_FE_106": {"avail": 1.0, "util": 0.7751873438800999, "br": 0.0}, "DefMet_FE_34": {"avail": 1.0, "util": 0.8303497085761865, "br": 0.0}, "DefMet_FE_43": {"avail": 1.0, "util": 0.8583125173466556, "br": 0.0}, "Delay_32": {"avail": 1.0, "util": 0.0935061060227588, "br": 0.0}, "Dielectric_BE_20": {"avail": 1.0, "util": 0.84857063558146, "br": 0.0}, "Dielectric_BE_21": {"avail": 1.0, "util": 0.8802907299472662, "br": 0.0}, "Dielectric_BE_27": {"avail": 1.0, "util": 0.7755944120640207, "br": 0.0}, "Dielectric_BE_28": {"avail": 1.0, "util": 0.7905911740216486, "br": 0.0}, "Dielectric_BE_60": {"avail": 1.0, "util": 0.8587982237024702, "br": 0.0}, "Dielectric_FE_112": {"avail": 1.0, "util": 0.8245073549819594, "br": 0.0}, "Dielectric_FE_130": {"avail": 1.0, "util": 0.8280252567305023, "br": 0.0}, "Dielectric_FE_29": {"avail": 1.0, "util": 0.7765288185771118, "br": 0.0}, "Dielectric_FE_30": {"avail": 1.0, "util": 0.8314598945323342, "br": 0.0}, "Dielectric_FE_31": {"avail": 1.0, "util": 0.8863100194282543, "br": 0.0}, "Diffusion_BE_123": {"avail": 1.0, "util": 0.0, "br": 0.0}, "Diffusion_FE_100": {"avail": 1.0, "util": 0.0, "br": 0.0}, "Diffusion_FE_101": {"avail": 1.0, "util": 0.0, "br": 0.0}, "Diffusion_FE_120": {"avail": 1.0, "util": 0.0, "br": 0.0}, "Diffusion_FE_122": {"avail": 1.0, "util": 0.0, "br": 0.0}, "Diffusion_FE_125": {"avail": 1.0, "util": 0.0, "br": 0.0}, "Diffusion_FE_126": {"avail": 1.0, "util": 0.0, "br": 0.0}, "Diffusion_FE_127": {"avail": 1.0, "util": 0.0, "br": 0.0}, "Diffusion_FE_44": {"avail": 1.0, "util": 0.0, "br": 0.0}, "Diffusion_FE_94": {"avail": 1.0, "util": 0.0, "br": 0.0}, "EPI_36": {"avail": 1.0, "util": 0.010824313072439634, "br": 0.0}, "EPI_38": {"avail": 1.0, "util": 0.017485428809325562, "br": 0.0}, "Implant_119": {"avail": 1.0, "util": 0.04135442686650014, "br": 0.0}, "Implant_128": {"avail": 1.0, "util": 0.08102969747432695, "br": 0.0}, "Implant_132": {"avail": 1.0, "util": 0.03651470996391896, "br": 0.0}, "Implant_74": {"avail": 1.0, "util": 0.0, "br": 0.0}, "Implant_88": {"avail": 1.0, "util": 0.0035387177352206494, "br": 0.0}, "Implant_90": {"avail": 1.0, "util": 0.04204829308909242, "br": 0.0}, "Implant_91": {"avail": 1.0, "util": 0.04699787214358405, "br": 0.0}, "LithoMet_BE_18": {"avail": 1.0, "util": 0.8794807745682017, "br": 0.0}, "LithoMet_FE_19": {"avail": 1.0, "util": 0.9217010515928084, "br": 0.0}, "LithoTrack_BE_117": {"avail": 1.0, "util": 0.18445739661393284, "br": 0.0}, "LithoTrack_FE_115": {"avail": 1.0, "util": 0.08111160089903294, "br": 0.0}, "LithoTrack_FE_95": {"avail": 1.0, "util": 0.0981353407307969, "br": 0.0}, "LithoTrack_FE_96": {"avail": 1.0, "util": 0.0, "br": 0.0}, "Litho_BE_110": {"avail": 1.0, "util": 0.12329507156734466, "br": 0.0}, "Litho_BE_93": {"avail": 1.0, "util": 0.10842816171708762, "br": 0.0}, "Litho_BE_99": {"avail": 1.0, "util": 0.3583587750948284, "br": 0.0}, "Litho_FE_111": {"avail": 1.0, "util": 0.16690005803244773, "br": 0.0}, "Litho_FE_35": {"avail": 1.0, "util": 0.07611712461837358, "br": 0.0}, "Litho_FE_92": {"avail": 1.0, "util": 0.18466934120556103, "br": 0.0}, "Litho_FE_98": {"avail": 1.0, "util": 0.1935886761032473, "br": 0.0}, "Litho_REG_BE_63": {"avail": 1.0, "util": 0.8813315292811545, "br": 0.0}, "Litho_REG_FE_64": {"avail": 1.0, "util": 0.8804468498473494, "br": 0.0}, "Planar_BE_75": {"avail": 1.0, "util": 0.70485012489592, "br": 0.0}, "Planar_FE_76": {"avail": 1.0, "util": 0.30701267462299936, "br": 0.0}, "Planar_FE_77": {"avail": 1.0, "util": 0.7087843463780183, "br": 0.0}, "Planar_FE_78": {"avail": 1.0, "util": 0.6362753261171247, "br": 0.0}, "Planar_FE_79": {"avail": 1.0, "util": 0.6411601443241742, "br": 0.0}, "Planar_FE_80": {"avail": 1.0, "util": 0.9686372467388288, "br": 0.0}, "TF_BE_2": {"avail": 1.0, "util": 0.5344504579517069, "br": 0.0}, "TF_BE_23": {"avail": 1.0, "util": 0.6088639583972422, "br": 0.0}, "TF_BE_24": {"avail": 1.0, "util": 0.5711906744379683, "br": 0.0}, "TF_BE_26": {"avail": 1.0, "util": 0.5606624109538347, "br": 0.0}, "TF_BE_40": {"avail": 1.0, "util": 0.6342110741049126, "br": 0.0}, "TF_FE_103": {"avail": 1.0, "util": 0.7464265889536498, "br": 0.0}, "TF_FE_104": {"avail": 1.0, "util": 0.5884540660560643, "br": 0.0}, "TF_FE_113": {"avail": 1.0, "util": 0.6523730224812656, "br": 0.0}, "TF_FE_131": {"avail": 1.0, "util": 0.22552965121657878, "br": 0.0}, "TF_FE_3": {"avail": 1.0, "util": 0.6649320011101859, "br": 0.0}, "TF_FE_5": {"avail": 1.0, "util": 0.404315847904524, "br": 0.0}, "TF_Met_FE_45": {"avail": 1.0, "util": 0.21204551762420204, "br": 0.0}, "TF_Met_FE_61": {"avail": 1.0, "util": 0.9659311684707188, "br": 0.0}, "WE_BE_14": {"avail": 1.0, "util": 0.040383014154870944, "br": 0.0}, "WE_BE_16": {"avail": 1.0, "util": 0.04584142843926357, "br": 0.0}, "WE_BE_17": {"avail": 1.0, "util": 0.03115459339439356, "br": 0.0}, "WE_BE_7": {"avail": 1.0, "util": 0.011379406050513461, "br": 0.0}, "WE_BE_81": {"avail": 1.0, "util": 0.05393653436950689, "br": 0.0}, "WE_BE_82": {"avail": 1.0, "util": 0.10685539827921177, "br": 0.0}, "WE_BE_9": {"avail": 1.0, "util": 0.07083382895206376, "br": 0.0}, "WE_FE_108": {"avail": 1.0, "util": 0.03551009079735141, "br": 0.0}, "WE_FE_41": {"avail": 1.0, "util": 0.03133499861226756, "br": 0.0}, "WE_FE_47": {"avail": 1.0, "util": 0.03513275973725599, "br": 0.0}, "WE_FE_8": {"avail": 1.0, "util": 0.059811268387454895, "br": 0.0}, "WE_FE_83": {"avail": 1.0, "util": 0.05225803893580746, "br": 0.0}, "WE_FE_84": {"avail": 1.0, "util": 0.03871002559595399, "br": 0.0}, "WE_FE_85": {"avail": 1.0, "util": 0.038370802109353314, "br": 0.0}}, "plugins": {"cost": 448800}}