{"lots": {}, "machines": {"DE_BE_11": {"avail": 1.0, "util": 0.7679080885187755, "br": 0.0}, "DE_BE_12": {"avail": 1.0, "util": 0.0, "br": 0.0}, "DE_BE_13": {"avail": 1.0, "util": 0.8369188063844553, "br": 0.0}, "DE_BE_48": {"avail": 1.0, "util": 0.4410573465396505, "br": 0.0}, "DE_BE_50": {"avail": 1.0, "util": 0.45553088133240804, "br": 0.0}, "DE_BE_65": {"avail": 1.0, "util": 0.6570184846381932, "br": 0.0}, "DE_BE_66": {"avail": 1.0, "util": 0.6695432093725763, "br": 0.0}, "DE_BE_67": {"avail": 1.0, "util": 0.4116838054381427, "br": 0.0}, "DE_BE_69": {"avail": 1.0, "util": 0.18093916261855195, "br": 0.0}, "DE_FE_1": {"avail": 1.0, "util": 0.0, "br": 0.0}, "DE_FE_51": {"avail": 1.0, "util": 0.03031922276197085, "br": 0.0}, "DE_FE_53": {"avail": 1.0, "util": 0.0, "br": 0.0}, "DE_FE_54": {"avail": 1.0, "util": 0.8221605366643535, "br": 0.0}, "DE_FE_56": {"avail": 1.0, "util": 0.5942401110340042, "br": 0.0}, "DE_FE_58": {"avail": 1.0, "util": 0.7367106176266481, "br": 0.0}, "DE_FE_59": {"avail": 1.0, "util": 0.6058119361554476, "br": 0.0}, "DE_FE_62": {"avail": 1.0, "util": 0.09432991794913663, "br": 0.0}, "DE_FE_70": {"avail": 1.0, "util": 0.21411898302946186, "br": 0.0}, "DE_FE_71": {"avail": 1.0, "util": 0.361284601742617, "br": 0.0}, "DE_FE_72": {"avail": 1.0, "util": 0.09562803608605136, "br": 0.0}, "DE_FE_86": {"avail": 1.0, "util": 0.21875815994071912, "br": 0.0}, "DefMEt_FE_118": {"avail": 1.0, "util": 0.6256072172102707, "br": 0.0}, "DefMet_BE_33": {"avail": 1.0, "util": 0.7665510062456627, "br": 0.0}, "DefMet_BE_42": {"avail": 1.0, "util": 0.8845246356696739, "br": 0.0}, "DefMet_FE_10": {"avail": 1.0, "util": 0.23678001387925052, "br": 0.0}, "DefMet_FE_106": {"avail": 1.0, "util": 0.25593337959750173, "br": 0.0}, "DefMet_FE_34": {"avail": 1.0, "util": 0.511380985426787, "br": 0.0}, "DefMet_FE_43": {"avail": 1.0, "util": 0.6537126995142263, "br": 0.0}, "Delay_32": {"avail": 1.0, "util": 0.11357911172796668, "br": 0.0}, "Dielectric_BE_20": {"avail": 1.0, "util": 0.6131020124913255, "br": 0.0}, "Dielectric_BE_21": {"avail": 1.0, "util": 0.8980106407587324, "br": 0.0}, "Dielectric_BE_27": {"avail": 1.0, "util": 0.8417418459403192, "br": 0.0}, "Dielectric_BE_28": {"avail": 1.0, "util": 0.7027989821882952, "br": 0.0}, "Dielectric_BE_60": {"avail": 1.0, "util": 0.7437659033078879, "br": 0.0}, "Dielectric_FE_112": {"avail": 1.0, "util": 0.6649548924358085, "br": 0.0}, "Dielectric_FE_130": {"avail": 1.0, "util": 0.8678695350451076, "br": 0.0}, "Dielectric_FE_29": {"avail": 1.0, "util": 0.7805690492713393, "br": 0.0}, "Dielectric_FE_30": {"avail": 1.0, "util": 0.8337265787647467, "br": 0.0}, "Dielectric_FE_31": {"avail": 1.0, "util": 0.42761970853573905, "br": 0.0}, "Diffusion_BE_123": {"avail": 1.0, "util": 0.0, "br": 0.0}, "Diffusion_FE_100": {"avail": 1.0, "util": 0.0, "br": 0.0}, "Diffusion_FE_101": {"avail": 1.0, "util": 0.0, "br": 0.0}, "Diffusion_FE_120": {"avail": 1.0, "util": 0.0, "br": 0.0}, "Diffusion_FE_122": {"avail": 1.0, "util": 0.0, "br": 0.0}, "Diffusion_FE_125": {"avail": 1.0, "util": 0.0, "br": 0.0}, "Diffusion_FE_126": {"avail": 1.0, "util": 0.0, "br": 0.0}, "Diffusion_FE_127": {"avail": 1.0, "util": 0.0, "br": 0.0}, "Diffusion_FE_44": {"avail": 1.0, "util": 0.0, "br": 0.0}, "Diffusion_FE_94": {"avail": 1.0, "util": 0.0, "br": 0.0}, "EPI_36": {"avail": 1.0, "util": 0.010687022900763359, "br": 0.0}, "EPI_38": {"avail": 1.0, "util": 0.6099930603747398, "br": 0.0}, "Implant_119": {"avail": 1.0, "util": 0.06655100624566274, "br": 0.0}, "Implant_128": {"avail": 1.0, "util": 0.040615734023090024, "br": 0.0}, "Implant_132": {"avail": 1.0, "util": 0.03634380886289283, "br": 0.0}, "Implant_74": {"avail": 1.0, "util": 0.03386537126995142, "br": 0.0}, "Implant_88": {"avail": 1.0, "util": 0.0, "br": 0.0}, "Implant_90": {"avail": 1.0, "util": 0.056210964607911175, "br": 0.0}, "Implant_91": {"avail": 1.0, "util": 0.0553385545751958, "br": 0.0}, "LithoMet_BE_18": {"avail": 1.0, "util": 0.9176708094126553, "br": 0.0}, "LithoMet_FE_19": {"avail": 1.0, "util": 0.9109348666600575, "br": 0.0}, "LithoTrack_BE_117": {"avail": 1.0, "util": 0.12444136016655101, "br": 0.0}, "LithoTrack_FE_115": {"avail": 1.0, "util": 0.07290668742912272, "br": 0.0}, "LithoTrack_FE_95": {"avail": 1.0, "util": 0.1317002081887578, "br": 0.0}, "LithoTrack_FE_96": {"avail": 1.0, "util": 0.03025676613462873, "br": 0.0}, "Litho_BE_110": {"avail": 1.0, "util": 0.11132969254442869, "br": 0.0}, "Litho_BE_93": {"avail": 1.0, "util": 0.13081193615544762, "br": 0.0}, "Litho_BE_99": {"avail": 1.0, "util": 0.22692574600971546, "br": 0.0}, "Litho_FE_111": {"avail": 1.0, "util": 0.16530187369882027, "br": 0.0}, "Litho_FE_35": {"avail": 1.0, "util": 0.06766134628730049, "br": 0.0}, "Litho_FE_92": {"avail": 1.0, "util": 0.1276357230555704, "br": 0.0}, "Litho_FE_98": {"avail": 1.0, "util": 0.023004857737682165, "br": 0.0}, "Litho_REG_BE_63": {"avail": 1.0, "util": 0.9188410825815406, "br": 0.0}, "Litho_REG_FE_64": {"avail": 1.0, "util": 0.871674762896137, "br": 0.0}, "Planar_BE_75": {"avail": 1.0, "util": 0.6739367502726281, "br": 0.0}, "Planar_FE_76": {"avail": 1.0, "util": 0.922970159611381, "br": 0.0}, "Planar_FE_77": {"avail": 1.0, "util": 0.7194309507286607, "br": 0.0}, "Planar_FE_78": {"avail": 1.0, "util": 0.4152671755725191, "br": 0.0}, "Planar_FE_79": {"avail": 1.0, "util": 0.319882026370576, "br": 0.0}, "Planar_FE_80": {"avail": 1.0, "util": 0.4803608605135323, "br": 0.0}, "TF_BE_2": {"avail": 1.0, "util": 0.5254337265787647, "br": 0.0}, "TF_BE_23": {"avail": 1.0, "util": 0.6078219490433231, "br": 0.0}, "TF_BE_24": {"avail": 1.0, "util": 0.723941707147814, "br": 0.0}, "TF_BE_26": {"avail": 1.0, "util": 0.5795120909624726, "br": 0.0}, "TF_BE_40": {"avail": 1.0, "util": 0.5881863085275748, "br": 0.0}, "TF_FE_103": {"avail": 1.0, "util": 0.7207494795281055, "br": 0.0}, "TF_FE_104": {"avail": 1.0, "util": 0.5648299791811242, "br": 0.0}, "TF_FE_113": {"avail": 1.0, "util": 0.21758038399259774, "br": 0.0}, "TF_FE_131": {"avail": 1.0, "util": 0.7101549849641453, "br": 0.0}, "TF_FE_3": {"avail": 1.0, "util": 0.6707379134860051, "br": 0.0}, "TF_FE_5": {"avail": 1.0, "util": 0.5398103169095536, "br": 0.0}, "TF_Met_FE_45": {"avail": 1.0, "util": 0.1765440666204025, "br": 0.0}, "TF_Met_FE_61": {"avail": 1.0, "util": 0.9589174184594031, "br": 0.0}, "WE_BE_14": {"avail": 1.0, "util": 0.04258154059680777, "br": 0.0}, "WE_BE_16": {"avail": 1.0, "util": 0.038757807078417764, "br": 0.0}, "WE_BE_17": {"avail": 1.0, "util": 0.033102012491325467, "br": 0.0}, "WE_BE_7": {"avail": 1.0, "util": 0.03414295628036086, "br": 0.0}, "WE_BE_81": {"avail": 1.0, "util": 0.05297247281980107, "br": 0.0}, "WE_BE_82": {"avail": 1.0, "util": 0.05523941707147814, "br": 0.0}, "WE_BE_9": {"avail": 1.0, "util": 0.07164469118667592, "br": 0.0}, "WE_FE_108": {"avail": 1.0, "util": 0.032745459331403, "br": 0.0}, "WE_FE_41": {"avail": 1.0, "util": 0.027092297015961136, "br": 0.0}, "WE_FE_47": {"avail": 1.0, "util": 0.036224843858431645, "br": 0.0}, "WE_FE_8": {"avail": 1.0, "util": 0.026092990978487163, "br": 0.0}, "WE_FE_83": {"avail": 1.0, "util": 0.05456858662965534, "br": 0.0}, "WE_FE_84": {"avail": 1.0, "util": 0.03587378046291383, "br": 0.0}, "WE_FE_85": {"avail": 1.0, "util": 0.0476058292852186, "br": 0.0}}, "plugins": {"cost": 429200}}