{"lots": {}, "machines": {"DE_BE_11": {"avail": 1.0, "util": 0.8445271099760023, "br": 0.0}, "DE_BE_12": {"avail": 1.0, "util": 0.5685652418759963, "br": 0.0}, "DE_BE_13": {"avail": 1.0, "util": 0.7998488103423976, "br": 0.0}, "DE_BE_48": {"avail": 1.0, "util": 0.8109337223212078, "br": 0.0}, "DE_BE_50": {"avail": 1.0, "util": 0.7768863472322469, "br": 0.0}, "DE_BE_65": {"avail": 1.0, "util": 0.7696609647639574, "br": 0.0}, "DE_BE_66": {"avail": 1.0, "util": 0.6312547560804346, "br": 0.0}, "DE_BE_67": {"avail": 1.0, "util": 0.765663407715487, "br": 0.0}, "DE_BE_69": {"avail": 1.0, "util": 0.29552310624988437, "br": 0.0}, "DE_FE_1": {"avail": 1.0, "util": 0.9108322691688413, "br": 0.0}, "DE_FE_51": {"avail": 1.0, "util": 0.4757314974182444, "br": 0.0}, "DE_FE_53": {"avail": 1.0, "util": 0.10921103769918383, "br": 0.0}, "DE_FE_54": {"avail": 1.0, "util": 0.985638406159199, "br": 0.0}, "DE_FE_56": {"avail": 1.0, "util": 0.9526400533007606, "br": 0.0}, "DE_FE_58": {"avail": 1.0, "util": 0.8738826272833269, "br": 0.0}, "DE_FE_59": {"avail": 1.0, "util": 0.6874826494919771, "br": 0.0}, "DE_FE_62": {"avail": 1.0, "util": 0.5927325457971762, "br": 0.0}, "DE_FE_70": {"avail": 1.0, "util": 0.8461041484749219, "br": 0.0}, "DE_FE_71": {"avail": 1.0, "util": 0.7725371532211797, "br": 0.0}, "DE_FE_72": {"avail": 1.0, "util": 0.32637630538913087, "br": 0.0}, "DE_FE_86": {"avail": 1.0, "util": 0.7854140925178493, "br": 0.0}, "DefMEt_FE_118": {"avail": 1.0, "util": 0.2491255343956471, "br": 0.0}, "DefMet_BE_33": {"avail": 1.0, "util": 0.9034201321414691, "br": 0.0}, "DefMet_BE_42": {"avail": 1.0, "util": 0.9764588307145633, "br": 0.0}, "DefMet_FE_10": {"avail": 1.0, "util": 0.46751984898117815, "br": 0.0}, "DefMet_FE_106": {"avail": 1.0, "util": 0.1560712897673644, "br": 0.0}, "DefMet_FE_34": {"avail": 1.0, "util": 0.5192660041086004, "br": 0.0}, "DefMet_FE_43": {"avail": 1.0, "util": 0.8764310699017267, "br": 0.0}, "Delay_32": {"avail": 1.0, "util": 0.3044406196213425, "br": 0.0}, "Dielectric_BE_20": {"avail": 1.0, "util": 0.7827216700905003, "br": 0.0}, "Dielectric_BE_21": {"avail": 1.0, "util": 0.9384450243369792, "br": 0.0}, "Dielectric_BE_27": {"avail": 1.0, "util": 0.8853617233912608, "br": 0.0}, "Dielectric_BE_28": {"avail": 1.0, "util": 0.9265078748172413, "br": 0.0}, "Dielectric_BE_60": {"avail": 1.0, "util": 0.9363999777913498, "br": 0.0}, "Dielectric_FE_112": {"avail": 1.0, "util": 0.5611323944009524, "br": 0.0}, "Dielectric_FE_130": {"avail": 1.0, "util": 0.3930653489534174, "br": 0.0}, "Dielectric_FE_29": {"avail": 1.0, "util": 0.6158088575500158, "br": 0.0}, "Dielectric_FE_30": {"avail": 1.0, "util": 0.8939536949641885, "br": 0.0}, "Dielectric_FE_31": {"avail": 1.0, "util": 0.3687607573149742, "br": 0.0}, "Diffusion_BE_123": {"avail": 1.0, "util": 0.0, "br": 0.0}, "Diffusion_FE_100": {"avail": 1.0, "util": 0.0, "br": 0.0}, "Diffusion_FE_101": {"avail": 1.0, "util": 0.0, "br": 0.0}, "Diffusion_FE_120": {"avail": 1.0, "util": 0.0, "br": 0.0}, "Diffusion_FE_122": {"avail": 1.0, "util": 0.0, "br": 0.0}, "Diffusion_FE_125": {"avail": 1.0, "util": 0.0, "br": 0.0}, "Diffusion_FE_126": {"avail": 1.0, "util": 0.0, "br": 0.0}, "Diffusion_FE_127": {"avail": 1.0, "util": 0.0, "br": 0.0}, "Diffusion_FE_44": {"avail": 1.0, "util": 0.0, "br": 0.0}, "Diffusion_FE_94": {"avail": 1.0, "util": 0.0, "br": 0.0}, "EPI_36": {"avail": 1.0, "util": 0.008605851979345954, "br": 0.0}, "EPI_38": {"avail": 1.0, "util": 0.2637277219476986, "br": 0.0}, "Implant_119": {"avail": 1.0, "util": 0.03234134695463883, "br": 0.0}, "Implant_128": {"avail": 1.0, "util": 0.03421141625572251, "br": 0.0}, "Implant_132": {"avail": 1.0, "util": 0.027372161456887457, "br": 0.0}, "Implant_74": {"avail": 1.0, "util": 0.01346399422575093, "br": 0.0}, "Implant_88": {"avail": 1.0, "util": 0.005663205818666371, "br": 0.0}, "Implant_90": {"avail": 1.0, "util": 0.029204375104103047, "br": 0.0}, "Implant_91": {"avail": 1.0, "util": 0.0464636690276577, "br": 0.0}, "LithoMet_BE_18": {"avail": 1.0, "util": 0.9705331590290782, "br": 0.0}, "LithoMet_FE_19": {"avail": 1.0, "util": 0.9747138653362627, "br": 0.0}, "LithoTrack_BE_117": {"avail": 1.0, "util": 0.06590416967408806, "br": 0.0}, "LithoTrack_FE_115": {"avail": 1.0, "util": 0.044168130316026386, "br": 0.0}, "LithoTrack_FE_95": {"avail": 1.0, "util": 0.06446338348786852, "br": 0.0}, "LithoTrack_FE_96": {"avail": 1.0, "util": 0.018183332407972905, "br": 0.0}, "Litho_BE_110": {"avail": 1.0, "util": 0.06020958206699771, "br": 0.0}, "Litho_BE_93": {"avail": 1.0, "util": 0.06300316473266337, "br": 0.0}, "Litho_BE_99": {"avail": 1.0, "util": 0.09880998648973775, "br": 0.0}, "Litho_FE_111": {"avail": 1.0, "util": 0.08899283771028815, "br": 0.0}, "Litho_FE_35": {"avail": 1.0, "util": 0.04011437454888679, "br": 0.0}, "Litho_FE_92": {"avail": 1.0, "util": 0.06638250983373407, "br": 0.0}, "Litho_FE_98": {"avail": 1.0, "util": 0.028232746654822054, "br": 0.0}, "Litho_REG_BE_63": {"avail": 1.0, "util": 0.9734676031314197, "br": 0.0}, "Litho_REG_FE_64": {"avail": 1.0, "util": 0.9685932670775266, "br": 0.0}, "Planar_BE_75": {"avail": 1.0, "util": 0.8656337000404515, "br": 0.0}, "Planar_FE_76": {"avail": 1.0, "util": 0.9213813780467492, "br": 0.0}, "Planar_FE_77": {"avail": 1.0, "util": 0.8598356559880074, "br": 0.0}, "Planar_FE_78": {"avail": 1.0, "util": 0.422713897062906, "br": 0.0}, "Planar_FE_79": {"avail": 1.0, "util": 0.2576203431236467, "br": 0.0}, "Planar_FE_80": {"avail": 1.0, "util": 0.2569818444284049, "br": 0.0}, "TF_BE_2": {"avail": 1.0, "util": 0.6853173060907224, "br": 0.0}, "TF_BE_23": {"avail": 1.0, "util": 0.6488971025643059, "br": 0.0}, "TF_BE_24": {"avail": 1.0, "util": 0.8713008716895231, "br": 0.0}, "TF_BE_26": {"avail": 1.0, "util": 0.7518097914522323, "br": 0.0}, "TF_BE_40": {"avail": 1.0, "util": 0.7083383683827204, "br": 0.0}, "TF_FE_103": {"avail": 1.0, "util": 0.6360081537473131, "br": 0.0}, "TF_FE_104": {"avail": 1.0, "util": 0.6842707234467825, "br": 0.0}, "TF_FE_113": {"avail": 1.0, "util": 0.17483759924490588, "br": 0.0}, "TF_FE_131": {"avail": 1.0, "util": 0.8576795661910314, "br": 0.0}, "TF_FE_3": {"avail": 1.0, "util": 0.35496826013732347, "br": 0.0}, "TF_FE_5": {"avail": 1.0, "util": 0.43010752688172044, "br": 0.0}, "TF_Met_FE_45": {"avail": 1.0, "util": 0.07103992004885903, "br": 0.0}, "TF_Met_FE_61": {"avail": 1.0, "util": 0.9788184998056743, "br": 0.0}, "WE_BE_14": {"avail": 1.0, "util": 0.04031980456387763, "br": 0.0}, "WE_BE_16": {"avail": 1.0, "util": 0.036179279329298764, "br": 0.0}, "WE_BE_17": {"avail": 1.0, "util": 0.03295208483704403, "br": 0.0}, "WE_BE_7": {"avail": 1.0, "util": 0.02498473155293987, "br": 0.0}, "WE_BE_81": {"avail": 1.0, "util": 0.03762515499787167, "br": 0.0}, "WE_BE_82": {"avail": 1.0, "util": 0.0427269754902868, "br": 0.0}, "WE_BE_9": {"avail": 1.0, "util": 0.046416079062794956, "br": 0.0}, "WE_FE_108": {"avail": 1.0, "util": 0.03870623124948547, "br": 0.0}, "WE_FE_41": {"avail": 1.0, "util": 0.03319082782743878, "br": 0.0}, "WE_FE_47": {"avail": 1.0, "util": 0.03638887346621509, "br": 0.0}, "WE_FE_8": {"avail": 1.0, "util": 0.03062017655876964, "br": 0.0}, "WE_FE_83": {"avail": 1.0, "util": 0.03675531619565821, "br": 0.0}, "WE_FE_84": {"avail": 1.0, "util": 0.03545872293728996, "br": 0.0}, "WE_FE_85": {"avail": 1.0, "util": 0.029981677863527845, "br": 0.0}}, "plugins": {"cost": 428825.12803240743}}