{"lots": {}, "machines": {"DE_BE_11": {"avail": 1.0, "util": 0.8890553474823137, "br": 0.0}, "DE_BE_12": {"avail": 1.0, "util": 0.0, "br": 0.0}, "DE_BE_13": {"avail": 1.0, "util": 0.7891128153300437, "br": 0.0}, "DE_BE_48": {"avail": 1.0, "util": 0.9769732279095575, "br": 0.0}, "DE_BE_50": {"avail": 1.0, "util": 0.0, "br": 0.0}, "DE_BE_65": {"avail": 1.0, "util": 0.42589736685352464, "br": 0.0}, "DE_BE_66": {"avail": 1.0, "util": 0.7744486059092801, "br": 0.0}, "DE_BE_67": {"avail": 1.0, "util": 0.4233596892772923, "br": 0.0}, "DE_BE_69": {"avail": 1.0, "util": 0.5530586766541823, "br": 0.0}, "DE_FE_1": {"avail": 1.0, "util": 0.0, "br": 0.0}, "DE_FE_51": {"avail": 1.0, "util": 0.19050747968548087, "br": 0.0}, "DE_FE_53": {"avail": 1.0, "util": 0.0, "br": 0.0}, "DE_FE_54": {"avail": 1.0, "util": 0.8141212373422111, "br": 0.0}, "DE_FE_56": {"avail": 1.0, "util": 0.299625468164794, "br": 0.0}, "DE_FE_58": {"avail": 1.0, "util": 0.7360244139270357, "br": 0.0}, "DE_FE_59": {"avail": 1.0, "util": 0.5703796180700051, "br": 0.0}, "DE_FE_62": {"avail": 1.0, "util": 0.26265778887501734, "br": 0.0}, "DE_FE_70": {"avail": 1.0, "util": 0.2695562171217602, "br": 0.0}, "DE_FE_71": {"avail": 1.0, "util": 0.2377187246101104, "br": 0.0}, "DE_FE_72": {"avail": 1.0, "util": 0.11642853840107274, "br": 0.0}, "DE_FE_86": {"avail": 1.0, "util": 0.1646501543852078, "br": 0.0}, "DefMEt_FE_118": {"avail": 1.0, "util": 0.7457344985434873, "br": 0.0}, "DefMet_BE_33": {"avail": 1.0, "util": 0.8567068941600777, "br": 0.0}, "DefMet_BE_42": {"avail": 1.0, "util": 0.9654598418643362, "br": 0.0}, "DefMet_FE_10": {"avail": 1.0, "util": 0.9722569010958524, "br": 0.0}, "DefMet_FE_106": {"avail": 1.0, "util": 0.7765293383270911, "br": 0.0}, "DefMet_FE_34": {"avail": 1.0, "util": 0.8291025107504508, "br": 0.0}, "DefMet_FE_43": {"avail": 1.0, "util": 0.9267813381421371, "br": 0.0}, "Delay_32": {"avail": 1.0, "util": 0.20224719101123595, "br": 0.0}, "Dielectric_BE_20": {"avail": 1.0, "util": 0.8859481204050492, "br": 0.0}, "Dielectric_BE_21": {"avail": 1.0, "util": 0.8965182410875294, "br": 0.0}, "Dielectric_BE_27": {"avail": 1.0, "util": 0.7759652286493735, "br": 0.0}, "Dielectric_BE_28": {"avail": 1.0, "util": 0.8127687612706339, "br": 0.0}, "Dielectric_BE_60": {"avail": 1.0, "util": 0.8561867110556249, "br": 0.0}, "Dielectric_FE_112": {"avail": 1.0, "util": 0.7740602025246219, "br": 0.0}, "Dielectric_FE_130": {"avail": 1.0, "util": 0.8863920099875156, "br": 0.0}, "Dielectric_FE_29": {"avail": 1.0, "util": 0.7773616312942155, "br": 0.0}, "Dielectric_FE_30": {"avail": 1.0, "util": 0.8343736995422388, "br": 0.0}, "Dielectric_FE_31": {"avail": 1.0, "util": 0.9241226244971563, "br": 0.0}, "Diffusion_BE_123": {"avail": 1.0, "util": 0.0, "br": 0.0}, "Diffusion_FE_100": {"avail": 1.0, "util": 0.0, "br": 0.0}, "Diffusion_FE_101": {"avail": 1.0, "util": 0.0, "br": 0.0}, "Diffusion_FE_120": {"avail": 1.0, "util": 0.0, "br": 0.0}, "Diffusion_FE_122": {"avail": 1.0, "util": 0.0, "br": 0.0}, "Diffusion_FE_125": {"avail": 1.0, "util": 0.0, "br": 0.0}, "Diffusion_FE_126": {"avail": 1.0, "util": 0.0, "br": 0.0}, "Diffusion_FE_127": {"avail": 1.0, "util": 0.0, "br": 0.0}, "Diffusion_FE_44": {"avail": 1.0, "util": 0.0, "br": 0.0}, "Diffusion_FE_94": {"avail": 1.0, "util": 0.0, "br": 0.0}, "EPI_36": {"avail": 1.0, "util": 0.007213205715078374, "br": 0.0}, "EPI_38": {"avail": 1.0, "util": 0.01775558329865446, "br": 0.0}, "Implant_119": {"avail": 1.0, "util": 0.0368983215425163, "br": 0.0}, "Implant_128": {"avail": 1.0, "util": 0.07902621722846442, "br": 0.0}, "Implant_132": {"avail": 1.0, "util": 0.03606602857539187, "br": 0.0}, "Implant_74": {"avail": 1.0, "util": 0.0, "br": 0.0}, "Implant_88": {"avail": 1.0, "util": 0.0035372451102788183, "br": 0.0}, "Implant_90": {"avail": 1.0, "util": 0.03065612428908309, "br": 0.0}, "Implant_91": {"avail": 1.0, "util": 0.04700143339344338, "br": 0.0}, "LithoMet_BE_18": {"avail": 1.0, "util": 0.8928262748487468, "br": 0.0}, "LithoMet_FE_19": {"avail": 1.0, "util": 0.9079160308873169, "br": 0.0}, "LithoTrack_BE_117": {"avail": 1.0, "util": 0.15480649188514356, "br": 0.0}, "LithoTrack_FE_115": {"avail": 1.0, "util": 0.08219845019433769, "br": 0.0}, "LithoTrack_FE_95": {"avail": 1.0, "util": 0.09592884178223932, "br": 0.0}, "LithoTrack_FE_96": {"avail": 1.0, "util": 0.0, "br": 0.0}, "Litho_BE_110": {"avail": 1.0, "util": 0.12387293660701901, "br": 0.0}, "Litho_BE_93": {"avail": 1.0, "util": 0.10930780968234152, "br": 0.0}, "Litho_BE_99": {"avail": 1.0, "util": 0.3259814121237342, "br": 0.0}, "Litho_FE_111": {"avail": 1.0, "util": 0.167070202650727, "br": 0.0}, "Litho_FE_35": {"avail": 1.0, "util": 0.07553058676654183, "br": 0.0}, "Litho_FE_92": {"avail": 1.0, "util": 0.18260423628713268, "br": 0.0}, "Litho_FE_98": {"avail": 1.0, "util": 0.1937578027465668, "br": 0.0}, "Litho_REG_BE_63": {"avail": 1.0, "util": 0.8978013594118464, "br": 0.0}, "Litho_REG_FE_64": {"avail": 1.0, "util": 0.8730356895150903, "br": 0.0}, "Planar_BE_75": {"avail": 1.0, "util": 0.7320502150090166, "br": 0.0}, "Planar_FE_76": {"avail": 1.0, "util": 0.9293938132889443, "br": 0.0}, "Planar_FE_77": {"avail": 1.0, "util": 0.7174365376612568, "br": 0.0}, "Planar_FE_78": {"avail": 1.0, "util": 0.8458870855874602, "br": 0.0}, "Planar_FE_79": {"avail": 1.0, "util": 0.6414204466638923, "br": 0.0}, "Planar_FE_80": {"avail": 1.0, "util": 0.8045498682202802, "br": 0.0}, "TF_BE_2": {"avail": 1.0, "util": 0.5305867665418227, "br": 0.0}, "TF_BE_23": {"avail": 1.0, "util": 0.6060625971921064, "br": 0.0}, "TF_BE_24": {"avail": 1.0, "util": 0.5788320155361354, "br": 0.0}, "TF_BE_26": {"avail": 1.0, "util": 0.556813242705877, "br": 0.0}, "TF_BE_40": {"avail": 1.0, "util": 0.6342361400101725, "br": 0.0}, "TF_FE_103": {"avail": 1.0, "util": 0.7425440421695103, "br": 0.0}, "TF_FE_104": {"avail": 1.0, "util": 0.5794146206131224, "br": 0.0}, "TF_FE_113": {"avail": 1.0, "util": 0.6580663060063809, "br": 0.0}, "TF_FE_131": {"avail": 1.0, "util": 0.22911175845008555, "br": 0.0}, "TF_FE_3": {"avail": 1.0, "util": 0.6688861145789985, "br": 0.0}, "TF_FE_5": {"avail": 1.0, "util": 0.40324594257178525, "br": 0.0}, "TF_Met_FE_45": {"avail": 1.0, "util": 0.21223470661672908, "br": 0.0}, "TF_Met_FE_61": {"avail": 1.0, "util": 0.9822444167013455, "br": 0.0}, "WE_BE_14": {"avail": 1.0, "util": 0.03262588431127757, "br": 0.0}, "WE_BE_16": {"avail": 1.0, "util": 0.05303555740509548, "br": 0.0}, "WE_BE_17": {"avail": 1.0, "util": 0.031002913025384937, "br": 0.0}, "WE_BE_7": {"avail": 1.0, "util": 0.011374670550700513, "br": 0.0}, "WE_BE_81": {"avail": 1.0, "util": 0.025569889489989367, "br": 0.0}, "WE_BE_82": {"avail": 1.0, "util": 0.09565820502150091, "br": 0.0}, "WE_BE_9": {"avail": 1.0, "util": 0.07240948813982521, "br": 0.0}, "WE_FE_108": {"avail": 1.0, "util": 0.034409369240829914, "br": 0.0}, "WE_FE_41": {"avail": 1.0, "util": 0.02904702455264253, "br": 0.0}, "WE_FE_47": {"avail": 1.0, "util": 0.041961437092523236, "br": 0.0}, "WE_FE_8": {"avail": 1.0, "util": 0.059647662643917326, "br": 0.0}, "WE_FE_83": {"avail": 1.0, "util": 0.05409904286308781, "br": 0.0}, "WE_FE_84": {"avail": 1.0, "util": 0.039210246451195266, "br": 0.0}, "WE_FE_85": {"avail": 1.0, "util": 0.03828547648772368, "br": 0.0}}, "plugins": {"cost": 448800}}