{"lots": {}, "machines": {"DE_BE_11": {"avail": 1.0, "util": 0.7415479054846074, "br": 0.0}, "DE_BE_12": {"avail": 1.0, "util": 0.0, "br": 0.0}, "DE_BE_13": {"avail": 1.0, "util": 0.839469525477299, "br": 0.0}, "DE_BE_48": {"avail": 1.0, "util": 0.44279693099793044, "br": 0.0}, "DE_BE_50": {"avail": 1.0, "util": 0.5134925041643531, "br": 0.0}, "DE_BE_65": {"avail": 1.0, "util": 0.6545605976477714, "br": 0.0}, "DE_BE_66": {"avail": 1.0, "util": 0.7221723225658948, "br": 0.0}, "DE_BE_67": {"avail": 1.0, "util": 0.41649840997425674, "br": 0.0}, "DE_BE_69": {"avail": 1.0, "util": 0.363270405330372, "br": 0.0}, "DE_FE_1": {"avail": 1.0, "util": 0.0, "br": 0.0}, "DE_FE_51": {"avail": 1.0, "util": 0.030746807329261522, "br": 0.0}, "DE_FE_53": {"avail": 1.0, "util": 0.0, "br": 0.0}, "DE_FE_54": {"avail": 1.0, "util": 0.8130668147325559, "br": 0.0}, "DE_FE_56": {"avail": 1.0, "util": 0.5993892282065519, "br": 0.0}, "DE_FE_58": {"avail": 1.0, "util": 0.7318850638534148, "br": 0.0}, "DE_FE_59": {"avail": 1.0, "util": 0.7006524153248196, "br": 0.0}, "DE_FE_62": {"avail": 1.0, "util": 0.1551588986510762, "br": 0.0}, "DE_FE_70": {"avail": 1.0, "util": 0.5877416586744738, "br": 0.0}, "DE_FE_71": {"avail": 1.0, "util": 0.8179098031957555, "br": 0.0}, "DE_FE_72": {"avail": 1.0, "util": 0.14725405077986975, "br": 0.0}, "DE_FE_86": {"avail": 1.0, "util": 0.22578440414459008, "br": 0.0}, "DefMEt_FE_118": {"avail": 1.0, "util": 0.6188228761799001, "br": 0.0}, "DefMet_BE_33": {"avail": 1.0, "util": 0.7895613548028872, "br": 0.0}, "DefMet_BE_42": {"avail": 1.0, "util": 0.8889505830094392, "br": 0.0}, "DefMet_FE_10": {"avail": 1.0, "util": 0.3581343697945586, "br": 0.0}, "DefMet_FE_106": {"avail": 1.0, "util": 0.26054969461410327, "br": 0.0}, "DefMet_FE_34": {"avail": 1.0, "util": 0.5153387007218212, "br": 0.0}, "DefMet_FE_43": {"avail": 1.0, "util": 0.6550805108273181, "br": 0.0}, "Delay_32": {"avail": 1.0, "util": 0.1013041365907829, "br": 0.0}, "Dielectric_BE_20": {"avail": 1.0, "util": 0.8762076624097723, "br": 0.0}, "Dielectric_BE_21": {"avail": 1.0, "util": 0.9544234684434574, "br": 0.0}, "Dielectric_BE_27": {"avail": 1.0, "util": 0.8505806959096798, "br": 0.0}, "Dielectric_BE_28": {"avail": 1.0, "util": 0.8988062187673515, "br": 0.0}, "Dielectric_BE_60": {"avail": 1.0, "util": 0.8320377568017768, "br": 0.0}, "Dielectric_FE_112": {"avail": 1.0, "util": 0.6662656548830895, "br": 0.0}, "Dielectric_FE_130": {"avail": 1.0, "util": 0.8710785674625208, "br": 0.0}, "Dielectric_FE_29": {"avail": 1.0, "util": 0.7804460484915787, "br": 0.0}, "Dielectric_FE_30": {"avail": 1.0, "util": 0.8353692393114936, "br": 0.0}, "Dielectric_FE_31": {"avail": 1.0, "util": 0.42931010549694615, "br": 0.0}, "Diffusion_BE_123": {"avail": 1.0, "util": 0.0, "br": 0.0}, "Diffusion_FE_100": {"avail": 1.0, "util": 0.0, "br": 0.0}, "Diffusion_FE_101": {"avail": 1.0, "util": 0.0, "br": 0.0}, "Diffusion_FE_120": {"avail": 1.0, "util": 0.0, "br": 0.0}, "Diffusion_FE_122": {"avail": 1.0, "util": 0.0, "br": 0.0}, "Diffusion_FE_125": {"avail": 1.0, "util": 0.0, "br": 0.0}, "Diffusion_FE_126": {"avail": 1.0, "util": 0.0, "br": 0.0}, "Diffusion_FE_127": {"avail": 1.0, "util": 0.0, "br": 0.0}, "Diffusion_FE_44": {"avail": 1.0, "util": 0.0, "br": 0.0}, "Diffusion_FE_94": {"avail": 1.0, "util": 0.0, "br": 0.0}, "EPI_36": {"avail": 1.0, "util": 0.007218212104386452, "br": 0.0}, "EPI_38": {"avail": 1.0, "util": 0.608411993337035, "br": 0.0}, "Implant_119": {"avail": 1.0, "util": 0.08092726263187118, "br": 0.0}, "Implant_128": {"avail": 1.0, "util": 0.037933471303821104, "br": 0.0}, "Implant_132": {"avail": 1.0, "util": 0.037875783294994844, "br": 0.0}, "Implant_74": {"avail": 1.0, "util": 0.03380066629650194, "br": 0.0}, "Implant_88": {"avail": 1.0, "util": 0.0, "br": 0.0}, "Implant_90": {"avail": 1.0, "util": 0.056288173237090504, "br": 0.0}, "Implant_91": {"avail": 1.0, "util": 0.055147933687633856, "br": 0.0}, "LithoMet_BE_18": {"avail": 1.0, "util": 0.9440083791832821, "br": 0.0}, "LithoMet_FE_19": {"avail": 1.0, "util": 0.9363746331403189, "br": 0.0}, "LithoTrack_BE_117": {"avail": 1.0, "util": 0.12412548584119934, "br": 0.0}, "LithoTrack_FE_115": {"avail": 1.0, "util": 0.07448775070760147, "br": 0.0}, "LithoTrack_FE_95": {"avail": 1.0, "util": 0.1321696279844531, "br": 0.0}, "LithoTrack_FE_96": {"avail": 1.0, "util": 0.03053858967240422, "br": 0.0}, "Litho_BE_110": {"avail": 1.0, "util": 0.1138135818265215, "br": 0.0}, "Litho_BE_93": {"avail": 1.0, "util": 0.13051776790671848, "br": 0.0}, "Litho_BE_99": {"avail": 1.0, "util": 0.22760503424023693, "br": 0.0}, "Litho_FE_111": {"avail": 1.0, "util": 0.17149500277623544, "br": 0.0}, "Litho_FE_35": {"avail": 1.0, "util": 0.058231538034425316, "br": 0.0}, "Litho_FE_92": {"avail": 1.0, "util": 0.12848097210951182, "br": 0.0}, "Litho_FE_98": {"avail": 1.0, "util": 0.022591615769017213, "br": 0.0}, "Litho_REG_BE_63": {"avail": 1.0, "util": 0.9668413381454747, "br": 0.0}, "Litho_REG_FE_64": {"avail": 1.0, "util": 0.9016171571349251, "br": 0.0}, "Planar_BE_75": {"avail": 1.0, "util": 0.709278575394622, "br": 0.0}, "Planar_FE_76": {"avail": 1.0, "util": 0.9305247084952804, "br": 0.0}, "Planar_FE_77": {"avail": 1.0, "util": 0.7221682398667407, "br": 0.0}, "Planar_FE_78": {"avail": 1.0, "util": 0.4272626318711827, "br": 0.0}, "Planar_FE_79": {"avail": 1.0, "util": 0.32117573570238755, "br": 0.0}, "Planar_FE_80": {"avail": 1.0, "util": 0.4844530816213215, "br": 0.0}, "TF_BE_2": {"avail": 1.0, "util": 0.530399777901166, "br": 0.0}, "TF_BE_23": {"avail": 1.0, "util": 0.6114757674307923, "br": 0.0}, "TF_BE_24": {"avail": 1.0, "util": 0.7243892282065519, "br": 0.0}, "TF_BE_26": {"avail": 1.0, "util": 0.5798060906334088, "br": 0.0}, "TF_BE_40": {"avail": 1.0, "util": 0.5980419374857106, "br": 0.0}, "TF_FE_103": {"avail": 1.0, "util": 0.7228722138494487, "br": 0.0}, "TF_FE_104": {"avail": 1.0, "util": 0.5613825652415324, "br": 0.0}, "TF_FE_113": {"avail": 1.0, "util": 0.21599111604664076, "br": 0.0}, "TF_FE_131": {"avail": 1.0, "util": 0.7072459744586341, "br": 0.0}, "TF_FE_3": {"avail": 1.0, "util": 0.6746714788080695, "br": 0.0}, "TF_FE_5": {"avail": 1.0, "util": 0.5403479548399037, "br": 0.0}, "TF_Met_FE_45": {"avail": 1.0, "util": 0.17705441421432538, "br": 0.0}, "TF_Met_FE_61": {"avail": 1.0, "util": 0.9583564686285397, "br": 0.0}, "WE_BE_14": {"avail": 1.0, "util": 0.04383675735702388, "br": 0.0}, "WE_BE_16": {"avail": 1.0, "util": 0.03876318711826763, "br": 0.0}, "WE_BE_17": {"avail": 1.0, "util": 0.0281093836757357, "br": 0.0}, "WE_BE_7": {"avail": 1.0, "util": 0.034425319267073845, "br": 0.0}, "WE_BE_81": {"avail": 1.0, "util": 0.055987414399407735, "br": 0.0}, "WE_BE_82": {"avail": 1.0, "util": 0.057899932136467394, "br": 0.0}, "WE_BE_9": {"avail": 1.0, "util": 0.07554136590782899, "br": 0.0}, "WE_FE_108": {"avail": 1.0, "util": 0.03477474200157001, "br": 0.0}, "WE_FE_41": {"avail": 1.0, "util": 0.029927817878956136, "br": 0.0}, "WE_FE_47": {"avail": 1.0, "util": 0.03231538034425319, "br": 0.0}, "WE_FE_8": {"avail": 1.0, "util": 0.02630483064963909, "br": 0.0}, "WE_FE_83": {"avail": 1.0, "util": 0.05464556727743846, "br": 0.0}, "WE_FE_84": {"avail": 1.0, "util": 0.03922657347225397, "br": 0.0}, "WE_FE_85": {"avail": 1.0, "util": 0.04782065519156024, "br": 0.0}}, "plugins": {"cost": 429200}}