{"lots": {}, "machines": {"DE_BE_11": {"avail": 1.0, "util": 0.8156532339575184, "br": 0.0}, "DE_BE_12": {"avail": 1.0, "util": 0.7035820925134167, "br": 0.0}, "DE_BE_13": {"avail": 1.0, "util": 0.8518318706500083, "br": 0.0}, "DE_BE_48": {"avail": 1.0, "util": 0.5763678027409713, "br": 0.0}, "DE_BE_50": {"avail": 1.0, "util": 0.6486563433094924, "br": 0.0}, "DE_BE_65": {"avail": 1.0, "util": 0.7722569771038628, "br": 0.0}, "DE_BE_66": {"avail": 1.0, "util": 0.7719316877504421, "br": 0.0}, "DE_BE_67": {"avail": 1.0, "util": 0.8322086218760061, "br": 0.0}, "DE_BE_69": {"avail": 1.0, "util": 0.36728930861282777, "br": 0.0}, "DE_FE_1": {"avail": 1.0, "util": 0.568002222067912, "br": 0.0}, "DE_FE_51": {"avail": 1.0, "util": 0.4457433511561697, "br": 0.0}, "DE_FE_53": {"avail": 1.0, "util": 0.13968474411499202, "br": 0.0}, "DE_FE_54": {"avail": 1.0, "util": 0.8204291368654955, "br": 0.0}, "DE_FE_56": {"avail": 1.0, "util": 0.9048329977084925, "br": 0.0}, "DE_FE_58": {"avail": 1.0, "util": 0.7331782515103118, "br": 0.0}, "DE_FE_59": {"avail": 1.0, "util": 0.6297826539823623, "br": 0.0}, "DE_FE_62": {"avail": 1.0, "util": 0.6865617992214593, "br": 0.0}, "DE_FE_70": {"avail": 1.0, "util": 0.770722992721465, "br": 0.0}, "DE_FE_71": {"avail": 1.0, "util": 0.6366571765849594, "br": 0.0}, "DE_FE_72": {"avail": 1.0, "util": 0.26304360177007907, "br": 0.0}, "DE_FE_86": {"avail": 1.0, "util": 0.6359480685781002, "br": 0.0}, "DefMEt_FE_118": {"avail": 1.0, "util": 0.3101520727727241, "br": 0.0}, "DefMet_BE_33": {"avail": 1.0, "util": 0.8820915214221234, "br": 0.0}, "DefMet_BE_42": {"avail": 1.0, "util": 0.9637525171863065, "br": 0.0}, "DefMet_FE_10": {"avail": 1.0, "util": 0.5135407263384487, "br": 0.0}, "DefMet_FE_106": {"avail": 1.0, "util": 0.1272133879591695, "br": 0.0}, "DefMet_FE_34": {"avail": 1.0, "util": 0.6683216443302549, "br": 0.0}, "DefMet_FE_43": {"avail": 1.0, "util": 0.8347753628220262, "br": 0.0}, "Delay_32": {"avail": 1.0, "util": 0.2853688979931949, "br": 0.0}, "Dielectric_BE_20": {"avail": 1.0, "util": 0.8346642594264287, "br": 0.0}, "Dielectric_BE_21": {"avail": 1.0, "util": 0.9589496099807884, "br": 0.0}, "Dielectric_BE_27": {"avail": 1.0, "util": 0.8945732935212832, "br": 0.0}, "Dielectric_BE_28": {"avail": 1.0, "util": 0.9095664652917621, "br": 0.0}, "Dielectric_BE_60": {"avail": 1.0, "util": 0.9256070180311552, "br": 0.0}, "Dielectric_FE_112": {"avail": 1.0, "util": 0.5324244458332369, "br": 0.0}, "Dielectric_FE_130": {"avail": 1.0, "util": 0.4351954725366294, "br": 0.0}, "Dielectric_FE_29": {"avail": 1.0, "util": 0.9722472976413675, "br": 0.0}, "Dielectric_FE_30": {"avail": 1.0, "util": 0.9748628567460593, "br": 0.0}, "Dielectric_FE_31": {"avail": 1.0, "util": 0.29020554128185544, "br": 0.0}, "Diffusion_BE_123": {"avail": 1.0, "util": 0.0, "br": 0.0}, "Diffusion_FE_100": {"avail": 1.0, "util": 0.0, "br": 0.0}, "Diffusion_FE_101": {"avail": 1.0, "util": 0.0, "br": 0.0}, "Diffusion_FE_120": {"avail": 1.0, "util": 0.0, "br": 0.0}, "Diffusion_FE_122": {"avail": 1.0, "util": 0.0, "br": 0.0}, "Diffusion_FE_125": {"avail": 1.0, "util": 0.0, "br": 0.0}, "Diffusion_FE_126": {"avail": 1.0, "util": 0.0, "br": 0.0}, "Diffusion_FE_127": {"avail": 1.0, "util": 0.0, "br": 0.0}, "Diffusion_FE_44": {"avail": 1.0, "util": 0.0, "br": 0.0}, "Diffusion_FE_94": {"avail": 1.0, "util": 0.0, "br": 0.0}, "EPI_36": {"avail": 1.0, "util": 0.009027150892299145, "br": 0.0}, "EPI_38": {"avail": 1.0, "util": 0.3096312756058607, "br": 0.0}, "Implant_119": {"avail": 1.0, "util": 0.04520519408374418, "br": 0.0}, "Implant_128": {"avail": 1.0, "util": 0.03555308659120894, "br": 0.0}, "Implant_132": {"avail": 1.0, "util": 0.038915948297241265, "br": 0.0}, "Implant_74": {"avail": 1.0, "util": 0.01697798763974724, "br": 0.0}, "Implant_88": {"avail": 1.0, "util": 0.0035761405457954308, "br": 0.0}, "Implant_90": {"avail": 1.0, "util": 0.053711547809179916, "br": 0.0}, "Implant_91": {"avail": 1.0, "util": 0.04613766901108058, "br": 0.0}, "LithoMet_BE_18": {"avail": 1.0, "util": 0.9512470724886529, "br": 0.0}, "LithoMet_FE_19": {"avail": 1.0, "util": 0.9446119813108217, "br": 0.0}, "LithoTrack_BE_117": {"avail": 1.0, "util": 0.07382820637455732, "br": 0.0}, "LithoTrack_FE_115": {"avail": 1.0, "util": 0.04638736131129105, "br": 0.0}, "LithoTrack_FE_95": {"avail": 1.0, "util": 0.0771543642802583, "br": 0.0}, "LithoTrack_FE_96": {"avail": 1.0, "util": 0.0150336782167905, "br": 0.0}, "Litho_BE_110": {"avail": 1.0, "util": 0.07181566497495645, "br": 0.0}, "Litho_BE_93": {"avail": 1.0, "util": 0.06940490243733075, "br": 0.0}, "Litho_BE_99": {"avail": 1.0, "util": 0.12350994143925191, "br": 0.0}, "Litho_FE_111": {"avail": 1.0, "util": 0.09674328171654746, "br": 0.0}, "Litho_FE_35": {"avail": 1.0, "util": 0.06305117700159711, "br": 0.0}, "Litho_FE_92": {"avail": 1.0, "util": 0.07577732315597742, "br": 0.0}, "Litho_FE_98": {"avail": 1.0, "util": 0.0319595861398514, "br": 0.0}, "Litho_REG_BE_63": {"avail": 1.0, "util": 0.938953892090827, "br": 0.0}, "Litho_REG_FE_64": {"avail": 1.0, "util": 0.9428454042543342, "br": 0.0}, "Planar_BE_75": {"avail": 1.0, "util": 0.8135347743708274, "br": 0.0}, "Planar_FE_76": {"avail": 1.0, "util": 0.9233039372265814, "br": 0.0}, "Planar_FE_77": {"avail": 1.0, "util": 0.894694812860218, "br": 0.0}, "Planar_FE_78": {"avail": 1.0, "util": 0.21192972710228455, "br": 0.0}, "Planar_FE_79": {"avail": 1.0, "util": 0.31739115339212554, "br": 0.0}, "Planar_FE_80": {"avail": 1.0, "util": 0.32463023401152696, "br": 0.0}, "TF_BE_2": {"avail": 1.0, "util": 0.46604402472050555, "br": 0.0}, "TF_BE_23": {"avail": 1.0, "util": 0.7112055710416936, "br": 0.0}, "TF_BE_24": {"avail": 1.0, "util": 0.7249670161794319, "br": 0.0}, "TF_BE_26": {"avail": 1.0, "util": 0.7387895071389272, "br": 0.0}, "TF_BE_40": {"avail": 1.0, "util": 0.7642238896808636, "br": 0.0}, "TF_FE_103": {"avail": 1.0, "util": 0.7381729443391828, "br": 0.0}, "TF_FE_104": {"avail": 1.0, "util": 0.7501423512256092, "br": 0.0}, "TF_FE_113": {"avail": 1.0, "util": 0.11029326667129596, "br": 0.0}, "TF_FE_131": {"avail": 1.0, "util": 0.7152396824294609, "br": 0.0}, "TF_FE_3": {"avail": 1.0, "util": 0.4440663842788695, "br": 0.0}, "TF_FE_5": {"avail": 1.0, "util": 0.35749832187579567, "br": 0.0}, "TF_Met_FE_45": {"avail": 1.0, "util": 0.08825775987778627, "br": 0.0}, "TF_Met_FE_61": {"avail": 1.0, "util": 0.9722935907228665, "br": 0.0}, "WE_BE_14": {"avail": 1.0, "util": 0.037011318658426495, "br": 0.0}, "WE_BE_16": {"avail": 1.0, "util": 0.03801819318102909, "br": 0.0}, "WE_BE_17": {"avail": 1.0, "util": 0.032532463023401154, "br": 0.0}, "WE_BE_7": {"avail": 1.0, "util": 0.017082147073119922, "br": 0.0}, "WE_BE_81": {"avail": 1.0, "util": 0.046293081498969976, "br": 0.0}, "WE_BE_82": {"avail": 1.0, "util": 0.04453394440200912, "br": 0.0}, "WE_BE_9": {"avail": 1.0, "util": 0.05216304423303938, "br": 0.0}, "WE_FE_108": {"avail": 1.0, "util": 0.0395662178632231, "br": 0.0}, "WE_FE_41": {"avail": 1.0, "util": 0.03194222623428929, "br": 0.0}, "WE_FE_47": {"avail": 1.0, "util": 0.035983612249149366, "br": 0.0}, "WE_FE_8": {"avail": 1.0, "util": 0.027081452676897436, "br": 0.0}, "WE_FE_83": {"avail": 1.0, "util": 0.03652524130268731, "br": 0.0}, "WE_FE_84": {"avail": 1.0, "util": 0.036161704456798345, "br": 0.0}, "WE_FE_85": {"avail": 1.0, "util": 0.02538018193181029, "br": 0.0}}, "plugins": {"cost": 429025.1295833333}}