{"lots": {}, "machines": {"DE_BE_11": {"avail": 1.0, "util": 0.6383283968900407, "br": 0.0}, "DE_BE_12": {"avail": 1.0, "util": 0.9456785552675964, "br": 0.0}, "DE_BE_13": {"avail": 1.0, "util": 0.6772844272844273, "br": 0.0}, "DE_BE_48": {"avail": 1.0, "util": 0.7007774898185857, "br": 0.0}, "DE_BE_50": {"avail": 1.0, "util": 0.7774281130445515, "br": 0.0}, "DE_BE_65": {"avail": 1.0, "util": 0.7409129516301152, "br": 0.0}, "DE_BE_66": {"avail": 1.0, "util": 0.6660934546659133, "br": 0.0}, "DE_BE_67": {"avail": 1.0, "util": 0.5993613476490188, "br": 0.0}, "DE_BE_69": {"avail": 1.0, "util": 0.7336634579785265, "br": 0.0}, "DE_FE_1": {"avail": 1.0, "util": 0.7518643888506902, "br": 0.0}, "DE_FE_51": {"avail": 1.0, "util": 0.710117110621797, "br": 0.0}, "DE_FE_53": {"avail": 1.0, "util": 0.36380970011106994, "br": 0.0}, "DE_FE_54": {"avail": 1.0, "util": 0.5457052943354314, "br": 0.0}, "DE_FE_56": {"avail": 1.0, "util": 0.5942706405035172, "br": 0.0}, "DE_FE_58": {"avail": 1.0, "util": 0.6543564112057263, "br": 0.0}, "DE_FE_59": {"avail": 1.0, "util": 0.7594409477971121, "br": 0.0}, "DE_FE_62": {"avail": 1.0, "util": 0.8316232083355372, "br": 0.0}, "DE_FE_70": {"avail": 1.0, "util": 0.6701791359325606, "br": 0.0}, "DE_FE_71": {"avail": 1.0, "util": 0.8308860474956365, "br": 0.0}, "DE_FE_72": {"avail": 1.0, "util": 0.8584474885844748, "br": 0.0}, "DE_FE_86": {"avail": 1.0, "util": 0.7590700289330427, "br": 0.0}, "DefMEt_FE_118": {"avail": 1.0, "util": 0.4983802295446131, "br": 0.0}, "DefMet_BE_33": {"avail": 1.0, "util": 0.8613013698630136, "br": 0.0}, "DefMet_BE_42": {"avail": 1.0, "util": 0.9563124768604221, "br": 0.0}, "DefMet_FE_10": {"avail": 1.0, "util": 0.7004813032210292, "br": 0.0}, "DefMet_FE_106": {"avail": 1.0, "util": 0.518326545723806, "br": 0.0}, "DefMet_FE_34": {"avail": 1.0, "util": 0.5637263976305072, "br": 0.0}, "DefMet_FE_43": {"avail": 1.0, "util": 0.9421047760088856, "br": 0.0}, "Delay_32": {"avail": 1.0, "util": 0.20946940947797113, "br": 0.0}, "Dielectric_BE_20": {"avail": 1.0, "util": 0.8614587189929657, "br": 0.0}, "Dielectric_BE_21": {"avail": 1.0, "util": 0.8626203258052573, "br": 0.0}, "Dielectric_BE_27": {"avail": 1.0, "util": 0.7971368628902875, "br": 0.0}, "Dielectric_BE_28": {"avail": 1.0, "util": 0.8444326175490559, "br": 0.0}, "Dielectric_BE_60": {"avail": 1.0, "util": 0.8280960755275824, "br": 0.0}, "Dielectric_FE_112": {"avail": 1.0, "util": 0.9062291743798593, "br": 0.0}, "Dielectric_FE_130": {"avail": 1.0, "util": 0.8698630136986302, "br": 0.0}, "Dielectric_FE_29": {"avail": 1.0, "util": 0.777489818585709, "br": 0.0}, "Dielectric_FE_30": {"avail": 1.0, "util": 0.9233154387263977, "br": 0.0}, "Dielectric_FE_31": {"avail": 1.0, "util": 0.8212236208811551, "br": 0.0}, "Diffusion_BE_123": {"avail": 1.0, "util": 0.0, "br": 0.0}, "Diffusion_FE_100": {"avail": 1.0, "util": 0.0, "br": 0.0}, "Diffusion_FE_101": {"avail": 1.0, "util": 0.0, "br": 0.0}, "Diffusion_FE_120": {"avail": 1.0, "util": 0.0, "br": 0.0}, "Diffusion_FE_122": {"avail": 1.0, "util": 0.0, "br": 0.0}, "Diffusion_FE_125": {"avail": 1.0, "util": 0.0, "br": 0.0}, "Diffusion_FE_126": {"avail": 1.0, "util": 0.0, "br": 0.0}, "Diffusion_FE_127": {"avail": 1.0, "util": 0.0, "br": 0.0}, "Diffusion_FE_44": {"avail": 1.0, "util": 0.0, "br": 0.0}, "Diffusion_FE_94": {"avail": 1.0, "util": 0.0, "br": 0.0}, "EPI_36": {"avail": 1.0, "util": 0.011940022213994816, "br": 0.0}, "EPI_38": {"avail": 1.0, "util": 0.01156978896704924, "br": 0.0}, "Implant_119": {"avail": 1.0, "util": 0.02772121436504998, "br": 0.0}, "Implant_128": {"avail": 1.0, "util": 0.062439837097371345, "br": 0.0}, "Implant_132": {"avail": 1.0, "util": 0.02820714550166605, "br": 0.0}, "Implant_74": {"avail": 1.0, "util": 0.011199555720103666, "br": 0.0}, "Implant_88": {"avail": 1.0, "util": 0.002406516105146242, "br": 0.0}, "Implant_90": {"avail": 1.0, "util": 0.04988893002591633, "br": 0.0}, "Implant_91": {"avail": 1.0, "util": 0.049811798099469326, "br": 0.0}, "LithoMet_BE_18": {"avail": 1.0, "util": 0.9412041124369891, "br": 0.0}, "LithoMet_FE_19": {"avail": 1.0, "util": 0.9257990867579909, "br": 0.0}, "LithoTrack_BE_117": {"avail": 1.0, "util": 0.12317660125879304, "br": 0.0}, "LithoTrack_FE_115": {"avail": 1.0, "util": 0.058787232034613175, "br": 0.0}, "LithoTrack_FE_95": {"avail": 1.0, "util": 0.074560442466509, "br": 0.0}, "LithoTrack_FE_96": {"avail": 1.0, "util": 0.004998148833765272, "br": 0.0}, "Litho_BE_110": {"avail": 1.0, "util": 0.09145422330353838, "br": 0.0}, "Litho_BE_93": {"avail": 1.0, "util": 0.07657657657657659, "br": 0.0}, "Litho_BE_99": {"avail": 1.0, "util": 0.23883129705047515, "br": 0.0}, "Litho_FE_111": {"avail": 1.0, "util": 0.1324930160546599, "br": 0.0}, "Litho_FE_35": {"avail": 1.0, "util": 0.061828952239911146, "br": 0.0}, "Litho_FE_92": {"avail": 1.0, "util": 0.12834472081047424, "br": 0.0}, "Litho_FE_98": {"avail": 1.0, "util": 0.14977786005183266, "br": 0.0}, "Litho_REG_BE_63": {"avail": 1.0, "util": 0.8946802110329508, "br": 0.0}, "Litho_REG_FE_64": {"avail": 1.0, "util": 0.9424882318717935, "br": 0.0}, "Planar_BE_75": {"avail": 1.0, "util": 0.7537208441318031, "br": 0.0}, "Planar_FE_76": {"avail": 1.0, "util": 0.9350549179316303, "br": 0.0}, "Planar_FE_77": {"avail": 1.0, "util": 0.9639022584228064, "br": 0.0}, "Planar_FE_78": {"avail": 1.0, "util": 0.4226675305442429, "br": 0.0}, "Planar_FE_79": {"avail": 1.0, "util": 0.8233987412069604, "br": 0.0}, "Planar_FE_80": {"avail": 1.0, "util": 0.8627360236949279, "br": 0.0}, "TF_BE_2": {"avail": 1.0, "util": 0.44249814883376526, "br": 0.0}, "TF_BE_23": {"avail": 1.0, "util": 0.5463570997096592, "br": 0.0}, "TF_BE_24": {"avail": 1.0, "util": 0.38593113661606815, "br": 0.0}, "TF_BE_26": {"avail": 1.0, "util": 0.6281253856596322, "br": 0.0}, "TF_BE_40": {"avail": 1.0, "util": 0.7881957299765519, "br": 0.0}, "TF_FE_103": {"avail": 1.0, "util": 0.8697935949648279, "br": 0.0}, "TF_FE_104": {"avail": 1.0, "util": 0.7686042206590151, "br": 0.0}, "TF_FE_113": {"avail": 1.0, "util": 0.4388652350981118, "br": 0.0}, "TF_FE_131": {"avail": 1.0, "util": 0.15179563124768605, "br": 0.0}, "TF_FE_3": {"avail": 1.0, "util": 0.8948537578674565, "br": 0.0}, "TF_FE_5": {"avail": 1.0, "util": 0.3556090336912255, "br": 0.0}, "TF_Met_FE_45": {"avail": 1.0, "util": 0.14203072935949648, "br": 0.0}, "TF_Met_FE_61": {"avail": 1.0, "util": 0.966401332839689, "br": 0.0}, "WE_BE_14": {"avail": 1.0, "util": 0.037782302850796, "br": 0.0}, "WE_BE_16": {"avail": 1.0, "util": 0.04470566456867827, "br": 0.0}, "WE_BE_17": {"avail": 1.0, "util": 0.04618659755646057, "br": 0.0}, "WE_BE_7": {"avail": 1.0, "util": 0.007589781562384302, "br": 0.0}, "WE_BE_81": {"avail": 1.0, "util": 0.0381957299765519, "br": 0.0}, "WE_BE_82": {"avail": 1.0, "util": 0.07832284339133655, "br": 0.0}, "WE_BE_9": {"avail": 1.0, "util": 0.0604273549479029, "br": 0.0}, "WE_FE_108": {"avail": 1.0, "util": 0.04182313428888771, "br": 0.0}, "WE_FE_41": {"avail": 1.0, "util": 0.04270640503517216, "br": 0.0}, "WE_FE_47": {"avail": 1.0, "util": 0.037162162162162164, "br": 0.0}, "WE_FE_8": {"avail": 1.0, "util": 0.046232876712328765, "br": 0.0}, "WE_FE_83": {"avail": 1.0, "util": 0.04740307822499603, "br": 0.0}, "WE_FE_84": {"avail": 1.0, "util": 0.049215311201612565, "br": 0.0}, "WE_FE_85": {"avail": 1.0, "util": 0.0320714550166605, "br": 0.0}}, "plugins": {"cost": 448600.0}}