{"lots": {}, "machines": {"DE_BE_11": {"avail": 1.0, "util": 0.7299083587892252, "br": 0.0}, "DE_BE_12": {"avail": 1.0, "util": 0.7062467215896818, "br": 0.0}, "DE_BE_13": {"avail": 1.0, "util": 0.8486200923024028, "br": 0.0}, "DE_BE_48": {"avail": 1.0, "util": 0.8269786170508192, "br": 0.0}, "DE_BE_50": {"avail": 1.0, "util": 0.7041099694529297, "br": 0.0}, "DE_BE_65": {"avail": 1.0, "util": 0.7674012120816114, "br": 0.0}, "DE_BE_66": {"avail": 1.0, "util": 0.709634750580979, "br": 0.0}, "DE_BE_67": {"avail": 1.0, "util": 0.8255970563732297, "br": 0.0}, "DE_BE_69": {"avail": 1.0, "util": 0.840981671757845, "br": 0.0}, "DE_FE_1": {"avail": 1.0, "util": 0.5593882651644385, "br": 0.0}, "DE_FE_51": {"avail": 1.0, "util": 0.6177633405925255, "br": 0.0}, "DE_FE_53": {"avail": 1.0, "util": 0.693585115245765, "br": 0.0}, "DE_FE_54": {"avail": 1.0, "util": 0.8158844765342961, "br": 0.0}, "DE_FE_56": {"avail": 1.0, "util": 0.7530199944459872, "br": 0.0}, "DE_FE_58": {"avail": 1.0, "util": 0.4895399426085347, "br": 0.0}, "DE_FE_59": {"avail": 1.0, "util": 0.738281033046376, "br": 0.0}, "DE_FE_62": {"avail": 1.0, "util": 0.8023664061570198, "br": 0.0}, "DE_FE_70": {"avail": 1.0, "util": 0.8400017089270074, "br": 0.0}, "DE_FE_71": {"avail": 1.0, "util": 0.6471986948069981, "br": 0.0}, "DE_FE_72": {"avail": 1.0, "util": 0.9279752537875281, "br": 0.0}, "DE_FE_86": {"avail": 1.0, "util": 0.6680495129953614, "br": 0.0}, "DefMEt_FE_118": {"avail": 1.0, "util": 0.3755901138572619, "br": 0.0}, "DefMet_BE_33": {"avail": 1.0, "util": 0.9181477367397946, "br": 0.0}, "DefMet_BE_42": {"avail": 1.0, "util": 0.9827131352402111, "br": 0.0}, "DefMet_FE_10": {"avail": 1.0, "util": 0.9342890863648986, "br": 0.0}, "DefMet_FE_106": {"avail": 1.0, "util": 0.38815606775895584, "br": 0.0}, "DefMet_FE_34": {"avail": 1.0, "util": 0.5895584559844488, "br": 0.0}, "DefMet_FE_43": {"avail": 1.0, "util": 0.9482435434601499, "br": 0.0}, "Delay_32": {"avail": 1.0, "util": 0.3832242779783393, "br": 0.0}, "Dielectric_BE_20": {"avail": 1.0, "util": 0.8856706470424882, "br": 0.0}, "Dielectric_BE_21": {"avail": 1.0, "util": 0.9451280894196057, "br": 0.0}, "Dielectric_BE_27": {"avail": 1.0, "util": 0.8100018513375914, "br": 0.0}, "Dielectric_BE_28": {"avail": 1.0, "util": 0.822393085254096, "br": 0.0}, "Dielectric_BE_60": {"avail": 1.0, "util": 0.921254512635379, "br": 0.0}, "Dielectric_FE_112": {"avail": 1.0, "util": 0.9368578172729797, "br": 0.0}, "Dielectric_FE_130": {"avail": 1.0, "util": 0.8928943349069702, "br": 0.0}, "Dielectric_FE_29": {"avail": 1.0, "util": 0.9680181431083958, "br": 0.0}, "Dielectric_FE_30": {"avail": 1.0, "util": 0.9702513190780339, "br": 0.0}, "Dielectric_FE_31": {"avail": 1.0, "util": 0.9283011663426826, "br": 0.0}, "Diffusion_BE_123": {"avail": 1.0, "util": 0.0, "br": 0.0}, "Diffusion_FE_100": {"avail": 1.0, "util": 0.0, "br": 0.0}, "Diffusion_FE_101": {"avail": 1.0, "util": 0.0, "br": 0.0}, "Diffusion_FE_120": {"avail": 1.0, "util": 0.0, "br": 0.0}, "Diffusion_FE_122": {"avail": 1.0, "util": 0.0, "br": 0.0}, "Diffusion_FE_125": {"avail": 1.0, "util": 0.0, "br": 0.0}, "Diffusion_FE_126": {"avail": 1.0, "util": 0.0, "br": 0.0}, "Diffusion_FE_127": {"avail": 1.0, "util": 0.0, "br": 0.0}, "Diffusion_FE_44": {"avail": 1.0, "util": 0.0, "br": 0.0}, "Diffusion_FE_94": {"avail": 1.0, "util": 0.0, "br": 0.0}, "EPI_36": {"avail": 1.0, "util": 0.009059983337961677, "br": 0.0}, "EPI_38": {"avail": 1.0, "util": 0.022216051096917523, "br": 0.0}, "Implant_119": {"avail": 1.0, "util": 0.016071924465426272, "br": 0.0}, "Implant_128": {"avail": 1.0, "util": 0.05965703971119133, "br": 0.0}, "Implant_132": {"avail": 1.0, "util": 0.03453033879477923, "br": 0.0}, "Implant_74": {"avail": 1.0, "util": 0.008435156900860871, "br": 0.0}, "Implant_88": {"avail": 1.0, "util": 0.007254929186337128, "br": 0.0}, "Implant_90": {"avail": 1.0, "util": 0.06588447653429604, "br": 0.0}, "Implant_91": {"avail": 1.0, "util": 0.046526427844117375, "br": 0.0}, "LithoMet_BE_18": {"avail": 1.0, "util": 0.9589483690427874, "br": 0.0}, "LithoMet_FE_19": {"avail": 1.0, "util": 0.949462340707828, "br": 0.0}, "LithoTrack_BE_117": {"avail": 1.0, "util": 0.08281033046376006, "br": 0.0}, "LithoTrack_FE_115": {"avail": 1.0, "util": 0.049026414231340965, "br": 0.0}, "LithoTrack_FE_95": {"avail": 1.0, "util": 0.05870818196759403, "br": 0.0}, "LithoTrack_FE_96": {"avail": 1.0, "util": 0.0, "br": 0.0}, "Litho_BE_110": {"avail": 1.0, "util": 0.07084341651128655, "br": 0.0}, "Litho_BE_93": {"avail": 1.0, "util": 0.06551420901601407, "br": 0.0}, "Litho_BE_99": {"avail": 1.0, "util": 0.16641210774784782, "br": 0.0}, "Litho_FE_111": {"avail": 1.0, "util": 0.10831271616470173, "br": 0.0}, "Litho_FE_35": {"avail": 1.0, "util": 0.06755068036656485, "br": 0.0}, "Litho_FE_92": {"avail": 1.0, "util": 0.10257462152769012, "br": 0.0}, "Litho_FE_98": {"avail": 1.0, "util": 0.11262149402943628, "br": 0.0}, "Litho_REG_BE_63": {"avail": 1.0, "util": 0.9574770896973063, "br": 0.0}, "Litho_REG_FE_64": {"avail": 1.0, "util": 0.946086404570159, "br": 0.0}, "Planar_BE_75": {"avail": 1.0, "util": 0.8329630658150514, "br": 0.0}, "Planar_FE_76": {"avail": 1.0, "util": 0.9310145330000926, "br": 0.0}, "Planar_FE_77": {"avail": 1.0, "util": 0.8999236323243544, "br": 0.0}, "Planar_FE_78": {"avail": 1.0, "util": 0.0, "br": 0.0}, "Planar_FE_79": {"avail": 1.0, "util": 0.9618994723687865, "br": 0.0}, "Planar_FE_80": {"avail": 1.0, "util": 0.40558178283810054, "br": 0.0}, "TF_BE_2": {"avail": 1.0, "util": 0.3960878922521522, "br": 0.0}, "TF_BE_23": {"avail": 1.0, "util": 0.828443122524445, "br": 0.0}, "TF_BE_24": {"avail": 1.0, "util": 0.28957234101638435, "br": 0.0}, "TF_BE_26": {"avail": 1.0, "util": 0.819466814773674, "br": 0.0}, "TF_BE_40": {"avail": 1.0, "util": 0.7811053642506711, "br": 0.0}, "TF_FE_103": {"avail": 1.0, "util": 0.7481602332685365, "br": 0.0}, "TF_FE_104": {"avail": 1.0, "util": 0.8720077756178839, "br": 0.0}, "TF_FE_113": {"avail": 1.0, "util": 0.3323382393779506, "br": 0.0}, "TF_FE_131": {"avail": 1.0, "util": 0.17308849393686937, "br": 0.0}, "TF_FE_3": {"avail": 1.0, "util": 0.837371563454596, "br": 0.0}, "TF_FE_5": {"avail": 1.0, "util": 0.4012774229380728, "br": 0.0}, "TF_Met_FE_45": {"avail": 1.0, "util": 0.10639405720633158, "br": 0.0}, "TF_Met_FE_61": {"avail": 1.0, "util": 0.9716398222715912, "br": 0.0}, "WE_BE_14": {"avail": 1.0, "util": 0.03457372951957789, "br": 0.0}, "WE_BE_16": {"avail": 1.0, "util": 0.04410040420870746, "br": 0.0}, "WE_BE_17": {"avail": 1.0, "util": 0.03703832268814218, "br": 0.0}, "WE_BE_7": {"avail": 1.0, "util": 0.005623437933907248, "br": 0.0}, "WE_BE_81": {"avail": 1.0, "util": 0.033648060723873, "br": 0.0}, "WE_BE_82": {"avail": 1.0, "util": 0.06089280755345738, "br": 0.0}, "WE_BE_9": {"avail": 1.0, "util": 0.05710715277502281, "br": 0.0}, "WE_FE_108": {"avail": 1.0, "util": 0.04205974530884278, "br": 0.0}, "WE_FE_41": {"avail": 1.0, "util": 0.03714246042765899, "br": 0.0}, "WE_FE_47": {"avail": 1.0, "util": 0.028776728686475978, "br": 0.0}, "WE_FE_8": {"avail": 1.0, "util": 0.04620244376562066, "br": 0.0}, "WE_FE_83": {"avail": 1.0, "util": 0.03940373705716666, "br": 0.0}, "WE_FE_84": {"avail": 1.0, "util": 0.03964562312937764, "br": 0.0}, "WE_FE_85": {"avail": 1.0, "util": 0.023743404609830602, "br": 0.0}}, "plugins": {"cost": 448200.0}}