{"lots": {}, "machines": {"DE_BE_11": {"avail": 1.0, "util": 0.8897791973337037, "br": 0.0}, "DE_BE_12": {"avail": 1.0, "util": 0.0, "br": 0.0}, "DE_BE_13": {"avail": 1.0, "util": 0.7874303172178467, "br": 0.0}, "DE_BE_48": {"avail": 1.0, "util": 0.7757811415081238, "br": 0.0}, "DE_BE_50": {"avail": 1.0, "util": 0.0, "br": 0.0}, "DE_BE_65": {"avail": 1.0, "util": 0.4243201516129296, "br": 0.0}, "DE_BE_66": {"avail": 1.0, "util": 0.7775016627807542, "br": 0.0}, "DE_BE_67": {"avail": 1.0, "util": 0.42605193723094015, "br": 0.0}, "DE_BE_69": {"avail": 1.0, "util": 0.5532564921538675, "br": 0.0}, "DE_FE_1": {"avail": 1.0, "util": 0.0, "br": 0.0}, "DE_FE_51": {"avail": 1.0, "util": 0.1887164794363356, "br": 0.0}, "DE_FE_53": {"avail": 1.0, "util": 0.0, "br": 0.0}, "DE_FE_54": {"avail": 1.0, "util": 0.8093875850576309, "br": 0.0}, "DE_FE_56": {"avail": 1.0, "util": 0.3003055131231773, "br": 0.0}, "DE_FE_58": {"avail": 1.0, "util": 0.7342961625700135, "br": 0.0}, "DE_FE_59": {"avail": 1.0, "util": 0.5710040272184419, "br": 0.0}, "DE_FE_62": {"avail": 1.0, "util": 0.2623941119288988, "br": 0.0}, "DE_FE_70": {"avail": 1.0, "util": 0.2689797357204662, "br": 0.0}, "DE_FE_71": {"avail": 1.0, "util": 0.23662884123236852, "br": 0.0}, "DE_FE_72": {"avail": 1.0, "util": 0.11769970220185468, "br": 0.0}, "DE_FE_86": {"avail": 1.0, "util": 0.16470140464030203, "br": 0.0}, "DefMEt_FE_118": {"avail": 1.0, "util": 0.7497569781974726, "br": 0.0}, "DefMet_BE_33": {"avail": 1.0, "util": 0.8609915289543119, "br": 0.0}, "DefMet_BE_42": {"avail": 1.0, "util": 0.9694486876822663, "br": 0.0}, "DefMet_FE_10": {"avail": 1.0, "util": 0.9752812109429246, "br": 0.0}, "DefMet_FE_106": {"avail": 1.0, "util": 0.7785029856964311, "br": 0.0}, "DefMet_FE_34": {"avail": 1.0, "util": 0.8306485210387446, "br": 0.0}, "DefMet_FE_43": {"avail": 1.0, "util": 0.9233208350692033, "br": 0.0}, "Delay_32": {"avail": 1.0, "util": 0.11091480349951395, "br": 0.0}, "Dielectric_BE_20": {"avail": 1.0, "util": 0.8867657269823636, "br": 0.0}, "Dielectric_BE_21": {"avail": 1.0, "util": 0.9011074850715178, "br": 0.0}, "Dielectric_BE_27": {"avail": 1.0, "util": 0.7774290607785955, "br": 0.0}, "Dielectric_BE_28": {"avail": 1.0, "util": 0.8151645604777115, "br": 0.0}, "Dielectric_BE_60": {"avail": 1.0, "util": 0.8619636161644216, "br": 0.0}, "Dielectric_FE_112": {"avail": 1.0, "util": 0.774281349812526, "br": 0.0}, "Dielectric_FE_130": {"avail": 1.0, "util": 0.8860227746146369, "br": 0.0}, "Dielectric_FE_29": {"avail": 1.0, "util": 0.7735036800444383, "br": 0.0}, "Dielectric_FE_30": {"avail": 1.0, "util": 0.832037217053187, "br": 0.0}, "Dielectric_FE_31": {"avail": 1.0, "util": 0.9256006110262464, "br": 0.0}, "Diffusion_BE_123": {"avail": 1.0, "util": 0.0, "br": 0.0}, "Diffusion_FE_100": {"avail": 1.0, "util": 0.0, "br": 0.0}, "Diffusion_FE_101": {"avail": 1.0, "util": 0.0, "br": 0.0}, "Diffusion_FE_120": {"avail": 1.0, "util": 0.0, "br": 0.0}, "Diffusion_FE_122": {"avail": 1.0, "util": 0.0, "br": 0.0}, "Diffusion_FE_125": {"avail": 1.0, "util": 0.0, "br": 0.0}, "Diffusion_FE_126": {"avail": 1.0, "util": 0.0, "br": 0.0}, "Diffusion_FE_127": {"avail": 1.0, "util": 0.0, "br": 0.0}, "Diffusion_FE_44": {"avail": 1.0, "util": 0.0, "br": 0.0}, "Diffusion_FE_94": {"avail": 1.0, "util": 0.0, "br": 0.0}, "EPI_36": {"avail": 1.0, "util": 0.010692959311206778, "br": 0.0}, "EPI_38": {"avail": 1.0, "util": 0.0180530481877517, "br": 0.0}, "Implant_119": {"avail": 1.0, "util": 0.036800444382724624, "br": 0.0}, "Implant_128": {"avail": 1.0, "util": 0.07787807248993195, "br": 0.0}, "Implant_132": {"avail": 1.0, "util": 0.03591515067351757, "br": 0.0}, "Implant_74": {"avail": 1.0, "util": 0.0, "br": 0.0}, "Implant_88": {"avail": 1.0, "util": 0.0034717400361060965, "br": 0.0}, "Implant_90": {"avail": 1.0, "util": 0.030898486321344256, "br": 0.0}, "Implant_91": {"avail": 1.0, "util": 0.0469842151553025, "br": 0.0}, "LithoMet_BE_18": {"avail": 1.0, "util": 0.8950466281392542, "br": 0.0}, "LithoMet_FE_19": {"avail": 1.0, "util": 0.918036075236464, "br": 0.0}, "LithoTrack_BE_117": {"avail": 1.0, "util": 0.1556450492987085, "br": 0.0}, "LithoTrack_FE_115": {"avail": 1.0, "util": 0.08215362245439768, "br": 0.0}, "LithoTrack_FE_95": {"avail": 1.0, "util": 0.0962508041683553, "br": 0.0}, "LithoTrack_FE_96": {"avail": 1.0, "util": 0.0, "br": 0.0}, "Litho_BE_110": {"avail": 1.0, "util": 0.12188783303906203, "br": 0.0}, "Litho_BE_93": {"avail": 1.0, "util": 0.10878118779799102, "br": 0.0}, "Litho_BE_99": {"avail": 1.0, "util": 0.3252326065824191, "br": 0.0}, "Litho_FE_111": {"avail": 1.0, "util": 0.16677607907992578, "br": 0.0}, "Litho_FE_35": {"avail": 1.0, "util": 0.07457297597555895, "br": 0.0}, "Litho_FE_92": {"avail": 1.0, "util": 0.18320687783262427, "br": 0.0}, "Litho_FE_98": {"avail": 1.0, "util": 0.19352867657269823, "br": 0.0}, "Litho_REG_BE_63": {"avail": 1.0, "util": 0.8948409943063463, "br": 0.0}, "Litho_REG_FE_64": {"avail": 1.0, "util": 0.873529470113278, "br": 0.0}, "Planar_BE_75": {"avail": 1.0, "util": 0.7043743924454936, "br": 0.0}, "Planar_FE_76": {"avail": 1.0, "util": 0.9256584733601815, "br": 0.0}, "Planar_FE_77": {"avail": 1.0, "util": 0.7071934453548119, "br": 0.0}, "Planar_FE_78": {"avail": 1.0, "util": 0.838286349118178, "br": 0.0}, "Planar_FE_79": {"avail": 1.0, "util": 0.6426885154839606, "br": 0.0}, "Planar_FE_80": {"avail": 1.0, "util": 0.8009304263296765, "br": 0.0}, "TF_BE_2": {"avail": 1.0, "util": 0.5367310095820025, "br": 0.0}, "TF_BE_23": {"avail": 1.0, "util": 0.6042435626630804, "br": 0.0}, "TF_BE_24": {"avail": 1.0, "util": 0.5763366199139008, "br": 0.0}, "TF_BE_26": {"avail": 1.0, "util": 0.5555895014581308, "br": 0.0}, "TF_BE_40": {"avail": 1.0, "util": 0.6328345600148128, "br": 0.0}, "TF_FE_103": {"avail": 1.0, "util": 0.7481946951812248, "br": 0.0}, "TF_FE_104": {"avail": 1.0, "util": 0.5808359950006944, "br": 0.0}, "TF_FE_113": {"avail": 1.0, "util": 0.6587973892514929, "br": 0.0}, "TF_FE_131": {"avail": 1.0, "util": 0.23276859695412674, "br": 0.0}, "TF_FE_3": {"avail": 1.0, "util": 0.6565060408276628, "br": 0.0}, "TF_FE_5": {"avail": 1.0, "util": 0.40369393139841686, "br": 0.0}, "TF_Met_FE_45": {"avail": 1.0, "util": 0.2114984029995834, "br": 0.0}, "TF_Met_FE_61": {"avail": 1.0, "util": 0.9848632134425774, "br": 0.0}, "WE_BE_14": {"avail": 1.0, "util": 0.030190251353978615, "br": 0.0}, "WE_BE_16": {"avail": 1.0, "util": 0.05141261244580228, "br": 0.0}, "WE_BE_17": {"avail": 1.0, "util": 0.030898486321344256, "br": 0.0}, "WE_BE_7": {"avail": 1.0, "util": 0.011387307318427997, "br": 0.0}, "WE_BE_81": {"avail": 1.0, "util": 0.025968615470073602, "br": 0.0}, "WE_BE_82": {"avail": 1.0, "util": 0.09534786835161783, "br": 0.0}, "WE_BE_9": {"avail": 1.0, "util": 0.07235106235245105, "br": 0.0}, "WE_FE_108": {"avail": 1.0, "util": 0.034431725752375665, "br": 0.0}, "WE_FE_41": {"avail": 1.0, "util": 0.029357033745313153, "br": 0.0}, "WE_FE_47": {"avail": 1.0, "util": 0.041197981761792346, "br": 0.0}, "WE_FE_8": {"avail": 1.0, "util": 0.059922233023191225, "br": 0.0}, "WE_FE_83": {"avail": 1.0, "util": 0.05417898307774714, "br": 0.0}, "WE_FE_84": {"avail": 1.0, "util": 0.03919208751870882, "br": 0.0}, "WE_FE_85": {"avail": 1.0, "util": 0.0379808359950007, "br": 0.0}}, "plugins": {"cost": 448800}}