{"lots": {}, "machines": {"DE_BE_11": {"avail": 1.0, "util": 0.0, "br": 0.0}, "DE_BE_12": {"avail": 1.0, "util": 0.0, "br": 0.0}, "DE_BE_13": {"avail": 1.0, "util": 0.0, "br": 0.0}, "DE_BE_48": {"avail": 1.0, "util": 0.0, "br": 0.0}, "DE_BE_50": {"avail": 1.0, "util": 0.0, "br": 0.0}, "DE_BE_65": {"avail": 1.0, "util": 0.0, "br": 0.0}, "DE_BE_66": {"avail": 1.0, "util": 0.0, "br": 0.0}, "DE_BE_67": {"avail": 1.0, "util": 0.0, "br": 0.0}, "DE_BE_69": {"avail": 1.0, "util": 0.0, "br": 0.0}, "DE_FE_1": {"avail": 1.0, "util": 0.0, "br": 0.0}, "DE_FE_51": {"avail": 1.0, "util": 0.0, "br": 0.0}, "DE_FE_53": {"avail": 1.0, "util": 0.0, "br": 0.0}, "DE_FE_54": {"avail": 1.0, "util": 0.0, "br": 0.0}, "DE_FE_56": {"avail": 1.0, "util": 0.0, "br": 0.0}, "DE_FE_58": {"avail": 1.0, "util": 0.0, "br": 0.0}, "DE_FE_59": {"avail": 1.0, "util": 0.0, "br": 0.0}, "DE_FE_62": {"avail": 1.0, "util": 0.0, "br": 0.0}, "DE_FE_70": {"avail": 1.0, "util": 0.0, "br": 0.0}, "DE_FE_71": {"avail": 1.0, "util": 0.0, "br": 0.0}, "DE_FE_72": {"avail": 1.0, "util": 0.0, "br": 0.0}, "DE_FE_86": {"avail": 1.0, "util": 0.0, "br": 0.0}, "DefMEt_FE_118": {"avail": 1.0, "util": 0.9887562465297057, "br": 0.0}, "DefMet_BE_33": {"avail": 1.0, "util": 0.5906440866185453, "br": 0.0}, "DefMet_BE_42": {"avail": 1.0, "util": 0.6507495835646863, "br": 0.0}, "DefMet_FE_10": {"avail": 1.0, "util": 0.965435868961688, "br": 0.0}, "DefMet_FE_106": {"avail": 1.0, "util": 0.2540255413659078, "br": 0.0}, "DefMet_FE_34": {"avail": 1.0, "util": 0.5018045530260966, "br": 0.0}, "DefMet_FE_43": {"avail": 1.0, "util": 0.7941699056079955, "br": 0.0}, "Delay_32": {"avail": 1.0, "util": 0.0, "br": 0.0}, "Dielectric_BE_20": {"avail": 1.0, "util": 0.7494725152692948, "br": 0.0}, "Dielectric_BE_21": {"avail": 1.0, "util": 0.5985563575791227, "br": 0.0}, "Dielectric_BE_27": {"avail": 1.0, "util": 0.8482324634462336, "br": 0.0}, "Dielectric_BE_28": {"avail": 1.0, "util": 0.7056265037941883, "br": 0.0}, "Dielectric_BE_60": {"avail": 1.0, "util": 0.7709143068665557, "br": 0.0}, "Dielectric_FE_112": {"avail": 1.0, "util": 0.6474489481152447, "br": 0.0}, "Dielectric_FE_130": {"avail": 1.0, "util": 0.888811771238201, "br": 0.0}, "Dielectric_FE_29": {"avail": 1.0, "util": 0.0, "br": 0.0}, "Dielectric_FE_30": {"avail": 1.0, "util": 0.5584397556912826, "br": 0.0}, "Dielectric_FE_31": {"avail": 1.0, "util": 0.8425874514158801, "br": 0.0}, "Diffusion_BE_123": {"avail": 1.0, "util": 0.0, "br": 0.0}, "Diffusion_FE_100": {"avail": 1.0, "util": 0.0, "br": 0.0}, "Diffusion_FE_101": {"avail": 1.0, "util": 0.0, "br": 0.0}, "Diffusion_FE_120": {"avail": 1.0, "util": 0.0, "br": 0.0}, "Diffusion_FE_122": {"avail": 1.0, "util": 0.0, "br": 0.0}, "Diffusion_FE_125": {"avail": 1.0, "util": 0.0, "br": 0.0}, "Diffusion_FE_126": {"avail": 1.0, "util": 0.0, "br": 0.0}, "Diffusion_FE_127": {"avail": 1.0, "util": 0.0, "br": 0.0}, "Diffusion_FE_44": {"avail": 1.0, "util": 0.0, "br": 0.0}, "Diffusion_FE_94": {"avail": 1.0, "util": 0.0, "br": 0.0}, "EPI_36": {"avail": 1.0, "util": 0.014436424208772903, "br": 0.0}, "EPI_38": {"avail": 1.0, "util": 0.9913936701832315, "br": 0.0}, "Implant_119": {"avail": 1.0, "util": 0.008883953359244865, "br": 0.0}, "Implant_128": {"avail": 1.0, "util": 0.0702639947503912, "br": 0.0}, "Implant_132": {"avail": 1.0, "util": 0.042754025541365905, "br": 0.0}, "Implant_74": {"avail": 1.0, "util": 0.06787895613548028, "br": 0.0}, "Implant_88": {"avail": 1.0, "util": 0.0, "br": 0.0}, "Implant_90": {"avail": 1.0, "util": 0.038312048861743477, "br": 0.0}, "Implant_91": {"avail": 1.0, "util": 0.07325295470770206, "br": 0.0}, "LithoMet_BE_18": {"avail": 1.0, "util": 0.8066225834132553, "br": 0.0}, "LithoMet_FE_19": {"avail": 1.0, "util": 0.7882128975965734, "br": 0.0}, "LithoTrack_BE_117": {"avail": 1.0, "util": 0.1982787340366463, "br": 0.0}, "LithoTrack_FE_115": {"avail": 1.0, "util": 0.12069175661218023, "br": 0.0}, "LithoTrack_FE_95": {"avail": 1.0, "util": 0.20927956690727376, "br": 0.0}, "LithoTrack_FE_96": {"avail": 1.0, "util": 0.06093836757357024, "br": 0.0}, "Litho_BE_110": {"avail": 1.0, "util": 0.1917413031407672, "br": 0.0}, "Litho_BE_93": {"avail": 1.0, "util": 0.2537479178234314, "br": 0.0}, "Litho_BE_99": {"avail": 1.0, "util": 0.37775310012955765, "br": 0.0}, "Litho_FE_111": {"avail": 1.0, "util": 0.3225430316490838, "br": 0.0}, "Litho_FE_35": {"avail": 1.0, "util": 0.0834258745141588, "br": 0.0}, "Litho_FE_92": {"avail": 1.0, "util": 0.21571349250416436, "br": 0.0}, "Litho_FE_98": {"avail": 1.0, "util": 0.03213492504164353, "br": 0.0}, "Litho_REG_BE_63": {"avail": 1.0, "util": 0.8114242087729039, "br": 0.0}, "Litho_REG_FE_64": {"avail": 1.0, "util": 0.8620442346844346, "br": 0.0}, "Planar_BE_75": {"avail": 1.0, "util": 0.25109066391687157, "br": 0.0}, "Planar_FE_76": {"avail": 1.0, "util": 0.9335091615769017, "br": 0.0}, "Planar_FE_77": {"avail": 1.0, "util": 0.7261243753470294, "br": 0.0}, "Planar_FE_78": {"avail": 1.0, "util": 0.8545252637423654, "br": 0.0}, "Planar_FE_79": {"avail": 1.0, "util": 0.0, "br": 0.0}, "Planar_FE_80": {"avail": 1.0, "util": 0.6393670183231538, "br": 0.0}, "TF_BE_2": {"avail": 1.0, "util": 0.0, "br": 0.0}, "TF_BE_23": {"avail": 1.0, "util": 0.07109145712699294, "br": 0.0}, "TF_BE_24": {"avail": 1.0, "util": 0.0, "br": 0.0}, "TF_BE_26": {"avail": 1.0, "util": 0.07679494298039552, "br": 0.0}, "TF_BE_40": {"avail": 1.0, "util": 0.0, "br": 0.0}, "TF_FE_103": {"avail": 1.0, "util": 0.0, "br": 0.0}, "TF_FE_104": {"avail": 1.0, "util": 0.0, "br": 0.0}, "TF_FE_113": {"avail": 1.0, "util": 0.0, "br": 0.0}, "TF_FE_131": {"avail": 1.0, "util": 0.0, "br": 0.0}, "TF_FE_3": {"avail": 1.0, "util": 0.0, "br": 0.0}, "TF_FE_5": {"avail": 1.0, "util": 0.0, "br": 0.0}, "TF_Met_FE_45": {"avail": 1.0, "util": 0.28400888395335927, "br": 0.0}, "TF_Met_FE_61": {"avail": 1.0, "util": 0.9025541365907829, "br": 0.0}, "WE_BE_14": {"avail": 1.0, "util": 0.029705719044975015, "br": 0.0}, "WE_BE_16": {"avail": 1.0, "util": 0.023320377568017768, "br": 0.0}, "WE_BE_17": {"avail": 1.0, "util": 0.02623542476401999, "br": 0.0}, "WE_BE_7": {"avail": 1.0, "util": 0.011382565241532482, "br": 0.0}, "WE_BE_81": {"avail": 1.0, "util": 0.02841014251341847, "br": 0.0}, "WE_BE_82": {"avail": 1.0, "util": 0.06366833240792152, "br": 0.0}, "WE_BE_9": {"avail": 1.0, "util": 0.07101610216546364, "br": 0.0}, "WE_FE_108": {"avail": 1.0, "util": 0.027044362327442607, "br": 0.0}, "WE_FE_41": {"avail": 1.0, "util": 0.04303164908384231, "br": 0.0}, "WE_FE_47": {"avail": 1.0, "util": 0.035313714602998335, "br": 0.0}, "WE_FE_8": {"avail": 1.0, "util": 0.02637423653525819, "br": 0.0}, "WE_FE_83": {"avail": 1.0, "util": 0.06834166203960762, "br": 0.0}, "WE_FE_84": {"avail": 1.0, "util": 0.035045889538491685, "br": 0.0}, "WE_FE_85": {"avail": 1.0, "util": 0.08592448639644641, "br": 0.0}}, "plugins": {"cost": 429200}}