{"lots": {}, "machines": {"DE_BE_11": {"avail": 1.0, "util": 0.6326360607182525, "br": 0.0}, "DE_BE_12": {"avail": 1.0, "util": 0.946831861215423, "br": 0.0}, "DE_BE_13": {"avail": 1.0, "util": 0.6342451513684391, "br": 0.0}, "DE_BE_48": {"avail": 1.0, "util": 0.7626636599239339, "br": 0.0}, "DE_BE_50": {"avail": 1.0, "util": 0.8692984079970381, "br": 0.0}, "DE_BE_65": {"avail": 1.0, "util": 0.6814311197872841, "br": 0.0}, "DE_BE_66": {"avail": 1.0, "util": 0.7085610993749591, "br": 0.0}, "DE_BE_67": {"avail": 1.0, "util": 0.596580391100939, "br": 0.0}, "DE_BE_69": {"avail": 1.0, "util": 0.36674688387017157, "br": 0.0}, "DE_FE_1": {"avail": 1.0, "util": 0.7433913365420215, "br": 0.0}, "DE_FE_51": {"avail": 1.0, "util": 0.47156608663457983, "br": 0.0}, "DE_FE_53": {"avail": 1.0, "util": 0.18580155497963718, "br": 0.0}, "DE_FE_54": {"avail": 1.0, "util": 0.5482845859558189, "br": 0.0}, "DE_FE_56": {"avail": 1.0, "util": 0.789244724176231, "br": 0.0}, "DE_FE_58": {"avail": 1.0, "util": 0.9813032210292484, "br": 0.0}, "DE_FE_59": {"avail": 1.0, "util": 0.8328975379489079, "br": 0.0}, "DE_FE_62": {"avail": 1.0, "util": 0.881160572337043, "br": 0.0}, "DE_FE_70": {"avail": 1.0, "util": 0.8008397563192085, "br": 0.0}, "DE_FE_71": {"avail": 1.0, "util": 0.8301657822205768, "br": 0.0}, "DE_FE_72": {"avail": 1.0, "util": 0.261746491198546, "br": 0.0}, "DE_FE_86": {"avail": 1.0, "util": 0.7695282349914344, "br": 0.0}, "DefMEt_FE_118": {"avail": 1.0, "util": 0.4160958904109589, "br": 0.0}, "DefMet_BE_33": {"avail": 1.0, "util": 0.8564420584968531, "br": 0.0}, "DefMet_BE_42": {"avail": 1.0, "util": 0.9564975934838948, "br": 0.0}, "DefMet_FE_10": {"avail": 1.0, "util": 0.2796649389115142, "br": 0.0}, "DefMet_FE_106": {"avail": 1.0, "util": 0.1706775268419104, "br": 0.0}, "DefMet_FE_34": {"avail": 1.0, "util": 0.49620510921880784, "br": 0.0}, "DefMet_FE_43": {"avail": 1.0, "util": 0.8291558681969642, "br": 0.0}, "Delay_32": {"avail": 1.0, "util": 0.19220890410958905, "br": 0.0}, "Dielectric_BE_20": {"avail": 1.0, "util": 0.827156608663458, "br": 0.0}, "Dielectric_BE_21": {"avail": 1.0, "util": 0.8590645439960509, "br": 0.0}, "Dielectric_BE_27": {"avail": 1.0, "util": 0.9147692212760705, "br": 0.0}, "Dielectric_BE_28": {"avail": 1.0, "util": 0.9137973590028384, "br": 0.0}, "Dielectric_BE_60": {"avail": 1.0, "util": 0.9303961495742318, "br": 0.0}, "Dielectric_FE_112": {"avail": 1.0, "util": 0.6821239047266445, "br": 0.0}, "Dielectric_FE_130": {"avail": 1.0, "util": 0.580595149944465, "br": 0.0}, "Dielectric_FE_29": {"avail": 1.0, "util": 0.777798346291497, "br": 0.0}, "Dielectric_FE_30": {"avail": 1.0, "util": 0.9281747500925583, "br": 0.0}, "Dielectric_FE_31": {"avail": 1.0, "util": 0.3864078119215105, "br": 0.0}, "Diffusion_BE_123": {"avail": 1.0, "util": 0.0, "br": 0.0}, "Diffusion_FE_100": {"avail": 1.0, "util": 0.0, "br": 0.0}, "Diffusion_FE_101": {"avail": 1.0, "util": 0.0, "br": 0.0}, "Diffusion_FE_120": {"avail": 1.0, "util": 0.0, "br": 0.0}, "Diffusion_FE_122": {"avail": 1.0, "util": 0.0, "br": 0.0}, "Diffusion_FE_125": {"avail": 1.0, "util": 0.0, "br": 0.0}, "Diffusion_FE_126": {"avail": 1.0, "util": 0.0, "br": 0.0}, "Diffusion_FE_127": {"avail": 1.0, "util": 0.0, "br": 0.0}, "Diffusion_FE_44": {"avail": 1.0, "util": 0.0, "br": 0.0}, "Diffusion_FE_94": {"avail": 1.0, "util": 0.0, "br": 0.0}, "EPI_36": {"avail": 1.0, "util": 0.011940022213994816, "br": 0.0}, "EPI_38": {"avail": 1.0, "util": 0.4078119215105516, "br": 0.0}, "Implant_119": {"avail": 1.0, "util": 0.07936875231395779, "br": 0.0}, "Implant_128": {"avail": 1.0, "util": 0.03971593012688903, "br": 0.0}, "Implant_132": {"avail": 1.0, "util": 0.039614957423176604, "br": 0.0}, "Implant_74": {"avail": 1.0, "util": 0.022491669751943725, "br": 0.0}, "Implant_88": {"avail": 1.0, "util": 0.0, "br": 0.0}, "Implant_90": {"avail": 1.0, "util": 0.06007034431691966, "br": 0.0}, "Implant_91": {"avail": 1.0, "util": 0.050840958375204956, "br": 0.0}, "LithoMet_BE_18": {"avail": 1.0, "util": 0.9532075662212649, "br": 0.0}, "LithoMet_FE_19": {"avail": 1.0, "util": 0.9710160258105464, "br": 0.0}, "LithoTrack_BE_117": {"avail": 1.0, "util": 0.0924102184376157, "br": 0.0}, "LithoTrack_FE_115": {"avail": 1.0, "util": 0.05861424404692029, "br": 0.0}, "LithoTrack_FE_95": {"avail": 1.0, "util": 0.09689929655683081, "br": 0.0}, "LithoTrack_FE_96": {"avail": 1.0, "util": 0.020223991114402075, "br": 0.0}, "Litho_BE_110": {"avail": 1.0, "util": 0.08537900616518841, "br": 0.0}, "Litho_BE_93": {"avail": 1.0, "util": 0.0899203998519067, "br": 0.0}, "Litho_BE_99": {"avail": 1.0, "util": 0.16447611995557201, "br": 0.0}, "Litho_FE_111": {"avail": 1.0, "util": 0.1263837467604591, "br": 0.0}, "Litho_FE_35": {"avail": 1.0, "util": 0.05044427989633469, "br": 0.0}, "Litho_FE_92": {"avail": 1.0, "util": 0.09307450232107767, "br": 0.0}, "Litho_FE_98": {"avail": 1.0, "util": 0.03794890781192151, "br": 0.0}, "Litho_REG_BE_63": {"avail": 1.0, "util": 0.9461310625694187, "br": 0.0}, "Litho_REG_FE_64": {"avail": 1.0, "util": 0.9464858694310749, "br": 0.0}, "Planar_BE_75": {"avail": 1.0, "util": 0.799221187919818, "br": 0.0}, "Planar_FE_76": {"avail": 1.0, "util": 0.9353017400962607, "br": 0.0}, "Planar_FE_77": {"avail": 1.0, "util": 0.9530729359496483, "br": 0.0}, "Planar_FE_78": {"avail": 1.0, "util": 0.27693446871529065, "br": 0.0}, "Planar_FE_79": {"avail": 1.0, "util": 0.21422621251388374, "br": 0.0}, "Planar_FE_80": {"avail": 1.0, "util": 0.4283135875601629, "br": 0.0}, "TF_BE_2": {"avail": 1.0, "util": 0.705363754165124, "br": 0.0}, "TF_BE_23": {"avail": 1.0, "util": 0.6581292642936478, "br": 0.0}, "TF_BE_24": {"avail": 1.0, "util": 0.9660079600148094, "br": 0.0}, "TF_BE_26": {"avail": 1.0, "util": 0.7779597300145246, "br": 0.0}, "TF_BE_40": {"avail": 1.0, "util": 0.8181283620445587, "br": 0.0}, "TF_FE_103": {"avail": 1.0, "util": 0.9745332416565293, "br": 0.0}, "TF_FE_104": {"avail": 1.0, "util": 0.7580895964457608, "br": 0.0}, "TF_FE_113": {"avail": 1.0, "util": 0.1451005800320869, "br": 0.0}, "TF_FE_131": {"avail": 1.0, "util": 0.9472726150808343, "br": 0.0}, "TF_FE_3": {"avail": 1.0, "util": 0.595458472170801, "br": 0.0}, "TF_FE_5": {"avail": 1.0, "util": 0.47982228804146615, "br": 0.0}, "TF_Met_FE_45": {"avail": 1.0, "util": 0.11819696408737504, "br": 0.0}, "TF_Met_FE_61": {"avail": 1.0, "util": 0.9888930025916327, "br": 0.0}, "WE_BE_14": {"avail": 1.0, "util": 0.04655683080340615, "br": 0.0}, "WE_BE_16": {"avail": 1.0, "util": 0.03775222139948167, "br": 0.0}, "WE_BE_17": {"avail": 1.0, "util": 0.04165124028137727, "br": 0.0}, "WE_BE_7": {"avail": 1.0, "util": 0.02267678637541651, "br": 0.0}, "WE_BE_81": {"avail": 1.0, "util": 0.046680241885721334, "br": 0.0}, "WE_BE_82": {"avail": 1.0, "util": 0.05050598543749228, "br": 0.0}, "WE_BE_9": {"avail": 1.0, "util": 0.058515364679748244, "br": 0.0}, "WE_FE_108": {"avail": 1.0, "util": 0.04165443194729921, "br": 0.0}, "WE_FE_41": {"avail": 1.0, "util": 0.03733802295446131, "br": 0.0}, "WE_FE_47": {"avail": 1.0, "util": 0.03646797482413921, "br": 0.0}, "WE_FE_8": {"avail": 1.0, "util": 0.023880044427989633, "br": 0.0}, "WE_FE_83": {"avail": 1.0, "util": 0.0426231025546094, "br": 0.0}, "WE_FE_84": {"avail": 1.0, "util": 0.04676372585316985, "br": 0.0}, "WE_FE_85": {"avail": 1.0, "util": 0.03438541281007034, "br": 0.0}}, "plugins": {"cost": 429200}}