{"lots": {}, "machines": {"DE_BE_11": {"avail": 1.0, "util": 0.8847922356462836, "br": 0.0}, "DE_BE_12": {"avail": 1.0, "util": 0.7103874461880294, "br": 0.0}, "DE_BE_13": {"avail": 1.0, "util": 0.8491448837234145, "br": 0.0}, "DE_BE_48": {"avail": 1.0, "util": 0.8182575652371513, "br": 0.0}, "DE_BE_50": {"avail": 1.0, "util": 0.7812734342452436, "br": 0.0}, "DE_BE_65": {"avail": 1.0, "util": 0.8616416911792554, "br": 0.0}, "DE_BE_66": {"avail": 1.0, "util": 0.773552692844948, "br": 0.0}, "DE_BE_67": {"avail": 1.0, "util": 0.6801264975824065, "br": 0.0}, "DE_BE_69": {"avail": 1.0, "util": 0.37251770587418415, "br": 0.0}, "DE_FE_1": {"avail": 1.0, "util": 0.5611720594361894, "br": 0.0}, "DE_FE_51": {"avail": 1.0, "util": 0.4378489098736286, "br": 0.0}, "DE_FE_53": {"avail": 1.0, "util": 0.13385640883210664, "br": 0.0}, "DE_FE_54": {"avail": 1.0, "util": 0.8104198490950331, "br": 0.0}, "DE_FE_56": {"avail": 1.0, "util": 0.8983127343424524, "br": 0.0}, "DE_FE_58": {"avail": 1.0, "util": 0.7438203027357312, "br": 0.0}, "DE_FE_59": {"avail": 1.0, "util": 0.8282269823635606, "br": 0.0}, "DE_FE_62": {"avail": 1.0, "util": 0.7382920672782375, "br": 0.0}, "DE_FE_70": {"avail": 1.0, "util": 0.8945159131938746, "br": 0.0}, "DE_FE_71": {"avail": 1.0, "util": 0.7645697356848586, "br": 0.0}, "DE_FE_72": {"avail": 1.0, "util": 0.2701771218643875, "br": 0.0}, "DE_FE_86": {"avail": 1.0, "util": 0.6977532546091763, "br": 0.0}, "DefMEt_FE_118": {"avail": 1.0, "util": 0.3098875156228302, "br": 0.0}, "DefMet_BE_33": {"avail": 1.0, "util": 0.9563255103457853, "br": 0.0}, "DefMet_BE_42": {"avail": 1.0, "util": 0.959033467573948, "br": 0.0}, "DefMet_FE_10": {"avail": 1.0, "util": 0.40799888904318843, "br": 0.0}, "DefMet_FE_106": {"avail": 1.0, "util": 0.12789890293014858, "br": 0.0}, "DefMet_FE_34": {"avail": 1.0, "util": 0.48902930148590473, "br": 0.0}, "DefMet_FE_43": {"avail": 1.0, "util": 0.8362449659769476, "br": 0.0}, "Delay_32": {"avail": 1.0, "util": 0.2812682266351895, "br": 0.0}, "Dielectric_BE_20": {"avail": 1.0, "util": 0.858214136925427, "br": 0.0}, "Dielectric_BE_21": {"avail": 1.0, "util": 0.9652710271721521, "br": 0.0}, "Dielectric_BE_27": {"avail": 1.0, "util": 0.9374392445493681, "br": 0.0}, "Dielectric_BE_28": {"avail": 1.0, "util": 0.9164930796648614, "br": 0.0}, "Dielectric_BE_60": {"avail": 1.0, "util": 0.9266652779706522, "br": 0.0}, "Dielectric_FE_112": {"avail": 1.0, "util": 0.6622305543983089, "br": 0.0}, "Dielectric_FE_130": {"avail": 1.0, "util": 0.43589432023330094, "br": 0.0}, "Dielectric_FE_29": {"avail": 1.0, "util": 0.9709531083645789, "br": 0.0}, "Dielectric_FE_30": {"avail": 1.0, "util": 0.9716011665046521, "br": 0.0}, "Dielectric_FE_31": {"avail": 1.0, "util": 0.28903971670601303, "br": 0.0}, "Diffusion_BE_123": {"avail": 1.0, "util": 0.0, "br": 0.0}, "Diffusion_FE_100": {"avail": 1.0, "util": 0.0, "br": 0.0}, "Diffusion_FE_101": {"avail": 1.0, "util": 0.0, "br": 0.0}, "Diffusion_FE_120": {"avail": 1.0, "util": 0.0, "br": 0.0}, "Diffusion_FE_122": {"avail": 1.0, "util": 0.0, "br": 0.0}, "Diffusion_FE_125": {"avail": 1.0, "util": 0.0, "br": 0.0}, "Diffusion_FE_126": {"avail": 1.0, "util": 0.0, "br": 0.0}, "Diffusion_FE_127": {"avail": 1.0, "util": 0.0, "br": 0.0}, "Diffusion_FE_44": {"avail": 1.0, "util": 0.0, "br": 0.0}, "Diffusion_FE_94": {"avail": 1.0, "util": 0.0, "br": 0.0}, "EPI_36": {"avail": 1.0, "util": 0.009061241494236911, "br": 0.0}, "EPI_38": {"avail": 1.0, "util": 0.31335925565893624, "br": 0.0}, "Implant_119": {"avail": 1.0, "util": 0.07387862796833773, "br": 0.0}, "Implant_128": {"avail": 1.0, "util": 0.03742535758922372, "br": 0.0}, "Implant_132": {"avail": 1.0, "util": 0.03446941892991053, "br": 0.0}, "Implant_74": {"avail": 1.0, "util": 0.01697680877655881, "br": 0.0}, "Implant_88": {"avail": 1.0, "util": 0.00180530481877517, "br": 0.0}, "Implant_90": {"avail": 1.0, "util": 0.04495903346757395, "br": 0.0}, "Implant_91": {"avail": 1.0, "util": 0.047354534092487154, "br": 0.0}, "LithoMet_BE_18": {"avail": 1.0, "util": 0.9728888664453169, "br": 0.0}, "LithoMet_FE_19": {"avail": 1.0, "util": 0.9638294284523975, "br": 0.0}, "LithoTrack_BE_117": {"avail": 1.0, "util": 0.07350368004443826, "br": 0.0}, "LithoTrack_FE_115": {"avail": 1.0, "util": 0.04904975934914189, "br": 0.0}, "LithoTrack_FE_95": {"avail": 1.0, "util": 0.07740765171503958, "br": 0.0}, "LithoTrack_FE_96": {"avail": 1.0, "util": 0.015310373559227885, "br": 0.0}, "Litho_BE_110": {"avail": 1.0, "util": 0.07429523677267046, "br": 0.0}, "Litho_BE_93": {"avail": 1.0, "util": 0.07176086654631302, "br": 0.0}, "Litho_BE_99": {"avail": 1.0, "util": 0.12368652501967319, "br": 0.0}, "Litho_FE_111": {"avail": 1.0, "util": 0.10380502707957229, "br": 0.0}, "Litho_FE_35": {"avail": 1.0, "util": 0.04173031523399528, "br": 0.0}, "Litho_FE_92": {"avail": 1.0, "util": 0.07538482903015606, "br": 0.0}, "Litho_FE_98": {"avail": 1.0, "util": 0.03532495486737953, "br": 0.0}, "Litho_REG_BE_63": {"avail": 1.0, "util": 0.9759929176503264, "br": 0.0}, "Litho_REG_FE_64": {"avail": 1.0, "util": 0.9697900754524834, "br": 0.0}, "Planar_BE_75": {"avail": 1.0, "util": 0.8500803459836928, "br": 0.0}, "Planar_FE_76": {"avail": 1.0, "util": 0.9238300236078323, "br": 0.0}, "Planar_FE_77": {"avail": 1.0, "util": 0.8993889737536453, "br": 0.0}, "Planar_FE_78": {"avail": 1.0, "util": 0.42962782946812944, "br": 0.0}, "Planar_FE_79": {"avail": 1.0, "util": 0.32104915983891125, "br": 0.0}, "Planar_FE_80": {"avail": 1.0, "util": 0.32193445354811834, "br": 0.0}, "TF_BE_2": {"avail": 1.0, "util": 0.5334675739480628, "br": 0.0}, "TF_BE_23": {"avail": 1.0, "util": 0.6440920903842721, "br": 0.0}, "TF_BE_24": {"avail": 1.0, "util": 0.7230766560199973, "br": 0.0}, "TF_BE_26": {"avail": 1.0, "util": 0.7902962195421577, "br": 0.0}, "TF_BE_40": {"avail": 1.0, "util": 0.8375511571105321, "br": 0.0}, "TF_FE_103": {"avail": 1.0, "util": 0.7328545638502589, "br": 0.0}, "TF_FE_104": {"avail": 1.0, "util": 0.7473961949729204, "br": 0.0}, "TF_FE_113": {"avail": 1.0, "util": 0.11204462343193075, "br": 0.0}, "TF_FE_131": {"avail": 1.0, "util": 0.719795861685877, "br": 0.0}, "TF_FE_3": {"avail": 1.0, "util": 0.44764616025552006, "br": 0.0}, "TF_FE_5": {"avail": 1.0, "util": 0.44725269638476134, "br": 0.0}, "TF_Met_FE_45": {"avail": 1.0, "util": 0.08901541452576031, "br": 0.0}, "TF_Met_FE_61": {"avail": 1.0, "util": 0.9856269962505207, "br": 0.0}, "WE_BE_14": {"avail": 1.0, "util": 0.04093875850576309, "br": 0.0}, "WE_BE_16": {"avail": 1.0, "util": 0.04078426607415637, "br": 0.0}, "WE_BE_17": {"avail": 1.0, "util": 0.032634356339397305, "br": 0.0}, "WE_BE_7": {"avail": 1.0, "util": 0.01687265657547563, "br": 0.0}, "WE_BE_81": {"avail": 1.0, "util": 0.04300328658056752, "br": 0.0}, "WE_BE_82": {"avail": 1.0, "util": 0.0475474085389375, "br": 0.0}, "WE_BE_9": {"avail": 1.0, "util": 0.057575336758783506, "br": 0.0}, "WE_FE_108": {"avail": 1.0, "util": 0.04424193957735755, "br": 0.0}, "WE_FE_41": {"avail": 1.0, "util": 0.030343007915567283, "br": 0.0}, "WE_FE_47": {"avail": 1.0, "util": 0.03860574920149979, "br": 0.0}, "WE_FE_8": {"avail": 1.0, "util": 0.024961810859602834, "br": 0.0}, "WE_FE_83": {"avail": 1.0, "util": 0.041163264361431286, "br": 0.0}, "WE_FE_84": {"avail": 1.0, "util": 0.04496924446768014, "br": 0.0}, "WE_FE_85": {"avail": 1.0, "util": 0.025447854464657686, "br": 0.0}}, "plugins": {"cost": 429025.1312037037}}