{"lots": {}, "machines": {"DE_BE_11": {"avail": 1.0, "util": 0.0, "br": 0.0}, "DE_BE_12": {"avail": 1.0, "util": 0.0, "br": 0.0}, "DE_BE_13": {"avail": 1.0, "util": 0.0, "br": 0.0}, "DE_BE_48": {"avail": 1.0, "util": 0.0, "br": 0.0}, "DE_BE_50": {"avail": 1.0, "util": 0.0, "br": 0.0}, "DE_BE_65": {"avail": 1.0, "util": 0.0, "br": 0.0}, "DE_BE_66": {"avail": 1.0, "util": 0.0, "br": 0.0}, "DE_BE_67": {"avail": 1.0, "util": 0.0, "br": 0.0}, "DE_BE_69": {"avail": 1.0, "util": 0.0, "br": 0.0}, "DE_FE_1": {"avail": 1.0, "util": 0.0, "br": 0.0}, "DE_FE_51": {"avail": 1.0, "util": 0.0, "br": 0.0}, "DE_FE_53": {"avail": 1.0, "util": 0.0, "br": 0.0}, "DE_FE_54": {"avail": 1.0, "util": 0.0, "br": 0.0}, "DE_FE_56": {"avail": 1.0, "util": 0.0, "br": 0.0}, "DE_FE_58": {"avail": 1.0, "util": 0.0, "br": 0.0}, "DE_FE_59": {"avail": 1.0, "util": 0.0, "br": 0.0}, "DE_FE_62": {"avail": 1.0, "util": 0.0, "br": 0.0}, "DE_FE_70": {"avail": 1.0, "util": 0.0, "br": 0.0}, "DE_FE_71": {"avail": 1.0, "util": 0.0, "br": 0.0}, "DE_FE_72": {"avail": 1.0, "util": 0.0, "br": 0.0}, "DE_FE_86": {"avail": 1.0, "util": 0.0, "br": 0.0}, "DefMEt_FE_118": {"avail": 1.0, "util": 0.9873646209386282, "br": 0.0}, "DefMet_BE_33": {"avail": 1.0, "util": 0.5906692585392946, "br": 0.0}, "DefMet_BE_42": {"avail": 1.0, "util": 0.6564843099139128, "br": 0.0}, "DefMet_FE_10": {"avail": 1.0, "util": 0.9752846431546792, "br": 0.0}, "DefMet_FE_106": {"avail": 1.0, "util": 0.26464870869203, "br": 0.0}, "DefMet_FE_34": {"avail": 1.0, "util": 0.5040266592613163, "br": 0.0}, "DefMet_FE_43": {"avail": 1.0, "util": 0.7980005554012773, "br": 0.0}, "Delay_32": {"avail": 1.0, "util": 0.0, "br": 0.0}, "Dielectric_BE_20": {"avail": 1.0, "util": 0.7568453207442377, "br": 0.0}, "Dielectric_BE_21": {"avail": 1.0, "util": 0.597935758585578, "br": 0.0}, "Dielectric_BE_27": {"avail": 1.0, "util": 0.8465241136721282, "br": 0.0}, "Dielectric_BE_28": {"avail": 1.0, "util": 0.690548921595853, "br": 0.0}, "Dielectric_BE_60": {"avail": 1.0, "util": 0.7738591132092937, "br": 0.0}, "Dielectric_FE_112": {"avail": 1.0, "util": 0.6511771421518714, "br": 0.0}, "Dielectric_FE_130": {"avail": 1.0, "util": 0.8970424881977228, "br": 0.0}, "Dielectric_FE_29": {"avail": 1.0, "util": 0.0, "br": 0.0}, "Dielectric_FE_30": {"avail": 1.0, "util": 0.5676201055262428, "br": 0.0}, "Dielectric_FE_31": {"avail": 1.0, "util": 0.8569147459039156, "br": 0.0}, "Diffusion_BE_123": {"avail": 1.0, "util": 0.0, "br": 0.0}, "Diffusion_FE_100": {"avail": 1.0, "util": 0.0, "br": 0.0}, "Diffusion_FE_101": {"avail": 1.0, "util": 0.0, "br": 0.0}, "Diffusion_FE_120": {"avail": 1.0, "util": 0.0, "br": 0.0}, "Diffusion_FE_122": {"avail": 1.0, "util": 0.0, "br": 0.0}, "Diffusion_FE_125": {"avail": 1.0, "util": 0.0, "br": 0.0}, "Diffusion_FE_126": {"avail": 1.0, "util": 0.0, "br": 0.0}, "Diffusion_FE_127": {"avail": 1.0, "util": 0.0, "br": 0.0}, "Diffusion_FE_44": {"avail": 1.0, "util": 0.0, "br": 0.0}, "Diffusion_FE_94": {"avail": 1.0, "util": 0.0, "br": 0.0}, "EPI_36": {"avail": 1.0, "util": 0.01416273257428492, "br": 0.0}, "EPI_38": {"avail": 1.0, "util": 0.9866703693418495, "br": 0.0}, "Implant_119": {"avail": 1.0, "util": 0.008747570119411274, "br": 0.0}, "Implant_128": {"avail": 1.0, "util": 0.07035924364444221, "br": 0.0}, "Implant_132": {"avail": 1.0, "util": 0.04276589836156623, "br": 0.0}, "Implant_74": {"avail": 1.0, "util": 0.06748125520688697, "br": 0.0}, "Implant_88": {"avail": 1.0, "util": 0.0, "br": 0.0}, "Implant_90": {"avail": 1.0, "util": 0.03818383782282699, "br": 0.0}, "Implant_91": {"avail": 1.0, "util": 0.07315428254056414, "br": 0.0}, "LithoMet_BE_18": {"avail": 1.0, "util": 0.8048521875236677, "br": 0.0}, "LithoMet_FE_19": {"avail": 1.0, "util": 0.7906732256912763, "br": 0.0}, "LithoTrack_BE_117": {"avail": 1.0, "util": 0.19705637322965844, "br": 0.0}, "LithoTrack_FE_115": {"avail": 1.0, "util": 0.11983121219715391, "br": 0.0}, "LithoTrack_FE_95": {"avail": 1.0, "util": 0.20987225770619272, "br": 0.0}, "LithoTrack_FE_96": {"avail": 1.0, "util": 0.06095529019716745, "br": 0.0}, "Litho_BE_110": {"avail": 1.0, "util": 0.19015249387247504, "br": 0.0}, "Litho_BE_93": {"avail": 1.0, "util": 0.25298528186614827, "br": 0.0}, "Litho_BE_99": {"avail": 1.0, "util": 0.37970933999814865, "br": 0.0}, "Litho_FE_111": {"avail": 1.0, "util": 0.3227159122465981, "br": 0.0}, "Litho_FE_35": {"avail": 1.0, "util": 0.08317134129408497, "br": 0.0}, "Litho_FE_92": {"avail": 1.0, "util": 0.21605109691752292, "br": 0.0}, "Litho_FE_98": {"avail": 1.0, "util": 0.032282699250208276, "br": 0.0}, "Litho_REG_BE_63": {"avail": 1.0, "util": 0.8105040266592614, "br": 0.0}, "Litho_REG_FE_64": {"avail": 1.0, "util": 0.8596686105711376, "br": 0.0}, "Planar_BE_75": {"avail": 1.0, "util": 0.2516364501924069, "br": 0.0}, "Planar_FE_76": {"avail": 1.0, "util": 0.927797833935018, "br": 0.0}, "Planar_FE_77": {"avail": 1.0, "util": 0.7231324632046654, "br": 0.0}, "Planar_FE_78": {"avail": 1.0, "util": 0.8487920022216051, "br": 0.0}, "Planar_FE_79": {"avail": 1.0, "util": 0.0, "br": 0.0}, "Planar_FE_80": {"avail": 1.0, "util": 0.6457928353235213, "br": 0.0}, "TF_BE_2": {"avail": 1.0, "util": 0.0, "br": 0.0}, "TF_BE_23": {"avail": 1.0, "util": 0.07029793311381759, "br": 0.0}, "TF_BE_24": {"avail": 1.0, "util": 0.0, "br": 0.0}, "TF_BE_26": {"avail": 1.0, "util": 0.15217995001388504, "br": 0.0}, "TF_BE_40": {"avail": 1.0, "util": 0.0, "br": 0.0}, "TF_FE_103": {"avail": 1.0, "util": 0.0, "br": 0.0}, "TF_FE_104": {"avail": 1.0, "util": 0.0, "br": 0.0}, "TF_FE_113": {"avail": 1.0, "util": 0.0, "br": 0.0}, "TF_FE_131": {"avail": 1.0, "util": 0.0, "br": 0.0}, "TF_FE_3": {"avail": 1.0, "util": 0.0, "br": 0.0}, "TF_FE_5": {"avail": 1.0, "util": 0.0, "br": 0.0}, "TF_Met_FE_45": {"avail": 1.0, "util": 0.28589280755345736, "br": 0.0}, "TF_Met_FE_61": {"avail": 1.0, "util": 0.9009997222993613, "br": 0.0}, "WE_BE_14": {"avail": 1.0, "util": 0.029880588725354068, "br": 0.0}, "WE_BE_16": {"avail": 1.0, "util": 0.023500416550958067, "br": 0.0}, "WE_BE_17": {"avail": 1.0, "util": 0.02707581227436823, "br": 0.0}, "WE_BE_7": {"avail": 1.0, "util": 0.011108025548458762, "br": 0.0}, "WE_BE_81": {"avail": 1.0, "util": 0.02860316578728131, "br": 0.0}, "WE_BE_82": {"avail": 1.0, "util": 0.06556820636243019, "br": 0.0}, "WE_BE_9": {"avail": 1.0, "util": 0.07114690363787836, "br": 0.0}, "WE_FE_108": {"avail": 1.0, "util": 0.02717635905734997, "br": 0.0}, "WE_FE_41": {"avail": 1.0, "util": 0.04271035823382394, "br": 0.0}, "WE_FE_47": {"avail": 1.0, "util": 0.03504582060538739, "br": 0.0}, "WE_FE_8": {"avail": 1.0, "util": 0.025965009719522356, "br": 0.0}, "WE_FE_83": {"avail": 1.0, "util": 0.06854577432194761, "br": 0.0}, "WE_FE_84": {"avail": 1.0, "util": 0.03477792116568927, "br": 0.0}, "WE_FE_85": {"avail": 1.0, "util": 0.08580949736184393, "br": 0.0}}, "plugins": {"cost": 429200}}