{"lots": {}, "machines": {"DE_BE_11": {"avail": 1.0, "util": 0.882609901539315, "br": 0.0}, "DE_BE_12": {"avail": 1.0, "util": 0.0, "br": 0.0}, "DE_BE_13": {"avail": 1.0, "util": 0.8378535438582588, "br": 0.0}, "DE_BE_48": {"avail": 1.0, "util": 0.9830675357093329, "br": 0.0}, "DE_BE_50": {"avail": 1.0, "util": 0.1921601257338326, "br": 0.0}, "DE_BE_65": {"avail": 1.0, "util": 0.4306981980144714, "br": 0.0}, "DE_BE_66": {"avail": 1.0, "util": 0.7664168047354554, "br": 0.0}, "DE_BE_67": {"avail": 1.0, "util": 0.4238247122451809, "br": 0.0}, "DE_BE_69": {"avail": 1.0, "util": 0.5607405352933019, "br": 0.0}, "DE_FE_1": {"avail": 1.0, "util": 0.0, "br": 0.0}, "DE_FE_51": {"avail": 1.0, "util": 0.19071739812713034, "br": 0.0}, "DE_FE_53": {"avail": 1.0, "util": 0.0, "br": 0.0}, "DE_FE_54": {"avail": 1.0, "util": 0.8274303147968383, "br": 0.0}, "DE_FE_56": {"avail": 1.0, "util": 0.29572874774649843, "br": 0.0}, "DE_FE_58": {"avail": 1.0, "util": 0.7371608191189387, "br": 0.0}, "DE_FE_59": {"avail": 1.0, "util": 0.5775990385059863, "br": 0.0}, "DE_FE_62": {"avail": 1.0, "util": 0.07430116686807854, "br": 0.0}, "DE_FE_70": {"avail": 1.0, "util": 0.3142954673948988, "br": 0.0}, "DE_FE_71": {"avail": 1.0, "util": 0.2674584464211423, "br": 0.0}, "DE_FE_72": {"avail": 1.0, "util": 0.11582612983250896, "br": 0.0}, "DE_FE_86": {"avail": 1.0, "util": 0.1923111296013806, "br": 0.0}, "DefMEt_FE_118": {"avail": 1.0, "util": 0.7507973928720011, "br": 0.0}, "DefMet_BE_33": {"avail": 1.0, "util": 0.794203300513105, "br": 0.0}, "DefMet_BE_42": {"avail": 1.0, "util": 0.9014006379142976, "br": 0.0}, "DefMet_FE_10": {"avail": 1.0, "util": 0.8784495909027874, "br": 0.0}, "DefMet_FE_106": {"avail": 1.0, "util": 0.781167660518652, "br": 0.0}, "DefMet_FE_34": {"avail": 1.0, "util": 0.7279850228817085, "br": 0.0}, "DefMet_FE_43": {"avail": 1.0, "util": 0.9030878750057783, "br": 0.0}, "Delay_32": {"avail": 1.0, "util": 0.06666447094716405, "br": 0.0}, "Dielectric_BE_20": {"avail": 1.0, "util": 0.8053529330189987, "br": 0.0}, "Dielectric_BE_21": {"avail": 1.0, "util": 0.8418735265566496, "br": 0.0}, "Dielectric_BE_27": {"avail": 1.0, "util": 0.7774603614847686, "br": 0.0}, "Dielectric_BE_28": {"avail": 1.0, "util": 0.7367563444737207, "br": 0.0}, "Dielectric_BE_60": {"avail": 1.0, "util": 0.8560532519761476, "br": 0.0}, "Dielectric_FE_112": {"avail": 1.0, "util": 0.800457634170018, "br": 0.0}, "Dielectric_FE_130": {"avail": 1.0, "util": 0.8826792400499237, "br": 0.0}, "Dielectric_FE_29": {"avail": 1.0, "util": 0.7764526417972542, "br": 0.0}, "Dielectric_FE_30": {"avail": 1.0, "util": 0.8335182360282901, "br": 0.0}, "Dielectric_FE_31": {"avail": 1.0, "util": 0.92279156843711, "br": 0.0}, "Diffusion_BE_123": {"avail": 1.0, "util": 0.0, "br": 0.0}, "Diffusion_FE_100": {"avail": 1.0, "util": 0.0, "br": 0.0}, "Diffusion_FE_101": {"avail": 1.0, "util": 0.0, "br": 0.0}, "Diffusion_FE_120": {"avail": 1.0, "util": 0.0, "br": 0.0}, "Diffusion_FE_122": {"avail": 1.0, "util": 0.0, "br": 0.0}, "Diffusion_FE_125": {"avail": 1.0, "util": 0.0, "br": 0.0}, "Diffusion_FE_126": {"avail": 1.0, "util": 0.0, "br": 0.0}, "Diffusion_FE_127": {"avail": 1.0, "util": 0.0, "br": 0.0}, "Diffusion_FE_44": {"avail": 1.0, "util": 0.0, "br": 0.0}, "Diffusion_FE_94": {"avail": 1.0, "util": 0.0, "br": 0.0}, "EPI_36": {"avail": 1.0, "util": 0.007141866592705589, "br": 0.0}, "EPI_38": {"avail": 1.0, "util": 0.0176119816946332, "br": 0.0}, "Implant_119": {"avail": 1.0, "util": 0.031687699348218, "br": 0.0}, "Implant_128": {"avail": 1.0, "util": 0.0720149771182915, "br": 0.0}, "Implant_132": {"avail": 1.0, "util": 0.037304118707530164, "br": 0.0}, "Implant_74": {"avail": 1.0, "util": 0.0, "br": 0.0}, "Implant_88": {"avail": 1.0, "util": 0.0034669255304396063, "br": 0.0}, "Implant_90": {"avail": 1.0, "util": 0.06538621550409097, "br": 0.0}, "Implant_91": {"avail": 1.0, "util": 0.047011510192761057, "br": 0.0}, "LithoMet_BE_18": {"avail": 1.0, "util": 0.9103613069775877, "br": 0.0}, "LithoMet_FE_19": {"avail": 1.0, "util": 0.8967780705403782, "br": 0.0}, "LithoTrack_BE_117": {"avail": 1.0, "util": 0.16094855082512827, "br": 0.0}, "LithoTrack_FE_115": {"avail": 1.0, "util": 0.07702012992133478, "br": 0.0}, "LithoTrack_FE_95": {"avail": 1.0, "util": 0.09476451792754267, "br": 0.0}, "LithoTrack_FE_96": {"avail": 1.0, "util": 0.0, "br": 0.0}, "Litho_BE_110": {"avail": 1.0, "util": 0.11608257226063355, "br": 0.0}, "Litho_BE_93": {"avail": 1.0, "util": 0.109185041371978, "br": 0.0}, "Litho_BE_99": {"avail": 1.0, "util": 0.32450422964914716, "br": 0.0}, "Litho_FE_111": {"avail": 1.0, "util": 0.16671499350739402, "br": 0.0}, "Litho_FE_35": {"avail": 1.0, "util": 0.10067951740396616, "br": 0.0}, "Litho_FE_92": {"avail": 1.0, "util": 0.18236028290112327, "br": 0.0}, "Litho_FE_98": {"avail": 1.0, "util": 0.19328803217306892, "br": 0.0}, "Litho_REG_BE_63": {"avail": 1.0, "util": 0.9235369574261545, "br": 0.0}, "Litho_REG_FE_64": {"avail": 1.0, "util": 0.8796481565861679, "br": 0.0}, "Planar_BE_75": {"avail": 1.0, "util": 0.6888711690472888, "br": 0.0}, "Planar_FE_76": {"avail": 1.0, "util": 0.9263625017334628, "br": 0.0}, "Planar_FE_77": {"avail": 1.0, "util": 0.7161974760782138, "br": 0.0}, "Planar_FE_78": {"avail": 1.0, "util": 0.0, "br": 0.0}, "Planar_FE_79": {"avail": 1.0, "util": 0.6419914020246844, "br": 0.0}, "Planar_FE_80": {"avail": 1.0, "util": 0.8113299126334766, "br": 0.0}, "TF_BE_2": {"avail": 1.0, "util": 0.5312369990292608, "br": 0.0}, "TF_BE_23": {"avail": 1.0, "util": 0.6069309315446431, "br": 0.0}, "TF_BE_24": {"avail": 1.0, "util": 0.5764803772014977, "br": 0.0}, "TF_BE_26": {"avail": 1.0, "util": 0.5828965007164979, "br": 0.0}, "TF_BE_40": {"avail": 1.0, "util": 0.6330028197660981, "br": 0.0}, "TF_FE_103": {"avail": 1.0, "util": 0.7445569269172099, "br": 0.0}, "TF_FE_104": {"avail": 1.0, "util": 0.5780612952433781, "br": 0.0}, "TF_FE_113": {"avail": 1.0, "util": 0.6556649563167383, "br": 0.0}, "TF_FE_131": {"avail": 1.0, "util": 0.23117459436971294, "br": 0.0}, "TF_FE_3": {"avail": 1.0, "util": 0.6700180280127583, "br": 0.0}, "TF_FE_5": {"avail": 1.0, "util": 0.40261406184995147, "br": 0.0}, "TF_Met_FE_45": {"avail": 1.0, "util": 0.2129385660796006, "br": 0.0}, "TF_Met_FE_61": {"avail": 1.0, "util": 0.958951601719595, "br": 0.0}, "WE_BE_14": {"avail": 1.0, "util": 0.03644432117598114, "br": 0.0}, "WE_BE_16": {"avail": 1.0, "util": 0.048506140310328356, "br": 0.0}, "WE_BE_17": {"avail": 1.0, "util": 0.03099431424213008, "br": 0.0}, "WE_BE_7": {"avail": 1.0, "util": 0.01109416169740674, "br": 0.0}, "WE_BE_81": {"avail": 1.0, "util": 0.04238894281884159, "br": 0.0}, "WE_BE_82": {"avail": 1.0, "util": 0.09575648315074192, "br": 0.0}, "WE_BE_9": {"avail": 1.0, "util": 0.07090357984824772, "br": 0.0}, "WE_FE_108": {"avail": 1.0, "util": 0.036579035996592506, "br": 0.0}, "WE_FE_41": {"avail": 1.0, "util": 0.030453473859381498, "br": 0.0}, "WE_FE_47": {"avail": 1.0, "util": 0.040586141543012995, "br": 0.0}, "WE_FE_8": {"avail": 1.0, "util": 0.0590070725280821, "br": 0.0}, "WE_FE_83": {"avail": 1.0, "util": 0.048437902410999066, "br": 0.0}, "WE_FE_84": {"avail": 1.0, "util": 0.03657991648561611, "br": 0.0}, "WE_FE_85": {"avail": 1.0, "util": 0.038136180834835665, "br": 0.0}}, "plugins": {"cost": 448800}}