{"lots": {}, "machines": {"DE_BE_11": {"avail": 1.0, "util": 0.5979724099620405, "br": 0.0}, "DE_BE_12": {"avail": 1.0, "util": 0.9429168081144751, "br": 0.0}, "DE_BE_13": {"avail": 1.0, "util": 0.7025760401373771, "br": 0.0}, "DE_BE_48": {"avail": 1.0, "util": 0.6489584297750208, "br": 0.0}, "DE_BE_50": {"avail": 1.0, "util": 0.961701077060766, "br": 0.0}, "DE_BE_65": {"avail": 1.0, "util": 0.737932762217006, "br": 0.0}, "DE_BE_66": {"avail": 1.0, "util": 0.670327796159225, "br": 0.0}, "DE_BE_67": {"avail": 1.0, "util": 0.6753078418664938, "br": 0.0}, "DE_BE_69": {"avail": 1.0, "util": 0.7404406999351912, "br": 0.0}, "DE_FE_1": {"avail": 1.0, "util": 0.7546391207163358, "br": 0.0}, "DE_FE_51": {"avail": 1.0, "util": 0.6746012796086133, "br": 0.0}, "DE_FE_53": {"avail": 1.0, "util": 0.5467827053050643, "br": 0.0}, "DE_FE_54": {"avail": 1.0, "util": 0.544949541709101, "br": 0.0}, "DE_FE_56": {"avail": 1.0, "util": 0.606101286917878, "br": 0.0}, "DE_FE_58": {"avail": 1.0, "util": 0.6586735796068265, "br": 0.0}, "DE_FE_59": {"avail": 1.0, "util": 0.7370490386692591, "br": 0.0}, "DE_FE_62": {"avail": 1.0, "util": 0.679117012974989, "br": 0.0}, "DE_FE_70": {"avail": 1.0, "util": 0.7409143028067202, "br": 0.0}, "DE_FE_71": {"avail": 1.0, "util": 0.8270530506434589, "br": 0.0}, "DE_FE_72": {"avail": 1.0, "util": 0.865115369976031, "br": 0.0}, "DE_FE_86": {"avail": 1.0, "util": 0.7553964482026699, "br": 0.0}, "DefMEt_FE_118": {"avail": 1.0, "util": 0.5040736968799185, "br": 0.0}, "DefMet_BE_33": {"avail": 1.0, "util": 0.8772798814924544, "br": 0.0}, "DefMet_BE_42": {"avail": 1.0, "util": 0.9965743912600685, "br": 0.0}, "DefMet_FE_10": {"avail": 1.0, "util": 0.7536339227849274, "br": 0.0}, "DefMet_FE_106": {"avail": 1.0, "util": 0.6038329784279234, "br": 0.0}, "DefMet_FE_34": {"avail": 1.0, "util": 0.7057216924358856, "br": 0.0}, "DefMet_FE_43": {"avail": 1.0, "util": 0.9515785575409684, "br": 0.0}, "Delay_32": {"avail": 1.0, "util": 0.223801036941024, "br": 0.0}, "Dielectric_BE_20": {"avail": 1.0, "util": 0.8989167669660217, "br": 0.0}, "Dielectric_BE_21": {"avail": 1.0, "util": 0.8559045458753819, "br": 0.0}, "Dielectric_BE_27": {"avail": 1.0, "util": 0.7942906521001142, "br": 0.0}, "Dielectric_BE_28": {"avail": 1.0, "util": 0.8433709841681326, "br": 0.0}, "Dielectric_BE_60": {"avail": 1.0, "util": 0.8476529950930469, "br": 0.0}, "Dielectric_FE_112": {"avail": 1.0, "util": 0.7606980835107859, "br": 0.0}, "Dielectric_FE_130": {"avail": 1.0, "util": 0.8890843440422184, "br": 0.0}, "Dielectric_FE_29": {"avail": 1.0, "util": 0.7797117550844057, "br": 0.0}, "Dielectric_FE_30": {"avail": 1.0, "util": 0.9167669660216646, "br": 0.0}, "Dielectric_FE_31": {"avail": 1.0, "util": 0.8974631978520508, "br": 0.0}, "Diffusion_BE_123": {"avail": 1.0, "util": 0.0, "br": 0.0}, "Diffusion_FE_100": {"avail": 1.0, "util": 0.0, "br": 0.0}, "Diffusion_FE_101": {"avail": 1.0, "util": 0.0, "br": 0.0}, "Diffusion_FE_120": {"avail": 1.0, "util": 0.0, "br": 0.0}, "Diffusion_FE_122": {"avail": 1.0, "util": 0.0, "br": 0.0}, "Diffusion_FE_125": {"avail": 1.0, "util": 0.0, "br": 0.0}, "Diffusion_FE_126": {"avail": 1.0, "util": 0.0, "br": 0.0}, "Diffusion_FE_127": {"avail": 1.0, "util": 0.0, "br": 0.0}, "Diffusion_FE_44": {"avail": 1.0, "util": 0.0, "br": 0.0}, "Diffusion_FE_94": {"avail": 1.0, "util": 0.0, "br": 0.0}, "EPI_36": {"avail": 1.0, "util": 0.011850754559762986, "br": 0.0}, "EPI_38": {"avail": 1.0, "util": 0.011665586519766688, "br": 0.0}, "Implant_119": {"avail": 1.0, "util": 0.027404869919451902, "br": 0.0}, "Implant_128": {"avail": 1.0, "util": 0.06509582446069809, "br": 0.0}, "Implant_132": {"avail": 1.0, "util": 0.029140820294417183, "br": 0.0}, "Implant_74": {"avail": 1.0, "util": 0.01134154244977317, "br": 0.0}, "Implant_88": {"avail": 1.0, "util": 0.0024071845199518565, "br": 0.0}, "Implant_90": {"avail": 1.0, "util": 0.02671048976946579, "br": 0.0}, "Implant_91": {"avail": 1.0, "util": 0.050782334968984356, "br": 0.0}, "LithoMet_BE_18": {"avail": 1.0, "util": 0.941992550547314, "br": 0.0}, "LithoMet_FE_19": {"avail": 1.0, "util": 0.9547521320042383, "br": 0.0}, "LithoTrack_BE_117": {"avail": 1.0, "util": 0.10708267752985834, "br": 0.0}, "LithoTrack_FE_115": {"avail": 1.0, "util": 0.06157745016347434, "br": 0.0}, "LithoTrack_FE_95": {"avail": 1.0, "util": 0.07172427345162674, "br": 0.0}, "LithoTrack_FE_96": {"avail": 1.0, "util": 0.0, "br": 0.0}, "Litho_BE_110": {"avail": 1.0, "util": 0.09152261034031241, "br": 0.0}, "Litho_BE_93": {"avail": 1.0, "util": 0.07662870721846743, "br": 0.0}, "Litho_BE_99": {"avail": 1.0, "util": 0.2176650310156467, "br": 0.0}, "Litho_FE_111": {"avail": 1.0, "util": 0.1338302009073234, "br": 0.0}, "Litho_FE_35": {"avail": 1.0, "util": 0.050134246828997316, "br": 0.0}, "Litho_FE_92": {"avail": 1.0, "util": 0.12754711264108543, "br": 0.0}, "Litho_FE_98": {"avail": 1.0, "util": 0.14998611239700027, "br": 0.0}, "Litho_REG_BE_63": {"avail": 1.0, "util": 0.9509883344134802, "br": 0.0}, "Litho_REG_FE_64": {"avail": 1.0, "util": 0.9456135013953735, "br": 0.0}, "Planar_BE_75": {"avail": 1.0, "util": 0.7368762151652625, "br": 0.0}, "Planar_FE_76": {"avail": 1.0, "util": 0.9375675091812486, "br": 0.0}, "Planar_FE_77": {"avail": 1.0, "util": 0.9508841773909823, "br": 0.0}, "Planar_FE_78": {"avail": 1.0, "util": 0.8488102953430238, "br": 0.0}, "Planar_FE_79": {"avail": 1.0, "util": 0.8505138413109897, "br": 0.0}, "Planar_FE_80": {"avail": 1.0, "util": 0.5366632719192668, "br": 0.0}, "TF_BE_2": {"avail": 1.0, "util": 0.4455605962410888, "br": 0.0}, "TF_BE_23": {"avail": 1.0, "util": 0.6888202359430657, "br": 0.0}, "TF_BE_24": {"avail": 1.0, "util": 0.38957503934820853, "br": 0.0}, "TF_BE_26": {"avail": 1.0, "util": 0.6051723605838966, "br": 0.0}, "TF_BE_40": {"avail": 1.0, "util": 0.8433285498256333, "br": 0.0}, "TF_FE_103": {"avail": 1.0, "util": 0.9826173502453477, "br": 0.0}, "TF_FE_104": {"avail": 1.0, "util": 0.7728173317285437, "br": 0.0}, "TF_FE_113": {"avail": 1.0, "util": 0.6606795667067864, "br": 0.0}, "TF_FE_131": {"avail": 1.0, "util": 0.1553251242168935, "br": 0.0}, "TF_FE_3": {"avail": 1.0, "util": 0.8861679474122767, "br": 0.0}, "TF_FE_5": {"avail": 1.0, "util": 0.26849365799463015, "br": 0.0}, "TF_Met_FE_45": {"avail": 1.0, "util": 0.1420701786871586, "br": 0.0}, "TF_Met_FE_61": {"avail": 1.0, "util": 0.9840292565503194, "br": 0.0}, "WE_BE_14": {"avail": 1.0, "util": 0.03657068789926859, "br": 0.0}, "WE_BE_16": {"avail": 1.0, "util": 0.04625086154574165, "br": 0.0}, "WE_BE_17": {"avail": 1.0, "util": 0.045921673919081564, "br": 0.0}, "WE_BE_7": {"avail": 1.0, "util": 0.00768447365984631, "br": 0.0}, "WE_BE_81": {"avail": 1.0, "util": 0.021911551399561767, "br": 0.0}, "WE_BE_82": {"avail": 1.0, "util": 0.07357652069252847, "br": 0.0}, "WE_BE_9": {"avail": 1.0, "util": 0.061343526393058845, "br": 0.0}, "WE_FE_108": {"avail": 1.0, "util": 0.04154906291745473, "br": 0.0}, "WE_FE_41": {"avail": 1.0, "util": 0.041144338487177114, "br": 0.0}, "WE_FE_47": {"avail": 1.0, "util": 0.039564237879208715, "br": 0.0}, "WE_FE_8": {"avail": 1.0, "util": 0.048560318489028795, "br": 0.0}, "WE_FE_83": {"avail": 1.0, "util": 0.0492546986390149, "br": 0.0}, "WE_FE_84": {"avail": 1.0, "util": 0.04880720920902385, "br": 0.0}, "WE_FE_85": {"avail": 1.0, "util": 0.031848902879363025, "br": 0.0}}, "plugins": {"cost": 448600.0}}