{"lots": {}, "machines": {"DE_BE_11": {"avail": 1.0, "util": 0.0, "br": 0.0}, "DE_BE_12": {"avail": 1.0, "util": 0.0, "br": 0.0}, "DE_BE_13": {"avail": 1.0, "util": 0.0, "br": 0.0}, "DE_BE_48": {"avail": 1.0, "util": 0.0, "br": 0.0}, "DE_BE_50": {"avail": 1.0, "util": 0.0, "br": 0.0}, "DE_BE_65": {"avail": 1.0, "util": 0.0, "br": 0.0}, "DE_BE_66": {"avail": 1.0, "util": 0.0, "br": 0.0}, "DE_BE_67": {"avail": 1.0, "util": 0.0, "br": 0.0}, "DE_BE_69": {"avail": 1.0, "util": 0.0, "br": 0.0}, "DE_FE_1": {"avail": 1.0, "util": 0.0, "br": 0.0}, "DE_FE_51": {"avail": 1.0, "util": 0.0, "br": 0.0}, "DE_FE_53": {"avail": 1.0, "util": 0.0, "br": 0.0}, "DE_FE_54": {"avail": 1.0, "util": 0.0, "br": 0.0}, "DE_FE_56": {"avail": 1.0, "util": 0.0, "br": 0.0}, "DE_FE_58": {"avail": 1.0, "util": 0.0, "br": 0.0}, "DE_FE_59": {"avail": 1.0, "util": 0.0, "br": 0.0}, "DE_FE_62": {"avail": 1.0, "util": 0.0, "br": 0.0}, "DE_FE_70": {"avail": 1.0, "util": 0.0, "br": 0.0}, "DE_FE_71": {"avail": 1.0, "util": 0.0, "br": 0.0}, "DE_FE_72": {"avail": 1.0, "util": 0.0, "br": 0.0}, "DE_FE_86": {"avail": 1.0, "util": 0.0, "br": 0.0}, "DefMEt_FE_118": {"avail": 1.0, "util": 0.9847264648708692, "br": 0.0}, "DefMet_BE_33": {"avail": 1.0, "util": 0.6603721188558733, "br": 0.0}, "DefMet_BE_42": {"avail": 1.0, "util": 0.7645098583726743, "br": 0.0}, "DefMet_FE_10": {"avail": 1.0, "util": 0.8471257983893363, "br": 0.0}, "DefMet_FE_106": {"avail": 1.0, "util": 0.7722854762565954, "br": 0.0}, "DefMet_FE_34": {"avail": 1.0, "util": 0.7364620938628159, "br": 0.0}, "DefMet_FE_43": {"avail": 1.0, "util": 0.8061649541793946, "br": 0.0}, "Delay_32": {"avail": 1.0, "util": 0.0, "br": 0.0}, "Dielectric_BE_20": {"avail": 1.0, "util": 0.8866981394057206, "br": 0.0}, "Dielectric_BE_21": {"avail": 1.0, "util": 0.6197584004443211, "br": 0.0}, "Dielectric_BE_27": {"avail": 1.0, "util": 0.7914283069517727, "br": 0.0}, "Dielectric_BE_28": {"avail": 1.0, "util": 0.7194529297417384, "br": 0.0}, "Dielectric_BE_60": {"avail": 1.0, "util": 0.8712163287975563, "br": 0.0}, "Dielectric_FE_112": {"avail": 1.0, "util": 0.6517078589280756, "br": 0.0}, "Dielectric_FE_130": {"avail": 1.0, "util": 0.892807553457373, "br": 0.0}, "Dielectric_FE_29": {"avail": 1.0, "util": 0.7870036101083032, "br": 0.0}, "Dielectric_FE_30": {"avail": 1.0, "util": 0.5466537073035268, "br": 0.0}, "Dielectric_FE_31": {"avail": 1.0, "util": 0.9234240488753124, "br": 0.0}, "Diffusion_BE_123": {"avail": 1.0, "util": 0.0, "br": 0.0}, "Diffusion_FE_100": {"avail": 1.0, "util": 0.0, "br": 0.0}, "Diffusion_FE_101": {"avail": 1.0, "util": 0.0, "br": 0.0}, "Diffusion_FE_120": {"avail": 1.0, "util": 0.0, "br": 0.0}, "Diffusion_FE_122": {"avail": 1.0, "util": 0.0, "br": 0.0}, "Diffusion_FE_125": {"avail": 1.0, "util": 0.0, "br": 0.0}, "Diffusion_FE_126": {"avail": 1.0, "util": 0.0, "br": 0.0}, "Diffusion_FE_127": {"avail": 1.0, "util": 0.0, "br": 0.0}, "Diffusion_FE_44": {"avail": 1.0, "util": 0.0, "br": 0.0}, "Diffusion_FE_94": {"avail": 1.0, "util": 0.0, "br": 0.0}, "EPI_36": {"avail": 1.0, "util": 0.014301582893640655, "br": 0.0}, "EPI_38": {"avail": 1.0, "util": 0.03554568175506804, "br": 0.0}, "Implant_119": {"avail": 1.0, "util": 0.055678978061649544, "br": 0.0}, "Implant_128": {"avail": 1.0, "util": 0.1180505415162455, "br": 0.0}, "Implant_132": {"avail": 1.0, "util": 0.051096917522910304, "br": 0.0}, "Implant_74": {"avail": 1.0, "util": 0.0, "br": 0.0}, "Implant_88": {"avail": 1.0, "util": 0.00708136628714246, "br": 0.0}, "Implant_90": {"avail": 1.0, "util": 0.0426270480422105, "br": 0.0}, "Implant_91": {"avail": 1.0, "util": 0.0714153475886328, "br": 0.0}, "LithoMet_BE_18": {"avail": 1.0, "util": 0.7575673424048875, "br": 0.0}, "LithoMet_FE_19": {"avail": 1.0, "util": 0.7917553765929217, "br": 0.0}, "LithoTrack_BE_117": {"avail": 1.0, "util": 0.263704526520411, "br": 0.0}, "LithoTrack_FE_115": {"avail": 1.0, "util": 0.13350866589346097, "br": 0.0}, "LithoTrack_FE_95": {"avail": 1.0, "util": 0.15208360489433206, "br": 0.0}, "LithoTrack_FE_96": {"avail": 1.0, "util": 0.0, "br": 0.0}, "Litho_BE_110": {"avail": 1.0, "util": 0.20531995080731544, "br": 0.0}, "Litho_BE_93": {"avail": 1.0, "util": 0.20744237711746738, "br": 0.0}, "Litho_BE_99": {"avail": 1.0, "util": 0.610015736369527, "br": 0.0}, "Litho_FE_111": {"avail": 1.0, "util": 0.31237535028148744, "br": 0.0}, "Litho_FE_35": {"avail": 1.0, "util": 0.13371285753957235, "br": 0.0}, "Litho_FE_92": {"avail": 1.0, "util": 0.3296222429796437, "br": 0.0}, "Litho_FE_98": {"avail": 1.0, "util": 0.37717300749791727, "br": 0.0}, "Litho_REG_BE_63": {"avail": 1.0, "util": 0.8328589280755345, "br": 0.0}, "Litho_REG_FE_64": {"avail": 1.0, "util": 0.8188201690006743, "br": 0.0}, "Planar_BE_75": {"avail": 1.0, "util": 0.21970286031657874, "br": 0.0}, "Planar_FE_76": {"avail": 1.0, "util": 0.9249282606683328, "br": 0.0}, "Planar_FE_77": {"avail": 1.0, "util": 0.7174396001110802, "br": 0.0}, "Planar_FE_78": {"avail": 1.0, "util": 0.8401832824215496, "br": 0.0}, "Planar_FE_79": {"avail": 1.0, "util": 0.0, "br": 0.0}, "Planar_FE_80": {"avail": 1.0, "util": 0.6524576506525965, "br": 0.0}, "TF_BE_2": {"avail": 1.0, "util": 0.0, "br": 0.0}, "TF_BE_23": {"avail": 1.0, "util": 0.0, "br": 0.0}, "TF_BE_24": {"avail": 1.0, "util": 0.0, "br": 0.0}, "TF_BE_26": {"avail": 1.0, "util": 0.06622234564472831, "br": 0.0}, "TF_BE_40": {"avail": 1.0, "util": 0.0, "br": 0.0}, "TF_FE_103": {"avail": 1.0, "util": 0.0, "br": 0.0}, "TF_FE_104": {"avail": 1.0, "util": 0.0, "br": 0.0}, "TF_FE_113": {"avail": 1.0, "util": 0.0, "br": 0.0}, "TF_FE_131": {"avail": 1.0, "util": 0.0, "br": 0.0}, "TF_FE_3": {"avail": 1.0, "util": 0.0, "br": 0.0}, "TF_FE_5": {"avail": 1.0, "util": 0.0, "br": 0.0}, "TF_Met_FE_45": {"avail": 1.0, "util": 0.2860316578728131, "br": 0.0}, "TF_Met_FE_61": {"avail": 1.0, "util": 0.9700083310191614, "br": 0.0}, "WE_BE_14": {"avail": 1.0, "util": 0.021549569564009996, "br": 0.0}, "WE_BE_16": {"avail": 1.0, "util": 0.02530161374926718, "br": 0.0}, "WE_BE_17": {"avail": 1.0, "util": 0.042210497084143296, "br": 0.0}, "WE_BE_7": {"avail": 1.0, "util": 0.0116634268258817, "br": 0.0}, "WE_BE_81": {"avail": 1.0, "util": 0.02249375173562899, "br": 0.0}, "WE_BE_82": {"avail": 1.0, "util": 0.15045820605387392, "br": 0.0}, "WE_BE_9": {"avail": 1.0, "util": 0.08172333082080374, "br": 0.0}, "WE_FE_108": {"avail": 1.0, "util": 0.04371008053318523, "br": 0.0}, "WE_FE_41": {"avail": 1.0, "util": 0.03748958622604832, "br": 0.0}, "WE_FE_47": {"avail": 1.0, "util": 0.03864667222067944, "br": 0.0}, "WE_FE_8": {"avail": 1.0, "util": 0.0865037489586226, "br": 0.0}, "WE_FE_83": {"avail": 1.0, "util": 0.06926647359860356, "br": 0.0}, "WE_FE_84": {"avail": 1.0, "util": 0.058548551328334725, "br": 0.0}, "WE_FE_85": {"avail": 1.0, "util": 0.03790613718411552, "br": 0.0}}, "plugins": {"cost": 448800}}