{"lots": {}, "machines": {"DE_BE_11": {"avail": 1.0, "util": 0.6797722643954823, "br": 0.0}, "DE_BE_12": {"avail": 1.0, "util": 0.9508527227468164, "br": 0.0}, "DE_BE_13": {"avail": 1.0, "util": 0.6404193227003818, "br": 0.0}, "DE_BE_48": {"avail": 1.0, "util": 0.7328365117570821, "br": 0.0}, "DE_BE_50": {"avail": 1.0, "util": 0.7388343722355942, "br": 0.0}, "DE_BE_65": {"avail": 1.0, "util": 0.6843068277116439, "br": 0.0}, "DE_BE_66": {"avail": 1.0, "util": 0.6672253676219804, "br": 0.0}, "DE_BE_67": {"avail": 1.0, "util": 0.5923440103684503, "br": 0.0}, "DE_BE_69": {"avail": 1.0, "util": 0.7330124051101647, "br": 0.0}, "DE_FE_1": {"avail": 1.0, "util": 0.747679001243156, "br": 0.0}, "DE_FE_51": {"avail": 1.0, "util": 0.7119782886210156, "br": 0.0}, "DE_FE_53": {"avail": 1.0, "util": 0.7331975560081466, "br": 0.0}, "DE_FE_54": {"avail": 1.0, "util": 0.5512682836511758, "br": 0.0}, "DE_FE_56": {"avail": 1.0, "util": 0.6131271986669136, "br": 0.0}, "DE_FE_58": {"avail": 1.0, "util": 0.6505585385422452, "br": 0.0}, "DE_FE_59": {"avail": 1.0, "util": 0.7636240202431648, "br": 0.0}, "DE_FE_62": {"avail": 1.0, "util": 0.7220157642764568, "br": 0.0}, "DE_FE_70": {"avail": 1.0, "util": 0.7376269351829434, "br": 0.0}, "DE_FE_71": {"avail": 1.0, "util": 0.7784768693628165, "br": 0.0}, "DE_FE_72": {"avail": 1.0, "util": 0.8771935238330351, "br": 0.0}, "DE_FE_86": {"avail": 1.0, "util": 0.7552181694747886, "br": 0.0}, "DefMEt_FE_118": {"avail": 1.0, "util": 0.49421403443806705, "br": 0.0}, "DefMet_BE_33": {"avail": 1.0, "util": 0.9535271246065543, "br": 0.0}, "DefMet_BE_42": {"avail": 1.0, "util": 0.964173301240511, "br": 0.0}, "DefMet_FE_10": {"avail": 1.0, "util": 0.8066561747824477, "br": 0.0}, "DefMet_FE_106": {"avail": 1.0, "util": 0.5149972227365303, "br": 0.0}, "DefMet_FE_34": {"avail": 1.0, "util": 0.7023236437696723, "br": 0.0}, "DefMet_FE_43": {"avail": 1.0, "util": 0.9476794420786274, "br": 0.0}, "Delay_32": {"avail": 1.0, "util": 0.21245371227550455, "br": 0.0}, "Dielectric_BE_20": {"avail": 1.0, "util": 0.9444732456952417, "br": 0.0}, "Dielectric_BE_21": {"avail": 1.0, "util": 0.8532100536937605, "br": 0.0}, "Dielectric_BE_27": {"avail": 1.0, "util": 0.7908412022464975, "br": 0.0}, "Dielectric_BE_28": {"avail": 1.0, "util": 0.904786150712831, "br": 0.0}, "Dielectric_BE_60": {"avail": 1.0, "util": 0.8417422699500092, "br": 0.0}, "Dielectric_FE_112": {"avail": 1.0, "util": 0.8216533975189779, "br": 0.0}, "Dielectric_FE_130": {"avail": 1.0, "util": 0.8432466209961118, "br": 0.0}, "Dielectric_FE_29": {"avail": 1.0, "util": 0.774949083503055, "br": 0.0}, "Dielectric_FE_30": {"avail": 1.0, "util": 0.9257082021847806, "br": 0.0}, "Dielectric_FE_31": {"avail": 1.0, "util": 0.7960562858729865, "br": 0.0}, "Diffusion_BE_123": {"avail": 1.0, "util": 0.0, "br": 0.0}, "Diffusion_FE_100": {"avail": 1.0, "util": 0.0, "br": 0.0}, "Diffusion_FE_101": {"avail": 1.0, "util": 0.0, "br": 0.0}, "Diffusion_FE_120": {"avail": 1.0, "util": 0.0, "br": 0.0}, "Diffusion_FE_122": {"avail": 1.0, "util": 0.0, "br": 0.0}, "Diffusion_FE_125": {"avail": 1.0, "util": 0.0, "br": 0.0}, "Diffusion_FE_126": {"avail": 1.0, "util": 0.0, "br": 0.0}, "Diffusion_FE_127": {"avail": 1.0, "util": 0.0, "br": 0.0}, "Diffusion_FE_44": {"avail": 1.0, "util": 0.0, "br": 0.0}, "Diffusion_FE_94": {"avail": 1.0, "util": 0.0, "br": 0.0}, "EPI_36": {"avail": 1.0, "util": 0.011895945195334197, "br": 0.0}, "EPI_38": {"avail": 1.0, "util": 0.011757082021847805, "br": 0.0}, "Implant_119": {"avail": 1.0, "util": 0.02777263469727828, "br": 0.0}, "Implant_128": {"avail": 1.0, "util": 0.06473801147935566, "br": 0.0}, "Implant_132": {"avail": 1.0, "util": 0.03790964636178486, "br": 0.0}, "Implant_74": {"avail": 1.0, "util": 0.011386780225884095, "br": 0.0}, "Implant_88": {"avail": 1.0, "util": 0.002360673949268654, "br": 0.0}, "Implant_90": {"avail": 1.0, "util": 0.0494815774856508, "br": 0.0}, "Implant_91": {"avail": 1.0, "util": 0.05076220453002531, "br": 0.0}, "LithoMet_BE_18": {"avail": 1.0, "util": 0.9389571731730592, "br": 0.0}, "LithoMet_FE_19": {"avail": 1.0, "util": 0.9445113044909379, "br": 0.0}, "LithoTrack_BE_117": {"avail": 1.0, "util": 0.12971671912608776, "br": 0.0}, "LithoTrack_FE_115": {"avail": 1.0, "util": 0.05883986625570428, "br": 0.0}, "LithoTrack_FE_95": {"avail": 1.0, "util": 0.07499178156728346, "br": 0.0}, "LithoTrack_FE_96": {"avail": 1.0, "util": 0.0, "br": 0.0}, "Litho_BE_110": {"avail": 1.0, "util": 0.09117689845795751, "br": 0.0}, "Litho_BE_93": {"avail": 1.0, "util": 0.07662161328149107, "br": 0.0}, "Litho_BE_99": {"avail": 1.0, "util": 0.24264025180522125, "br": 0.0}, "Litho_FE_111": {"avail": 1.0, "util": 0.13279527360253152, "br": 0.0}, "Litho_FE_35": {"avail": 1.0, "util": 0.0727643029068691, "br": 0.0}, "Litho_FE_92": {"avail": 1.0, "util": 0.12928301717414845, "br": 0.0}, "Litho_FE_98": {"avail": 1.0, "util": 0.15378633586372895, "br": 0.0}, "Litho_REG_BE_63": {"avail": 1.0, "util": 0.9372801333086466, "br": 0.0}, "Litho_REG_FE_64": {"avail": 1.0, "util": 0.9431983495119951, "br": 0.0}, "Planar_BE_75": {"avail": 1.0, "util": 0.739011294204777, "br": 0.0}, "Planar_FE_76": {"avail": 1.0, "util": 0.5114484971918781, "br": 0.0}, "Planar_FE_77": {"avail": 1.0, "util": 0.9551009072394001, "br": 0.0}, "Planar_FE_78": {"avail": 1.0, "util": 0.4189501944084429, "br": 0.0}, "Planar_FE_79": {"avail": 1.0, "util": 0.8234771338640993, "br": 0.0}, "Planar_FE_80": {"avail": 1.0, "util": 0.856184039992594, "br": 0.0}, "TF_BE_2": {"avail": 1.0, "util": 0.5333965932234771, "br": 0.0}, "TF_BE_23": {"avail": 1.0, "util": 0.6644383593681482, "br": 0.0}, "TF_BE_24": {"avail": 1.0, "util": 0.3885761895945195, "br": 0.0}, "TF_BE_26": {"avail": 1.0, "util": 0.658643461087453, "br": 0.0}, "TF_BE_40": {"avail": 1.0, "util": 0.8229455964944764, "br": 0.0}, "TF_FE_103": {"avail": 1.0, "util": 0.9889835215700796, "br": 0.0}, "TF_FE_104": {"avail": 1.0, "util": 0.6960192556933901, "br": 0.0}, "TF_FE_113": {"avail": 1.0, "util": 0.4369561192371783, "br": 0.0}, "TF_FE_131": {"avail": 1.0, "util": 0.15278034931802753, "br": 0.0}, "TF_FE_3": {"avail": 1.0, "util": 0.8974726902425477, "br": 0.0}, "TF_FE_5": {"avail": 1.0, "util": 0.35560544343640066, "br": 0.0}, "TF_Met_FE_45": {"avail": 1.0, "util": 0.14006665432327348, "br": 0.0}, "TF_Met_FE_61": {"avail": 1.0, "util": 0.9761155341603407, "br": 0.0}, "WE_BE_14": {"avail": 1.0, "util": 0.038826143306795034, "br": 0.0}, "WE_BE_16": {"avail": 1.0, "util": 0.04291386368779444, "br": 0.0}, "WE_BE_17": {"avail": 1.0, "util": 0.045824847250509164, "br": 0.0}, "WE_BE_7": {"avail": 1.0, "util": 0.007498611368265136, "br": 0.0}, "WE_BE_81": {"avail": 1.0, "util": 0.04838610133925816, "br": 0.0}, "WE_BE_82": {"avail": 1.0, "util": 0.08067024625069431, "br": 0.0}, "WE_BE_9": {"avail": 1.0, "util": 0.060610468960774454, "br": 0.0}, "WE_FE_108": {"avail": 1.0, "util": 0.04272753722855556, "br": 0.0}, "WE_FE_41": {"avail": 1.0, "util": 0.042640251805221255, "br": 0.0}, "WE_FE_47": {"avail": 1.0, "util": 0.03531753379003888, "br": 0.0}, "WE_FE_8": {"avail": 1.0, "util": 0.04638029994445473, "br": 0.0}, "WE_FE_83": {"avail": 1.0, "util": 0.045573571031819506, "br": 0.0}, "WE_FE_84": {"avail": 1.0, "util": 0.04860211072023699, "br": 0.0}, "WE_FE_85": {"avail": 1.0, "util": 0.031799666728383635, "br": 0.0}}, "plugins": {"cost": 448600.0}}