{"lots": {}, "machines": {"DE_BE_11": {"avail": 1.0, "util": 0.7458489431571157, "br": 0.0}, "DE_BE_12": {"avail": 1.0, "util": 0.0, "br": 0.0}, "DE_BE_13": {"avail": 1.0, "util": 0.8388639250301523, "br": 0.0}, "DE_BE_48": {"avail": 1.0, "util": 0.6193599656899227, "br": 0.0}, "DE_BE_50": {"avail": 1.0, "util": 0.5121826002497573, "br": 0.0}, "DE_BE_65": {"avail": 1.0, "util": 0.6562306848140065, "br": 0.0}, "DE_BE_66": {"avail": 1.0, "util": 0.7238958855361209, "br": 0.0}, "DE_BE_67": {"avail": 1.0, "util": 0.412931871791314, "br": 0.0}, "DE_BE_69": {"avail": 1.0, "util": 0.1813514638545858, "br": 0.0}, "DE_FE_1": {"avail": 1.0, "util": 0.0, "br": 0.0}, "DE_FE_51": {"avail": 1.0, "util": 0.03047037602331067, "br": 0.0}, "DE_FE_53": {"avail": 1.0, "util": 0.0, "br": 0.0}, "DE_FE_54": {"avail": 1.0, "util": 0.8045881319087924, "br": 0.0}, "DE_FE_56": {"avail": 1.0, "util": 0.6075343416123213, "br": 0.0}, "DE_FE_58": {"avail": 1.0, "util": 0.7211044817538504, "br": 0.0}, "DE_FE_59": {"avail": 1.0, "util": 0.6971867628694325, "br": 0.0}, "DE_FE_62": {"avail": 1.0, "util": 0.15595948383516026, "br": 0.0}, "DE_FE_70": {"avail": 1.0, "util": 0.5857436583119946, "br": 0.0}, "DE_FE_71": {"avail": 1.0, "util": 0.8173843331329109, "br": 0.0}, "DE_FE_72": {"avail": 1.0, "util": 0.14847938241860817, "br": 0.0}, "DE_FE_86": {"avail": 1.0, "util": 0.2254681771253466, "br": 0.0}, "DefMEt_FE_118": {"avail": 1.0, "util": 0.6180796447897877, "br": 0.0}, "DefMet_BE_33": {"avail": 1.0, "util": 0.7940197030664632, "br": 0.0}, "DefMet_BE_42": {"avail": 1.0, "util": 0.9130012487859026, "br": 0.0}, "DefMet_FE_10": {"avail": 1.0, "util": 0.35798529207714724, "br": 0.0}, "DefMet_FE_106": {"avail": 1.0, "util": 0.26085749965311505, "br": 0.0}, "DefMet_FE_34": {"avail": 1.0, "util": 0.5156098237824337, "br": 0.0}, "DefMet_FE_43": {"avail": 1.0, "util": 0.6983765783266269, "br": 0.0}, "Delay_32": {"avail": 1.0, "util": 0.09845497433051201, "br": 0.0}, "Dielectric_BE_20": {"avail": 1.0, "util": 0.930650756209241, "br": 0.0}, "Dielectric_BE_21": {"avail": 1.0, "util": 0.9479441283936912, "br": 0.0}, "Dielectric_BE_27": {"avail": 1.0, "util": 0.8904652883770408, "br": 0.0}, "Dielectric_BE_28": {"avail": 1.0, "util": 0.9035197261921281, "br": 0.0}, "Dielectric_BE_60": {"avail": 1.0, "util": 0.8179778918643912, "br": 0.0}, "Dielectric_FE_112": {"avail": 1.0, "util": 0.6659728967207807, "br": 0.0}, "Dielectric_FE_130": {"avail": 1.0, "util": 0.8634313861523519, "br": 0.0}, "Dielectric_FE_29": {"avail": 1.0, "util": 0.7667545441931456, "br": 0.0}, "Dielectric_FE_30": {"avail": 1.0, "util": 0.8344664909116137, "br": 0.0}, "Dielectric_FE_31": {"avail": 1.0, "util": 0.42476064936866936, "br": 0.0}, "Diffusion_BE_123": {"avail": 1.0, "util": 0.0, "br": 0.0}, "Diffusion_FE_100": {"avail": 1.0, "util": 0.0, "br": 0.0}, "Diffusion_FE_101": {"avail": 1.0, "util": 0.0, "br": 0.0}, "Diffusion_FE_120": {"avail": 1.0, "util": 0.0, "br": 0.0}, "Diffusion_FE_122": {"avail": 1.0, "util": 0.0, "br": 0.0}, "Diffusion_FE_125": {"avail": 1.0, "util": 0.0, "br": 0.0}, "Diffusion_FE_126": {"avail": 1.0, "util": 0.0, "br": 0.0}, "Diffusion_FE_127": {"avail": 1.0, "util": 0.0, "br": 0.0}, "Diffusion_FE_44": {"avail": 1.0, "util": 0.0, "br": 0.0}, "Diffusion_FE_94": {"avail": 1.0, "util": 0.0, "br": 0.0}, "EPI_36": {"avail": 1.0, "util": 0.014222283890661857, "br": 0.0}, "EPI_38": {"avail": 1.0, "util": 0.6081587345636187, "br": 0.0}, "Implant_119": {"avail": 1.0, "util": 0.08103232967947828, "br": 0.0}, "Implant_128": {"avail": 1.0, "util": 0.04003683287712704, "br": 0.0}, "Implant_132": {"avail": 1.0, "util": 0.039406132926321634, "br": 0.0}, "Implant_74": {"avail": 1.0, "util": 0.03392535035382267, "br": 0.0}, "Implant_88": {"avail": 1.0, "util": 0.0, "br": 0.0}, "Implant_90": {"avail": 1.0, "util": 0.06257804911891217, "br": 0.0}, "Implant_91": {"avail": 1.0, "util": 0.05538266368015224, "br": 0.0}, "LithoMet_BE_18": {"avail": 1.0, "util": 0.9390996127502302, "br": 0.0}, "LithoMet_FE_19": {"avail": 1.0, "util": 0.9485520030129437, "br": 0.0}, "LithoTrack_BE_117": {"avail": 1.0, "util": 0.12437907589843207, "br": 0.0}, "LithoTrack_FE_115": {"avail": 1.0, "util": 0.07466656739551994, "br": 0.0}, "LithoTrack_FE_95": {"avail": 1.0, "util": 0.132305397530179, "br": 0.0}, "LithoTrack_FE_96": {"avail": 1.0, "util": 0.030178992646038575, "br": 0.0}, "Litho_BE_110": {"avail": 1.0, "util": 0.11215545273013557, "br": 0.0}, "Litho_BE_93": {"avail": 1.0, "util": 0.130602192313029, "br": 0.0}, "Litho_BE_99": {"avail": 1.0, "util": 0.2276952962397669, "br": 0.0}, "Litho_FE_111": {"avail": 1.0, "util": 0.17124323574302763, "br": 0.0}, "Litho_FE_35": {"avail": 1.0, "util": 0.058692937421950885, "br": 0.0}, "Litho_FE_92": {"avail": 1.0, "util": 0.12766968011868804, "br": 0.0}, "Litho_FE_98": {"avail": 1.0, "util": 0.022963785208824753, "br": 0.0}, "Litho_REG_BE_63": {"avail": 1.0, "util": 0.9519217427501041, "br": 0.0}, "Litho_REG_FE_64": {"avail": 1.0, "util": 0.9173604366125526, "br": 0.0}, "Planar_BE_75": {"avail": 1.0, "util": 0.6815397728398978, "br": 0.0}, "Planar_FE_76": {"avail": 1.0, "util": 0.9313861523518802, "br": 0.0}, "Planar_FE_77": {"avail": 1.0, "util": 0.7171499930623005, "br": 0.0}, "Planar_FE_78": {"avail": 1.0, "util": 0.41730262245039546, "br": 0.0}, "Planar_FE_79": {"avail": 1.0, "util": 0.31778132371305673, "br": 0.0}, "Planar_FE_80": {"avail": 1.0, "util": 0.4898709587900652, "br": 0.0}, "TF_BE_2": {"avail": 1.0, "util": 0.5378451505480782, "br": 0.0}, "TF_BE_23": {"avail": 1.0, "util": 0.6119744692659914, "br": 0.0}, "TF_BE_24": {"avail": 1.0, "util": 0.7219370056889135, "br": 0.0}, "TF_BE_26": {"avail": 1.0, "util": 0.5745695957989562, "br": 0.0}, "TF_BE_40": {"avail": 1.0, "util": 0.5964707514752814, "br": 0.0}, "TF_FE_103": {"avail": 1.0, "util": 0.725108525441535, "br": 0.0}, "TF_FE_104": {"avail": 1.0, "util": 0.5657555154710698, "br": 0.0}, "TF_FE_113": {"avail": 1.0, "util": 0.2173812497109292, "br": 0.0}, "TF_FE_131": {"avail": 1.0, "util": 0.7141205309652653, "br": 0.0}, "TF_FE_3": {"avail": 1.0, "util": 0.6791545256926137, "br": 0.0}, "TF_FE_5": {"avail": 1.0, "util": 0.5421118357152768, "br": 0.0}, "TF_Met_FE_45": {"avail": 1.0, "util": 0.1753850423199667, "br": 0.0}, "TF_Met_FE_61": {"avail": 1.0, "util": 0.9576106563063688, "br": 0.0}, "WE_BE_14": {"avail": 1.0, "util": 0.046343832385181076, "br": 0.0}, "WE_BE_16": {"avail": 1.0, "util": 0.041105869293742194, "br": 0.0}, "WE_BE_17": {"avail": 1.0, "util": 0.027889551824614958, "br": 0.0}, "WE_BE_7": {"avail": 1.0, "util": 0.0335784653808797, "br": 0.0}, "WE_BE_81": {"avail": 1.0, "util": 0.056056611627584296, "br": 0.0}, "WE_BE_82": {"avail": 1.0, "util": 0.05779874504725344, "br": 0.0}, "WE_BE_9": {"avail": 1.0, "util": 0.07337310947689746, "br": 0.0}, "WE_FE_108": {"avail": 1.0, "util": 0.03509519002119587, "br": 0.0}, "WE_FE_41": {"avail": 1.0, "util": 0.029915360066601913, "br": 0.0}, "WE_FE_47": {"avail": 1.0, "util": 0.03427223532676565, "br": 0.0}, "WE_FE_8": {"avail": 1.0, "util": 0.025946995976134313, "br": 0.0}, "WE_FE_83": {"avail": 1.0, "util": 0.0543453124277323, "br": 0.0}, "WE_FE_84": {"avail": 1.0, "util": 0.03911230094924052, "br": 0.0}, "WE_FE_85": {"avail": 1.0, "util": 0.04780074927154156, "br": 0.0}}, "plugins": {"cost": 429200}}