{"lots": {}, "machines": {"DE_BE_11": {"avail": 1.0, "util": 0.6843903342283122, "br": 0.0}, "DE_BE_12": {"avail": 1.0, "util": 0.94316369883447, "br": 0.0}, "DE_BE_13": {"avail": 1.0, "util": 0.6283853787788609, "br": 0.0}, "DE_BE_48": {"avail": 1.0, "util": 0.707147486343857, "br": 0.0}, "DE_BE_50": {"avail": 1.0, "util": 0.8383894495365656, "br": 0.0}, "DE_BE_65": {"avail": 1.0, "util": 0.7453830527674453, "br": 0.0}, "DE_BE_66": {"avail": 1.0, "util": 0.6621706567130724, "br": 0.0}, "DE_BE_67": {"avail": 1.0, "util": 0.6369317655772614, "br": 0.0}, "DE_BE_69": {"avail": 1.0, "util": 0.737200259235256, "br": 0.0}, "DE_FE_1": {"avail": 1.0, "util": 0.7492163424021586, "br": 0.0}, "DE_FE_51": {"avail": 1.0, "util": 0.6768622788338312, "br": 0.0}, "DE_FE_53": {"avail": 1.0, "util": 0.3654291269326914, "br": 0.0}, "DE_FE_54": {"avail": 1.0, "util": 0.5392093324692158, "br": 0.0}, "DE_FE_56": {"avail": 1.0, "util": 0.6004073696879918, "br": 0.0}, "DE_FE_58": {"avail": 1.0, "util": 0.65250131160695, "br": 0.0}, "DE_FE_59": {"avail": 1.0, "util": 0.718698885905626, "br": 0.0}, "DE_FE_62": {"avail": 1.0, "util": 0.8155461795865463, "br": 0.0}, "DE_FE_70": {"avail": 1.0, "util": 0.6788545220171921, "br": 0.0}, "DE_FE_71": {"avail": 1.0, "util": 0.8146236459587075, "br": 0.0}, "DE_FE_72": {"avail": 1.0, "util": 0.8657840323426844, "br": 0.0}, "DE_FE_86": {"avail": 1.0, "util": 0.7635815613780618, "br": 0.0}, "DefMEt_FE_118": {"avail": 1.0, "util": 0.5016202203499676, "br": 0.0}, "DefMet_BE_33": {"avail": 1.0, "util": 0.8589945375428201, "br": 0.0}, "DefMet_BE_42": {"avail": 1.0, "util": 0.9771317470604574, "br": 0.0}, "DefMet_FE_10": {"avail": 1.0, "util": 0.803397833533932, "br": 0.0}, "DefMet_FE_106": {"avail": 1.0, "util": 0.5169891676696602, "br": 0.0}, "DefMet_FE_34": {"avail": 1.0, "util": 0.631098972317378, "br": 0.0}, "DefMet_FE_43": {"avail": 1.0, "util": 0.9423973088911521, "br": 0.0}, "Delay_32": {"avail": 1.0, "util": 0.23185468938061288, "br": 0.0}, "Dielectric_BE_20": {"avail": 1.0, "util": 0.8512730302749746, "br": 0.0}, "Dielectric_BE_21": {"avail": 1.0, "util": 0.8686348486251273, "br": 0.0}, "Dielectric_BE_27": {"avail": 1.0, "util": 0.7720890041045583, "br": 0.0}, "Dielectric_BE_28": {"avail": 1.0, "util": 0.9058420516618831, "br": 0.0}, "Dielectric_BE_60": {"avail": 1.0, "util": 0.8358253865382835, "br": 0.0}, "Dielectric_FE_112": {"avail": 1.0, "util": 0.8515785575409685, "br": 0.0}, "Dielectric_FE_130": {"avail": 1.0, "util": 0.8491574854180168, "br": 0.0}, "Dielectric_FE_29": {"avail": 1.0, "util": 0.7748356633645033, "br": 0.0}, "Dielectric_FE_30": {"avail": 1.0, "util": 0.9276918803814461, "br": 0.0}, "Dielectric_FE_31": {"avail": 1.0, "util": 0.8441348023331173, "br": 0.0}, "Diffusion_BE_123": {"avail": 1.0, "util": 0.0, "br": 0.0}, "Diffusion_FE_100": {"avail": 1.0, "util": 0.0, "br": 0.0}, "Diffusion_FE_101": {"avail": 1.0, "util": 0.0, "br": 0.0}, "Diffusion_FE_120": {"avail": 1.0, "util": 0.0, "br": 0.0}, "Diffusion_FE_122": {"avail": 1.0, "util": 0.0, "br": 0.0}, "Diffusion_FE_125": {"avail": 1.0, "util": 0.0, "br": 0.0}, "Diffusion_FE_126": {"avail": 1.0, "util": 0.0, "br": 0.0}, "Diffusion_FE_127": {"avail": 1.0, "util": 0.0, "br": 0.0}, "Diffusion_FE_44": {"avail": 1.0, "util": 0.0, "br": 0.0}, "Diffusion_FE_94": {"avail": 1.0, "util": 0.0, "br": 0.0}, "EPI_36": {"avail": 1.0, "util": 0.012082214609758356, "br": 0.0}, "EPI_38": {"avail": 1.0, "util": 0.011943338579761133, "br": 0.0}, "Implant_119": {"avail": 1.0, "util": 0.027960374039440794, "br": 0.0}, "Implant_128": {"avail": 1.0, "util": 0.06292009999074161, "br": 0.0}, "Implant_132": {"avail": 1.0, "util": 0.03712619201925747, "br": 0.0}, "Implant_74": {"avail": 1.0, "util": 0.011434126469771317, "br": 0.0}, "Implant_88": {"avail": 1.0, "util": 0.002360892509952782, "br": 0.0}, "Implant_90": {"avail": 1.0, "util": 0.04587538190908249, "br": 0.0}, "Implant_91": {"avail": 1.0, "util": 0.050936641668981264, "br": 0.0}, "LithoMet_BE_18": {"avail": 1.0, "util": 0.9301845270737039, "br": 0.0}, "LithoMet_FE_19": {"avail": 1.0, "util": 0.9434157331111317, "br": 0.0}, "LithoTrack_BE_117": {"avail": 1.0, "util": 0.12948801036941024, "br": 0.0}, "LithoTrack_FE_115": {"avail": 1.0, "util": 0.05727864703885442, "br": 0.0}, "LithoTrack_FE_95": {"avail": 1.0, "util": 0.07550321304338789, "br": 0.0}, "LithoTrack_FE_96": {"avail": 1.0, "util": 0.0, "br": 0.0}, "Litho_BE_110": {"avail": 1.0, "util": 0.09051079926461836, "br": 0.0}, "Litho_BE_93": {"avail": 1.0, "util": 0.08431318087831373, "br": 0.0}, "Litho_BE_99": {"avail": 1.0, "util": 0.2389902169552202, "br": 0.0}, "Litho_FE_111": {"avail": 1.0, "util": 0.13298852799824934, "br": 0.0}, "Litho_FE_35": {"avail": 1.0, "util": 0.05619850013887603, "br": 0.0}, "Litho_FE_92": {"avail": 1.0, "util": 0.12798197697744035, "br": 0.0}, "Litho_FE_98": {"avail": 1.0, "util": 0.15026386445699472, "br": 0.0}, "Litho_REG_BE_63": {"avail": 1.0, "util": 0.9309438940838811, "br": 0.0}, "Litho_REG_FE_64": {"avail": 1.0, "util": 0.9443371645482561, "br": 0.0}, "Planar_BE_75": {"avail": 1.0, "util": 0.7347652995093047, "br": 0.0}, "Planar_FE_76": {"avail": 1.0, "util": 0.616702157207666, "br": 0.0}, "Planar_FE_77": {"avail": 1.0, "util": 0.9656513285806869, "br": 0.0}, "Planar_FE_78": {"avail": 1.0, "util": 0.5635126377187297, "br": 0.0}, "Planar_FE_79": {"avail": 1.0, "util": 0.8243310804555134, "br": 0.0}, "Planar_FE_80": {"avail": 1.0, "util": 0.8573280251828534, "br": 0.0}, "TF_BE_2": {"avail": 1.0, "util": 0.4431302657161374, "br": 0.0}, "TF_BE_23": {"avail": 1.0, "util": 0.5654642114034275, "br": 0.0}, "TF_BE_24": {"avail": 1.0, "util": 0.3876863253402462, "br": 0.0}, "TF_BE_26": {"avail": 1.0, "util": 0.6203623121315928, "br": 0.0}, "TF_BE_40": {"avail": 1.0, "util": 0.8229214887510415, "br": 0.0}, "TF_FE_103": {"avail": 1.0, "util": 0.9837977965003241, "br": 0.0}, "TF_FE_104": {"avail": 1.0, "util": 0.777798352004444, "br": 0.0}, "TF_FE_113": {"avail": 1.0, "util": 0.44449588001111007, "br": 0.0}, "TF_FE_131": {"avail": 1.0, "util": 0.15285621701694288, "br": 0.0}, "TF_FE_3": {"avail": 1.0, "util": 0.9028793630219424, "br": 0.0}, "TF_FE_5": {"avail": 1.0, "util": 0.5400657346541987, "br": 0.0}, "TF_Met_FE_45": {"avail": 1.0, "util": 0.14146838255717062, "br": 0.0}, "TF_Met_FE_61": {"avail": 1.0, "util": 0.9791223034904175, "br": 0.0}, "WE_BE_14": {"avail": 1.0, "util": 0.04099620405518008, "br": 0.0}, "WE_BE_16": {"avail": 1.0, "util": 0.042856114145809546, "br": 0.0}, "WE_BE_17": {"avail": 1.0, "util": 0.04559762984908805, "br": 0.0}, "WE_BE_7": {"avail": 1.0, "util": 0.007406721599851866, "br": 0.0}, "WE_BE_81": {"avail": 1.0, "util": 0.0494398666790112, "br": 0.0}, "WE_BE_82": {"avail": 1.0, "util": 0.08179798166836404, "br": 0.0}, "WE_BE_9": {"avail": 1.0, "util": 0.06131707381591652, "br": 0.0}, "WE_FE_108": {"avail": 1.0, "util": 0.04462020712367902, "br": 0.0}, "WE_FE_41": {"avail": 1.0, "util": 0.043681140635126375, "br": 0.0}, "WE_FE_47": {"avail": 1.0, "util": 0.03640095052927198, "br": 0.0}, "WE_FE_8": {"avail": 1.0, "util": 0.04638459401907231, "br": 0.0}, "WE_FE_83": {"avail": 1.0, "util": 0.04444032959911119, "br": 0.0}, "WE_FE_84": {"avail": 1.0, "util": 0.04808196771903837, "br": 0.0}, "WE_FE_85": {"avail": 1.0, "util": 0.03198777890936024, "br": 0.0}}, "plugins": {"cost": 448600.0}}