{"lots": {}, "machines": {"DE_BE_11": {"avail": 1.0, "util": 0.0, "br": 0.0}, "DE_BE_12": {"avail": 1.0, "util": 0.0, "br": 0.0}, "DE_BE_13": {"avail": 1.0, "util": 0.0, "br": 0.0}, "DE_BE_48": {"avail": 1.0, "util": 0.0, "br": 0.0}, "DE_BE_50": {"avail": 1.0, "util": 0.0, "br": 0.0}, "DE_BE_65": {"avail": 1.0, "util": 0.0, "br": 0.0}, "DE_BE_66": {"avail": 1.0, "util": 0.0, "br": 0.0}, "DE_BE_67": {"avail": 1.0, "util": 0.0, "br": 0.0}, "DE_BE_69": {"avail": 1.0, "util": 0.0, "br": 0.0}, "DE_FE_1": {"avail": 1.0, "util": 0.0, "br": 0.0}, "DE_FE_51": {"avail": 1.0, "util": 0.0, "br": 0.0}, "DE_FE_53": {"avail": 1.0, "util": 0.0, "br": 0.0}, "DE_FE_54": {"avail": 1.0, "util": 0.0, "br": 0.0}, "DE_FE_56": {"avail": 1.0, "util": 0.0, "br": 0.0}, "DE_FE_58": {"avail": 1.0, "util": 0.0, "br": 0.0}, "DE_FE_59": {"avail": 1.0, "util": 0.0, "br": 0.0}, "DE_FE_62": {"avail": 1.0, "util": 0.0, "br": 0.0}, "DE_FE_70": {"avail": 1.0, "util": 0.0, "br": 0.0}, "DE_FE_71": {"avail": 1.0, "util": 0.0, "br": 0.0}, "DE_FE_72": {"avail": 1.0, "util": 0.0, "br": 0.0}, "DE_FE_86": {"avail": 1.0, "util": 0.0, "br": 0.0}, "DefMEt_FE_118": {"avail": 1.0, "util": 0.4988922736084187, "br": 0.0}, "DefMet_BE_33": {"avail": 1.0, "util": 0.7568540570479092, "br": 0.0}, "DefMet_BE_42": {"avail": 1.0, "util": 0.767931320963722, "br": 0.0}, "DefMet_FE_10": {"avail": 1.0, "util": 0.8571032954860149, "br": 0.0}, "DefMet_FE_106": {"avail": 1.0, "util": 0.7709775685405704, "br": 0.0}, "DefMet_FE_34": {"avail": 1.0, "util": 0.745915258931044, "br": 0.0}, "DefMet_FE_43": {"avail": 1.0, "util": 0.825763869657528, "br": 0.0}, "Delay_32": {"avail": 1.0, "util": 0.0, "br": 0.0}, "Dielectric_BE_20": {"avail": 1.0, "util": 0.8797009138742731, "br": 0.0}, "Dielectric_BE_21": {"avail": 1.0, "util": 0.6214691221268347, "br": 0.0}, "Dielectric_BE_27": {"avail": 1.0, "util": 0.7266131265577402, "br": 0.0}, "Dielectric_BE_28": {"avail": 1.0, "util": 0.7076294655220161, "br": 0.0}, "Dielectric_BE_60": {"avail": 1.0, "util": 0.8665189698144559, "br": 0.0}, "Dielectric_FE_112": {"avail": 1.0, "util": 0.6531431736361119, "br": 0.0}, "Dielectric_FE_130": {"avail": 1.0, "util": 0.8781500969260593, "br": 0.0}, "Dielectric_FE_29": {"avail": 1.0, "util": 0.7743930582479461, "br": 0.0}, "Dielectric_FE_30": {"avail": 1.0, "util": 0.5483245638327333, "br": 0.0}, "Dielectric_FE_31": {"avail": 1.0, "util": 0.9214898919966769, "br": 0.0}, "Diffusion_BE_123": {"avail": 1.0, "util": 0.0, "br": 0.0}, "Diffusion_FE_100": {"avail": 1.0, "util": 0.0, "br": 0.0}, "Diffusion_FE_101": {"avail": 1.0, "util": 0.0, "br": 0.0}, "Diffusion_FE_120": {"avail": 1.0, "util": 0.0, "br": 0.0}, "Diffusion_FE_122": {"avail": 1.0, "util": 0.0, "br": 0.0}, "Diffusion_FE_125": {"avail": 1.0, "util": 0.0, "br": 0.0}, "Diffusion_FE_126": {"avail": 1.0, "util": 0.0, "br": 0.0}, "Diffusion_FE_127": {"avail": 1.0, "util": 0.0, "br": 0.0}, "Diffusion_FE_44": {"avail": 1.0, "util": 0.0, "br": 0.0}, "Diffusion_FE_94": {"avail": 1.0, "util": 0.0, "br": 0.0}, "EPI_36": {"avail": 1.0, "util": 0.014261977291608973, "br": 0.0}, "EPI_38": {"avail": 1.0, "util": 0.03544724453060094, "br": 0.0}, "Implant_119": {"avail": 1.0, "util": 0.05566325117695929, "br": 0.0}, "Implant_128": {"avail": 1.0, "util": 0.11772362226530048, "br": 0.0}, "Implant_132": {"avail": 1.0, "util": 0.05092079756300194, "br": 0.0}, "Implant_74": {"avail": 1.0, "util": 0.0, "br": 0.0}, "Implant_88": {"avail": 1.0, "util": 0.006923289947382997, "br": 0.0}, "Implant_90": {"avail": 1.0, "util": 0.041401273885350316, "br": 0.0}, "Implant_91": {"avail": 1.0, "util": 0.07089448906120188, "br": 0.0}, "LithoMet_BE_18": {"avail": 1.0, "util": 0.7489721577231961, "br": 0.0}, "LithoMet_FE_19": {"avail": 1.0, "util": 0.7641773593033632, "br": 0.0}, "LithoTrack_BE_117": {"avail": 1.0, "util": 0.26181113265023537, "br": 0.0}, "LithoTrack_FE_115": {"avail": 1.0, "util": 0.13324210880696782, "br": 0.0}, "LithoTrack_FE_95": {"avail": 1.0, "util": 0.1515098423750558, "br": 0.0}, "LithoTrack_FE_96": {"avail": 1.0, "util": 0.0, "br": 0.0}, "Litho_BE_110": {"avail": 1.0, "util": 0.20584919096411758, "br": 0.0}, "Litho_BE_93": {"avail": 1.0, "util": 0.20686790362780394, "br": 0.0}, "Litho_BE_99": {"avail": 1.0, "util": 0.6106341733591802, "br": 0.0}, "Litho_FE_111": {"avail": 1.0, "util": 0.3101382140429496, "br": 0.0}, "Litho_FE_35": {"avail": 1.0, "util": 0.1344502907781778, "br": 0.0}, "Litho_FE_92": {"avail": 1.0, "util": 0.3280044980404992, "br": 0.0}, "Litho_FE_98": {"avail": 1.0, "util": 0.37574079202436994, "br": 0.0}, "Litho_REG_BE_63": {"avail": 1.0, "util": 0.8273677651620049, "br": 0.0}, "Litho_REG_FE_64": {"avail": 1.0, "util": 0.8161371998259287, "br": 0.0}, "Planar_BE_75": {"avail": 1.0, "util": 0.22017446690667403, "br": 0.0}, "Planar_FE_76": {"avail": 1.0, "util": 0.9273516108187944, "br": 0.0}, "Planar_FE_77": {"avail": 1.0, "util": 0.7146219883688729, "br": 0.0}, "Planar_FE_78": {"avail": 1.0, "util": 0.8357795624480753, "br": 0.0}, "Planar_FE_79": {"avail": 1.0, "util": 0.0, "br": 0.0}, "Planar_FE_80": {"avail": 1.0, "util": 0.6480199390750485, "br": 0.0}, "TF_BE_2": {"avail": 1.0, "util": 0.0, "br": 0.0}, "TF_BE_23": {"avail": 1.0, "util": 0.051786208806424816, "br": 0.0}, "TF_BE_24": {"avail": 1.0, "util": 0.0, "br": 0.0}, "TF_BE_26": {"avail": 1.0, "util": 0.19839379673220714, "br": 0.0}, "TF_BE_40": {"avail": 1.0, "util": 0.0, "br": 0.0}, "TF_FE_103": {"avail": 1.0, "util": 0.0, "br": 0.0}, "TF_FE_104": {"avail": 1.0, "util": 0.0, "br": 0.0}, "TF_FE_113": {"avail": 1.0, "util": 0.0, "br": 0.0}, "TF_FE_131": {"avail": 1.0, "util": 0.0, "br": 0.0}, "TF_FE_3": {"avail": 1.0, "util": 0.0, "br": 0.0}, "TF_FE_5": {"avail": 1.0, "util": 0.0, "br": 0.0}, "TF_Met_FE_45": {"avail": 1.0, "util": 0.14289670451398503, "br": 0.0}, "TF_Met_FE_61": {"avail": 1.0, "util": 0.9753530877873166, "br": 0.0}, "WE_BE_14": {"avail": 1.0, "util": 0.021379119357518694, "br": 0.0}, "WE_BE_16": {"avail": 1.0, "util": 0.02517000523093018, "br": 0.0}, "WE_BE_17": {"avail": 1.0, "util": 0.0425090002769316, "br": 0.0}, "WE_BE_7": {"avail": 1.0, "util": 0.011077263915812794, "br": 0.0}, "WE_BE_81": {"avail": 1.0, "util": 0.022154527831625588, "br": 0.0}, "WE_BE_82": {"avail": 1.0, "util": 0.154970922182221, "br": 0.0}, "WE_BE_9": {"avail": 1.0, "util": 0.08173438303596155, "br": 0.0}, "WE_FE_108": {"avail": 1.0, "util": 0.0432646279226174, "br": 0.0}, "WE_FE_41": {"avail": 1.0, "util": 0.03744115203544724, "br": 0.0}, "WE_FE_47": {"avail": 1.0, "util": 0.0383550263085018, "br": 0.0}, "WE_FE_8": {"avail": 1.0, "util": 0.07989476599279978, "br": 0.0}, "WE_FE_83": {"avail": 1.0, "util": 0.06859991296435496, "br": 0.0}, "WE_FE_84": {"avail": 1.0, "util": 0.05846333733345641, "br": 0.0}, "WE_FE_85": {"avail": 1.0, "util": 0.03780116311271116, "br": 0.0}}, "plugins": {"cost": 448800}}