{"lots": {}, "machines": {"DE_BE_11": {"avail": 1.0, "util": 0.7613209643372958, "br": 0.0}, "DE_BE_12": {"avail": 1.0, "util": 0.5671900653013863, "br": 0.0}, "DE_BE_13": {"avail": 1.0, "util": 0.8279529787695546, "br": 0.0}, "DE_BE_48": {"avail": 1.0, "util": 0.8577880235529386, "br": 0.0}, "DE_BE_50": {"avail": 1.0, "util": 0.7576627288325989, "br": 0.0}, "DE_BE_65": {"avail": 1.0, "util": 0.7047223511113144, "br": 0.0}, "DE_BE_66": {"avail": 1.0, "util": 0.5993953888164474, "br": 0.0}, "DE_BE_67": {"avail": 1.0, "util": 0.8159204532829686, "br": 0.0}, "DE_BE_69": {"avail": 1.0, "util": 0.8864848350183313, "br": 0.0}, "DE_FE_1": {"avail": 1.0, "util": 0.9013442950783246, "br": 0.0}, "DE_FE_51": {"avail": 1.0, "util": 0.5372970254767013, "br": 0.0}, "DE_FE_53": {"avail": 1.0, "util": 0.5471392067548051, "br": 0.0}, "DE_FE_54": {"avail": 1.0, "util": 0.9814909454505054, "br": 0.0}, "DE_FE_56": {"avail": 1.0, "util": 0.8414898344628374, "br": 0.0}, "DE_FE_58": {"avail": 1.0, "util": 0.8742917453616265, "br": 0.0}, "DE_FE_59": {"avail": 1.0, "util": 0.8509387845794912, "br": 0.0}, "DE_FE_62": {"avail": 1.0, "util": 0.6829558620470741, "br": 0.0}, "DE_FE_70": {"avail": 1.0, "util": 0.8354456342457676, "br": 0.0}, "DE_FE_71": {"avail": 1.0, "util": 0.7108654593934007, "br": 0.0}, "DE_FE_72": {"avail": 1.0, "util": 0.7990531916206841, "br": 0.0}, "DE_FE_86": {"avail": 1.0, "util": 0.7877741979286252, "br": 0.0}, "DefMEt_FE_118": {"avail": 1.0, "util": 0.297078102433063, "br": 0.0}, "DefMet_BE_33": {"avail": 1.0, "util": 0.9420064437284746, "br": 0.0}, "DefMet_BE_42": {"avail": 1.0, "util": 0.9708921230974337, "br": 0.0}, "DefMet_FE_10": {"avail": 1.0, "util": 0.6625374958337963, "br": 0.0}, "DefMet_FE_106": {"avail": 1.0, "util": 0.3611820908787913, "br": 0.0}, "DefMet_FE_34": {"avail": 1.0, "util": 0.6647039217864682, "br": 0.0}, "DefMet_FE_43": {"avail": 1.0, "util": 0.971808687923564, "br": 0.0}, "Delay_32": {"avail": 1.0, "util": 0.447484862793023, "br": 0.0}, "Dielectric_BE_20": {"avail": 1.0, "util": 0.8996778135762693, "br": 0.0}, "Dielectric_BE_21": {"avail": 1.0, "util": 0.9062187534718364, "br": 0.0}, "Dielectric_BE_27": {"avail": 1.0, "util": 0.8267155501240603, "br": 0.0}, "Dielectric_BE_28": {"avail": 1.0, "util": 0.8052299744472836, "br": 0.0}, "Dielectric_BE_60": {"avail": 1.0, "util": 0.9278691256527053, "br": 0.0}, "Dielectric_FE_112": {"avail": 1.0, "util": 0.9129763359626709, "br": 0.0}, "Dielectric_FE_130": {"avail": 1.0, "util": 0.8650566603710699, "br": 0.0}, "Dielectric_FE_29": {"avail": 1.0, "util": 0.9292300855460505, "br": 0.0}, "Dielectric_FE_30": {"avail": 1.0, "util": 0.9467003666259305, "br": 0.0}, "Dielectric_FE_31": {"avail": 1.0, "util": 0.9754332851905344, "br": 0.0}, "Diffusion_BE_123": {"avail": 1.0, "util": 0.0, "br": 0.0}, "Diffusion_FE_100": {"avail": 1.0, "util": 0.0, "br": 0.0}, "Diffusion_FE_101": {"avail": 1.0, "util": 0.0, "br": 0.0}, "Diffusion_FE_120": {"avail": 1.0, "util": 0.0, "br": 0.0}, "Diffusion_FE_122": {"avail": 1.0, "util": 0.0, "br": 0.0}, "Diffusion_FE_125": {"avail": 1.0, "util": 0.0, "br": 0.0}, "Diffusion_FE_126": {"avail": 1.0, "util": 0.0, "br": 0.0}, "Diffusion_FE_127": {"avail": 1.0, "util": 0.0, "br": 0.0}, "Diffusion_FE_44": {"avail": 1.0, "util": 0.0, "br": 0.0}, "Diffusion_FE_94": {"avail": 1.0, "util": 0.0, "br": 0.0}, "EPI_36": {"avail": 1.0, "util": 0.01297078102433063, "br": 0.0}, "EPI_38": {"avail": 1.0, "util": 0.03549605599377847, "br": 0.0}, "Implant_119": {"avail": 1.0, "util": 0.01652594156204866, "br": 0.0}, "Implant_128": {"avail": 1.0, "util": 0.04986668147983558, "br": 0.0}, "Implant_132": {"avail": 1.0, "util": 0.03690562159760027, "br": 0.0}, "Implant_74": {"avail": 1.0, "util": 0.006832574158426841, "br": 0.0}, "Implant_88": {"avail": 1.0, "util": 0.021275413842906345, "br": 0.0}, "Implant_90": {"avail": 1.0, "util": 0.047578046883679594, "br": 0.0}, "Implant_91": {"avail": 1.0, "util": 0.03978261674628745, "br": 0.0}, "LithoMet_BE_18": {"avail": 1.0, "util": 0.9590301932263937, "br": 0.0}, "LithoMet_FE_19": {"avail": 1.0, "util": 0.9550204298287844, "br": 0.0}, "LithoTrack_BE_117": {"avail": 1.0, "util": 0.09430063326297078, "br": 0.0}, "LithoTrack_FE_115": {"avail": 1.0, "util": 0.046241049469448924, "br": 0.0}, "LithoTrack_FE_95": {"avail": 1.0, "util": 0.052025965368927264, "br": 0.0}, "LithoTrack_FE_96": {"avail": 1.0, "util": 0.015137206977002556, "br": 0.0}, "Litho_BE_110": {"avail": 1.0, "util": 0.06014014315869665, "br": 0.0}, "Litho_BE_93": {"avail": 1.0, "util": 0.05023515905640114, "br": 0.0}, "Litho_BE_99": {"avail": 1.0, "util": 0.16692589712254194, "br": 0.0}, "Litho_FE_111": {"avail": 1.0, "util": 0.0973881689913242, "br": 0.0}, "Litho_FE_35": {"avail": 1.0, "util": 0.04343961782024219, "br": 0.0}, "Litho_FE_92": {"avail": 1.0, "util": 0.08783199173155845, "br": 0.0}, "Litho_FE_98": {"avail": 1.0, "util": 0.1009998889012332, "br": 0.0}, "Litho_REG_BE_63": {"avail": 1.0, "util": 0.9569214531718698, "br": 0.0}, "Litho_REG_FE_64": {"avail": 1.0, "util": 0.9672377672322123, "br": 0.0}, "Planar_BE_75": {"avail": 1.0, "util": 0.7345461615376069, "br": 0.0}, "Planar_FE_76": {"avail": 1.0, "util": 0.740769544124727, "br": 0.0}, "Planar_FE_77": {"avail": 1.0, "util": 0.9315076102655261, "br": 0.0}, "Planar_FE_78": {"avail": 1.0, "util": 0.5131096544828352, "br": 0.0}, "Planar_FE_79": {"avail": 1.0, "util": 0.8872236418175757, "br": 0.0}, "Planar_FE_80": {"avail": 1.0, "util": 0.8380457726919232, "br": 0.0}, "TF_BE_2": {"avail": 1.0, "util": 0.4821964226197089, "br": 0.0}, "TF_BE_23": {"avail": 1.0, "util": 0.5410597652892368, "br": 0.0}, "TF_BE_24": {"avail": 1.0, "util": 0.2359404510609932, "br": 0.0}, "TF_BE_26": {"avail": 1.0, "util": 0.6977595082027923, "br": 0.0}, "TF_BE_40": {"avail": 1.0, "util": 0.6211601488723475, "br": 0.0}, "TF_FE_103": {"avail": 1.0, "util": 0.74337573602933, "br": 0.0}, "TF_FE_104": {"avail": 1.0, "util": 0.6947228085768248, "br": 0.0}, "TF_FE_113": {"avail": 1.0, "util": 0.524275080546606, "br": 0.0}, "TF_FE_131": {"avail": 1.0, "util": 0.366607413991038, "br": 0.0}, "TF_FE_3": {"avail": 1.0, "util": 0.7966059326741474, "br": 0.0}, "TF_FE_5": {"avail": 1.0, "util": 0.5368570158871236, "br": 0.0}, "TF_Met_FE_45": {"avail": 1.0, "util": 0.0853794022886346, "br": 0.0}, "TF_Met_FE_61": {"avail": 1.0, "util": 0.9744472836351517, "br": 0.0}, "WE_BE_14": {"avail": 1.0, "util": 0.04082879680035552, "br": 0.0}, "WE_BE_16": {"avail": 1.0, "util": 0.042556999839524004, "br": 0.0}, "WE_BE_17": {"avail": 1.0, "util": 0.041606488167981334, "br": 0.0}, "WE_BE_7": {"avail": 1.0, "util": 0.015942673036329298, "br": 0.0}, "WE_BE_81": {"avail": 1.0, "util": 0.04499500055549383, "br": 0.0}, "WE_BE_82": {"avail": 1.0, "util": 0.06087656927008111, "br": 0.0}, "WE_BE_9": {"avail": 1.0, "util": 0.04801053851159395, "br": 0.0}, "WE_FE_108": {"avail": 1.0, "util": 0.042539717809132314, "br": 0.0}, "WE_FE_41": {"avail": 1.0, "util": 0.039184535051660925, "br": 0.0}, "WE_FE_47": {"avail": 1.0, "util": 0.040782505647520645, "br": 0.0}, "WE_FE_8": {"avail": 1.0, "util": 0.05466059326741473, "br": 0.0}, "WE_FE_83": {"avail": 1.0, "util": 0.042519085181011634, "br": 0.0}, "WE_FE_84": {"avail": 1.0, "util": 0.03944314829216507, "br": 0.0}, "WE_FE_85": {"avail": 1.0, "util": 0.026747028107988003, "br": 0.0}}, "plugins": {"cost": 447200.0}}