{"lots": {}, "machines": {"DE_BE_11": {"avail": 1.0, "util": 0.7770534751117275, "br": 0.0}, "DE_BE_12": {"avail": 1.0, "util": 0.0, "br": 0.0}, "DE_BE_13": {"avail": 1.0, "util": 0.8387069241438173, "br": 0.0}, "DE_BE_48": {"avail": 1.0, "util": 0.3547724120539655, "br": 0.0}, "DE_BE_50": {"avail": 1.0, "util": 0.14281553398058253, "br": 0.0}, "DE_BE_65": {"avail": 1.0, "util": 0.5867482032530575, "br": 0.0}, "DE_BE_66": {"avail": 1.0, "util": 0.7307905686546463, "br": 0.0}, "DE_BE_67": {"avail": 1.0, "util": 0.4194300844786282, "br": 0.0}, "DE_BE_69": {"avail": 1.0, "util": 0.1812760055478502, "br": 0.0}, "DE_FE_1": {"avail": 1.0, "util": 0.0, "br": 0.0}, "DE_FE_51": {"avail": 1.0, "util": 0.030901525658807213, "br": 0.0}, "DE_FE_53": {"avail": 1.0, "util": 0.0, "br": 0.0}, "DE_FE_54": {"avail": 1.0, "util": 0.8123901987979657, "br": 0.0}, "DE_FE_56": {"avail": 1.0, "util": 0.5988904299583911, "br": 0.0}, "DE_FE_58": {"avail": 1.0, "util": 0.7312760055478502, "br": 0.0}, "DE_FE_59": {"avail": 1.0, "util": 0.21714632454923716, "br": 0.0}, "DE_FE_62": {"avail": 1.0, "util": 0.09342416578281798, "br": 0.0}, "DE_FE_70": {"avail": 1.0, "util": 0.3259235909721347, "br": 0.0}, "DE_FE_71": {"avail": 1.0, "util": 0.0929033749422099, "br": 0.0}, "DE_FE_72": {"avail": 1.0, "util": 0.2865464632454924, "br": 0.0}, "DE_FE_86": {"avail": 1.0, "util": 0.22570112132396156, "br": 0.0}, "DefMEt_FE_118": {"avail": 1.0, "util": 0.6185159500693481, "br": 0.0}, "DefMet_BE_33": {"avail": 1.0, "util": 0.8295423023578363, "br": 0.0}, "DefMet_BE_42": {"avail": 1.0, "util": 0.9054091539528433, "br": 0.0}, "DefMet_FE_10": {"avail": 1.0, "util": 0.5391123439667129, "br": 0.0}, "DefMet_FE_106": {"avail": 1.0, "util": 0.25783633841886267, "br": 0.0}, "DefMet_FE_34": {"avail": 1.0, "util": 0.5079056865464633, "br": 0.0}, "DefMet_FE_43": {"avail": 1.0, "util": 0.6255201109570042, "br": 0.0}, "Delay_32": {"avail": 1.0, "util": 0.10108841886269071, "br": 0.0}, "Dielectric_BE_20": {"avail": 1.0, "util": 0.6290429958391123, "br": 0.0}, "Dielectric_BE_21": {"avail": 1.0, "util": 0.9302357836338419, "br": 0.0}, "Dielectric_BE_27": {"avail": 1.0, "util": 0.8265025427646786, "br": 0.0}, "Dielectric_BE_28": {"avail": 1.0, "util": 0.7406380027739251, "br": 0.0}, "Dielectric_BE_60": {"avail": 1.0, "util": 0.7941516412390198, "br": 0.0}, "Dielectric_FE_112": {"avail": 1.0, "util": 0.6651255971644321, "br": 0.0}, "Dielectric_FE_130": {"avail": 1.0, "util": 0.8670249653259362, "br": 0.0}, "Dielectric_FE_29": {"avail": 1.0, "util": 0.0, "br": 0.0}, "Dielectric_FE_30": {"avail": 1.0, "util": 0.8323162274618585, "br": 0.0}, "Dielectric_FE_31": {"avail": 1.0, "util": 0.4209431345353675, "br": 0.0}, "Diffusion_BE_123": {"avail": 1.0, "util": 0.0, "br": 0.0}, "Diffusion_FE_100": {"avail": 1.0, "util": 0.0, "br": 0.0}, "Diffusion_FE_101": {"avail": 1.0, "util": 0.0, "br": 0.0}, "Diffusion_FE_120": {"avail": 1.0, "util": 0.0, "br": 0.0}, "Diffusion_FE_122": {"avail": 1.0, "util": 0.0, "br": 0.0}, "Diffusion_FE_125": {"avail": 1.0, "util": 0.0, "br": 0.0}, "Diffusion_FE_126": {"avail": 1.0, "util": 0.0, "br": 0.0}, "Diffusion_FE_127": {"avail": 1.0, "util": 0.0, "br": 0.0}, "Diffusion_FE_44": {"avail": 1.0, "util": 0.0, "br": 0.0}, "Diffusion_FE_94": {"avail": 1.0, "util": 0.0, "br": 0.0}, "EPI_36": {"avail": 1.0, "util": 0.007212205270457697, "br": 0.0}, "EPI_38": {"avail": 1.0, "util": 0.6094313453536755, "br": 0.0}, "Implant_119": {"avail": 1.0, "util": 0.008876560332871012, "br": 0.0}, "Implant_128": {"avail": 1.0, "util": 0.049199344344975415, "br": 0.0}, "Implant_132": {"avail": 1.0, "util": 0.025143649692886863, "br": 0.0}, "Implant_74": {"avail": 1.0, "util": 0.03391123439667129, "br": 0.0}, "Implant_88": {"avail": 1.0, "util": 0.0, "br": 0.0}, "Implant_90": {"avail": 1.0, "util": 0.033356449375866855, "br": 0.0}, "Implant_91": {"avail": 1.0, "util": 0.05530017832375669, "br": 0.0}, "LithoMet_BE_18": {"avail": 1.0, "util": 0.9110200479132518, "br": 0.0}, "LithoMet_FE_19": {"avail": 1.0, "util": 0.9155835149593818, "br": 0.0}, "LithoTrack_BE_117": {"avail": 1.0, "util": 0.11453536754507627, "br": 0.0}, "LithoTrack_FE_115": {"avail": 1.0, "util": 0.07210175569162072, "br": 0.0}, "LithoTrack_FE_95": {"avail": 1.0, "util": 0.1291990291262136, "br": 0.0}, "LithoTrack_FE_96": {"avail": 1.0, "util": 0.03044382801664355, "br": 0.0}, "Litho_BE_110": {"avail": 1.0, "util": 0.1134595670264729, "br": 0.0}, "Litho_BE_93": {"avail": 1.0, "util": 0.13044382801664356, "br": 0.0}, "Litho_BE_99": {"avail": 1.0, "util": 0.21451687471104947, "br": 0.0}, "Litho_FE_111": {"avail": 1.0, "util": 0.1679889042995839, "br": 0.0}, "Litho_FE_35": {"avail": 1.0, "util": 0.05825242718446602, "br": 0.0}, "Litho_FE_92": {"avail": 1.0, "util": 0.12391443507948362, "br": 0.0}, "Litho_FE_98": {"avail": 1.0, "util": 0.022815533980582524, "br": 0.0}, "Litho_REG_BE_63": {"avail": 1.0, "util": 0.8711685159500694, "br": 0.0}, "Litho_REG_FE_64": {"avail": 1.0, "util": 0.8981969486823855, "br": 0.0}, "Planar_BE_75": {"avail": 1.0, "util": 0.710105012878938, "br": 0.0}, "Planar_FE_76": {"avail": 1.0, "util": 0.9304438280166436, "br": 0.0}, "Planar_FE_77": {"avail": 1.0, "util": 0.7261442441054091, "br": 0.0}, "Planar_FE_78": {"avail": 1.0, "util": 0.42690707350901524, "br": 0.0}, "Planar_FE_79": {"avail": 1.0, "util": 0.3145977808599168, "br": 0.0}, "Planar_FE_80": {"avail": 1.0, "util": 0.47891816920943137, "br": 0.0}, "TF_BE_2": {"avail": 1.0, "util": 0.5299583911234397, "br": 0.0}, "TF_BE_23": {"avail": 1.0, "util": 0.5977214186645532, "br": 0.0}, "TF_BE_24": {"avail": 1.0, "util": 0.7237864077669903, "br": 0.0}, "TF_BE_26": {"avail": 1.0, "util": 0.530033073722394, "br": 0.0}, "TF_BE_40": {"avail": 1.0, "util": 0.6014440727747409, "br": 0.0}, "TF_FE_103": {"avail": 1.0, "util": 0.7223300970873786, "br": 0.0}, "TF_FE_104": {"avail": 1.0, "util": 0.5609153952843273, "br": 0.0}, "TF_FE_113": {"avail": 1.0, "util": 0.2158113730929265, "br": 0.0}, "TF_FE_131": {"avail": 1.0, "util": 0.7123670827554323, "br": 0.0}, "TF_FE_3": {"avail": 1.0, "util": 0.6741100323624595, "br": 0.0}, "TF_FE_5": {"avail": 1.0, "util": 0.5398982894128525, "br": 0.0}, "TF_Met_FE_45": {"avail": 1.0, "util": 0.17676837725381414, "br": 0.0}, "TF_Met_FE_61": {"avail": 1.0, "util": 0.9914701803051318, "br": 0.0}, "WE_BE_14": {"avail": 1.0, "util": 0.034257975034674065, "br": 0.0}, "WE_BE_16": {"avail": 1.0, "util": 0.039042995839112346, "br": 0.0}, "WE_BE_17": {"avail": 1.0, "util": 0.02302357836338419, "br": 0.0}, "WE_BE_7": {"avail": 1.0, "util": 0.03384188626907073, "br": 0.0}, "WE_BE_81": {"avail": 1.0, "util": 0.03467406380027739, "br": 0.0}, "WE_BE_82": {"avail": 1.0, "util": 0.050084758822622893, "br": 0.0}, "WE_BE_9": {"avail": 1.0, "util": 0.06990291262135923, "br": 0.0}, "WE_FE_108": {"avail": 1.0, "util": 0.026309244822803574, "br": 0.0}, "WE_FE_41": {"avail": 1.0, "util": 0.02884882108183079, "br": 0.0}, "WE_FE_47": {"avail": 1.0, "util": 0.02640776699029126, "br": 0.0}, "WE_FE_8": {"avail": 1.0, "util": 0.02621359223300971, "br": 0.0}, "WE_FE_83": {"avail": 1.0, "util": 0.05455386037910309, "br": 0.0}, "WE_FE_84": {"avail": 1.0, "util": 0.030912947703353184, "br": 0.0}, "WE_FE_85": {"avail": 1.0, "util": 0.04764216366158114, "br": 0.0}}, "plugins": {"cost": 429200}}