{"lots": {}, "machines": {"DE_BE_11": {"avail": 1.0, "util": 0.7633081036039163, "br": 0.0}, "DE_BE_12": {"avail": 1.0, "util": 0.7104136286831932, "br": 0.0}, "DE_BE_13": {"avail": 1.0, "util": 0.8536940225711839, "br": 0.0}, "DE_BE_48": {"avail": 1.0, "util": 0.8799180612457469, "br": 0.0}, "DE_BE_50": {"avail": 1.0, "util": 0.7855781620103542, "br": 0.0}, "DE_BE_65": {"avail": 1.0, "util": 0.7513612208302528, "br": 0.0}, "DE_BE_66": {"avail": 1.0, "util": 0.7090845299485781, "br": 0.0}, "DE_BE_67": {"avail": 1.0, "util": 0.8215887785570447, "br": 0.0}, "DE_BE_69": {"avail": 1.0, "util": 0.8284494132351921, "br": 0.0}, "DE_FE_1": {"avail": 1.0, "util": 0.5656254029978077, "br": 0.0}, "DE_FE_51": {"avail": 1.0, "util": 0.6166238455662801, "br": 0.0}, "DE_FE_53": {"avail": 1.0, "util": 0.68899381987362, "br": 0.0}, "DE_FE_54": {"avail": 1.0, "util": 0.8174015693354628, "br": 0.0}, "DE_FE_56": {"avail": 1.0, "util": 0.7593569890979793, "br": 0.0}, "DE_FE_58": {"avail": 1.0, "util": 0.4902437330740921, "br": 0.0}, "DE_FE_59": {"avail": 1.0, "util": 0.7106497233988381, "br": 0.0}, "DE_FE_62": {"avail": 1.0, "util": 0.8023698751078794, "br": 0.0}, "DE_FE_70": {"avail": 1.0, "util": 0.8524942178160705, "br": 0.0}, "DE_FE_71": {"avail": 1.0, "util": 0.6356403821163213, "br": 0.0}, "DE_FE_72": {"avail": 1.0, "util": 0.9250283545124182, "br": 0.0}, "DE_FE_86": {"avail": 1.0, "util": 0.6582984206343695, "br": 0.0}, "DefMEt_FE_118": {"avail": 1.0, "util": 0.3736546073189362, "br": 0.0}, "DefMet_BE_33": {"avail": 1.0, "util": 0.916672453301854, "br": 0.0}, "DefMet_BE_42": {"avail": 1.0, "util": 0.9789597944587182, "br": 0.0}, "DefMet_FE_10": {"avail": 1.0, "util": 0.9353864314978126, "br": 0.0}, "DefMet_FE_106": {"avail": 1.0, "util": 0.39087563363655303, "br": 0.0}, "DefMet_FE_34": {"avail": 1.0, "util": 0.5881883202555378, "br": 0.0}, "DefMet_FE_43": {"avail": 1.0, "util": 0.9471564474689258, "br": 0.0}, "Delay_32": {"avail": 1.0, "util": 0.36081626275953055, "br": 0.0}, "Dielectric_BE_20": {"avail": 1.0, "util": 0.8805916255815568, "br": 0.0}, "Dielectric_BE_21": {"avail": 1.0, "util": 0.9422696340531908, "br": 0.0}, "Dielectric_BE_27": {"avail": 1.0, "util": 0.8101196676156748, "br": 0.0}, "Dielectric_BE_28": {"avail": 1.0, "util": 0.8738455662801194, "br": 0.0}, "Dielectric_BE_60": {"avail": 1.0, "util": 0.9158044580237483, "br": 0.0}, "Dielectric_FE_112": {"avail": 1.0, "util": 0.9114436497465455, "br": 0.0}, "Dielectric_FE_130": {"avail": 1.0, "util": 0.8851989445177418, "br": 0.0}, "Dielectric_FE_29": {"avail": 1.0, "util": 0.9642154480012962, "br": 0.0}, "Dielectric_FE_30": {"avail": 1.0, "util": 0.979098673703215, "br": 0.0}, "Dielectric_FE_31": {"avail": 1.0, "util": 0.9254218457051594, "br": 0.0}, "Diffusion_BE_123": {"avail": 1.0, "util": 0.0, "br": 0.0}, "Diffusion_FE_100": {"avail": 1.0, "util": 0.0, "br": 0.0}, "Diffusion_FE_101": {"avail": 1.0, "util": 0.0, "br": 0.0}, "Diffusion_FE_120": {"avail": 1.0, "util": 0.0, "br": 0.0}, "Diffusion_FE_122": {"avail": 1.0, "util": 0.0, "br": 0.0}, "Diffusion_FE_125": {"avail": 1.0, "util": 0.0, "br": 0.0}, "Diffusion_FE_126": {"avail": 1.0, "util": 0.0, "br": 0.0}, "Diffusion_FE_127": {"avail": 1.0, "util": 0.0, "br": 0.0}, "Diffusion_FE_44": {"avail": 1.0, "util": 0.0, "br": 0.0}, "Diffusion_FE_94": {"avail": 1.0, "util": 0.0, "br": 0.0}, "EPI_36": {"avail": 1.0, "util": 0.008992431081174918, "br": 0.0}, "EPI_38": {"avail": 1.0, "util": 0.01770710367335602, "br": 0.0}, "Implant_119": {"avail": 1.0, "util": 0.015971113117144643, "br": 0.0}, "Implant_128": {"avail": 1.0, "util": 0.05898201513783765, "br": 0.0}, "Implant_132": {"avail": 1.0, "util": 0.03590896465523227, "br": 0.0}, "Implant_74": {"avail": 1.0, "util": 0.008541073536559961, "br": 0.0}, "Implant_88": {"avail": 1.0, "util": 0.014235122560933268, "br": 0.0}, "Implant_90": {"avail": 1.0, "util": 0.06294701756822443, "br": 0.0}, "Implant_91": {"avail": 1.0, "util": 0.046686572691711226, "br": 0.0}, "LithoMet_BE_18": {"avail": 1.0, "util": 0.9593511134376352, "br": 0.0}, "LithoMet_FE_19": {"avail": 1.0, "util": 0.9452237113163438, "br": 0.0}, "LithoTrack_BE_117": {"avail": 1.0, "util": 0.08267481424901048, "br": 0.0}, "LithoTrack_FE_115": {"avail": 1.0, "util": 0.04947232694897277, "br": 0.0}, "LithoTrack_FE_95": {"avail": 1.0, "util": 0.05845399058171981, "br": 0.0}, "LithoTrack_FE_96": {"avail": 1.0, "util": 0.0, "br": 0.0}, "Litho_BE_110": {"avail": 1.0, "util": 0.07041921691945996, "br": 0.0}, "Litho_BE_93": {"avail": 1.0, "util": 0.06596764113603222, "br": 0.0}, "Litho_BE_99": {"avail": 1.0, "util": 0.16626160220355068, "br": 0.0}, "Litho_FE_111": {"avail": 1.0, "util": 0.10878979363806807, "br": 0.0}, "Litho_FE_35": {"avail": 1.0, "util": 0.067460593014374, "br": 0.0}, "Litho_FE_92": {"avail": 1.0, "util": 0.10312204750091007, "br": 0.0}, "Litho_FE_98": {"avail": 1.0, "util": 0.11261717936254427, "br": 0.0}, "Litho_REG_BE_63": {"avail": 1.0, "util": 0.9464186514825359, "br": 0.0}, "Litho_REG_FE_64": {"avail": 1.0, "util": 0.9405646433283403, "br": 0.0}, "Planar_BE_75": {"avail": 1.0, "util": 0.7893653218526491, "br": 0.0}, "Planar_FE_76": {"avail": 1.0, "util": 0.9353285651459389, "br": 0.0}, "Planar_FE_77": {"avail": 1.0, "util": 0.9022984514964238, "br": 0.0}, "Planar_FE_78": {"avail": 1.0, "util": 0.0, "br": 0.0}, "Planar_FE_79": {"avail": 1.0, "util": 0.96494687868898, "br": 0.0}, "Planar_FE_80": {"avail": 1.0, "util": 0.40174293451843623, "br": 0.0}, "TF_BE_2": {"avail": 1.0, "util": 0.40146517602944237, "br": 0.0}, "TF_BE_23": {"avail": 1.0, "util": 0.8109743840888243, "br": 0.0}, "TF_BE_24": {"avail": 1.0, "util": 0.29300743003958063, "br": 0.0}, "TF_BE_26": {"avail": 1.0, "util": 0.7949401661921626, "br": 0.0}, "TF_BE_40": {"avail": 1.0, "util": 0.7648513992083883, "br": 0.0}, "TF_FE_103": {"avail": 1.0, "util": 0.744809388236928, "br": 0.0}, "TF_FE_104": {"avail": 1.0, "util": 0.8676480799944448, "br": 0.0}, "TF_FE_113": {"avail": 1.0, "util": 0.3255676689118811, "br": 0.0}, "TF_FE_131": {"avail": 1.0, "util": 0.3987454574913779, "br": 0.0}, "TF_FE_3": {"avail": 1.0, "util": 0.6691549197972363, "br": 0.0}, "TF_FE_5": {"avail": 1.0, "util": 0.4035136448857718, "br": 0.0}, "TF_Met_FE_45": {"avail": 1.0, "util": 0.10700645788486911, "br": 0.0}, "TF_Met_FE_61": {"avail": 1.0, "util": 0.9683702520658287, "br": 0.0}, "WE_BE_14": {"avail": 1.0, "util": 0.03609471564474689, "br": 0.0}, "WE_BE_16": {"avail": 1.0, "util": 0.044078729100602586, "br": 0.0}, "WE_BE_17": {"avail": 1.0, "util": 0.03697659884730227, "br": 0.0}, "WE_BE_7": {"avail": 1.0, "util": 0.005555169779876397, "br": 0.0}, "WE_BE_81": {"avail": 1.0, "util": 0.030831192278314008, "br": 0.0}, "WE_BE_82": {"avail": 1.0, "util": 0.060856884938545935, "br": 0.0}, "WE_BE_9": {"avail": 1.0, "util": 0.056543692402313335, "br": 0.0}, "WE_FE_108": {"avail": 1.0, "util": 0.04259029630878808, "br": 0.0}, "WE_FE_41": {"avail": 1.0, "util": 0.037289077147420316, "br": 0.0}, "WE_FE_47": {"avail": 1.0, "util": 0.02797259449575261, "br": 0.0}, "WE_FE_8": {"avail": 1.0, "util": 0.050864523296993265, "br": 0.0}, "WE_FE_83": {"avail": 1.0, "util": 0.040423780094636284, "br": 0.0}, "WE_FE_84": {"avail": 1.0, "util": 0.03978504579157312, "br": 0.0}, "WE_FE_85": {"avail": 1.0, "util": 0.02399138948684119, "br": 0.0}}, "plugins": {"cost": 448200.0}}