{"lots": {}, "machines": {"DE_BE_11": {"avail": 1.0, "util": 0.7746215803360644, "br": 0.0}, "DE_BE_12": {"avail": 1.0, "util": 0.7045394929716552, "br": 0.0}, "DE_BE_13": {"avail": 1.0, "util": 0.8355783918900153, "br": 0.0}, "DE_BE_48": {"avail": 1.0, "util": 0.7362796833773086, "br": 0.0}, "DE_BE_50": {"avail": 1.0, "util": 0.6317949667484455, "br": 0.0}, "DE_BE_65": {"avail": 1.0, "util": 0.7074548469575305, "br": 0.0}, "DE_BE_66": {"avail": 1.0, "util": 0.7446224574072314, "br": 0.0}, "DE_BE_67": {"avail": 1.0, "util": 0.848166921260936, "br": 0.0}, "DE_BE_69": {"avail": 1.0, "util": 0.8271420636022775, "br": 0.0}, "DE_FE_1": {"avail": 1.0, "util": 0.5610927053782213, "br": 0.0}, "DE_FE_51": {"avail": 1.0, "util": 0.5694019105533588, "br": 0.0}, "DE_FE_53": {"avail": 1.0, "util": 0.6865574225801971, "br": 0.0}, "DE_FE_54": {"avail": 1.0, "util": 0.815150673517567, "br": 0.0}, "DE_FE_56": {"avail": 1.0, "util": 0.7505207610054159, "br": 0.0}, "DE_FE_58": {"avail": 1.0, "util": 0.6181548858954774, "br": 0.0}, "DE_FE_59": {"avail": 1.0, "util": 0.7640651761329446, "br": 0.0}, "DE_FE_62": {"avail": 1.0, "util": 0.7862796833773087, "br": 0.0}, "DE_FE_70": {"avail": 1.0, "util": 0.8327048593678229, "br": 0.0}, "DE_FE_71": {"avail": 1.0, "util": 0.6706409824032377, "br": 0.0}, "DE_FE_72": {"avail": 1.0, "util": 0.8406239874091561, "br": 0.0}, "DE_FE_86": {"avail": 1.0, "util": 0.6581827626821377, "br": 0.0}, "DefMEt_FE_118": {"avail": 1.0, "util": 0.378697403138453, "br": 0.0}, "DefMet_BE_33": {"avail": 1.0, "util": 0.9257741980280516, "br": 0.0}, "DefMet_BE_42": {"avail": 1.0, "util": 0.9534092487154562, "br": 0.0}, "DefMet_FE_10": {"avail": 1.0, "util": 0.7047979447298987, "br": 0.0}, "DefMet_FE_106": {"avail": 1.0, "util": 0.3904318844604916, "br": 0.0}, "DefMet_FE_34": {"avail": 1.0, "util": 0.590508262741286, "br": 0.0}, "DefMet_FE_43": {"avail": 1.0, "util": 0.9582928296995789, "br": 0.0}, "Delay_32": {"avail": 1.0, "util": 0.38134043882794055, "br": 0.0}, "Dielectric_BE_20": {"avail": 1.0, "util": 0.8554922927371198, "br": 0.0}, "Dielectric_BE_21": {"avail": 1.0, "util": 0.9459450076378281, "br": 0.0}, "Dielectric_BE_27": {"avail": 1.0, "util": 0.8108040549923622, "br": 0.0}, "Dielectric_BE_28": {"avail": 1.0, "util": 0.8260311067907236, "br": 0.0}, "Dielectric_BE_60": {"avail": 1.0, "util": 0.9182752395500625, "br": 0.0}, "Dielectric_FE_112": {"avail": 1.0, "util": 0.9085196500486044, "br": 0.0}, "Dielectric_FE_130": {"avail": 1.0, "util": 0.8598284960422163, "br": 0.0}, "Dielectric_FE_29": {"avail": 1.0, "util": 0.9737073554598898, "br": 0.0}, "Dielectric_FE_30": {"avail": 1.0, "util": 0.9731287321205389, "br": 0.0}, "Dielectric_FE_31": {"avail": 1.0, "util": 0.9260692959311206, "br": 0.0}, "Diffusion_BE_123": {"avail": 1.0, "util": 0.0, "br": 0.0}, "Diffusion_FE_100": {"avail": 1.0, "util": 0.0, "br": 0.0}, "Diffusion_FE_101": {"avail": 1.0, "util": 0.0, "br": 0.0}, "Diffusion_FE_120": {"avail": 1.0, "util": 0.0, "br": 0.0}, "Diffusion_FE_122": {"avail": 1.0, "util": 0.0, "br": 0.0}, "Diffusion_FE_125": {"avail": 1.0, "util": 0.0, "br": 0.0}, "Diffusion_FE_126": {"avail": 1.0, "util": 0.0, "br": 0.0}, "Diffusion_FE_127": {"avail": 1.0, "util": 0.0, "br": 0.0}, "Diffusion_FE_44": {"avail": 1.0, "util": 0.0, "br": 0.0}, "Diffusion_FE_94": {"avail": 1.0, "util": 0.0, "br": 0.0}, "EPI_36": {"avail": 1.0, "util": 0.008852937092070546, "br": 0.0}, "EPI_38": {"avail": 1.0, "util": 0.022010831828912652, "br": 0.0}, "Implant_119": {"avail": 1.0, "util": 0.02083044021663658, "br": 0.0}, "Implant_128": {"avail": 1.0, "util": 0.0503402305235384, "br": 0.0}, "Implant_132": {"avail": 1.0, "util": 0.03356304679905569, "br": 0.0}, "Implant_74": {"avail": 1.0, "util": 0.008505763088459937, "br": 0.0}, "Implant_88": {"avail": 1.0, "util": 0.014338286349118178, "br": 0.0}, "Implant_90": {"avail": 1.0, "util": 0.05058325232606582, "br": 0.0}, "Implant_91": {"avail": 1.0, "util": 0.04628986714808128, "br": 0.0}, "LithoMet_BE_18": {"avail": 1.0, "util": 0.9548566972535866, "br": 0.0}, "LithoMet_FE_19": {"avail": 1.0, "util": 0.9499529386350661, "br": 0.0}, "LithoTrack_BE_117": {"avail": 1.0, "util": 0.10095820024996528, "br": 0.0}, "LithoTrack_FE_115": {"avail": 1.0, "util": 0.049204767311729576, "br": 0.0}, "LithoTrack_FE_95": {"avail": 1.0, "util": 0.05944185756513409, "br": 0.0}, "LithoTrack_FE_96": {"avail": 1.0, "util": 0.007672545479794473, "br": 0.0}, "Litho_BE_110": {"avail": 1.0, "util": 0.070900370980221, "br": 0.0}, "Litho_BE_93": {"avail": 1.0, "util": 0.0625839003842059, "br": 0.0}, "Litho_BE_99": {"avail": 1.0, "util": 0.18564551219737999, "br": 0.0}, "Litho_FE_111": {"avail": 1.0, "util": 0.10882958175000947, "br": 0.0}, "Litho_FE_35": {"avail": 1.0, "util": 0.05419386196361616, "br": 0.0}, "Litho_FE_92": {"avail": 1.0, "util": 0.10188820576266765, "br": 0.0}, "Litho_FE_98": {"avail": 1.0, "util": 0.11538675184002221, "br": 0.0}, "Litho_REG_BE_63": {"avail": 1.0, "util": 0.9433412026107485, "br": 0.0}, "Litho_REG_FE_64": {"avail": 1.0, "util": 0.9347511258356974, "br": 0.0}, "Planar_BE_75": {"avail": 1.0, "util": 0.8252742674628524, "br": 0.0}, "Planar_FE_76": {"avail": 1.0, "util": 0.7766976808776559, "br": 0.0}, "Planar_FE_77": {"avail": 1.0, "util": 0.9013331481738648, "br": 0.0}, "Planar_FE_78": {"avail": 1.0, "util": 0.5262810720733232, "br": 0.0}, "Planar_FE_79": {"avail": 1.0, "util": 0.9257741980280516, "br": 0.0}, "Planar_FE_80": {"avail": 1.0, "util": 0.8789057075406194, "br": 0.0}, "TF_BE_2": {"avail": 1.0, "util": 0.5989793084293848, "br": 0.0}, "TF_BE_23": {"avail": 1.0, "util": 0.4936814331342869, "br": 0.0}, "TF_BE_24": {"avail": 1.0, "util": 0.2879877794750729, "br": 0.0}, "TF_BE_26": {"avail": 1.0, "util": 0.6525991760403648, "br": 0.0}, "TF_BE_40": {"avail": 1.0, "util": 0.6747818590010647, "br": 0.0}, "TF_FE_103": {"avail": 1.0, "util": 0.7384738230801278, "br": 0.0}, "TF_FE_104": {"avail": 1.0, "util": 0.8664213303707818, "br": 0.0}, "TF_FE_113": {"avail": 1.0, "util": 0.4975003471740036, "br": 0.0}, "TF_FE_131": {"avail": 1.0, "util": 0.3432972272369578, "br": 0.0}, "TF_FE_3": {"avail": 1.0, "util": 0.9906263019025136, "br": 0.0}, "TF_FE_5": {"avail": 1.0, "util": 0.26978891820580475, "br": 0.0}, "TF_Met_FE_45": {"avail": 1.0, "util": 0.10675600611026247, "br": 0.0}, "TF_Met_FE_61": {"avail": 1.0, "util": 0.9791695597833634, "br": 0.0}, "WE_BE_14": {"avail": 1.0, "util": 0.03487015692264963, "br": 0.0}, "WE_BE_16": {"avail": 1.0, "util": 0.04330417071703004, "br": 0.0}, "WE_BE_17": {"avail": 1.0, "util": 0.037182335786696295, "br": 0.0}, "WE_BE_7": {"avail": 1.0, "util": 0.00576308845993612, "br": 0.0}, "WE_BE_81": {"avail": 1.0, "util": 0.040596213488867286, "br": 0.0}, "WE_BE_82": {"avail": 1.0, "util": 0.06397722538536314, "br": 0.0}, "WE_BE_9": {"avail": 1.0, "util": 0.05333584621183565, "br": 0.0}, "WE_FE_108": {"avail": 1.0, "util": 0.042105263157894736, "br": 0.0}, "WE_FE_41": {"avail": 1.0, "util": 0.03993889737536454, "br": 0.0}, "WE_FE_47": {"avail": 1.0, "util": 0.031974725732537145, "br": 0.0}, "WE_FE_8": {"avail": 1.0, "util": 0.04895153450909596, "br": 0.0}, "WE_FE_83": {"avail": 1.0, "util": 0.04084750133909973, "br": 0.0}, "WE_FE_84": {"avail": 1.0, "util": 0.04214692403832801, "br": 0.0}, "WE_FE_85": {"avail": 1.0, "util": 0.024024441049854187, "br": 0.0}}, "plugins": {"cost": 448200.0}}