{"lots": {}, "machines": {"DE_BE_11": {"avail": 1.0, "util": 0.8214291217850923, "br": 0.0}, "DE_BE_12": {"avail": 1.0, "util": 0.9452703461302232, "br": 0.0}, "DE_BE_13": {"avail": 1.0, "util": 0.8791513604051167, "br": 0.0}, "DE_BE_48": {"avail": 1.0, "util": 0.8693415594622196, "br": 0.0}, "DE_BE_50": {"avail": 1.0, "util": 0.909601960149785, "br": 0.0}, "DE_BE_65": {"avail": 1.0, "util": 0.8842444135310854, "br": 0.0}, "DE_BE_66": {"avail": 1.0, "util": 0.695777030242544, "br": 0.0}, "DE_BE_67": {"avail": 1.0, "util": 0.8302310236571251, "br": 0.0}, "DE_BE_69": {"avail": 1.0, "util": 0.24942597814864467, "br": 0.0}, "DE_FE_1": {"avail": 1.0, "util": 0.7513845869354168, "br": 0.0}, "DE_FE_51": {"avail": 1.0, "util": 0.302327677869724, "br": 0.0}, "DE_FE_53": {"avail": 1.0, "util": 0.17960334704821784, "br": 0.0}, "DE_FE_54": {"avail": 1.0, "util": 0.8116746028076988, "br": 0.0}, "DE_FE_56": {"avail": 1.0, "util": 0.9004900374462577, "br": 0.0}, "DE_FE_58": {"avail": 1.0, "util": 0.9904997457352873, "br": 0.0}, "DE_FE_59": {"avail": 1.0, "util": 0.8441646248439739, "br": 0.0}, "DE_FE_62": {"avail": 1.0, "util": 0.8055568397207711, "br": 0.0}, "DE_FE_70": {"avail": 1.0, "util": 0.8518288147061667, "br": 0.0}, "DE_FE_71": {"avail": 1.0, "util": 0.8131873494316284, "br": 0.0}, "DE_FE_72": {"avail": 1.0, "util": 0.5652703821535591, "br": 0.0}, "DE_FE_86": {"avail": 1.0, "util": 0.7248064414771958, "br": 0.0}, "DefMEt_FE_118": {"avail": 1.0, "util": 0.20667098146179094, "br": 0.0}, "DefMet_BE_33": {"avail": 1.0, "util": 0.9257315889233045, "br": 0.0}, "DefMet_BE_42": {"avail": 1.0, "util": 0.9766076464333595, "br": 0.0}, "DefMet_FE_10": {"avail": 1.0, "util": 0.4368961213073829, "br": 0.0}, "DefMet_FE_106": {"avail": 1.0, "util": 0.08469326429661135, "br": 0.0}, "DefMet_FE_34": {"avail": 1.0, "util": 0.48391197817946463, "br": 0.0}, "DefMet_FE_43": {"avail": 1.0, "util": 0.8877259488696778, "br": 0.0}, "Delay_32": {"avail": 1.0, "util": 0.26761268549766537, "br": 0.0}, "Dielectric_BE_20": {"avail": 1.0, "util": 0.6423743701169619, "br": 0.0}, "Dielectric_BE_21": {"avail": 1.0, "util": 0.9488388578120907, "br": 0.0}, "Dielectric_BE_27": {"avail": 1.0, "util": 0.9146441064521598, "br": 0.0}, "Dielectric_BE_28": {"avail": 1.0, "util": 0.9250920746459557, "br": 0.0}, "Dielectric_BE_60": {"avail": 1.0, "util": 0.8639914936896121, "br": 0.0}, "Dielectric_FE_112": {"avail": 1.0, "util": 0.5692498934142871, "br": 0.0}, "Dielectric_FE_130": {"avail": 1.0, "util": 0.2865910036521659, "br": 0.0}, "Dielectric_FE_29": {"avail": 1.0, "util": 0.5144314486924629, "br": 0.0}, "Dielectric_FE_30": {"avail": 1.0, "util": 0.9264019231658268, "br": 0.0}, "Dielectric_FE_31": {"avail": 1.0, "util": 0.31076926633072904, "br": 0.0}, "Diffusion_BE_123": {"avail": 1.0, "util": 0.0, "br": 0.0}, "Diffusion_FE_100": {"avail": 1.0, "util": 0.0, "br": 0.0}, "Diffusion_FE_101": {"avail": 1.0, "util": 0.0, "br": 0.0}, "Diffusion_FE_120": {"avail": 1.0, "util": 0.0, "br": 0.0}, "Diffusion_FE_122": {"avail": 1.0, "util": 0.0, "br": 0.0}, "Diffusion_FE_125": {"avail": 1.0, "util": 0.0, "br": 0.0}, "Diffusion_FE_126": {"avail": 1.0, "util": 0.0, "br": 0.0}, "Diffusion_FE_127": {"avail": 1.0, "util": 0.0, "br": 0.0}, "Diffusion_FE_44": {"avail": 1.0, "util": 0.0, "br": 0.0}, "Diffusion_FE_94": {"avail": 1.0, "util": 0.0, "br": 0.0}, "EPI_36": {"avail": 1.0, "util": 0.009615829134113078, "br": 0.0}, "EPI_38": {"avail": 1.0, "util": 0.21973094170403587, "br": 0.0}, "Implant_119": {"avail": 1.0, "util": 0.018884933660024965, "br": 0.0}, "Implant_128": {"avail": 1.0, "util": 0.03143636447690814, "br": 0.0}, "Implant_132": {"avail": 1.0, "util": 0.021358235865193472, "br": 0.0}, "Implant_74": {"avail": 1.0, "util": 0.011280107253478803, "br": 0.0}, "Implant_88": {"avail": 1.0, "util": 0.00952336923859276, "br": 0.0}, "Implant_90": {"avail": 1.0, "util": 0.024293837547963573, "br": 0.0}, "Implant_91": {"avail": 1.0, "util": 0.042359840704808575, "br": 0.0}, "LithoMet_BE_18": {"avail": 1.0, "util": 0.9704422524911638, "br": 0.0}, "LithoMet_FE_19": {"avail": 1.0, "util": 0.9615763091330564, "br": 0.0}, "LithoTrack_BE_117": {"avail": 1.0, "util": 0.06361240811797883, "br": 0.0}, "LithoTrack_FE_115": {"avail": 1.0, "util": 0.039526605334935974, "br": 0.0}, "LithoTrack_FE_95": {"avail": 1.0, "util": 0.05800355970597753, "br": 0.0}, "LithoTrack_FE_96": {"avail": 1.0, "util": 0.010170588507234986, "br": 0.0}, "Litho_BE_110": {"avail": 1.0, "util": 0.05400863897023797, "br": 0.0}, "Litho_BE_93": {"avail": 1.0, "util": 0.06057278905274837, "br": 0.0}, "Litho_BE_99": {"avail": 1.0, "util": 0.08458539441850431, "br": 0.0}, "Litho_FE_111": {"avail": 1.0, "util": 0.07798298737922425, "br": 0.0}, "Litho_FE_35": {"avail": 1.0, "util": 0.02524155147704683, "br": 0.0}, "Litho_FE_92": {"avail": 1.0, "util": 0.06129024228048776, "br": 0.0}, "Litho_FE_98": {"avail": 1.0, "util": 0.02581942582404882, "br": 0.0}, "Litho_REG_BE_63": {"avail": 1.0, "util": 0.9609414728861356, "br": 0.0}, "Litho_REG_FE_64": {"avail": 1.0, "util": 0.9620452128889094, "br": 0.0}, "Planar_BE_75": {"avail": 1.0, "util": 0.7882536307019687, "br": 0.0}, "Planar_FE_76": {"avail": 1.0, "util": 0.9297535943784383, "br": 0.0}, "Planar_FE_77": {"avail": 1.0, "util": 0.9583930470158569, "br": 0.0}, "Planar_FE_78": {"avail": 1.0, "util": 0.3544218945032592, "br": 0.0}, "Planar_FE_79": {"avail": 1.0, "util": 0.21189496555868892, "br": 0.0}, "Planar_FE_80": {"avail": 1.0, "util": 0.21455318755489805, "br": 0.0}, "TF_BE_2": {"avail": 1.0, "util": 0.39882575932689196, "br": 0.0}, "TF_BE_23": {"avail": 1.0, "util": 0.3598836326172094, "br": 0.0}, "TF_BE_24": {"avail": 1.0, "util": 0.8431302297628404, "br": 0.0}, "TF_BE_26": {"avail": 1.0, "util": 0.647489536029132, "br": 0.0}, "TF_BE_40": {"avail": 1.0, "util": 0.5777057436630979, "br": 0.0}, "TF_FE_103": {"avail": 1.0, "util": 0.5240494792526599, "br": 0.0}, "TF_FE_104": {"avail": 1.0, "util": 0.6475151403078915, "br": 0.0}, "TF_FE_113": {"avail": 1.0, "util": 0.07459972570230997, "br": 0.0}, "TF_FE_131": {"avail": 1.0, "util": 0.9390149939130569, "br": 0.0}, "TF_FE_3": {"avail": 1.0, "util": 0.29710446427195536, "br": 0.0}, "TF_FE_5": {"avail": 1.0, "util": 0.23782226126084477, "br": 0.0}, "TF_Met_FE_45": {"avail": 1.0, "util": 0.05940548287180435, "br": 0.0}, "TF_Met_FE_61": {"avail": 1.0, "util": 0.9857380611159909, "br": 0.0}, "WE_BE_14": {"avail": 1.0, "util": 0.043927696361703114, "br": 0.0}, "WE_BE_16": {"avail": 1.0, "util": 0.039324349313485274, "br": 0.0}, "WE_BE_17": {"avail": 1.0, "util": 0.047362581480282925, "br": 0.0}, "WE_BE_7": {"avail": 1.0, "util": 0.020849706439831722, "br": 0.0}, "WE_BE_81": {"avail": 1.0, "util": 0.043194181190575255, "br": 0.0}, "WE_BE_82": {"avail": 1.0, "util": 0.04371298393766148, "br": 0.0}, "WE_BE_9": {"avail": 1.0, "util": 0.043539364800517774, "br": 0.0}, "WE_FE_108": {"avail": 1.0, "util": 0.03782885035684737, "br": 0.0}, "WE_FE_41": {"avail": 1.0, "util": 0.02980907031575054, "br": 0.0}, "WE_FE_47": {"avail": 1.0, "util": 0.034173177384309555, "br": 0.0}, "WE_FE_8": {"avail": 1.0, "util": 0.03000323609634321, "br": 0.0}, "WE_FE_83": {"avail": 1.0, "util": 0.037916262154623764, "br": 0.0}, "WE_FE_84": {"avail": 1.0, "util": 0.032097180789009236, "br": 0.0}, "WE_FE_85": {"avail": 1.0, "util": 0.025079746659886274, "br": 0.0}}, "plugins": {"cost": 428425.13097222225}}