{"lots": {}, "machines": {"DE_BE_11": {"avail": 1.0, "util": 0.0, "br": 0.0}, "DE_BE_12": {"avail": 1.0, "util": 0.0, "br": 0.0}, "DE_BE_13": {"avail": 1.0, "util": 0.0, "br": 0.0}, "DE_BE_48": {"avail": 1.0, "util": 0.0, "br": 0.0}, "DE_BE_50": {"avail": 1.0, "util": 0.0, "br": 0.0}, "DE_BE_65": {"avail": 1.0, "util": 0.0, "br": 0.0}, "DE_BE_66": {"avail": 1.0, "util": 0.0, "br": 0.0}, "DE_BE_67": {"avail": 1.0, "util": 0.0, "br": 0.0}, "DE_BE_69": {"avail": 1.0, "util": 0.0, "br": 0.0}, "DE_FE_1": {"avail": 1.0, "util": 0.0, "br": 0.0}, "DE_FE_51": {"avail": 1.0, "util": 0.0, "br": 0.0}, "DE_FE_53": {"avail": 1.0, "util": 0.0, "br": 0.0}, "DE_FE_54": {"avail": 1.0, "util": 0.0, "br": 0.0}, "DE_FE_56": {"avail": 1.0, "util": 0.0, "br": 0.0}, "DE_FE_58": {"avail": 1.0, "util": 0.0, "br": 0.0}, "DE_FE_59": {"avail": 1.0, "util": 0.0, "br": 0.0}, "DE_FE_62": {"avail": 1.0, "util": 0.0, "br": 0.0}, "DE_FE_70": {"avail": 1.0, "util": 0.0, "br": 0.0}, "DE_FE_71": {"avail": 1.0, "util": 0.0, "br": 0.0}, "DE_FE_72": {"avail": 1.0, "util": 0.0, "br": 0.0}, "DE_FE_86": {"avail": 1.0, "util": 0.0, "br": 0.0}, "DefMEt_FE_118": {"avail": 1.0, "util": 0.5051360355358134, "br": 0.0}, "DefMet_BE_33": {"avail": 1.0, "util": 0.7623542476401999, "br": 0.0}, "DefMet_BE_42": {"avail": 1.0, "util": 0.7645752359800111, "br": 0.0}, "DefMet_FE_10": {"avail": 1.0, "util": 0.8489727928928373, "br": 0.0}, "DefMet_FE_106": {"avail": 1.0, "util": 0.7840088839533592, "br": 0.0}, "DefMet_FE_34": {"avail": 1.0, "util": 0.7475013881177124, "br": 0.0}, "DefMet_FE_43": {"avail": 1.0, "util": 0.8062187673514714, "br": 0.0}, "Delay_32": {"avail": 1.0, "util": 0.0, "br": 0.0}, "Dielectric_BE_20": {"avail": 1.0, "util": 0.8903387007218212, "br": 0.0}, "Dielectric_BE_21": {"avail": 1.0, "util": 0.6212867851193781, "br": 0.0}, "Dielectric_BE_27": {"avail": 1.0, "util": 0.7954284656672219, "br": 0.0}, "Dielectric_BE_28": {"avail": 1.0, "util": 0.7181426985008329, "br": 0.0}, "Dielectric_BE_60": {"avail": 1.0, "util": 0.8785397001665741, "br": 0.0}, "Dielectric_FE_112": {"avail": 1.0, "util": 0.6519156024430871, "br": 0.0}, "Dielectric_FE_130": {"avail": 1.0, "util": 0.8720849528039978, "br": 0.0}, "Dielectric_FE_29": {"avail": 1.0, "util": 0.7798445308162132, "br": 0.0}, "Dielectric_FE_30": {"avail": 1.0, "util": 0.5558023320377568, "br": 0.0}, "Dielectric_FE_31": {"avail": 1.0, "util": 0.9241393670183231, "br": 0.0}, "Diffusion_BE_123": {"avail": 1.0, "util": 0.0, "br": 0.0}, "Diffusion_FE_100": {"avail": 1.0, "util": 0.0, "br": 0.0}, "Diffusion_FE_101": {"avail": 1.0, "util": 0.0, "br": 0.0}, "Diffusion_FE_120": {"avail": 1.0, "util": 0.0, "br": 0.0}, "Diffusion_FE_122": {"avail": 1.0, "util": 0.0, "br": 0.0}, "Diffusion_FE_125": {"avail": 1.0, "util": 0.0, "br": 0.0}, "Diffusion_FE_126": {"avail": 1.0, "util": 0.0, "br": 0.0}, "Diffusion_FE_127": {"avail": 1.0, "util": 0.0, "br": 0.0}, "Diffusion_FE_44": {"avail": 1.0, "util": 0.0, "br": 0.0}, "Diffusion_FE_94": {"avail": 1.0, "util": 0.0, "br": 0.0}, "EPI_36": {"avail": 1.0, "util": 0.014158800666296502, "br": 0.0}, "EPI_38": {"avail": 1.0, "util": 0.03525818989450306, "br": 0.0}, "Implant_119": {"avail": 1.0, "util": 0.0560799555802332, "br": 0.0}, "Implant_128": {"avail": 1.0, "util": 0.11821210438645198, "br": 0.0}, "Implant_132": {"avail": 1.0, "util": 0.05101332593003887, "br": 0.0}, "Implant_74": {"avail": 1.0, "util": 0.0, "br": 0.0}, "Implant_88": {"avail": 1.0, "util": 0.007079400333148251, "br": 0.0}, "Implant_90": {"avail": 1.0, "util": 0.0419211549139367, "br": 0.0}, "Implant_91": {"avail": 1.0, "util": 0.07125670923560985, "br": 0.0}, "LithoMet_BE_18": {"avail": 1.0, "util": 0.754068252680135, "br": 0.0}, "LithoMet_FE_19": {"avail": 1.0, "util": 0.7686162008760565, "br": 0.0}, "LithoTrack_BE_117": {"avail": 1.0, "util": 0.2632426429761244, "br": 0.0}, "LithoTrack_FE_115": {"avail": 1.0, "util": 0.13358047272212606, "br": 0.0}, "LithoTrack_FE_95": {"avail": 1.0, "util": 0.15309521920928282, "br": 0.0}, "LithoTrack_FE_96": {"avail": 1.0, "util": 0.0, "br": 0.0}, "Litho_BE_110": {"avail": 1.0, "util": 0.2070575870548108, "br": 0.0}, "Litho_BE_93": {"avail": 1.0, "util": 0.2070146215065704, "br": 0.0}, "Litho_BE_99": {"avail": 1.0, "util": 0.610494169905608, "br": 0.0}, "Litho_FE_111": {"avail": 1.0, "util": 0.3116829034374842, "br": 0.0}, "Litho_FE_35": {"avail": 1.0, "util": 0.13395335924486396, "br": 0.0}, "Litho_FE_92": {"avail": 1.0, "util": 0.3294718422425252, "br": 0.0}, "Litho_FE_98": {"avail": 1.0, "util": 0.3754580788450861, "br": 0.0}, "Litho_REG_BE_63": {"avail": 1.0, "util": 0.8308925596890616, "br": 0.0}, "Litho_REG_FE_64": {"avail": 1.0, "util": 0.8222217815499326, "br": 0.0}, "Planar_BE_75": {"avail": 1.0, "util": 0.21792059966685176, "br": 0.0}, "Planar_FE_76": {"avail": 1.0, "util": 0.9236535258189894, "br": 0.0}, "Planar_FE_77": {"avail": 1.0, "util": 0.7219600222098834, "br": 0.0}, "Planar_FE_78": {"avail": 1.0, "util": 0.8317601332593004, "br": 0.0}, "Planar_FE_79": {"avail": 1.0, "util": 0.0, "br": 0.0}, "Planar_FE_80": {"avail": 1.0, "util": 0.6403387007218212, "br": 0.0}, "TF_BE_2": {"avail": 1.0, "util": 0.0, "br": 0.0}, "TF_BE_23": {"avail": 1.0, "util": 0.0, "br": 0.0}, "TF_BE_24": {"avail": 1.0, "util": 0.0, "br": 0.0}, "TF_BE_26": {"avail": 1.0, "util": 0.19785304460484915, "br": 0.0}, "TF_BE_40": {"avail": 1.0, "util": 0.0, "br": 0.0}, "TF_FE_103": {"avail": 1.0, "util": 0.0, "br": 0.0}, "TF_FE_104": {"avail": 1.0, "util": 0.0, "br": 0.0}, "TF_FE_113": {"avail": 1.0, "util": 0.0, "br": 0.0}, "TF_FE_131": {"avail": 1.0, "util": 0.0, "br": 0.0}, "TF_FE_3": {"avail": 1.0, "util": 0.0, "br": 0.0}, "TF_FE_5": {"avail": 1.0, "util": 0.0, "br": 0.0}, "TF_Met_FE_45": {"avail": 1.0, "util": 0.14422543031649085, "br": 0.0}, "TF_Met_FE_61": {"avail": 1.0, "util": 0.9843142698500833, "br": 0.0}, "WE_BE_14": {"avail": 1.0, "util": 0.02176568573014992, "br": 0.0}, "WE_BE_16": {"avail": 1.0, "util": 0.025387130606453204, "br": 0.0}, "WE_BE_17": {"avail": 1.0, "util": 0.0420599666851749, "br": 0.0}, "WE_BE_7": {"avail": 1.0, "util": 0.01110494169905608, "br": 0.0}, "WE_BE_81": {"avail": 1.0, "util": 0.02220988339811216, "br": 0.0}, "WE_BE_82": {"avail": 1.0, "util": 0.15616324264297612, "br": 0.0}, "WE_BE_9": {"avail": 1.0, "util": 0.08174030300626636, "br": 0.0}, "WE_FE_108": {"avail": 1.0, "util": 0.04366621718093123, "br": 0.0}, "WE_FE_41": {"avail": 1.0, "util": 0.03720155469183787, "br": 0.0}, "WE_FE_47": {"avail": 1.0, "util": 0.03849713122339441, "br": 0.0}, "WE_FE_8": {"avail": 1.0, "util": 0.08647973348139923, "br": 0.0}, "WE_FE_83": {"avail": 1.0, "util": 0.06908860157055605, "br": 0.0}, "WE_FE_84": {"avail": 1.0, "util": 0.05850144981183293, "br": 0.0}, "WE_FE_85": {"avail": 1.0, "util": 0.038034425319267075, "br": 0.0}}, "plugins": {"cost": 448800}}