{"lots": {}, "machines": {"DE_BE_11": {"avail": 1.0, "util": 0.5916258434236067, "br": 0.0}, "DE_BE_12": {"avail": 1.0, "util": 0.9484035287714001, "br": 0.0}, "DE_BE_13": {"avail": 1.0, "util": 0.7043296845496679, "br": 0.0}, "DE_BE_48": {"avail": 1.0, "util": 0.6552361586098531, "br": 0.0}, "DE_BE_50": {"avail": 1.0, "util": 0.9533639379281307, "br": 0.0}, "DE_BE_65": {"avail": 1.0, "util": 0.7329534642214405, "br": 0.0}, "DE_BE_66": {"avail": 1.0, "util": 0.6683368926985177, "br": 0.0}, "DE_BE_67": {"avail": 1.0, "util": 0.7576116092060264, "br": 0.0}, "DE_BE_69": {"avail": 1.0, "util": 0.7354653849708845, "br": 0.0}, "DE_FE_1": {"avail": 1.0, "util": 0.7577410111840281, "br": 0.0}, "DE_FE_51": {"avail": 1.0, "util": 0.6741405227645322, "br": 0.0}, "DE_FE_53": {"avail": 1.0, "util": 0.5442832054718552, "br": 0.0}, "DE_FE_54": {"avail": 1.0, "util": 0.5461687771513078, "br": 0.0}, "DE_FE_56": {"avail": 1.0, "util": 0.5932156391533413, "br": 0.0}, "DE_FE_58": {"avail": 1.0, "util": 0.6443602304587608, "br": 0.0}, "DE_FE_59": {"avail": 1.0, "util": 0.7340358012139139, "br": 0.0}, "DE_FE_62": {"avail": 1.0, "util": 0.6750689923811284, "br": 0.0}, "DE_FE_70": {"avail": 1.0, "util": 0.7428029037235063, "br": 0.0}, "DE_FE_71": {"avail": 1.0, "util": 0.8454273566344922, "br": 0.0}, "DE_FE_72": {"avail": 1.0, "util": 0.8622998634090232, "br": 0.0}, "DE_FE_86": {"avail": 1.0, "util": 0.7541944384536121, "br": 0.0}, "DefMEt_FE_118": {"avail": 1.0, "util": 0.49380719105277754, "br": 0.0}, "DefMet_BE_33": {"avail": 1.0, "util": 0.8775764858119974, "br": 0.0}, "DefMet_BE_42": {"avail": 1.0, "util": 0.9898327017284407, "br": 0.0}, "DefMet_FE_10": {"avail": 1.0, "util": 0.7535816618911175, "br": 0.0}, "DefMet_FE_106": {"avail": 1.0, "util": 0.6042148072834828, "br": 0.0}, "DefMet_FE_34": {"avail": 1.0, "util": 0.7029762454940383, "br": 0.0}, "DefMet_FE_43": {"avail": 1.0, "util": 0.9469451890193179, "br": 0.0}, "Delay_32": {"avail": 1.0, "util": 0.23285423791477955, "br": 0.0}, "Dielectric_BE_20": {"avail": 1.0, "util": 0.8890840188557168, "br": 0.0}, "Dielectric_BE_21": {"avail": 1.0, "util": 0.8531749699602551, "br": 0.0}, "Dielectric_BE_27": {"avail": 1.0, "util": 0.7969005145269125, "br": 0.0}, "Dielectric_BE_28": {"avail": 1.0, "util": 0.8421758018301136, "br": 0.0}, "Dielectric_BE_60": {"avail": 1.0, "util": 0.8496395230612811, "br": 0.0}, "Dielectric_FE_112": {"avail": 1.0, "util": 0.7579351141510307, "br": 0.0}, "Dielectric_FE_130": {"avail": 1.0, "util": 0.8912330159903873, "br": 0.0}, "Dielectric_FE_29": {"avail": 1.0, "util": 0.7729303386018425, "br": 0.0}, "Dielectric_FE_30": {"avail": 1.0, "util": 0.9263333025233386, "br": 0.0}, "Dielectric_FE_31": {"avail": 1.0, "util": 0.8967557075515297, "br": 0.0}, "Diffusion_BE_123": {"avail": 1.0, "util": 0.0, "br": 0.0}, "Diffusion_FE_100": {"avail": 1.0, "util": 0.0, "br": 0.0}, "Diffusion_FE_101": {"avail": 1.0, "util": 0.0, "br": 0.0}, "Diffusion_FE_120": {"avail": 1.0, "util": 0.0, "br": 0.0}, "Diffusion_FE_122": {"avail": 1.0, "util": 0.0, "br": 0.0}, "Diffusion_FE_125": {"avail": 1.0, "util": 0.0, "br": 0.0}, "Diffusion_FE_126": {"avail": 1.0, "util": 0.0, "br": 0.0}, "Diffusion_FE_127": {"avail": 1.0, "util": 0.0, "br": 0.0}, "Diffusion_FE_44": {"avail": 1.0, "util": 0.0, "br": 0.0}, "Diffusion_FE_94": {"avail": 1.0, "util": 0.0, "br": 0.0}, "EPI_36": {"avail": 1.0, "util": 0.01210832794158425, "br": 0.0}, "EPI_38": {"avail": 1.0, "util": 0.01173860800443664, "br": 0.0}, "Implant_119": {"avail": 1.0, "util": 0.027313060356779738, "br": 0.0}, "Implant_128": {"avail": 1.0, "util": 0.06491357796469174, "br": 0.0}, "Implant_132": {"avail": 1.0, "util": 0.029877992420741288, "br": 0.0}, "Implant_74": {"avail": 1.0, "util": 0.011230243090858674, "br": 0.0}, "Implant_88": {"avail": 1.0, "util": 0.0023569645993160183, "br": 0.0}, "Implant_90": {"avail": 1.0, "util": 0.02666605046677142, "br": 0.0}, "Implant_91": {"avail": 1.0, "util": 0.049634901562066736, "br": 0.0}, "LithoMet_BE_18": {"avail": 1.0, "util": 0.9428071697227812, "br": 0.0}, "LithoMet_FE_19": {"avail": 1.0, "util": 0.9479619188464738, "br": 0.0}, "LithoTrack_BE_117": {"avail": 1.0, "util": 0.10734818375080878, "br": 0.0}, "LithoTrack_FE_115": {"avail": 1.0, "util": 0.061572868356141786, "br": 0.0}, "LithoTrack_FE_95": {"avail": 1.0, "util": 0.07164078312718931, "br": 0.0}, "LithoTrack_FE_96": {"avail": 1.0, "util": 0.0, "br": 0.0}, "Litho_BE_110": {"avail": 1.0, "util": 0.090838868128821, "br": 0.0}, "Litho_BE_93": {"avail": 1.0, "util": 0.07653202698955541, "br": 0.0}, "Litho_BE_99": {"avail": 1.0, "util": 0.2169639831161229, "br": 0.0}, "Litho_FE_111": {"avail": 1.0, "util": 0.1337503886260703, "br": 0.0}, "Litho_FE_35": {"avail": 1.0, "util": 0.050744061373509564, "br": 0.0}, "Litho_FE_92": {"avail": 1.0, "util": 0.1280715464096553, "br": 0.0}, "Litho_FE_98": {"avail": 1.0, "util": 0.15021721046307424, "br": 0.0}, "Litho_REG_BE_63": {"avail": 1.0, "util": 0.9538312228486922, "br": 0.0}, "Litho_REG_FE_64": {"avail": 1.0, "util": 0.9513554196981501, "br": 0.0}, "Planar_BE_75": {"avail": 1.0, "util": 0.7200388205934005, "br": 0.0}, "Planar_FE_76": {"avail": 1.0, "util": 0.9320947715438889, "br": 0.0}, "Planar_FE_77": {"avail": 1.0, "util": 0.951566688233663, "br": 0.0}, "Planar_FE_78": {"avail": 1.0, "util": 0.8421758018301136, "br": 0.0}, "Planar_FE_79": {"avail": 1.0, "util": 0.854700064700989, "br": 0.0}, "Planar_FE_80": {"avail": 1.0, "util": 0.5413624179683889, "br": 0.0}, "TF_BE_2": {"avail": 1.0, "util": 0.44271651723819205, "br": 0.0}, "TF_BE_23": {"avail": 1.0, "util": 0.6916876255709984, "br": 0.0}, "TF_BE_24": {"avail": 1.0, "util": 0.3804418153248914, "br": 0.0}, "TF_BE_26": {"avail": 1.0, "util": 0.6020396216532643, "br": 0.0}, "TF_BE_40": {"avail": 1.0, "util": 0.8444364851957976, "br": 0.0}, "TF_FE_103": {"avail": 1.0, "util": 0.9804741658193918, "br": 0.0}, "TF_FE_104": {"avail": 1.0, "util": 0.7815324891394768, "br": 0.0}, "TF_FE_113": {"avail": 1.0, "util": 0.6550512986412792, "br": 0.0}, "TF_FE_131": {"avail": 1.0, "util": 0.15243244908648365, "br": 0.0}, "TF_FE_3": {"avail": 1.0, "util": 0.8831222848692116, "br": 0.0}, "TF_FE_5": {"avail": 1.0, "util": 0.26929475921989093, "br": 0.0}, "TF_Met_FE_45": {"avail": 1.0, "util": 0.14174138090396524, "br": 0.0}, "TF_Met_FE_61": {"avail": 1.0, "util": 0.9817912930954802, "br": 0.0}, "WE_BE_14": {"avail": 1.0, "util": 0.03649135779646918, "br": 0.0}, "WE_BE_16": {"avail": 1.0, "util": 0.04632796212424644, "br": 0.0}, "WE_BE_17": {"avail": 1.0, "util": 0.04589148719844718, "br": 0.0}, "WE_BE_7": {"avail": 1.0, "util": 0.007579258711526019, "br": 0.0}, "WE_BE_81": {"avail": 1.0, "util": 0.021936716270758234, "br": 0.0}, "WE_BE_82": {"avail": 1.0, "util": 0.07346335151123023, "br": 0.0}, "WE_BE_9": {"avail": 1.0, "util": 0.061333896716094696, "br": 0.0}, "WE_FE_108": {"avail": 1.0, "util": 0.041738740047271336, "br": 0.0}, "WE_FE_41": {"avail": 1.0, "util": 0.04113134300767169, "br": 0.0}, "WE_FE_47": {"avail": 1.0, "util": 0.03939057830360169, "br": 0.0}, "WE_FE_8": {"avail": 1.0, "util": 0.046168777151307884, "br": 0.0}, "WE_FE_83": {"avail": 1.0, "util": 0.04909352593981487, "br": 0.0}, "WE_FE_84": {"avail": 1.0, "util": 0.04888519168951742, "br": 0.0}, "WE_FE_85": {"avail": 1.0, "util": 0.03170348461040762, "br": 0.0}}, "plugins": {"cost": 448600.0}}