{"lots": {}, "machines": {"DE_BE_11": {"avail": 1.0, "util": 0.657950284682683, "br": 0.0}, "DE_BE_12": {"avail": 1.0, "util": 0.9473992809640637, "br": 0.0}, "DE_BE_13": {"avail": 1.0, "util": 0.8346614116646057, "br": 0.0}, "DE_BE_48": {"avail": 1.0, "util": 0.8138267833171318, "br": 0.0}, "DE_BE_50": {"avail": 1.0, "util": 0.7174723675209719, "br": 0.0}, "DE_BE_65": {"avail": 1.0, "util": 0.7593716558974651, "br": 0.0}, "DE_BE_66": {"avail": 1.0, "util": 0.7171299307844671, "br": 0.0}, "DE_BE_67": {"avail": 1.0, "util": 0.8677544785446465, "br": 0.0}, "DE_BE_69": {"avail": 1.0, "util": 0.9295236772670462, "br": 0.0}, "DE_FE_1": {"avail": 1.0, "util": 0.7515755086925757, "br": 0.0}, "DE_FE_51": {"avail": 1.0, "util": 0.5302650460340548, "br": 0.0}, "DE_FE_53": {"avail": 1.0, "util": 0.8237467018469657, "br": 0.0}, "DE_FE_54": {"avail": 1.0, "util": 0.8123038466879601, "br": 0.0}, "DE_FE_56": {"avail": 1.0, "util": 0.8948062769059852, "br": 0.0}, "DE_FE_58": {"avail": 1.0, "util": 0.7336172445185083, "br": 0.0}, "DE_FE_59": {"avail": 1.0, "util": 0.8133746856146522, "br": 0.0}, "DE_FE_62": {"avail": 1.0, "util": 0.7447047698401678, "br": 0.0}, "DE_FE_70": {"avail": 1.0, "util": 0.7613365665025157, "br": 0.0}, "DE_FE_71": {"avail": 1.0, "util": 0.7338283042699096, "br": 0.0}, "DE_FE_72": {"avail": 1.0, "util": 0.7980373096329213, "br": 0.0}, "DE_FE_86": {"avail": 1.0, "util": 0.7293328601480247, "br": 0.0}, "DefMEt_FE_118": {"avail": 1.0, "util": 0.24924778965884367, "br": 0.0}, "DefMet_BE_33": {"avail": 1.0, "util": 0.9377169837522566, "br": 0.0}, "DefMet_BE_42": {"avail": 1.0, "util": 0.9651437300374948, "br": 0.0}, "DefMet_FE_10": {"avail": 1.0, "util": 0.5377725315928343, "br": 0.0}, "DefMet_FE_106": {"avail": 1.0, "util": 0.3010692959311207, "br": 0.0}, "DefMet_FE_34": {"avail": 1.0, "util": 0.6125306670369856, "br": 0.0}, "DefMet_FE_43": {"avail": 1.0, "util": 0.9573747473344753, "br": 0.0}, "Delay_32": {"avail": 1.0, "util": 0.40571159098273385, "br": 0.0}, "Dielectric_BE_20": {"avail": 1.0, "util": 0.8994584085543674, "br": 0.0}, "Dielectric_BE_21": {"avail": 1.0, "util": 0.9615331203999444, "br": 0.0}, "Dielectric_BE_27": {"avail": 1.0, "util": 0.8035643197704023, "br": 0.0}, "Dielectric_BE_28": {"avail": 1.0, "util": 0.7094963662454289, "br": 0.0}, "Dielectric_BE_60": {"avail": 1.0, "util": 0.9423575429338518, "br": 0.0}, "Dielectric_FE_112": {"avail": 1.0, "util": 0.9488820997083739, "br": 0.0}, "Dielectric_FE_130": {"avail": 1.0, "util": 0.9708952460306439, "br": 0.0}, "Dielectric_FE_29": {"avail": 1.0, "util": 0.9053526516378897, "br": 0.0}, "Dielectric_FE_30": {"avail": 1.0, "util": 0.9268388649724575, "br": 0.0}, "Dielectric_FE_31": {"avail": 1.0, "util": 0.961232236263482, "br": 0.0}, "Diffusion_BE_123": {"avail": 1.0, "util": 0.0, "br": 0.0}, "Diffusion_FE_100": {"avail": 1.0, "util": 0.0, "br": 0.0}, "Diffusion_FE_101": {"avail": 1.0, "util": 0.0, "br": 0.0}, "Diffusion_FE_120": {"avail": 1.0, "util": 0.0, "br": 0.0}, "Diffusion_FE_122": {"avail": 1.0, "util": 0.0, "br": 0.0}, "Diffusion_FE_125": {"avail": 1.0, "util": 0.0, "br": 0.0}, "Diffusion_FE_126": {"avail": 1.0, "util": 0.0, "br": 0.0}, "Diffusion_FE_127": {"avail": 1.0, "util": 0.8719416541941191, "br": 0.0}, "Diffusion_FE_44": {"avail": 1.0, "util": 0.0, "br": 0.0}, "Diffusion_FE_94": {"avail": 1.0, "util": 0.0, "br": 0.0}, "EPI_36": {"avail": 1.0, "util": 0.013123177336481044, "br": 0.0}, "EPI_38": {"avail": 1.0, "util": 0.029394065639031616, "br": 0.0}, "Implant_119": {"avail": 1.0, "util": 0.01689580150904967, "br": 0.0}, "Implant_128": {"avail": 1.0, "util": 0.044498449289450535, "br": 0.0}, "Implant_132": {"avail": 1.0, "util": 0.03320719344535481, "br": 0.0}, "Implant_74": {"avail": 1.0, "util": 0.005624218858491876, "br": 0.0}, "Implant_88": {"avail": 1.0, "util": 0.02488080359209369, "br": 0.0}, "Implant_90": {"avail": 1.0, "util": 0.040943387492477896, "br": 0.0}, "Implant_91": {"avail": 1.0, "util": 0.036538135135552166, "br": 0.0}, "LithoMet_BE_18": {"avail": 1.0, "util": 0.9709085988769366, "br": 0.0}, "LithoMet_FE_19": {"avail": 1.0, "util": 0.9683865923971464, "br": 0.0}, "LithoTrack_BE_117": {"avail": 1.0, "util": 0.08234041568300698, "br": 0.0}, "LithoTrack_FE_115": {"avail": 1.0, "util": 0.04110358673858842, "br": 0.0}, "LithoTrack_FE_95": {"avail": 1.0, "util": 0.04653359746898343, "br": 0.0}, "LithoTrack_FE_96": {"avail": 1.0, "util": 0.0024996528259963896, "br": 0.0}, "Litho_BE_110": {"avail": 1.0, "util": 0.05240674244979202, "br": 0.0}, "Litho_BE_93": {"avail": 1.0, "util": 0.0531870573531454, "br": 0.0}, "Litho_BE_99": {"avail": 1.0, "util": 0.14758752642379916, "br": 0.0}, "Litho_FE_111": {"avail": 1.0, "util": 0.08485143056730336, "br": 0.0}, "Litho_FE_35": {"avail": 1.0, "util": 0.0419154747025876, "br": 0.0}, "Litho_FE_92": {"avail": 1.0, "util": 0.07770525698591245, "br": 0.0}, "Litho_FE_98": {"avail": 1.0, "util": 0.08194232282553349, "br": 0.0}, "Litho_REG_BE_63": {"avail": 1.0, "util": 0.9650916539369532, "br": 0.0}, "Litho_REG_FE_64": {"avail": 1.0, "util": 0.9566263944822478, "br": 0.0}, "Planar_BE_75": {"avail": 1.0, "util": 0.6567907235106235, "br": 0.0}, "Planar_FE_76": {"avail": 1.0, "util": 0.25942384545356356, "br": 0.0}, "Planar_FE_77": {"avail": 1.0, "util": 0.9534092487154562, "br": 0.0}, "Planar_FE_78": {"avail": 1.0, "util": 0.6964079063093089, "br": 0.0}, "Planar_FE_79": {"avail": 1.0, "util": 0.827866500023145, "br": 0.0}, "Planar_FE_80": {"avail": 1.0, "util": 0.9699115863537472, "br": 0.0}, "TF_BE_2": {"avail": 1.0, "util": 0.22104568809887515, "br": 0.0}, "TF_BE_23": {"avail": 1.0, "util": 0.3548897935715556, "br": 0.0}, "TF_BE_24": {"avail": 1.0, "util": 0.19477850298569643, "br": 0.0}, "TF_BE_26": {"avail": 1.0, "util": 0.5601783702880773, "br": 0.0}, "TF_BE_40": {"avail": 1.0, "util": 0.4932628955854897, "br": 0.0}, "TF_FE_103": {"avail": 1.0, "util": 0.7459033467573948, "br": 0.0}, "TF_FE_104": {"avail": 1.0, "util": 0.3105216868027589, "br": 0.0}, "TF_FE_113": {"avail": 1.0, "util": 0.32905152062213583, "br": 0.0}, "TF_FE_131": {"avail": 1.0, "util": 0.5363375457112438, "br": 0.0}, "TF_FE_3": {"avail": 1.0, "util": 0.8881405360366615, "br": 0.0}, "TF_FE_5": {"avail": 1.0, "util": 0.31182011757626255, "br": 0.0}, "TF_Met_FE_45": {"avail": 1.0, "util": 0.07133268527519326, "br": 0.0}, "TF_Met_FE_61": {"avail": 1.0, "util": 0.9898856640281443, "br": 0.0}, "WE_BE_14": {"avail": 1.0, "util": 0.04149423691154006, "br": 0.0}, "WE_BE_16": {"avail": 1.0, "util": 0.04542578962798377, "br": 0.0}, "WE_BE_17": {"avail": 1.0, "util": 0.05087256399574133, "br": 0.0}, "WE_BE_7": {"avail": 1.0, "util": 0.015229366291718742, "br": 0.0}, "WE_BE_81": {"avail": 1.0, "util": 0.04482402135505871, "br": 0.0}, "WE_BE_82": {"avail": 1.0, "util": 0.05399250104152201, "br": 0.0}, "WE_BE_9": {"avail": 1.0, "util": 0.04759259626639157, "br": 0.0}, "WE_FE_108": {"avail": 1.0, "util": 0.04259990345256281, "br": 0.0}, "WE_FE_41": {"avail": 1.0, "util": 0.041142433921214645, "br": 0.0}, "WE_FE_47": {"avail": 1.0, "util": 0.037965406039284666, "br": 0.0}, "WE_FE_8": {"avail": 1.0, "util": 0.051728926537980835, "br": 0.0}, "WE_FE_83": {"avail": 1.0, "util": 0.03875784447927206, "br": 0.0}, "WE_FE_84": {"avail": 1.0, "util": 0.03620381942837157, "br": 0.0}, "WE_FE_85": {"avail": 1.0, "util": 0.022288571031801138, "br": 0.0}}, "plugins": {"cost": 447200.0}}