{"lots": {}, "machines": {"DE_BE_11": {"avail": 1.0, "util": 0.5470490209693099, "br": 0.0}, "DE_BE_12": {"avail": 1.0, "util": 0.9431406131864402, "br": 0.0}, "DE_BE_13": {"avail": 1.0, "util": 0.8776162040986372, "br": 0.0}, "DE_BE_48": {"avail": 1.0, "util": 0.8505855668194232, "br": 0.0}, "DE_BE_50": {"avail": 1.0, "util": 0.8972467815684035, "br": 0.0}, "DE_BE_65": {"avail": 1.0, "util": 0.7123438738083763, "br": 0.0}, "DE_BE_66": {"avail": 1.0, "util": 0.7297524466631097, "br": 0.0}, "DE_BE_67": {"avail": 1.0, "util": 0.8606813868444197, "br": 0.0}, "DE_BE_69": {"avail": 1.0, "util": 0.9194093412951905, "br": 0.0}, "DE_FE_1": {"avail": 1.0, "util": 0.7494858518327481, "br": 0.0}, "DE_FE_51": {"avail": 1.0, "util": 0.5588210214468263, "br": 0.0}, "DE_FE_53": {"avail": 1.0, "util": 0.8126371337314262, "br": 0.0}, "DE_FE_54": {"avail": 1.0, "util": 0.8232652872286257, "br": 0.0}, "DE_FE_56": {"avail": 1.0, "util": 0.8061843262509837, "br": 0.0}, "DE_FE_58": {"avail": 1.0, "util": 0.7334475150056319, "br": 0.0}, "DE_FE_59": {"avail": 1.0, "util": 0.8325942384545356, "br": 0.0}, "DE_FE_62": {"avail": 1.0, "util": 0.8991112345507568, "br": 0.0}, "DE_FE_70": {"avail": 1.0, "util": 0.7966806604495815, "br": 0.0}, "DE_FE_71": {"avail": 1.0, "util": 0.7823334722029348, "br": 0.0}, "DE_FE_72": {"avail": 1.0, "util": 0.784700684575702, "br": 0.0}, "DE_FE_86": {"avail": 1.0, "util": 0.7757650257765982, "br": 0.0}, "DefMEt_FE_118": {"avail": 1.0, "util": 0.25174744248484004, "br": 0.0}, "DefMet_BE_33": {"avail": 1.0, "util": 0.9541730315233995, "br": 0.0}, "DefMet_BE_42": {"avail": 1.0, "util": 0.9936119983335647, "br": 0.0}, "DefMet_FE_10": {"avail": 1.0, "util": 0.7479979632458454, "br": 0.0}, "DefMet_FE_106": {"avail": 1.0, "util": 0.3049113549044114, "br": 0.0}, "DefMet_FE_34": {"avail": 1.0, "util": 0.6113965652918576, "br": 0.0}, "DefMet_FE_43": {"avail": 1.0, "util": 0.9702279004459257, "br": 0.0}, "Delay_32": {"avail": 1.0, "util": 0.4150295097903069, "br": 0.0}, "Dielectric_BE_20": {"avail": 1.0, "util": 0.9741887700782299, "br": 0.0}, "Dielectric_BE_21": {"avail": 1.0, "util": 0.9313752719529695, "br": 0.0}, "Dielectric_BE_27": {"avail": 1.0, "util": 0.7837368266753074, "br": 0.0}, "Dielectric_BE_28": {"avail": 1.0, "util": 0.7081308151645604, "br": 0.0}, "Dielectric_BE_60": {"avail": 1.0, "util": 0.9041336851363236, "br": 0.0}, "Dielectric_FE_112": {"avail": 1.0, "util": 0.9256677313336111, "br": 0.0}, "Dielectric_FE_130": {"avail": 1.0, "util": 0.9222214507244364, "br": 0.0}, "Dielectric_FE_29": {"avail": 1.0, "util": 0.9081609035782068, "br": 0.0}, "Dielectric_FE_30": {"avail": 1.0, "util": 0.9221635883905013, "br": 0.0}, "Dielectric_FE_31": {"avail": 1.0, "util": 0.9477850298569643, "br": 0.0}, "Diffusion_BE_123": {"avail": 1.0, "util": 0.0, "br": 0.0}, "Diffusion_FE_100": {"avail": 1.0, "util": 0.0, "br": 0.0}, "Diffusion_FE_101": {"avail": 1.0, "util": 0.0, "br": 0.0}, "Diffusion_FE_120": {"avail": 1.0, "util": 0.0, "br": 0.0}, "Diffusion_FE_122": {"avail": 1.0, "util": 0.0, "br": 0.0}, "Diffusion_FE_125": {"avail": 1.0, "util": 0.0, "br": 0.0}, "Diffusion_FE_126": {"avail": 1.0, "util": 0.0, "br": 0.0}, "Diffusion_FE_127": {"avail": 1.0, "util": 0.8859726272585599, "br": 0.0}, "Diffusion_FE_44": {"avail": 1.0, "util": 0.9716074787592632, "br": 0.0}, "Diffusion_FE_94": {"avail": 1.0, "util": 0.0, "br": 0.0}, "EPI_36": {"avail": 1.0, "util": 0.011827061056334768, "br": 0.0}, "EPI_38": {"avail": 1.0, "util": 0.032217747535064574, "br": 0.0}, "Implant_119": {"avail": 1.0, "util": 0.017034671110493914, "br": 0.0}, "Implant_128": {"avail": 1.0, "util": 0.04065639031615979, "br": 0.0}, "Implant_132": {"avail": 1.0, "util": 0.04148729343146785, "br": 0.0}, "Implant_74": {"avail": 1.0, "util": 0.005624218858491876, "br": 0.0}, "Implant_88": {"avail": 1.0, "util": 0.024996528259963895, "br": 0.0}, "Implant_90": {"avail": 1.0, "util": 0.0389529232051104, "br": 0.0}, "Implant_91": {"avail": 1.0, "util": 0.0365072752241201, "br": 0.0}, "LithoMet_BE_18": {"avail": 1.0, "util": 0.9782722485124928, "br": 0.0}, "LithoMet_FE_19": {"avail": 1.0, "util": 0.9676459545227771, "br": 0.0}, "LithoTrack_BE_117": {"avail": 1.0, "util": 0.09161690505948249, "br": 0.0}, "LithoTrack_FE_115": {"avail": 1.0, "util": 0.04159462238813963, "br": 0.0}, "LithoTrack_FE_95": {"avail": 1.0, "util": 0.04794213199791791, "br": 0.0}, "LithoTrack_FE_96": {"avail": 1.0, "util": 0.01261398879785215, "br": 0.0}, "Litho_BE_110": {"avail": 1.0, "util": 0.0523356544395289, "br": 0.0}, "Litho_BE_93": {"avail": 1.0, "util": 0.04807974201114043, "br": 0.0}, "Litho_BE_99": {"avail": 1.0, "util": 0.1559351324661698, "br": 0.0}, "Litho_FE_111": {"avail": 1.0, "util": 0.0854868641981543, "br": 0.0}, "Litho_FE_35": {"avail": 1.0, "util": 0.05334907188816368, "br": 0.0}, "Litho_FE_92": {"avail": 1.0, "util": 0.07857915356873835, "br": 0.0}, "Litho_FE_98": {"avail": 1.0, "util": 0.09314447067536917, "br": 0.0}, "Litho_REG_BE_63": {"avail": 1.0, "util": 0.9742570476322733, "br": 0.0}, "Litho_REG_FE_64": {"avail": 1.0, "util": 0.9724542226278097, "br": 0.0}, "Planar_BE_75": {"avail": 1.0, "util": 0.7618872378836272, "br": 0.0}, "Planar_FE_76": {"avail": 1.0, "util": 0.7244981406903362, "br": 0.0}, "Planar_FE_77": {"avail": 1.0, "util": 0.9575753367587835, "br": 0.0}, "Planar_FE_78": {"avail": 1.0, "util": 0.7785029856964311, "br": 0.0}, "Planar_FE_79": {"avail": 1.0, "util": 0.883451372494561, "br": 0.0}, "Planar_FE_80": {"avail": 1.0, "util": 0.9640790630930889, "br": 0.0}, "TF_BE_2": {"avail": 1.0, "util": 0.17724390131000323, "br": 0.0}, "TF_BE_23": {"avail": 1.0, "util": 0.823869491810348, "br": 0.0}, "TF_BE_24": {"avail": 1.0, "util": 0.1924269777345739, "br": 0.0}, "TF_BE_26": {"avail": 1.0, "util": 0.6111404280269715, "br": 0.0}, "TF_BE_40": {"avail": 1.0, "util": 0.7026898270301964, "br": 0.0}, "TF_FE_103": {"avail": 1.0, "util": 0.7484261445169652, "br": 0.0}, "TF_FE_104": {"avail": 1.0, "util": 0.6982456140350878, "br": 0.0}, "TF_FE_113": {"avail": 1.0, "util": 0.32912095542285796, "br": 0.0}, "TF_FE_131": {"avail": 1.0, "util": 0.5334212840809147, "br": 0.0}, "TF_FE_3": {"avail": 1.0, "util": 0.8912651020691571, "br": 0.0}, "TF_FE_5": {"avail": 1.0, "util": 0.5343123640235152, "br": 0.0}, "TF_Met_FE_45": {"avail": 1.0, "util": 0.0703837429986576, "br": 0.0}, "TF_Met_FE_61": {"avail": 1.0, "util": 0.9928945053927696, "br": 0.0}, "WE_BE_14": {"avail": 1.0, "util": 0.04366986066749989, "br": 0.0}, "WE_BE_16": {"avail": 1.0, "util": 0.04562637905229212, "br": 0.0}, "WE_BE_17": {"avail": 1.0, "util": 0.05068740452714901, "br": 0.0}, "WE_BE_7": {"avail": 1.0, "util": 0.014997916955978336, "br": 0.0}, "WE_BE_81": {"avail": 1.0, "util": 0.053063617707417174, "br": 0.0}, "WE_BE_82": {"avail": 1.0, "util": 0.056987455446002866, "br": 0.0}, "WE_BE_9": {"avail": 1.0, "util": 0.046250190119097215, "br": 0.0}, "WE_FE_108": {"avail": 1.0, "util": 0.04366457039696868, "br": 0.0}, "WE_FE_41": {"avail": 1.0, "util": 0.039040873952691756, "br": 0.0}, "WE_FE_47": {"avail": 1.0, "util": 0.034917989785369315, "br": 0.0}, "WE_FE_8": {"avail": 1.0, "util": 0.04996991158635375, "br": 0.0}, "WE_FE_83": {"avail": 1.0, "util": 0.03917445328360479, "br": 0.0}, "WE_FE_84": {"avail": 1.0, "util": 0.03898378311654245, "br": 0.0}, "WE_FE_85": {"avail": 1.0, "util": 0.023283803175484886, "br": 0.0}}, "plugins": {"cost": 447400.0}}