{"lots": {}, "machines": {"DE_BE_11": {"avail": 1.0, "util": 0.6388426011643934, "br": 0.0}, "DE_BE_12": {"avail": 1.0, "util": 0.941756817520565, "br": 0.0}, "DE_BE_13": {"avail": 1.0, "util": 0.5972540697591614, "br": 0.0}, "DE_BE_48": {"avail": 1.0, "util": 0.7916042483715137, "br": 0.0}, "DE_BE_50": {"avail": 1.0, "util": 0.8208942788372523, "br": 0.0}, "DE_BE_65": {"avail": 1.0, "util": 0.6311625793203279, "br": 0.0}, "DE_BE_66": {"avail": 1.0, "util": 0.7166810067852358, "br": 0.0}, "DE_BE_67": {"avail": 1.0, "util": 0.7102051808587636, "br": 0.0}, "DE_BE_69": {"avail": 1.0, "util": 0.24813306177868297, "br": 0.0}, "DE_FE_1": {"avail": 1.0, "util": 0.7547120903536382, "br": 0.0}, "DE_FE_51": {"avail": 1.0, "util": 0.31918626180336973, "br": 0.0}, "DE_FE_53": {"avail": 1.0, "util": 0.17833734493612294, "br": 0.0}, "DE_FE_54": {"avail": 1.0, "util": 0.5444362155156452, "br": 0.0}, "DE_FE_56": {"avail": 1.0, "util": 0.7915663765969265, "br": 0.0}, "DE_FE_58": {"avail": 1.0, "util": 0.9834752823551194, "br": 0.0}, "DE_FE_59": {"avail": 1.0, "util": 0.7874930568413256, "br": 0.0}, "DE_FE_62": {"avail": 1.0, "util": 0.8675299781086292, "br": 0.0}, "DE_FE_70": {"avail": 1.0, "util": 0.6606857315985255, "br": 0.0}, "DE_FE_71": {"avail": 1.0, "util": 0.7995895821761402, "br": 0.0}, "DE_FE_72": {"avail": 1.0, "util": 0.3834895894699634, "br": 0.0}, "DE_FE_86": {"avail": 1.0, "util": 0.7626051672791291, "br": 0.0}, "DefMEt_FE_118": {"avail": 1.0, "util": 0.41677467135715607, "br": 0.0}, "DefMet_BE_33": {"avail": 1.0, "util": 0.8129513053138308, "br": 0.0}, "DefMet_BE_42": {"avail": 1.0, "util": 0.9914830586928347, "br": 0.0}, "DefMet_FE_10": {"avail": 1.0, "util": 0.3834012219959267, "br": 0.0}, "DefMet_FE_106": {"avail": 1.0, "util": 0.17274578781707092, "br": 0.0}, "DefMet_FE_34": {"avail": 1.0, "util": 0.496806147009813, "br": 0.0}, "DefMet_FE_43": {"avail": 1.0, "util": 0.8402518052212553, "br": 0.0}, "Delay_32": {"avail": 1.0, "util": 0.20441538603962228, "br": 0.0}, "Dielectric_BE_20": {"avail": 1.0, "util": 0.7343825217552306, "br": 0.0}, "Dielectric_BE_21": {"avail": 1.0, "util": 0.854671974325742, "br": 0.0}, "Dielectric_BE_27": {"avail": 1.0, "util": 0.8453604270814047, "br": 0.0}, "Dielectric_BE_28": {"avail": 1.0, "util": 0.9381904585570574, "br": 0.0}, "Dielectric_BE_60": {"avail": 1.0, "util": 0.9053724618897736, "br": 0.0}, "Dielectric_FE_112": {"avail": 1.0, "util": 0.5948384044107058, "br": 0.0}, "Dielectric_FE_130": {"avail": 1.0, "util": 0.5859563043880763, "br": 0.0}, "Dielectric_FE_29": {"avail": 1.0, "util": 0.6054434364006666, "br": 0.0}, "Dielectric_FE_30": {"avail": 1.0, "util": 0.9215885947046843, "br": 0.0}, "Dielectric_FE_31": {"avail": 1.0, "util": 0.3893029068690983, "br": 0.0}, "Diffusion_BE_123": {"avail": 1.0, "util": 0.0, "br": 0.0}, "Diffusion_FE_100": {"avail": 1.0, "util": 0.0, "br": 0.0}, "Diffusion_FE_101": {"avail": 1.0, "util": 0.0, "br": 0.0}, "Diffusion_FE_120": {"avail": 1.0, "util": 0.0, "br": 0.0}, "Diffusion_FE_122": {"avail": 1.0, "util": 0.0, "br": 0.0}, "Diffusion_FE_125": {"avail": 1.0, "util": 0.0, "br": 0.0}, "Diffusion_FE_126": {"avail": 1.0, "util": 0.0, "br": 0.0}, "Diffusion_FE_127": {"avail": 1.0, "util": 0.0, "br": 0.0}, "Diffusion_FE_44": {"avail": 1.0, "util": 0.0, "br": 0.0}, "Diffusion_FE_94": {"avail": 1.0, "util": 0.0, "br": 0.0}, "EPI_36": {"avail": 1.0, "util": 0.012034808368820588, "br": 0.0}, "EPI_38": {"avail": 1.0, "util": 0.4064987965191631, "br": 0.0}, "Implant_119": {"avail": 1.0, "util": 0.024763932605073133, "br": 0.0}, "Implant_128": {"avail": 1.0, "util": 0.044234232717846864, "br": 0.0}, "Implant_132": {"avail": 1.0, "util": 0.030153146242759277, "br": 0.0}, "Implant_74": {"avail": 1.0, "util": 0.02254212182929087, "br": 0.0}, "Implant_88": {"avail": 1.0, "util": 0.0, "br": 0.0}, "Implant_90": {"avail": 1.0, "util": 0.04077948528050361, "br": 0.0}, "Implant_91": {"avail": 1.0, "util": 0.05092972200915174, "br": 0.0}, "LithoMet_BE_18": {"avail": 1.0, "util": 0.9511706586322398, "br": 0.0}, "LithoMet_FE_19": {"avail": 1.0, "util": 0.9206430026185627, "br": 0.0}, "LithoTrack_BE_117": {"avail": 1.0, "util": 0.07643029068690983, "br": 0.0}, "LithoTrack_FE_115": {"avail": 1.0, "util": 0.058719929913611295, "br": 0.0}, "LithoTrack_FE_95": {"avail": 1.0, "util": 0.09353591927420848, "br": 0.0}, "LithoTrack_FE_96": {"avail": 1.0, "util": 0.020320311053508608, "br": 0.0}, "Litho_BE_110": {"avail": 1.0, "util": 0.08378883137583218, "br": 0.0}, "Litho_BE_93": {"avail": 1.0, "util": 0.09509812997593038, "br": 0.0}, "Litho_BE_99": {"avail": 1.0, "util": 0.14318336110596805, "br": 0.0}, "Litho_FE_111": {"avail": 1.0, "util": 0.12261155341603407, "br": 0.0}, "Litho_FE_35": {"avail": 1.0, "util": 0.06730235141640437, "br": 0.0}, "Litho_FE_92": {"avail": 1.0, "util": 0.09437710965205874, "br": 0.0}, "Litho_FE_98": {"avail": 1.0, "util": 0.042816145158304016, "br": 0.0}, "Litho_REG_BE_63": {"avail": 1.0, "util": 0.9398722458803925, "br": 0.0}, "Litho_REG_FE_64": {"avail": 1.0, "util": 0.9347497377028945, "br": 0.0}, "Planar_BE_75": {"avail": 1.0, "util": 0.8053072182400084, "br": 0.0}, "Planar_FE_76": {"avail": 1.0, "util": 0.9229309387150527, "br": 0.0}, "Planar_FE_77": {"avail": 1.0, "util": 0.9565358266987595, "br": 0.0}, "Planar_FE_78": {"avail": 1.0, "util": 0.2817070912793927, "br": 0.0}, "Planar_FE_79": {"avail": 1.0, "util": 0.2111183114238104, "br": 0.0}, "Planar_FE_80": {"avail": 1.0, "util": 0.4281151638585447, "br": 0.0}, "TF_BE_2": {"avail": 1.0, "util": 0.7104008516941307, "br": 0.0}, "TF_BE_23": {"avail": 1.0, "util": 0.5822665114925807, "br": 0.0}, "TF_BE_24": {"avail": 1.0, "util": 0.957785595260137, "br": 0.0}, "TF_BE_26": {"avail": 1.0, "util": 0.7064005241194651, "br": 0.0}, "TF_BE_40": {"avail": 1.0, "util": 0.8195541130727424, "br": 0.0}, "TF_FE_103": {"avail": 1.0, "util": 0.9094479858227312, "br": 0.0}, "TF_FE_104": {"avail": 1.0, "util": 0.6870024069616738, "br": 0.0}, "TF_FE_113": {"avail": 1.0, "util": 0.148336727766463, "br": 0.0}, "TF_FE_131": {"avail": 1.0, "util": 0.9573998642226749, "br": 0.0}, "TF_FE_3": {"avail": 1.0, "util": 0.5991174473862865, "br": 0.0}, "TF_FE_5": {"avail": 1.0, "util": 0.47981855211997776, "br": 0.0}, "TF_Met_FE_45": {"avail": 1.0, "util": 0.11743195704499167, "br": 0.0}, "TF_Met_FE_61": {"avail": 1.0, "util": 0.9810220329568599, "br": 0.0}, "WE_BE_14": {"avail": 1.0, "util": 0.04343640066654323, "br": 0.0}, "WE_BE_16": {"avail": 1.0, "util": 0.03698389187187558, "br": 0.0}, "WE_BE_17": {"avail": 1.0, "util": 0.04175152749490835, "br": 0.0}, "WE_BE_7": {"avail": 1.0, "util": 0.02277356045176819, "br": 0.0}, "WE_BE_81": {"avail": 1.0, "util": 0.03764734925631056, "br": 0.0}, "WE_BE_82": {"avail": 1.0, "util": 0.04555740706453537, "br": 0.0}, "WE_BE_9": {"avail": 1.0, "util": 0.055045361970005556, "br": 0.0}, "WE_FE_108": {"avail": 1.0, "util": 0.03531912991846976, "br": 0.0}, "WE_FE_41": {"avail": 1.0, "util": 0.0347898537307906, "br": 0.0}, "WE_FE_47": {"avail": 1.0, "util": 0.037807813367894835, "br": 0.0}, "WE_FE_8": {"avail": 1.0, "util": 0.02605998889094612, "br": 0.0}, "WE_FE_83": {"avail": 1.0, "util": 0.044960809726593845, "br": 0.0}, "WE_FE_84": {"avail": 1.0, "util": 0.041348552011065486, "br": 0.0}, "WE_FE_85": {"avail": 1.0, "util": 0.03420662840214775, "br": 0.0}}, "plugins": {"cost": 429200}}