{"lots": {}, "machines": {"DE_BE_11": {"avail": 1.0, "util": 0.6343680606957809, "br": 0.0}, "DE_BE_12": {"avail": 1.0, "util": 0.9404813307015379, "br": 0.0}, "DE_BE_13": {"avail": 1.0, "util": 0.8566978604913469, "br": 0.0}, "DE_BE_48": {"avail": 1.0, "util": 0.8229367135455218, "br": 0.0}, "DE_BE_50": {"avail": 1.0, "util": 0.9128783205855745, "br": 0.0}, "DE_BE_65": {"avail": 1.0, "util": 0.8088561849610311, "br": 0.0}, "DE_BE_66": {"avail": 1.0, "util": 0.6424456542911684, "br": 0.0}, "DE_BE_67": {"avail": 1.0, "util": 0.8543578830495928, "br": 0.0}, "DE_BE_69": {"avail": 1.0, "util": 0.9181162102146558, "br": 0.0}, "DE_FE_1": {"avail": 1.0, "util": 0.6394403616368827, "br": 0.0}, "DE_FE_51": {"avail": 1.0, "util": 0.45320474112743, "br": 0.0}, "DE_FE_53": {"avail": 1.0, "util": 0.8214655810510733, "br": 0.0}, "DE_FE_54": {"avail": 1.0, "util": 0.812860843819393, "br": 0.0}, "DE_FE_56": {"avail": 1.0, "util": 0.7957068837897854, "br": 0.0}, "DE_FE_58": {"avail": 1.0, "util": 0.6567203306192944, "br": 0.0}, "DE_FE_59": {"avail": 1.0, "util": 0.822508018751542, "br": 0.0}, "DE_FE_62": {"avail": 1.0, "util": 0.7953995717457967, "br": 0.0}, "DE_FE_70": {"avail": 1.0, "util": 0.7584766269999431, "br": 0.0}, "DE_FE_71": {"avail": 1.0, "util": 0.8121728613725283, "br": 0.0}, "DE_FE_72": {"avail": 1.0, "util": 0.8685901389916935, "br": 0.0}, "DE_FE_86": {"avail": 1.0, "util": 0.7552615346656798, "br": 0.0}, "DefMEt_FE_118": {"avail": 1.0, "util": 0.25231310140636565, "br": 0.0}, "DefMet_BE_33": {"avail": 1.0, "util": 0.9382864544781643, "br": 0.0}, "DefMet_BE_42": {"avail": 1.0, "util": 0.9721039970392302, "br": 0.0}, "DefMet_FE_10": {"avail": 1.0, "util": 0.6431809770540341, "br": 0.0}, "DefMet_FE_106": {"avail": 1.0, "util": 0.30232235381199113, "br": 0.0}, "DefMet_FE_34": {"avail": 1.0, "util": 0.6454246854182087, "br": 0.0}, "DefMet_FE_43": {"avail": 1.0, "util": 0.9606464347396989, "br": 0.0}, "Delay_32": {"avail": 1.0, "util": 0.3975107559215396, "br": 0.0}, "Dielectric_BE_20": {"avail": 1.0, "util": 0.9577072538860103, "br": 0.0}, "Dielectric_BE_21": {"avail": 1.0, "util": 0.9552646188008882, "br": 0.0}, "Dielectric_BE_27": {"avail": 1.0, "util": 0.7304373303725635, "br": 0.0}, "Dielectric_BE_28": {"avail": 1.0, "util": 0.7094282013323464, "br": 0.0}, "Dielectric_BE_60": {"avail": 1.0, "util": 0.9247201147298297, "br": 0.0}, "Dielectric_FE_112": {"avail": 1.0, "util": 0.9345068467801628, "br": 0.0}, "Dielectric_FE_130": {"avail": 1.0, "util": 0.9307457438934122, "br": 0.0}, "Dielectric_FE_29": {"avail": 1.0, "util": 0.9058876141130028, "br": 0.0}, "Dielectric_FE_30": {"avail": 1.0, "util": 0.9263045891931903, "br": 0.0}, "Dielectric_FE_31": {"avail": 1.0, "util": 0.8873750925240562, "br": 0.0}, "Diffusion_BE_123": {"avail": 1.0, "util": 0.0, "br": 0.0}, "Diffusion_FE_100": {"avail": 1.0, "util": 0.0, "br": 0.0}, "Diffusion_FE_101": {"avail": 1.0, "util": 0.0, "br": 0.0}, "Diffusion_FE_120": {"avail": 1.0, "util": 0.0, "br": 0.0}, "Diffusion_FE_122": {"avail": 1.0, "util": 0.0, "br": 0.0}, "Diffusion_FE_125": {"avail": 1.0, "util": 0.0, "br": 0.0}, "Diffusion_FE_126": {"avail": 1.0, "util": 0.0, "br": 0.0}, "Diffusion_FE_127": {"avail": 1.0, "util": 0.20037626449543547, "br": 0.0}, "Diffusion_FE_44": {"avail": 1.0, "util": 0.3516965547405962, "br": 0.0}, "Diffusion_FE_94": {"avail": 1.0, "util": 0.0, "br": 0.0}, "EPI_36": {"avail": 1.0, "util": 0.01186621021465581, "br": 0.0}, "EPI_38": {"avail": 1.0, "util": 0.02937638786084382, "br": 0.0}, "Implant_119": {"avail": 1.0, "util": 0.01535899333826795, "br": 0.0}, "Implant_128": {"avail": 1.0, "util": 0.043796262028127315, "br": 0.0}, "Implant_132": {"avail": 1.0, "util": 0.0330079570688379, "br": 0.0}, "Implant_74": {"avail": 1.0, "util": 0.005667098445595855, "br": 0.0}, "Implant_88": {"avail": 1.0, "util": 0.026184307920059217, "br": 0.0}, "Implant_90": {"avail": 1.0, "util": 0.0425379348630644, "br": 0.0}, "Implant_91": {"avail": 1.0, "util": 0.037071305206020234, "br": 0.0}, "LithoMet_BE_18": {"avail": 1.0, "util": 0.960734213972556, "br": 0.0}, "LithoMet_FE_19": {"avail": 1.0, "util": 0.9698474381116868, "br": 0.0}, "LithoTrack_BE_117": {"avail": 1.0, "util": 0.07677646188008883, "br": 0.0}, "LithoTrack_FE_115": {"avail": 1.0, "util": 0.04229528599004369, "br": 0.0}, "LithoTrack_FE_95": {"avail": 1.0, "util": 0.04680678711158779, "br": 0.0}, "LithoTrack_FE_96": {"avail": 1.0, "util": 0.010200777202072539, "br": 0.0}, "Litho_BE_110": {"avail": 1.0, "util": 0.054898157449508295, "br": 0.0}, "Litho_BE_93": {"avail": 1.0, "util": 0.04525968418455465, "br": 0.0}, "Litho_BE_99": {"avail": 1.0, "util": 0.13883234641006661, "br": 0.0}, "Litho_FE_111": {"avail": 1.0, "util": 0.08528825449162236, "br": 0.0}, "Litho_FE_35": {"avail": 1.0, "util": 0.05292376017764619, "br": 0.0}, "Litho_FE_92": {"avail": 1.0, "util": 0.07934498575690285, "br": 0.0}, "Litho_FE_98": {"avail": 1.0, "util": 0.08578830495928942, "br": 0.0}, "Litho_REG_BE_63": {"avail": 1.0, "util": 0.9649912102146558, "br": 0.0}, "Litho_REG_FE_64": {"avail": 1.0, "util": 0.9594810722216348, "br": 0.0}, "Planar_BE_75": {"avail": 1.0, "util": 0.6196659881569209, "br": 0.0}, "Planar_FE_76": {"avail": 1.0, "util": 0.7750431778929188, "br": 0.0}, "Planar_FE_77": {"avail": 1.0, "util": 0.9631522945965951, "br": 0.0}, "Planar_FE_78": {"avail": 1.0, "util": 0.631731125092524, "br": 0.0}, "Planar_FE_79": {"avail": 1.0, "util": 0.894938934122872, "br": 0.0}, "Planar_FE_80": {"avail": 1.0, "util": 0.907059585492228, "br": 0.0}, "TF_BE_2": {"avail": 1.0, "util": 0.4430861398963731, "br": 0.0}, "TF_BE_23": {"avail": 1.0, "util": 0.5617378939576921, "br": 0.0}, "TF_BE_24": {"avail": 1.0, "util": 0.19187638786084385, "br": 0.0}, "TF_BE_26": {"avail": 1.0, "util": 0.5998272884283247, "br": 0.0}, "TF_BE_40": {"avail": 1.0, "util": 0.5777664692820134, "br": 0.0}, "TF_FE_103": {"avail": 1.0, "util": 0.7372085492227979, "br": 0.0}, "TF_FE_104": {"avail": 1.0, "util": 0.6937361213915618, "br": 0.0}, "TF_FE_113": {"avail": 1.0, "util": 0.4392579570688379, "br": 0.0}, "TF_FE_131": {"avail": 1.0, "util": 0.5331313224771773, "br": 0.0}, "TF_FE_3": {"avail": 1.0, "util": 0.8846687638786085, "br": 0.0}, "TF_FE_5": {"avail": 1.0, "util": 0.31232651739452255, "br": 0.0}, "TF_Met_FE_45": {"avail": 1.0, "util": 0.0711278682457439, "br": 0.0}, "TF_Met_FE_61": {"avail": 1.0, "util": 0.9948880458919319, "br": 0.0}, "WE_BE_14": {"avail": 1.0, "util": 0.0423760177646188, "br": 0.0}, "WE_BE_16": {"avail": 1.0, "util": 0.04469425939633193, "br": 0.0}, "WE_BE_17": {"avail": 1.0, "util": 0.050726313841598814, "br": 0.0}, "WE_BE_7": {"avail": 1.0, "util": 0.015127683197631385, "br": 0.0}, "WE_BE_81": {"avail": 1.0, "util": 0.04117320503330866, "br": 0.0}, "WE_BE_82": {"avail": 1.0, "util": 0.05438101406365655, "br": 0.0}, "WE_BE_9": {"avail": 1.0, "util": 0.04791424341757429, "br": 0.0}, "WE_FE_108": {"avail": 1.0, "util": 0.041553875436184835, "br": 0.0}, "WE_FE_41": {"avail": 1.0, "util": 0.04181162102146558, "br": 0.0}, "WE_FE_47": {"avail": 1.0, "util": 0.03522082408092771, "br": 0.0}, "WE_FE_8": {"avail": 1.0, "util": 0.050379348630643965, "br": 0.0}, "WE_FE_83": {"avail": 1.0, "util": 0.04042640372211061, "br": 0.0}, "WE_FE_84": {"avail": 1.0, "util": 0.038276688050004115, "br": 0.0}, "WE_FE_85": {"avail": 1.0, "util": 0.026138045891931902, "br": 0.0}}, "plugins": {"cost": 446600.0}}