{"lots": {}, "machines": {"DE_BE_11": {"avail": 1.0, "util": 0.7600791611693632, "br": 0.0}, "DE_BE_12": {"avail": 1.0, "util": 0.7125739724864786, "br": 0.0}, "DE_BE_13": {"avail": 1.0, "util": 0.8191924502597373, "br": 0.0}, "DE_BE_48": {"avail": 1.0, "util": 0.9177765432956044, "br": 0.0}, "DE_BE_50": {"avail": 1.0, "util": 0.9078767678170497, "br": 0.0}, "DE_BE_65": {"avail": 1.0, "util": 0.7346385259193602, "br": 0.0}, "DE_BE_66": {"avail": 1.0, "util": 0.7215763525193791, "br": 0.0}, "DE_BE_67": {"avail": 1.0, "util": 0.8226581487396709, "br": 0.0}, "DE_BE_69": {"avail": 1.0, "util": 0.822199847232831, "br": 0.0}, "DE_FE_1": {"avail": 1.0, "util": 0.5623518208060948, "br": 0.0}, "DE_FE_51": {"avail": 1.0, "util": 0.5867684627164049, "br": 0.0}, "DE_FE_53": {"avail": 1.0, "util": 0.6808971599194501, "br": 0.0}, "DE_FE_54": {"avail": 1.0, "util": 0.8198180681897091, "br": 0.0}, "DE_FE_56": {"avail": 1.0, "util": 0.7497743212276925, "br": 0.0}, "DE_FE_58": {"avail": 1.0, "util": 0.49320649029002617, "br": 0.0}, "DE_FE_59": {"avail": 1.0, "util": 0.7027706409277134, "br": 0.0}, "DE_FE_62": {"avail": 1.0, "util": 0.9230112988185344, "br": 0.0}, "DE_FE_70": {"avail": 1.0, "util": 0.9114057250297789, "br": 0.0}, "DE_FE_71": {"avail": 1.0, "util": 0.6998769926691598, "br": 0.0}, "DE_FE_72": {"avail": 1.0, "util": 0.9311853343517811, "br": 0.0}, "DE_FE_86": {"avail": 1.0, "util": 0.6562476371239652, "br": 0.0}, "DefMEt_FE_118": {"avail": 1.0, "util": 0.3756336365530171, "br": 0.0}, "DefMet_BE_33": {"avail": 1.0, "util": 0.9334421220748559, "br": 0.0}, "DefMet_BE_42": {"avail": 1.0, "util": 0.9252829664606624, "br": 0.0}, "DefMet_FE_10": {"avail": 1.0, "util": 0.6633914311506145, "br": 0.0}, "DefMet_FE_106": {"avail": 1.0, "util": 0.3880286091243664, "br": 0.0}, "DefMet_FE_34": {"avail": 1.0, "util": 0.6439483369210471, "br": 0.0}, "DefMet_FE_43": {"avail": 1.0, "util": 0.9536374788787816, "br": 0.0}, "Delay_32": {"avail": 1.0, "util": 0.4101486007916117, "br": 0.0}, "Dielectric_BE_20": {"avail": 1.0, "util": 0.9532393583778904, "br": 0.0}, "Dielectric_BE_21": {"avail": 1.0, "util": 0.9501249913200472, "br": 0.0}, "Dielectric_BE_27": {"avail": 1.0, "util": 0.8212670416406269, "br": 0.0}, "Dielectric_BE_28": {"avail": 1.0, "util": 0.870113186584265, "br": 0.0}, "Dielectric_BE_60": {"avail": 1.0, "util": 0.9198145962085966, "br": 0.0}, "Dielectric_FE_112": {"avail": 1.0, "util": 0.8881605444066384, "br": 0.0}, "Dielectric_FE_130": {"avail": 1.0, "util": 0.8767273106034303, "br": 0.0}, "Dielectric_FE_29": {"avail": 1.0, "util": 0.973844408953082, "br": 0.0}, "Dielectric_FE_30": {"avail": 1.0, "util": 0.9744114992014443, "br": 0.0}, "Dielectric_FE_31": {"avail": 1.0, "util": 0.9239115339212555, "br": 0.0}, "Diffusion_BE_123": {"avail": 1.0, "util": 0.0, "br": 0.0}, "Diffusion_FE_100": {"avail": 1.0, "util": 0.0, "br": 0.0}, "Diffusion_FE_101": {"avail": 1.0, "util": 0.0, "br": 0.0}, "Diffusion_FE_120": {"avail": 1.0, "util": 0.0, "br": 0.0}, "Diffusion_FE_122": {"avail": 1.0, "util": 0.0, "br": 0.0}, "Diffusion_FE_125": {"avail": 1.0, "util": 0.0, "br": 0.0}, "Diffusion_FE_126": {"avail": 1.0, "util": 0.0, "br": 0.0}, "Diffusion_FE_127": {"avail": 1.0, "util": 0.0, "br": 0.0}, "Diffusion_FE_44": {"avail": 1.0, "util": 0.0, "br": 0.0}, "Diffusion_FE_94": {"avail": 1.0, "util": 0.0, "br": 0.0}, "EPI_36": {"avail": 1.0, "util": 0.008992431081174918, "br": 0.0}, "EPI_38": {"avail": 1.0, "util": 0.017845982917852925, "br": 0.0}, "Implant_119": {"avail": 1.0, "util": 0.02083188667453649, "br": 0.0}, "Implant_128": {"avail": 1.0, "util": 0.05135060065273245, "br": 0.0}, "Implant_132": {"avail": 1.0, "util": 0.047114783695576694, "br": 0.0}, "Implant_74": {"avail": 1.0, "util": 0.008506353725435734, "br": 0.0}, "Implant_88": {"avail": 1.0, "util": 0.012533851815846122, "br": 0.0}, "Implant_90": {"avail": 1.0, "util": 0.040066662037358515, "br": 0.0}, "Implant_91": {"avail": 1.0, "util": 0.046756012313959684, "br": 0.0}, "LithoMet_BE_18": {"avail": 1.0, "util": 0.9733565510942082, "br": 0.0}, "LithoMet_FE_19": {"avail": 1.0, "util": 0.9754260892376301, "br": 0.0}, "LithoTrack_BE_117": {"avail": 1.0, "util": 0.11628359141726269, "br": 0.0}, "LithoTrack_FE_115": {"avail": 1.0, "util": 0.05258213277672711, "br": 0.0}, "LithoTrack_FE_95": {"avail": 1.0, "util": 0.06249566002360947, "br": 0.0}, "LithoTrack_FE_96": {"avail": 1.0, "util": 0.0037497396014165682, "br": 0.0}, "Litho_BE_110": {"avail": 1.0, "util": 0.07090281428869027, "br": 0.0}, "Litho_BE_93": {"avail": 1.0, "util": 0.060921695252644494, "br": 0.0}, "Litho_BE_99": {"avail": 1.0, "util": 0.2084808925306113, "br": 0.0}, "Litho_FE_111": {"avail": 1.0, "util": 0.10812380453377606, "br": 0.0}, "Litho_FE_35": {"avail": 1.0, "util": 0.06673147698076523, "br": 0.0}, "Litho_FE_92": {"avail": 1.0, "util": 0.10529782233136167, "br": 0.0}, "Litho_FE_98": {"avail": 1.0, "util": 0.11232553294910075, "br": 0.0}, "Litho_REG_BE_63": {"avail": 1.0, "util": 0.9609488924380252, "br": 0.0}, "Litho_REG_FE_64": {"avail": 1.0, "util": 0.9801204281448709, "br": 0.0}, "Planar_BE_75": {"avail": 1.0, "util": 0.8144920491632526, "br": 0.0}, "Planar_FE_76": {"avail": 1.0, "util": 0.9290095595213295, "br": 0.0}, "Planar_FE_77": {"avail": 1.0, "util": 0.9013610165960697, "br": 0.0}, "Planar_FE_78": {"avail": 1.0, "util": 0.7389417401569336, "br": 0.0}, "Planar_FE_79": {"avail": 1.0, "util": 0.9045344073328242, "br": 0.0}, "Planar_FE_80": {"avail": 1.0, "util": 0.6470731199222276, "br": 0.0}, "TF_BE_2": {"avail": 1.0, "util": 0.26798486216234985, "br": 0.0}, "TF_BE_23": {"avail": 1.0, "util": 0.7825114484008786, "br": 0.0}, "TF_BE_24": {"avail": 1.0, "util": 0.29106312061662387, "br": 0.0}, "TF_BE_26": {"avail": 1.0, "util": 0.6763048862347523, "br": 0.0}, "TF_BE_40": {"avail": 1.0, "util": 0.7349576418304284, "br": 0.0}, "TF_FE_103": {"avail": 1.0, "util": 0.7484202485938477, "br": 0.0}, "TF_FE_104": {"avail": 1.0, "util": 0.8658565377404347, "br": 0.0}, "TF_FE_113": {"avail": 1.0, "util": 0.4898965349628498, "br": 0.0}, "TF_FE_131": {"avail": 1.0, "util": 0.34480244427470313, "br": 0.0}, "TF_FE_3": {"avail": 1.0, "util": 0.6771057565446844, "br": 0.0}, "TF_FE_5": {"avail": 1.0, "util": 0.6683737240469412, "br": 0.0}, "TF_Met_FE_45": {"avail": 1.0, "util": 0.10506214846191236, "br": 0.0}, "TF_Met_FE_61": {"avail": 1.0, "util": 0.960176376640511, "br": 0.0}, "WE_BE_14": {"avail": 1.0, "util": 0.04303867786959239, "br": 0.0}, "WE_BE_16": {"avail": 1.0, "util": 0.045567823222152776, "br": 0.0}, "WE_BE_17": {"avail": 1.0, "util": 0.03683771960280536, "br": 0.0}, "WE_BE_7": {"avail": 1.0, "util": 0.0056246094021248525, "br": 0.0}, "WE_BE_81": {"avail": 1.0, "util": 0.05726454181422586, "br": 0.0}, "WE_BE_82": {"avail": 1.0, "util": 0.07055760016665509, "br": 0.0}, "WE_BE_9": {"avail": 1.0, "util": 0.05311139107403256, "br": 0.0}, "WE_FE_108": {"avail": 1.0, "util": 0.044306446972928466, "br": 0.0}, "WE_FE_41": {"avail": 1.0, "util": 0.038025137143253944, "br": 0.0}, "WE_FE_47": {"avail": 1.0, "util": 0.03417586741661459, "br": 0.0}, "WE_FE_8": {"avail": 1.0, "util": 0.04423303937226582, "br": 0.0}, "WE_FE_83": {"avail": 1.0, "util": 0.042973206225758134, "br": 0.0}, "WE_FE_84": {"avail": 1.0, "util": 0.0428481046840883, "br": 0.0}, "WE_FE_85": {"avail": 1.0, "util": 0.02388723005346851, "br": 0.0}}, "plugins": {"cost": 448200.0}}