{"lots": {}, "machines": {"DE_BE_11": {"avail": 1.0, "util": 0.6364258625474054, "br": 0.0}, "DE_BE_12": {"avail": 1.0, "util": 0.9463303836627303, "br": 0.0}, "DE_BE_13": {"avail": 1.0, "util": 0.6703137456999264, "br": 0.0}, "DE_BE_48": {"avail": 1.0, "util": 0.7773101470724262, "br": 0.0}, "DE_BE_50": {"avail": 1.0, "util": 0.9116332130854377, "br": 0.0}, "DE_BE_65": {"avail": 1.0, "util": 0.7379466447572461, "br": 0.0}, "DE_BE_66": {"avail": 1.0, "util": 0.6711195711969777, "br": 0.0}, "DE_BE_67": {"avail": 1.0, "util": 0.6324484321524373, "br": 0.0}, "DE_BE_69": {"avail": 1.0, "util": 0.7322171861992415, "br": 0.0}, "DE_FE_1": {"avail": 1.0, "util": 0.7557382031528734, "br": 0.0}, "DE_FE_51": {"avail": 1.0, "util": 0.6735634757970682, "br": 0.0}, "DE_FE_53": {"avail": 1.0, "util": 0.7408935343631486, "br": 0.0}, "DE_FE_54": {"avail": 1.0, "util": 0.5440939783553788, "br": 0.0}, "DE_FE_56": {"avail": 1.0, "util": 0.6053556562760152, "br": 0.0}, "DE_FE_58": {"avail": 1.0, "util": 0.6545185459254463, "br": 0.0}, "DE_FE_59": {"avail": 1.0, "util": 0.7728979742854499, "br": 0.0}, "DE_FE_62": {"avail": 1.0, "util": 0.6751522919777475, "br": 0.0}, "DE_FE_70": {"avail": 1.0, "util": 0.7352767480415247, "br": 0.0}, "DE_FE_71": {"avail": 1.0, "util": 0.7648393831679373, "br": 0.0}, "DE_FE_72": {"avail": 1.0, "util": 0.8632873924706318, "br": 0.0}, "DE_FE_86": {"avail": 1.0, "util": 0.7626066729017427, "br": 0.0}, "DefMEt_FE_118": {"avail": 1.0, "util": 0.49149014892239384, "br": 0.0}, "DefMet_BE_33": {"avail": 1.0, "util": 0.8657848487651466, "br": 0.0}, "DefMet_BE_42": {"avail": 1.0, "util": 0.9835352881324577, "br": 0.0}, "DefMet_FE_10": {"avail": 1.0, "util": 0.7493293867357321, "br": 0.0}, "DefMet_FE_106": {"avail": 1.0, "util": 0.6054019054666543, "br": 0.0}, "DefMet_FE_34": {"avail": 1.0, "util": 0.70132272685228, "br": 0.0}, "DefMet_FE_43": {"avail": 1.0, "util": 0.941433108253939, "br": 0.0}, "Delay_32": {"avail": 1.0, "util": 0.2344091665895847, "br": 0.0}, "Dielectric_BE_20": {"avail": 1.0, "util": 0.8514845990195171, "br": 0.0}, "Dielectric_BE_21": {"avail": 1.0, "util": 0.8562806400887985, "br": 0.0}, "Dielectric_BE_27": {"avail": 1.0, "util": 0.7912558196898221, "br": 0.0}, "Dielectric_BE_28": {"avail": 1.0, "util": 0.8444408472851725, "br": 0.0}, "Dielectric_BE_60": {"avail": 1.0, "util": 0.824391823143095, "br": 0.0}, "Dielectric_FE_112": {"avail": 1.0, "util": 0.7863564887614466, "br": 0.0}, "Dielectric_FE_130": {"avail": 1.0, "util": 0.8298492276385163, "br": 0.0}, "Dielectric_FE_29": {"avail": 1.0, "util": 0.7760614189251688, "br": 0.0}, "Dielectric_FE_30": {"avail": 1.0, "util": 0.922070113773009, "br": 0.0}, "Dielectric_FE_31": {"avail": 1.0, "util": 0.9026223291092406, "br": 0.0}, "Diffusion_BE_123": {"avail": 1.0, "util": 0.0, "br": 0.0}, "Diffusion_FE_100": {"avail": 1.0, "util": 0.0, "br": 0.0}, "Diffusion_FE_101": {"avail": 1.0, "util": 0.0, "br": 0.0}, "Diffusion_FE_120": {"avail": 1.0, "util": 0.0, "br": 0.0}, "Diffusion_FE_122": {"avail": 1.0, "util": 0.0, "br": 0.0}, "Diffusion_FE_125": {"avail": 1.0, "util": 0.0, "br": 0.0}, "Diffusion_FE_126": {"avail": 1.0, "util": 0.0, "br": 0.0}, "Diffusion_FE_127": {"avail": 1.0, "util": 0.0, "br": 0.0}, "Diffusion_FE_44": {"avail": 1.0, "util": 0.0, "br": 0.0}, "Diffusion_FE_94": {"avail": 1.0, "util": 0.0, "br": 0.0}, "EPI_36": {"avail": 1.0, "util": 0.012071038756821756, "br": 0.0}, "EPI_38": {"avail": 1.0, "util": 0.011932291184904265, "br": 0.0}, "Implant_119": {"avail": 1.0, "util": 0.030709462584404774, "br": 0.0}, "Implant_128": {"avail": 1.0, "util": 0.06501711220053649, "br": 0.0}, "Implant_132": {"avail": 1.0, "util": 0.038849320136897604, "br": 0.0}, "Implant_74": {"avail": 1.0, "util": 0.011377300897234299, "br": 0.0}, "Implant_88": {"avail": 1.0, "util": 0.002312459531958191, "br": 0.0}, "Implant_90": {"avail": 1.0, "util": 0.03427065026362039, "br": 0.0}, "Implant_91": {"avail": 1.0, "util": 0.04962538155582277, "br": 0.0}, "LithoMet_BE_18": {"avail": 1.0, "util": 0.9412564126281635, "br": 0.0}, "LithoMet_FE_19": {"avail": 1.0, "util": 0.938555380836391, "br": 0.0}, "LithoTrack_BE_117": {"avail": 1.0, "util": 0.1548792896124318, "br": 0.0}, "LithoTrack_FE_115": {"avail": 1.0, "util": 0.061525933100092314, "br": 0.0}, "LithoTrack_FE_95": {"avail": 1.0, "util": 0.07722670975706905, "br": 0.0}, "LithoTrack_FE_96": {"avail": 1.0, "util": 0.0, "br": 0.0}, "Litho_BE_110": {"avail": 1.0, "util": 0.0902321709370086, "br": 0.0}, "Litho_BE_93": {"avail": 1.0, "util": 0.07677365646101193, "br": 0.0}, "Litho_BE_99": {"avail": 1.0, "util": 0.2606296056485678, "br": 0.0}, "Litho_FE_111": {"avail": 1.0, "util": 0.1325796116749775, "br": 0.0}, "Litho_FE_35": {"avail": 1.0, "util": 0.06174266950328369, "br": 0.0}, "Litho_FE_92": {"avail": 1.0, "util": 0.1292678893270883, "br": 0.0}, "Litho_FE_98": {"avail": 1.0, "util": 0.14999537508093608, "br": 0.0}, "Litho_REG_BE_63": {"avail": 1.0, "util": 0.9471487373970956, "br": 0.0}, "Litho_REG_FE_64": {"avail": 1.0, "util": 0.9457761274891975, "br": 0.0}, "Planar_BE_75": {"avail": 1.0, "util": 0.7394181851817594, "br": 0.0}, "Planar_FE_76": {"avail": 1.0, "util": 0.20352727160608025, "br": 0.0}, "Planar_FE_77": {"avail": 1.0, "util": 0.9566182591804644, "br": 0.0}, "Planar_FE_78": {"avail": 1.0, "util": 0.7074276200166497, "br": 0.0}, "Planar_FE_79": {"avail": 1.0, "util": 0.8602534455647027, "br": 0.0}, "Planar_FE_80": {"avail": 1.0, "util": 0.8600036999352512, "br": 0.0}, "TF_BE_2": {"avail": 1.0, "util": 0.4464896864304875, "br": 0.0}, "TF_BE_23": {"avail": 1.0, "util": 0.6927641924161064, "br": 0.0}, "TF_BE_24": {"avail": 1.0, "util": 0.3903061696420313, "br": 0.0}, "TF_BE_26": {"avail": 1.0, "util": 0.6280578423210927, "br": 0.0}, "TF_BE_40": {"avail": 1.0, "util": 0.8465297690623748, "br": 0.0}, "TF_FE_103": {"avail": 1.0, "util": 0.8628017759689205, "br": 0.0}, "TF_FE_104": {"avail": 1.0, "util": 0.6175746924428823, "br": 0.0}, "TF_FE_113": {"avail": 1.0, "util": 0.6481361576172417, "br": 0.0}, "TF_FE_131": {"avail": 1.0, "util": 0.15228316837788672, "br": 0.0}, "TF_FE_3": {"avail": 1.0, "util": 0.8905281657570993, "br": 0.0}, "TF_FE_5": {"avail": 1.0, "util": 0.2682915548977893, "br": 0.0}, "TF_Met_FE_45": {"avail": 1.0, "util": 0.14115252983072796, "br": 0.0}, "TF_Met_FE_61": {"avail": 1.0, "util": 0.9736379613356766, "br": 0.0}, "WE_BE_14": {"avail": 1.0, "util": 0.044639718804920916, "br": 0.0}, "WE_BE_16": {"avail": 1.0, "util": 0.044512276590715216, "br": 0.0}, "WE_BE_17": {"avail": 1.0, "util": 0.04578669873277218, "br": 0.0}, "WE_BE_7": {"avail": 1.0, "util": 0.007584867264822865, "br": 0.0}, "WE_BE_81": {"avail": 1.0, "util": 0.059630623130761874, "br": 0.0}, "WE_BE_82": {"avail": 1.0, "util": 0.0855147534918139, "br": 0.0}, "WE_BE_9": {"avail": 1.0, "util": 0.06133964084199955, "br": 0.0}, "WE_FE_108": {"avail": 1.0, "util": 0.04362752223264664, "br": 0.0}, "WE_FE_41": {"avail": 1.0, "util": 0.04193876607159375, "br": 0.0}, "WE_FE_47": {"avail": 1.0, "util": 0.03951222520272562, "br": 0.0}, "WE_FE_8": {"avail": 1.0, "util": 0.04823790583664786, "br": 0.0}, "WE_FE_83": {"avail": 1.0, "util": 0.04841629557197035, "br": 0.0}, "WE_FE_84": {"avail": 1.0, "util": 0.04846401299088377, "br": 0.0}, "WE_FE_85": {"avail": 1.0, "util": 0.031773193969105544, "br": 0.0}}, "plugins": {"cost": 448600.0}}