{"lots": {}, "machines": {"DE_BE_11": {"avail": 1.0, "util": 0.7256027023275184, "br": 0.0}, "DE_BE_12": {"avail": 1.0, "util": 0.9457683587062145, "br": 0.0}, "DE_BE_13": {"avail": 1.0, "util": 0.8838839195139226, "br": 0.0}, "DE_BE_48": {"avail": 1.0, "util": 0.8182911900925874, "br": 0.0}, "DE_BE_50": {"avail": 1.0, "util": 0.8508953773541252, "br": 0.0}, "DE_BE_65": {"avail": 1.0, "util": 0.8853067251105287, "br": 0.0}, "DE_BE_66": {"avail": 1.0, "util": 0.7153709848198222, "br": 0.0}, "DE_BE_67": {"avail": 1.0, "util": 0.7965514195212035, "br": 0.0}, "DE_BE_69": {"avail": 1.0, "util": 0.24473647679422517, "br": 0.0}, "DE_FE_1": {"avail": 1.0, "util": 0.7498403590763962, "br": 0.0}, "DE_FE_51": {"avail": 1.0, "util": 0.5418999583545416, "br": 0.0}, "DE_FE_53": {"avail": 1.0, "util": 0.18093563463051224, "br": 0.0}, "DE_FE_54": {"avail": 1.0, "util": 0.8144771952555027, "br": 0.0}, "DE_FE_56": {"avail": 1.0, "util": 0.8019295729026884, "br": 0.0}, "DE_FE_58": {"avail": 1.0, "util": 0.9802415436583222, "br": 0.0}, "DE_FE_59": {"avail": 1.0, "util": 0.8991659340150849, "br": 0.0}, "DE_FE_62": {"avail": 1.0, "util": 0.8442977024227859, "br": 0.0}, "DE_FE_70": {"avail": 1.0, "util": 0.9251854064218139, "br": 0.0}, "DE_FE_71": {"avail": 1.0, "util": 0.9147013609324469, "br": 0.0}, "DE_FE_72": {"avail": 1.0, "util": 0.35071785832972263, "br": 0.0}, "DE_FE_86": {"avail": 1.0, "util": 0.7540914113888956, "br": 0.0}, "DefMEt_FE_118": {"avail": 1.0, "util": 0.20781083707371245, "br": 0.0}, "DefMet_BE_33": {"avail": 1.0, "util": 0.9513442228494748, "br": 0.0}, "DefMet_BE_42": {"avail": 1.0, "util": 0.9823700893063717, "br": 0.0}, "DefMet_FE_10": {"avail": 1.0, "util": 0.2835592985053908, "br": 0.0}, "DefMet_FE_106": {"avail": 1.0, "util": 0.08583591689417426, "br": 0.0}, "DefMet_FE_34": {"avail": 1.0, "util": 0.5193651381241035, "br": 0.0}, "DefMet_FE_43": {"avail": 1.0, "util": 0.8850955531905048, "br": 0.0}, "Delay_32": {"avail": 1.0, "util": 0.28181088334644394, "br": 0.0}, "Dielectric_BE_20": {"avail": 1.0, "util": 0.7050668640969877, "br": 0.0}, "Dielectric_BE_21": {"avail": 1.0, "util": 0.9568583900174294, "br": 0.0}, "Dielectric_BE_27": {"avail": 1.0, "util": 0.9724831490136195, "br": 0.0}, "Dielectric_BE_28": {"avail": 1.0, "util": 0.9728687551092808, "br": 0.0}, "Dielectric_BE_60": {"avail": 1.0, "util": 0.9345549334443879, "br": 0.0}, "Dielectric_FE_112": {"avail": 1.0, "util": 0.5837048005388202, "br": 0.0}, "Dielectric_FE_130": {"avail": 1.0, "util": 0.2890888899171718, "br": 0.0}, "Dielectric_FE_29": {"avail": 1.0, "util": 0.905989233877809, "br": 0.0}, "Dielectric_FE_30": {"avail": 1.0, "util": 0.9304058118550738, "br": 0.0}, "Dielectric_FE_31": {"avail": 1.0, "util": 0.3086275507843228, "br": 0.0}, "Diffusion_BE_123": {"avail": 1.0, "util": 0.0, "br": 0.0}, "Diffusion_FE_100": {"avail": 1.0, "util": 0.0, "br": 0.0}, "Diffusion_FE_101": {"avail": 1.0, "util": 0.0, "br": 0.0}, "Diffusion_FE_120": {"avail": 1.0, "util": 0.0, "br": 0.0}, "Diffusion_FE_122": {"avail": 1.0, "util": 0.0, "br": 0.0}, "Diffusion_FE_125": {"avail": 1.0, "util": 0.0, "br": 0.0}, "Diffusion_FE_126": {"avail": 1.0, "util": 0.0, "br": 0.0}, "Diffusion_FE_127": {"avail": 1.0, "util": 0.8895412058673824, "br": 0.0}, "Diffusion_FE_44": {"avail": 1.0, "util": 0.974007945689034, "br": 0.0}, "Diffusion_FE_94": {"avail": 1.0, "util": 0.0, "br": 0.0}, "EPI_36": {"avail": 1.0, "util": 0.00960159178196289, "br": 0.0}, "EPI_38": {"avail": 1.0, "util": 0.22405256582296054, "br": 0.0}, "Implant_119": {"avail": 1.0, "util": 0.07139882467262043, "br": 0.0}, "Implant_128": {"avail": 1.0, "util": 0.0303591184623992, "br": 0.0}, "Implant_132": {"avail": 1.0, "util": 0.034036899198159665, "br": 0.0}, "Implant_74": {"avail": 1.0, "util": 0.011383091943917449, "br": 0.0}, "Implant_88": {"avail": 1.0, "util": 0.00955531905048355, "br": 0.0}, "Implant_90": {"avail": 1.0, "util": 0.04548609504419046, "br": 0.0}, "Implant_91": {"avail": 1.0, "util": 0.041896653159436005, "br": 0.0}, "LithoMet_BE_18": {"avail": 1.0, "util": 0.9770571384101532, "br": 0.0}, "LithoMet_FE_19": {"avail": 1.0, "util": 0.9608764055342187, "br": 0.0}, "LithoTrack_BE_117": {"avail": 1.0, "util": 0.06086715098792282, "br": 0.0}, "LithoTrack_FE_115": {"avail": 1.0, "util": 0.04163755810895761, "br": 0.0}, "LithoTrack_FE_95": {"avail": 1.0, "util": 0.057372402942945724, "br": 0.0}, "LithoTrack_FE_96": {"avail": 1.0, "util": 0.01013372819397529, "br": 0.0}, "Litho_BE_110": {"avail": 1.0, "util": 0.05651711185728685, "br": 0.0}, "Litho_BE_93": {"avail": 1.0, "util": 0.05511082319189302, "br": 0.0}, "Litho_BE_99": {"avail": 1.0, "util": 0.08440146221831475, "br": 0.0}, "Litho_FE_111": {"avail": 1.0, "util": 0.0846143167831197, "br": 0.0}, "Litho_FE_35": {"avail": 1.0, "util": 0.04497709499791773, "br": 0.0}, "Litho_FE_92": {"avail": 1.0, "util": 0.06171714547078944, "br": 0.0}, "Litho_FE_98": {"avail": 1.0, "util": 0.02580861598260145, "br": 0.0}, "Litho_REG_BE_63": {"avail": 1.0, "util": 0.9708886678080607, "br": 0.0}, "Litho_REG_FE_64": {"avail": 1.0, "util": 0.9741258309811361, "br": 0.0}, "Planar_BE_75": {"avail": 1.0, "util": 0.8272804193631549, "br": 0.0}, "Planar_FE_76": {"avail": 1.0, "util": 0.9274906297718755, "br": 0.0}, "Planar_FE_77": {"avail": 1.0, "util": 0.9529869048169913, "br": 0.0}, "Planar_FE_78": {"avail": 1.0, "util": 0.3541946231086021, "br": 0.0}, "Planar_FE_79": {"avail": 1.0, "util": 0.21344454213132202, "br": 0.0}, "Planar_FE_80": {"avail": 1.0, "util": 0.21165147378649762, "br": 0.0}, "TF_BE_2": {"avail": 1.0, "util": 0.3986164453287678, "br": 0.0}, "TF_BE_23": {"avail": 1.0, "util": 0.5922843525453307, "br": 0.0}, "TF_BE_24": {"avail": 1.0, "util": 0.8418166674378789, "br": 0.0}, "TF_BE_26": {"avail": 1.0, "util": 0.6920193775961672, "br": 0.0}, "TF_BE_40": {"avail": 1.0, "util": 0.7099516313859772, "br": 0.0}, "TF_FE_103": {"avail": 1.0, "util": 0.5189751251016348, "br": 0.0}, "TF_FE_104": {"avail": 1.0, "util": 0.6554810050437277, "br": 0.0}, "TF_FE_113": {"avail": 1.0, "util": 0.21643298937269598, "br": 0.0}, "TF_FE_131": {"avail": 1.0, "util": 0.9349251152962227, "br": 0.0}, "TF_FE_3": {"avail": 1.0, "util": 0.296731602733176, "br": 0.0}, "TF_FE_5": {"avail": 1.0, "util": 0.2953588450326223, "br": 0.0}, "TF_Met_FE_45": {"avail": 1.0, "util": 0.05962241451112859, "br": 0.0}, "TF_Met_FE_61": {"avail": 1.0, "util": 0.9930822266438388, "br": 0.0}, "WE_BE_14": {"avail": 1.0, "util": 0.04382953125723012, "br": 0.0}, "WE_BE_16": {"avail": 1.0, "util": 0.039574753597704876, "br": 0.0}, "WE_BE_17": {"avail": 1.0, "util": 0.045624913238628474, "br": 0.0}, "WE_BE_7": {"avail": 1.0, "util": 0.02267363842487622, "br": 0.0}, "WE_BE_81": {"avail": 1.0, "util": 0.044684034365215244, "br": 0.0}, "WE_BE_82": {"avail": 1.0, "util": 0.04504907480244114, "br": 0.0}, "WE_BE_9": {"avail": 1.0, "util": 0.048762204432927676, "br": 0.0}, "WE_FE_108": {"avail": 1.0, "util": 0.04672588512555068, "br": 0.0}, "WE_FE_41": {"avail": 1.0, "util": 0.028596548054231643, "br": 0.0}, "WE_FE_47": {"avail": 1.0, "util": 0.03594465781315071, "br": 0.0}, "WE_FE_8": {"avail": 1.0, "util": 0.028827911711628337, "br": 0.0}, "WE_FE_83": {"avail": 1.0, "util": 0.03667885181928956, "br": 0.0}, "WE_FE_84": {"avail": 1.0, "util": 0.04107113207598527, "br": 0.0}, "WE_FE_85": {"avail": 1.0, "util": 0.025935865994169634, "br": 0.0}}, "plugins": {"cost": 428825.1303472222}}