{"lots": {}, "machines": {"DE_BE_11": {"avail": 1.0, "util": 0.6369424131156983, "br": 0.0}, "DE_BE_12": {"avail": 1.0, "util": 0.9379140714880787, "br": 0.0}, "DE_BE_13": {"avail": 1.0, "util": 0.6383625631056901, "br": 0.0}, "DE_BE_48": {"avail": 1.0, "util": 0.768633292098996, "br": 0.0}, "DE_BE_50": {"avail": 1.0, "util": 0.8660001851337591, "br": 0.0}, "DE_BE_65": {"avail": 1.0, "util": 0.6834381022106654, "br": 0.0}, "DE_BE_66": {"avail": 1.0, "util": 0.7069005886164519, "br": 0.0}, "DE_BE_67": {"avail": 1.0, "util": 0.5945486523103851, "br": 0.0}, "DE_BE_69": {"avail": 1.0, "util": 0.36816933567836096, "br": 0.0}, "DE_FE_1": {"avail": 1.0, "util": 0.7571785615106915, "br": 0.0}, "DE_FE_51": {"avail": 1.0, "util": 0.4725122651115431, "br": 0.0}, "DE_FE_53": {"avail": 1.0, "util": 0.18620753494399703, "br": 0.0}, "DE_FE_54": {"avail": 1.0, "util": 0.546699990743312, "br": 0.0}, "DE_FE_56": {"avail": 1.0, "util": 0.7925576228825326, "br": 0.0}, "DE_FE_58": {"avail": 1.0, "util": 0.9789873183374989, "br": 0.0}, "DE_FE_59": {"avail": 1.0, "util": 0.8578751272794594, "br": 0.0}, "DE_FE_62": {"avail": 1.0, "util": 0.8796793918900524, "br": 0.0}, "DE_FE_70": {"avail": 1.0, "util": 0.8088157330034587, "br": 0.0}, "DE_FE_71": {"avail": 1.0, "util": 0.8314614253242412, "br": 0.0}, "DE_FE_72": {"avail": 1.0, "util": 0.2647665210842106, "br": 0.0}, "DE_FE_86": {"avail": 1.0, "util": 0.7666145781852812, "br": 0.0}, "DefMEt_FE_118": {"avail": 1.0, "util": 0.4147921873553643, "br": 0.0}, "DefMet_BE_33": {"avail": 1.0, "util": 0.8987781171896695, "br": 0.0}, "DefMet_BE_42": {"avail": 1.0, "util": 0.9621401462556697, "br": 0.0}, "DefMet_FE_10": {"avail": 1.0, "util": 0.28950291585670646, "br": 0.0}, "DefMet_FE_106": {"avail": 1.0, "util": 0.17643247246135332, "br": 0.0}, "DefMet_FE_34": {"avail": 1.0, "util": 0.4973155604924558, "br": 0.0}, "DefMet_FE_43": {"avail": 1.0, "util": 0.826288993798019, "br": 0.0}, "Delay_32": {"avail": 1.0, "util": 0.20444159029899103, "br": 0.0}, "Dielectric_BE_20": {"avail": 1.0, "util": 0.7599740812737202, "br": 0.0}, "Dielectric_BE_21": {"avail": 1.0, "util": 0.8545465765682372, "br": 0.0}, "Dielectric_BE_27": {"avail": 1.0, "util": 0.9019639606282205, "br": 0.0}, "Dielectric_BE_28": {"avail": 1.0, "util": 0.9218118423894598, "br": 0.0}, "Dielectric_BE_60": {"avail": 1.0, "util": 0.9302971396834213, "br": 0.0}, "Dielectric_FE_112": {"avail": 1.0, "util": 0.6826293107881556, "br": 0.0}, "Dielectric_FE_130": {"avail": 1.0, "util": 0.5820142552994538, "br": 0.0}, "Dielectric_FE_29": {"avail": 1.0, "util": 0.7746613594989046, "br": 0.0}, "Dielectric_FE_30": {"avail": 1.0, "util": 0.9255762288253263, "br": 0.0}, "Dielectric_FE_31": {"avail": 1.0, "util": 0.3905859483476812, "br": 0.0}, "Diffusion_BE_123": {"avail": 1.0, "util": 0.0, "br": 0.0}, "Diffusion_FE_100": {"avail": 1.0, "util": 0.0, "br": 0.0}, "Diffusion_FE_101": {"avail": 1.0, "util": 0.0, "br": 0.0}, "Diffusion_FE_120": {"avail": 1.0, "util": 0.0, "br": 0.0}, "Diffusion_FE_122": {"avail": 1.0, "util": 0.0, "br": 0.0}, "Diffusion_FE_125": {"avail": 1.0, "util": 0.0, "br": 0.0}, "Diffusion_FE_126": {"avail": 1.0, "util": 0.0, "br": 0.0}, "Diffusion_FE_127": {"avail": 1.0, "util": 0.0, "br": 0.0}, "Diffusion_FE_44": {"avail": 1.0, "util": 0.0, "br": 0.0}, "Diffusion_FE_94": {"avail": 1.0, "util": 0.0, "br": 0.0}, "EPI_36": {"avail": 1.0, "util": 0.012079977783948903, "br": 0.0}, "EPI_38": {"avail": 1.0, "util": 0.4047949643617514, "br": 0.0}, "Implant_119": {"avail": 1.0, "util": 0.07942238267148015, "br": 0.0}, "Implant_128": {"avail": 1.0, "util": 0.039660700310519804, "br": 0.0}, "Implant_132": {"avail": 1.0, "util": 0.03948638605678317, "br": 0.0}, "Implant_74": {"avail": 1.0, "util": 0.02267888549476997, "br": 0.0}, "Implant_88": {"avail": 1.0, "util": 0.0, "br": 0.0}, "Implant_90": {"avail": 1.0, "util": 0.06016847172081829, "br": 0.0}, "Implant_91": {"avail": 1.0, "util": 0.050964679123523884, "br": 0.0}, "LithoMet_BE_18": {"avail": 1.0, "util": 0.96597746417241, "br": 0.0}, "LithoMet_FE_19": {"avail": 1.0, "util": 0.9628806812922336, "br": 0.0}, "LithoTrack_BE_117": {"avail": 1.0, "util": 0.09275201332963066, "br": 0.0}, "LithoTrack_FE_115": {"avail": 1.0, "util": 0.058457113313149234, "br": 0.0}, "LithoTrack_FE_95": {"avail": 1.0, "util": 0.09708645746551885, "br": 0.0}, "LithoTrack_FE_96": {"avail": 1.0, "util": 0.019855595667870037, "br": 0.0}, "Litho_BE_110": {"avail": 1.0, "util": 0.08612744446993387, "br": 0.0}, "Litho_BE_93": {"avail": 1.0, "util": 0.09268258816995278, "br": 0.0}, "Litho_BE_99": {"avail": 1.0, "util": 0.16473819000894813, "br": 0.0}, "Litho_FE_111": {"avail": 1.0, "util": 0.1255160603536055, "br": 0.0}, "Litho_FE_35": {"avail": 1.0, "util": 0.05058779968527261, "br": 0.0}, "Litho_FE_92": {"avail": 1.0, "util": 0.09298699079315575, "br": 0.0}, "Litho_FE_98": {"avail": 1.0, "util": 0.03804498750347126, "br": 0.0}, "Litho_REG_BE_63": {"avail": 1.0, "util": 0.9549430713690642, "br": 0.0}, "Litho_REG_FE_64": {"avail": 1.0, "util": 0.9576120830633467, "br": 0.0}, "Planar_BE_75": {"avail": 1.0, "util": 0.8209888787506116, "br": 0.0}, "Planar_FE_76": {"avail": 1.0, "util": 0.9235397574747756, "br": 0.0}, "Planar_FE_77": {"avail": 1.0, "util": 0.9585300379524206, "br": 0.0}, "Planar_FE_78": {"avail": 1.0, "util": 0.2825141164491345, "br": 0.0}, "Planar_FE_79": {"avail": 1.0, "util": 0.2122327131352402, "br": 0.0}, "Planar_FE_80": {"avail": 1.0, "util": 0.4309913912801999, "br": 0.0}, "TF_BE_2": {"avail": 1.0, "util": 0.7135055077293344, "br": 0.0}, "TF_BE_23": {"avail": 1.0, "util": 0.661952367728541, "br": 0.0}, "TF_BE_24": {"avail": 1.0, "util": 0.9706331574562621, "br": 0.0}, "TF_BE_26": {"avail": 1.0, "util": 0.777860850618418, "br": 0.0}, "TF_BE_40": {"avail": 1.0, "util": 0.8203494671959314, "br": 0.0}, "TF_FE_103": {"avail": 1.0, "util": 0.9124449557662554, "br": 0.0}, "TF_FE_104": {"avail": 1.0, "util": 0.7695454966213089, "br": 0.0}, "TF_FE_113": {"avail": 1.0, "util": 0.1470270603844611, "br": 0.0}, "TF_FE_131": {"avail": 1.0, "util": 0.9459872257706192, "br": 0.0}, "TF_FE_3": {"avail": 1.0, "util": 0.5925205961307044, "br": 0.0}, "TF_FE_5": {"avail": 1.0, "util": 0.4786016230059551, "br": 0.0}, "TF_Met_FE_45": {"avail": 1.0, "util": 0.11779135425344811, "br": 0.0}, "TF_Met_FE_61": {"avail": 1.0, "util": 0.9846338979912987, "br": 0.0}, "WE_BE_14": {"avail": 1.0, "util": 0.04606127927427567, "br": 0.0}, "WE_BE_16": {"avail": 1.0, "util": 0.03780199944459872, "br": 0.0}, "WE_BE_17": {"avail": 1.0, "util": 0.04188651300564658, "br": 0.0}, "WE_BE_7": {"avail": 1.0, "util": 0.02267888549476997, "br": 0.0}, "WE_BE_81": {"avail": 1.0, "util": 0.04683884106266778, "br": 0.0}, "WE_BE_82": {"avail": 1.0, "util": 0.05074722042231067, "br": 0.0}, "WE_BE_9": {"avail": 1.0, "util": 0.05870591502360456, "br": 0.0}, "WE_FE_108": {"avail": 1.0, "util": 0.041687015420365355, "br": 0.0}, "WE_FE_41": {"avail": 1.0, "util": 0.03732296584282144, "br": 0.0}, "WE_FE_47": {"avail": 1.0, "util": 0.03774877348884569, "br": 0.0}, "WE_FE_8": {"avail": 1.0, "util": 0.02179950013885032, "br": 0.0}, "WE_FE_83": {"avail": 1.0, "util": 0.04254990897590176, "br": 0.0}, "WE_FE_84": {"avail": 1.0, "util": 0.04640867732819315, "br": 0.0}, "WE_FE_85": {"avail": 1.0, "util": 0.03397204480236971, "br": 0.0}}, "plugins": {"cost": 429200}}