{"lots": {}, "machines": {"DE_BE_11": {"avail": 1.0, "util": 0.639950004629201, "br": 0.0}, "DE_BE_12": {"avail": 1.0, "util": 0.9485952946743614, "br": 0.0}, "DE_BE_13": {"avail": 1.0, "util": 0.586793109985407, "br": 0.0}, "DE_BE_48": {"avail": 1.0, "util": 0.6501342468289973, "br": 0.0}, "DE_BE_50": {"avail": 1.0, "util": 0.8517318355296319, "br": 0.0}, "DE_BE_65": {"avail": 1.0, "util": 0.7437437710015957, "br": 0.0}, "DE_BE_66": {"avail": 1.0, "util": 0.6627505250488502, "br": 0.0}, "DE_BE_67": {"avail": 1.0, "util": 0.6796685492084067, "br": 0.0}, "DE_BE_69": {"avail": 1.0, "util": 0.7342838626053143, "br": 0.0}, "DE_FE_1": {"avail": 1.0, "util": 0.7483434073564618, "br": 0.0}, "DE_FE_51": {"avail": 1.0, "util": 0.6749959799043949, "br": 0.0}, "DE_FE_53": {"avail": 1.0, "util": 0.5449310249051014, "br": 0.0}, "DE_FE_54": {"avail": 1.0, "util": 0.5467827053050643, "br": 0.0}, "DE_FE_56": {"avail": 1.0, "util": 0.6005462457179891, "br": 0.0}, "DE_FE_58": {"avail": 1.0, "util": 0.6451563126870968, "br": 0.0}, "DE_FE_59": {"avail": 1.0, "util": 0.6905595160941889, "br": 0.0}, "DE_FE_62": {"avail": 1.0, "util": 0.8386392794317986, "br": 0.0}, "DE_FE_70": {"avail": 1.0, "util": 0.6758775896818671, "br": 0.0}, "DE_FE_71": {"avail": 1.0, "util": 0.7771105849987435, "br": 0.0}, "DE_FE_72": {"avail": 1.0, "util": 0.8713390735425732, "br": 0.0}, "DE_FE_86": {"avail": 1.0, "util": 0.77578070617604, "br": 0.0}, "DefMEt_FE_118": {"avail": 1.0, "util": 0.505045829089899, "br": 0.0}, "DefMet_BE_33": {"avail": 1.0, "util": 0.89950004629201, "br": 0.0}, "DefMet_BE_42": {"avail": 1.0, "util": 0.9614850476807703, "br": 0.0}, "DefMet_FE_10": {"avail": 1.0, "util": 0.8912137765021757, "br": 0.0}, "DefMet_FE_106": {"avail": 1.0, "util": 0.5175446717896491, "br": 0.0}, "DefMet_FE_34": {"avail": 1.0, "util": 0.6348023331173039, "br": 0.0}, "DefMet_FE_43": {"avail": 1.0, "util": 0.9510230534209796, "br": 0.0}, "Delay_32": {"avail": 1.0, "util": 0.22770229608369594, "br": 0.0}, "Dielectric_BE_20": {"avail": 1.0, "util": 0.8774002407184519, "br": 0.0}, "Dielectric_BE_21": {"avail": 1.0, "util": 0.8755670771224887, "br": 0.0}, "Dielectric_BE_27": {"avail": 1.0, "util": 0.7698669876246027, "br": 0.0}, "Dielectric_BE_28": {"avail": 1.0, "util": 0.9102860846217943, "br": 0.0}, "Dielectric_BE_60": {"avail": 1.0, "util": 0.8253865382834923, "br": 0.0}, "Dielectric_FE_112": {"avail": 1.0, "util": 0.8804925469863902, "br": 0.0}, "Dielectric_FE_130": {"avail": 1.0, "util": 0.8810526803073789, "br": 0.0}, "Dielectric_FE_29": {"avail": 1.0, "util": 0.771194025244576, "br": 0.0}, "Dielectric_FE_30": {"avail": 1.0, "util": 0.926303120081474, "br": 0.0}, "Dielectric_FE_31": {"avail": 1.0, "util": 0.8201555411535969, "br": 0.0}, "Diffusion_BE_123": {"avail": 1.0, "util": 0.0, "br": 0.0}, "Diffusion_FE_100": {"avail": 1.0, "util": 0.0, "br": 0.0}, "Diffusion_FE_101": {"avail": 1.0, "util": 0.0, "br": 0.0}, "Diffusion_FE_120": {"avail": 1.0, "util": 0.0, "br": 0.0}, "Diffusion_FE_122": {"avail": 1.0, "util": 0.0, "br": 0.0}, "Diffusion_FE_125": {"avail": 1.0, "util": 0.0, "br": 0.0}, "Diffusion_FE_126": {"avail": 1.0, "util": 0.0, "br": 0.0}, "Diffusion_FE_127": {"avail": 1.0, "util": 0.0, "br": 0.0}, "Diffusion_FE_44": {"avail": 1.0, "util": 0.0, "br": 0.0}, "Diffusion_FE_94": {"avail": 1.0, "util": 0.0, "br": 0.0}, "EPI_36": {"avail": 1.0, "util": 0.012035922599759281, "br": 0.0}, "EPI_38": {"avail": 1.0, "util": 0.011758170539764837, "br": 0.0}, "Implant_119": {"avail": 1.0, "util": 0.02147949263957041, "br": 0.0}, "Implant_128": {"avail": 1.0, "util": 0.06500324044069994, "br": 0.0}, "Implant_132": {"avail": 1.0, "util": 0.03183732987686325, "br": 0.0}, "Implant_74": {"avail": 1.0, "util": 0.011295250439774095, "br": 0.0}, "Implant_88": {"avail": 1.0, "util": 0.002360892509952782, "br": 0.0}, "Implant_90": {"avail": 1.0, "util": 0.06133691324877326, "br": 0.0}, "Implant_91": {"avail": 1.0, "util": 0.05326667283893467, "br": 0.0}, "LithoMet_BE_18": {"avail": 1.0, "util": 0.9372351562889477, "br": 0.0}, "LithoMet_FE_19": {"avail": 1.0, "util": 0.9283914040880987, "br": 0.0}, "LithoTrack_BE_117": {"avail": 1.0, "util": 0.10719377835385611, "br": 0.0}, "LithoTrack_FE_115": {"avail": 1.0, "util": 0.056942803044743494, "br": 0.0}, "LithoTrack_FE_95": {"avail": 1.0, "util": 0.07402186872341752, "br": 0.0}, "LithoTrack_FE_96": {"avail": 1.0, "util": 0.0, "br": 0.0}, "Litho_BE_110": {"avail": 1.0, "util": 0.0920020633010171, "br": 0.0}, "Litho_BE_93": {"avail": 1.0, "util": 0.08070240409838594, "br": 0.0}, "Litho_BE_99": {"avail": 1.0, "util": 0.21698608153566026, "br": 0.0}, "Litho_FE_111": {"avail": 1.0, "util": 0.13366186632550858, "br": 0.0}, "Litho_FE_35": {"avail": 1.0, "util": 0.07814091287843718, "br": 0.0}, "Litho_FE_92": {"avail": 1.0, "util": 0.12742647285745146, "br": 0.0}, "Litho_FE_98": {"avail": 1.0, "util": 0.15046754930099066, "br": 0.0}, "Litho_REG_BE_63": {"avail": 1.0, "util": 0.9350291639662994, "br": 0.0}, "Litho_REG_FE_64": {"avail": 1.0, "util": 0.9394169851997831, "br": 0.0}, "Planar_BE_75": {"avail": 1.0, "util": 0.7343949634293121, "br": 0.0}, "Planar_FE_76": {"avail": 1.0, "util": 0.9286794432614264, "br": 0.0}, "Planar_FE_77": {"avail": 1.0, "util": 0.9554207943708916, "br": 0.0}, "Planar_FE_78": {"avail": 1.0, "util": 0.0, "br": 0.0}, "Planar_FE_79": {"avail": 1.0, "util": 0.8530321266549394, "br": 0.0}, "Planar_FE_80": {"avail": 1.0, "util": 0.5366632719192668, "br": 0.0}, "TF_BE_2": {"avail": 1.0, "util": 0.4468104805110638, "br": 0.0}, "TF_BE_23": {"avail": 1.0, "util": 0.7833192833022283, "br": 0.0}, "TF_BE_24": {"avail": 1.0, "util": 0.3866679011202666, "br": 0.0}, "TF_BE_26": {"avail": 1.0, "util": 0.6751843965064963, "br": 0.0}, "TF_BE_40": {"avail": 1.0, "util": 0.8253595346109929, "br": 0.0}, "TF_FE_103": {"avail": 1.0, "util": 0.8625127303027498, "br": 0.0}, "TF_FE_104": {"avail": 1.0, "util": 0.7696509582446069, "br": 0.0}, "TF_FE_113": {"avail": 1.0, "util": 0.44505138413109896, "br": 0.0}, "TF_FE_131": {"avail": 1.0, "util": 0.1556800296268864, "br": 0.0}, "TF_FE_3": {"avail": 1.0, "util": 0.896398481622072, "br": 0.0}, "TF_FE_5": {"avail": 1.0, "util": 0.44711137857605776, "br": 0.0}, "TF_Met_FE_45": {"avail": 1.0, "util": 0.14230163873715396, "br": 0.0}, "TF_Met_FE_61": {"avail": 1.0, "util": 0.9966669752800666, "br": 0.0}, "WE_BE_14": {"avail": 1.0, "util": 0.03714470882325711, "br": 0.0}, "WE_BE_16": {"avail": 1.0, "util": 0.04021232601919575, "br": 0.0}, "WE_BE_17": {"avail": 1.0, "util": 0.04606054994907879, "br": 0.0}, "WE_BE_7": {"avail": 1.0, "util": 0.007591889639848162, "br": 0.0}, "WE_BE_81": {"avail": 1.0, "util": 0.03249699101935006, "br": 0.0}, "WE_BE_82": {"avail": 1.0, "util": 0.07657624294046848, "br": 0.0}, "WE_BE_9": {"avail": 1.0, "util": 0.06111867948734905, "br": 0.0}, "WE_FE_108": {"avail": 1.0, "util": 0.04418638485854484, "br": 0.0}, "WE_FE_41": {"avail": 1.0, "util": 0.04123692250717526, "br": 0.0}, "WE_FE_47": {"avail": 1.0, "util": 0.03312964848933741, "br": 0.0}, "WE_FE_8": {"avail": 1.0, "util": 0.04638459401907231, "br": 0.0}, "WE_FE_83": {"avail": 1.0, "util": 0.04547198010766199, "br": 0.0}, "WE_FE_84": {"avail": 1.0, "util": 0.04769105741237951, "br": 0.0}, "WE_FE_85": {"avail": 1.0, "util": 0.03208036292935839, "br": 0.0}}, "plugins": {"cost": 448600.0}}