{"lots": {}, "machines": {"DE_BE_11": {"avail": 1.0, "util": 0.7607234603901966, "br": 0.0}, "DE_BE_12": {"avail": 1.0, "util": 0.7124055945134887, "br": 0.0}, "DE_BE_13": {"avail": 1.0, "util": 0.8186984854345821, "br": 0.0}, "DE_BE_48": {"avail": 1.0, "util": 0.9211553148649587, "br": 0.0}, "DE_BE_50": {"avail": 1.0, "util": 0.8778186643214763, "br": 0.0}, "DE_BE_65": {"avail": 1.0, "util": 0.734128102396968, "br": 0.0}, "DE_BE_66": {"avail": 1.0, "util": 0.7209353314550696, "br": 0.0}, "DE_BE_67": {"avail": 1.0, "util": 0.822009303617302, "br": 0.0}, "DE_BE_69": {"avail": 1.0, "util": 0.8273623550649171, "br": 0.0}, "DE_FE_1": {"avail": 1.0, "util": 0.5702085874966525, "br": 0.0}, "DE_FE_51": {"avail": 1.0, "util": 0.5888758555417914, "br": 0.0}, "DE_FE_53": {"avail": 1.0, "util": 0.6802471707283205, "br": 0.0}, "DE_FE_54": {"avail": 1.0, "util": 0.8145941817676873, "br": 0.0}, "DE_FE_56": {"avail": 1.0, "util": 0.7480038880788724, "br": 0.0}, "DE_FE_58": {"avail": 1.0, "util": 0.48617186234349324, "br": 0.0}, "DE_FE_59": {"avail": 1.0, "util": 0.6996921937559304, "br": 0.0}, "DE_FE_62": {"avail": 1.0, "util": 0.9239840906160423, "br": 0.0}, "DE_FE_70": {"avail": 1.0, "util": 0.9061627118281982, "br": 0.0}, "DE_FE_71": {"avail": 1.0, "util": 0.699705418514, "br": 0.0}, "DE_FE_72": {"avail": 1.0, "util": 0.9303848735217201, "br": 0.0}, "DE_FE_86": {"avail": 1.0, "util": 0.6488787058251753, "br": 0.0}, "DefMEt_FE_118": {"avail": 1.0, "util": 0.3677358883565924, "br": 0.0}, "DefMet_BE_33": {"avail": 1.0, "util": 0.933590224258835, "br": 0.0}, "DefMet_BE_42": {"avail": 1.0, "util": 0.927584531000486, "br": 0.0}, "DefMet_FE_10": {"avail": 1.0, "util": 0.6628480177740749, "br": 0.0}, "DefMet_FE_106": {"avail": 1.0, "util": 0.3937374158161494, "br": 0.0}, "DefMet_FE_34": {"avail": 1.0, "util": 0.6418801638547524, "br": 0.0}, "DefMet_FE_43": {"avail": 1.0, "util": 0.9643245620125437, "br": 0.0}, "Delay_32": {"avail": 1.0, "util": 0.41564101228910644, "br": 0.0}, "Dielectric_BE_20": {"avail": 1.0, "util": 0.9506908282996598, "br": 0.0}, "Dielectric_BE_21": {"avail": 1.0, "util": 0.9677584531000486, "br": 0.0}, "Dielectric_BE_27": {"avail": 1.0, "util": 0.8333078756740494, "br": 0.0}, "Dielectric_BE_28": {"avail": 1.0, "util": 0.8701138651669791, "br": 0.0}, "Dielectric_BE_60": {"avail": 1.0, "util": 0.8735506491703118, "br": 0.0}, "Dielectric_FE_112": {"avail": 1.0, "util": 0.8845726584739291, "br": 0.0}, "Dielectric_FE_130": {"avail": 1.0, "util": 0.8777338054571964, "br": 0.0}, "Dielectric_FE_29": {"avail": 1.0, "util": 0.9721354347473905, "br": 0.0}, "Dielectric_FE_30": {"avail": 1.0, "util": 0.9723321530236756, "br": 0.0}, "Dielectric_FE_31": {"avail": 1.0, "util": 0.9226550024300493, "br": 0.0}, "Diffusion_BE_123": {"avail": 1.0, "util": 0.0, "br": 0.0}, "Diffusion_FE_100": {"avail": 1.0, "util": 0.0, "br": 0.0}, "Diffusion_FE_101": {"avail": 1.0, "util": 0.0, "br": 0.0}, "Diffusion_FE_120": {"avail": 1.0, "util": 0.0, "br": 0.0}, "Diffusion_FE_122": {"avail": 1.0, "util": 0.0, "br": 0.0}, "Diffusion_FE_125": {"avail": 1.0, "util": 0.0, "br": 0.0}, "Diffusion_FE_126": {"avail": 1.0, "util": 0.0, "br": 0.0}, "Diffusion_FE_127": {"avail": 1.0, "util": 0.0, "br": 0.0}, "Diffusion_FE_44": {"avail": 1.0, "util": 0.0, "br": 0.0}, "Diffusion_FE_94": {"avail": 1.0, "util": 0.0, "br": 0.0}, "EPI_36": {"avail": 1.0, "util": 0.009025897382489758, "br": 0.0}, "EPI_38": {"avail": 1.0, "util": 0.02652225230854683, "br": 0.0}, "Implant_119": {"avail": 1.0, "util": 0.02069013399986114, "br": 0.0}, "Implant_128": {"avail": 1.0, "util": 0.051468444074151215, "br": 0.0}, "Implant_132": {"avail": 1.0, "util": 0.04403596472957023, "br": 0.0}, "Implant_74": {"avail": 1.0, "util": 0.008505172533499965, "br": 0.0}, "Implant_88": {"avail": 1.0, "util": 0.019648684301881554, "br": 0.0}, "Implant_90": {"avail": 1.0, "util": 0.04033881830174269, "br": 0.0}, "Implant_91": {"avail": 1.0, "util": 0.04671480478603995, "br": 0.0}, "LithoMet_BE_18": {"avail": 1.0, "util": 0.9740759136718312, "br": 0.0}, "LithoMet_FE_19": {"avail": 1.0, "util": 0.9709821256374057, "br": 0.0}, "LithoTrack_BE_117": {"avail": 1.0, "util": 0.1160730403388183, "br": 0.0}, "LithoTrack_FE_115": {"avail": 1.0, "util": 0.05280081900148798, "br": 0.0}, "LithoTrack_FE_95": {"avail": 1.0, "util": 0.062382128439794994, "br": 0.0}, "LithoTrack_FE_96": {"avail": 1.0, "util": 0.003783933902659168, "br": 0.0}, "Litho_BE_110": {"avail": 1.0, "util": 0.07107398260283077, "br": 0.0}, "Litho_BE_93": {"avail": 1.0, "util": 0.06318128167742831, "br": 0.0}, "Litho_BE_99": {"avail": 1.0, "util": 0.20842879955564814, "br": 0.0}, "Litho_FE_111": {"avail": 1.0, "util": 0.10753125927048027, "br": 0.0}, "Litho_FE_35": {"avail": 1.0, "util": 0.0671735055196834, "br": 0.0}, "Litho_FE_92": {"avail": 1.0, "util": 0.10550411425229171, "br": 0.0}, "Litho_FE_98": {"avail": 1.0, "util": 0.11276817329722974, "br": 0.0}, "Litho_REG_BE_63": {"avail": 1.0, "util": 0.9588540581823232, "br": 0.0}, "Litho_REG_FE_64": {"avail": 1.0, "util": 0.9564723619087294, "br": 0.0}, "Planar_BE_75": {"avail": 1.0, "util": 0.8139207109629938, "br": 0.0}, "Planar_FE_76": {"avail": 1.0, "util": 0.9345738156402601, "br": 0.0}, "Planar_FE_77": {"avail": 1.0, "util": 0.8949524404637923, "br": 0.0}, "Planar_FE_78": {"avail": 1.0, "util": 0.7419981948205235, "br": 0.0}, "Planar_FE_79": {"avail": 1.0, "util": 0.90646393112546, "br": 0.0}, "Planar_FE_80": {"avail": 1.0, "util": 0.6467402624453239, "br": 0.0}, "TF_BE_2": {"avail": 1.0, "util": 0.26727070749149484, "br": 0.0}, "TF_BE_23": {"avail": 1.0, "util": 0.7646323682566132, "br": 0.0}, "TF_BE_24": {"avail": 1.0, "util": 0.28577379712559886, "br": 0.0}, "TF_BE_26": {"avail": 1.0, "util": 0.6566641209007382, "br": 0.0}, "TF_BE_40": {"avail": 1.0, "util": 0.7450183989446643, "br": 0.0}, "TF_FE_103": {"avail": 1.0, "util": 0.7400715128792613, "br": 0.0}, "TF_FE_104": {"avail": 1.0, "util": 0.8786363951954453, "br": 0.0}, "TF_FE_113": {"avail": 1.0, "util": 0.49340415191279596, "br": 0.0}, "TF_FE_131": {"avail": 1.0, "util": 0.461593649471175, "br": 0.0}, "TF_FE_3": {"avail": 1.0, "util": 0.6678122613344443, "br": 0.0}, "TF_FE_5": {"avail": 1.0, "util": 0.6722731375407901, "br": 0.0}, "TF_Met_FE_45": {"avail": 1.0, "util": 0.10553356939526487, "br": 0.0}, "TF_Met_FE_61": {"avail": 1.0, "util": 0.9988544053322225, "br": 0.0}, "WE_BE_14": {"avail": 1.0, "util": 0.0424078317017288, "br": 0.0}, "WE_BE_16": {"avail": 1.0, "util": 0.045607782329298685, "br": 0.0}, "WE_BE_17": {"avail": 1.0, "util": 0.037145039227938624, "br": 0.0}, "WE_BE_7": {"avail": 1.0, "util": 0.005762688328820384, "br": 0.0}, "WE_BE_81": {"avail": 1.0, "util": 0.05723344673563378, "br": 0.0}, "WE_BE_82": {"avail": 1.0, "util": 0.07049920155523155, "br": 0.0}, "WE_BE_9": {"avail": 1.0, "util": 0.053798315827059844, "br": 0.0}, "WE_FE_108": {"avail": 1.0, "util": 0.044591900496920286, "br": 0.0}, "WE_FE_41": {"avail": 1.0, "util": 0.037797681038672495, "br": 0.0}, "WE_FE_47": {"avail": 1.0, "util": 0.034460413339813464, "br": 0.0}, "WE_FE_8": {"avail": 1.0, "util": 0.04627508158022634, "br": 0.0}, "WE_FE_83": {"avail": 1.0, "util": 0.04232253201218, "br": 0.0}, "WE_FE_84": {"avail": 1.0, "util": 0.042888441451240863, "br": 0.0}, "WE_FE_85": {"avail": 1.0, "util": 0.023988058043463167, "br": 0.0}}, "plugins": {"cost": 448200.0}}