{"lots": {}, "machines": {"DE_BE_11": {"avail": 1.0, "util": 0.6364926570406023, "br": 0.0}, "DE_BE_12": {"avail": 1.0, "util": 0.9306473792775163, "br": 0.0}, "DE_BE_13": {"avail": 1.0, "util": 0.63538433058981, "br": 0.0}, "DE_BE_48": {"avail": 1.0, "util": 0.764792501093871, "br": 0.0}, "DE_BE_50": {"avail": 1.0, "util": 0.8721121806738245, "br": 0.0}, "DE_BE_65": {"avail": 1.0, "util": 0.6818854969539901, "br": 0.0}, "DE_BE_66": {"avail": 1.0, "util": 0.7101563691007688, "br": 0.0}, "DE_BE_67": {"avail": 1.0, "util": 0.5980192521288412, "br": 0.0}, "DE_BE_69": {"avail": 1.0, "util": 0.37001727755152414, "br": 0.0}, "DE_FE_1": {"avail": 1.0, "util": 0.759552017771196, "br": 0.0}, "DE_FE_51": {"avail": 1.0, "util": 0.4697843391336542, "br": 0.0}, "DE_FE_53": {"avail": 1.0, "util": 0.18208071084783414, "br": 0.0}, "DE_FE_54": {"avail": 1.0, "util": 0.5438726397630507, "br": 0.0}, "DE_FE_56": {"avail": 1.0, "util": 0.7935949648278415, "br": 0.0}, "DE_FE_58": {"avail": 1.0, "util": 0.9859311366160681, "br": 0.0}, "DE_FE_59": {"avail": 1.0, "util": 0.9021080155497964, "br": 0.0}, "DE_FE_62": {"avail": 1.0, "util": 0.887367423829954, "br": 0.0}, "DE_FE_70": {"avail": 1.0, "util": 0.8054003567702197, "br": 0.0}, "DE_FE_71": {"avail": 1.0, "util": 0.8330042371138261, "br": 0.0}, "DE_FE_72": {"avail": 1.0, "util": 0.2609639527447747, "br": 0.0}, "DE_FE_86": {"avail": 1.0, "util": 0.7698537578674565, "br": 0.0}, "DefMEt_FE_118": {"avail": 1.0, "util": 0.411653091447612, "br": 0.0}, "DefMet_BE_33": {"avail": 1.0, "util": 0.8975842280636801, "br": 0.0}, "DefMet_BE_42": {"avail": 1.0, "util": 0.9452054794520548, "br": 0.0}, "DefMet_FE_10": {"avail": 1.0, "util": 0.2894298407997038, "br": 0.0}, "DefMet_FE_106": {"avail": 1.0, "util": 0.17086264346538318, "br": 0.0}, "DefMet_FE_34": {"avail": 1.0, "util": 0.49435394298408, "br": 0.0}, "DefMet_FE_43": {"avail": 1.0, "util": 0.8298222880414661, "br": 0.0}, "Delay_32": {"avail": 1.0, "util": 0.19002383376527213, "br": 0.0}, "Dielectric_BE_20": {"avail": 1.0, "util": 0.8187708256201407, "br": 0.0}, "Dielectric_BE_21": {"avail": 1.0, "util": 0.8561026780204863, "br": 0.0}, "Dielectric_BE_27": {"avail": 1.0, "util": 0.9341833271627792, "br": 0.0}, "Dielectric_BE_28": {"avail": 1.0, "util": 0.9129951869677897, "br": 0.0}, "Dielectric_BE_60": {"avail": 1.0, "util": 0.9376311242749599, "br": 0.0}, "Dielectric_FE_112": {"avail": 1.0, "util": 0.6808692253897733, "br": 0.0}, "Dielectric_FE_130": {"avail": 1.0, "util": 0.5826545723805998, "br": 0.0}, "Dielectric_FE_29": {"avail": 1.0, "util": 0.7732629890164138, "br": 0.0}, "Dielectric_FE_30": {"avail": 1.0, "util": 0.9340522028878193, "br": 0.0}, "Dielectric_FE_31": {"avail": 1.0, "util": 0.3890225842280637, "br": 0.0}, "Diffusion_BE_123": {"avail": 1.0, "util": 0.0, "br": 0.0}, "Diffusion_FE_100": {"avail": 1.0, "util": 0.0, "br": 0.0}, "Diffusion_FE_101": {"avail": 1.0, "util": 0.0, "br": 0.0}, "Diffusion_FE_120": {"avail": 1.0, "util": 0.0, "br": 0.0}, "Diffusion_FE_122": {"avail": 1.0, "util": 0.0, "br": 0.0}, "Diffusion_FE_125": {"avail": 1.0, "util": 0.0, "br": 0.0}, "Diffusion_FE_126": {"avail": 1.0, "util": 0.0, "br": 0.0}, "Diffusion_FE_127": {"avail": 1.0, "util": 0.0, "br": 0.0}, "Diffusion_FE_44": {"avail": 1.0, "util": 0.0, "br": 0.0}, "Diffusion_FE_94": {"avail": 1.0, "util": 0.0, "br": 0.0}, "EPI_36": {"avail": 1.0, "util": 0.012032580525731211, "br": 0.0}, "EPI_38": {"avail": 1.0, "util": 0.405775638652351, "br": 0.0}, "Implant_119": {"avail": 1.0, "util": 0.079415031469826, "br": 0.0}, "Implant_128": {"avail": 1.0, "util": 0.039808488438625424, "br": 0.0}, "Implant_132": {"avail": 1.0, "util": 0.03957528957528957, "br": 0.0}, "Implant_74": {"avail": 1.0, "util": 0.02239911144020733, "br": 0.0}, "Implant_88": {"avail": 1.0, "util": 0.0, "br": 0.0}, "Implant_90": {"avail": 1.0, "util": 0.05983894853757867, "br": 0.0}, "Implant_91": {"avail": 1.0, "util": 0.050682286983656843, "br": 0.0}, "LithoMet_BE_18": {"avail": 1.0, "util": 0.9568846555147925, "br": 0.0}, "LithoMet_FE_19": {"avail": 1.0, "util": 0.9634130216321998, "br": 0.0}, "LithoTrack_BE_117": {"avail": 1.0, "util": 0.09179933358015549, "br": 0.0}, "LithoTrack_FE_115": {"avail": 1.0, "util": 0.05864133428450167, "br": 0.0}, "LithoTrack_FE_95": {"avail": 1.0, "util": 0.09651980747871158, "br": 0.0}, "LithoTrack_FE_96": {"avail": 1.0, "util": 0.020131432802665678, "br": 0.0}, "Litho_BE_110": {"avail": 1.0, "util": 0.08469487951322377, "br": 0.0}, "Litho_BE_93": {"avail": 1.0, "util": 0.09248889300259164, "br": 0.0}, "Litho_BE_99": {"avail": 1.0, "util": 0.1648155004319388, "br": 0.0}, "Litho_FE_111": {"avail": 1.0, "util": 0.12565716401332838, "br": 0.0}, "Litho_FE_35": {"avail": 1.0, "util": 0.0503054424287301, "br": 0.0}, "Litho_FE_92": {"avail": 1.0, "util": 0.09256187167146071, "br": 0.0}, "Litho_FE_98": {"avail": 1.0, "util": 0.03792576823398741, "br": 0.0}, "Litho_REG_BE_63": {"avail": 1.0, "util": 0.948074787115883, "br": 0.0}, "Litho_REG_FE_64": {"avail": 1.0, "util": 0.9561427866222386, "br": 0.0}, "Planar_BE_75": {"avail": 1.0, "util": 0.7994195271592531, "br": 0.0}, "Planar_FE_76": {"avail": 1.0, "util": 0.9249814883376527, "br": 0.0}, "Planar_FE_77": {"avail": 1.0, "util": 0.9616808589411329, "br": 0.0}, "Planar_FE_78": {"avail": 1.0, "util": 0.28290447982228806, "br": 0.0}, "Planar_FE_79": {"avail": 1.0, "util": 0.21147260273972604, "br": 0.0}, "Planar_FE_80": {"avail": 1.0, "util": 0.42910033320992225, "br": 0.0}, "TF_BE_2": {"avail": 1.0, "util": 0.7104776008885598, "br": 0.0}, "TF_BE_23": {"avail": 1.0, "util": 0.6617192045274237, "br": 0.0}, "TF_BE_24": {"avail": 1.0, "util": 0.9540216586449464, "br": 0.0}, "TF_BE_26": {"avail": 1.0, "util": 0.7789351522228235, "br": 0.0}, "TF_BE_40": {"avail": 1.0, "util": 0.8215421303656597, "br": 0.0}, "TF_FE_103": {"avail": 1.0, "util": 0.9106415613264929, "br": 0.0}, "TF_FE_104": {"avail": 1.0, "util": 0.6869677897075157, "br": 0.0}, "TF_FE_113": {"avail": 1.0, "util": 0.14994446501295816, "br": 0.0}, "TF_FE_131": {"avail": 1.0, "util": 0.9461464889547081, "br": 0.0}, "TF_FE_3": {"avail": 1.0, "util": 0.5971862273232136, "br": 0.0}, "TF_FE_5": {"avail": 1.0, "util": 0.48006911020609655, "br": 0.0}, "TF_Met_FE_45": {"avail": 1.0, "util": 0.11838208071084784, "br": 0.0}, "TF_Met_FE_61": {"avail": 1.0, "util": 0.9874583487597186, "br": 0.0}, "WE_BE_14": {"avail": 1.0, "util": 0.04626064420584969, "br": 0.0}, "WE_BE_16": {"avail": 1.0, "util": 0.03785634950018512, "br": 0.0}, "WE_BE_17": {"avail": 1.0, "util": 0.04179007774898186, "br": 0.0}, "WE_BE_7": {"avail": 1.0, "util": 0.0228619029988893, "br": 0.0}, "WE_BE_81": {"avail": 1.0, "util": 0.04689621127977293, "br": 0.0}, "WE_BE_82": {"avail": 1.0, "util": 0.051195030647085436, "br": 0.0}, "WE_BE_9": {"avail": 1.0, "util": 0.05860792299148464, "br": 0.0}, "WE_FE_108": {"avail": 1.0, "util": 0.04236298178197092, "br": 0.0}, "WE_FE_41": {"avail": 1.0, "util": 0.03720844131803036, "br": 0.0}, "WE_FE_47": {"avail": 1.0, "util": 0.037578674564975934, "br": 0.0}, "WE_FE_8": {"avail": 1.0, "util": 0.02165864494631618, "br": 0.0}, "WE_FE_83": {"avail": 1.0, "util": 0.04254597062816241, "br": 0.0}, "WE_FE_84": {"avail": 1.0, "util": 0.04654049698368796, "br": 0.0}, "WE_FE_85": {"avail": 1.0, "util": 0.033922621251388375, "br": 0.0}}, "plugins": {"cost": 429200}}