{"lots": {}, "machines": {"DE_BE_11": {"avail": 1.0, "util": 0.7916149777506218, "br": 0.0}, "DE_BE_12": {"avail": 1.0, "util": 0.5677069694733416, "br": 0.0}, "DE_BE_13": {"avail": 1.0, "util": 0.7442605719559561, "br": 0.0}, "DE_BE_48": {"avail": 1.0, "util": 0.7247882928602808, "br": 0.0}, "DE_BE_50": {"avail": 1.0, "util": 0.751108148641893, "br": 0.0}, "DE_BE_65": {"avail": 1.0, "util": 0.7393262739038443, "br": 0.0}, "DE_BE_66": {"avail": 1.0, "util": 0.7508944587666762, "br": 0.0}, "DE_BE_67": {"avail": 1.0, "util": 0.7910752248362646, "br": 0.0}, "DE_BE_69": {"avail": 1.0, "util": 0.293099298265104, "br": 0.0}, "DE_FE_1": {"avail": 1.0, "util": 0.9066155640726545, "br": 0.0}, "DE_FE_51": {"avail": 1.0, "util": 0.38280008887407657, "br": 0.0}, "DE_FE_53": {"avail": 1.0, "util": 0.11022607343220575, "br": 0.0}, "DE_FE_54": {"avail": 1.0, "util": 0.9812438667629468, "br": 0.0}, "DE_FE_56": {"avail": 1.0, "util": 0.9556462811753597, "br": 0.0}, "DE_FE_58": {"avail": 1.0, "util": 0.882325168027551, "br": 0.0}, "DE_FE_59": {"avail": 1.0, "util": 0.8603149475087486, "br": 0.0}, "DE_FE_62": {"avail": 1.0, "util": 0.6368219675805666, "br": 0.0}, "DE_FE_70": {"avail": 1.0, "util": 0.8748087439972125, "br": 0.0}, "DE_FE_71": {"avail": 1.0, "util": 0.742345411567208, "br": 0.0}, "DE_FE_72": {"avail": 1.0, "util": 0.5656582488777123, "br": 0.0}, "DE_FE_86": {"avail": 1.0, "util": 0.7168908760027755, "br": 0.0}, "DefMEt_FE_118": {"avail": 1.0, "util": 0.24873632172415708, "br": 0.0}, "DefMet_BE_33": {"avail": 1.0, "util": 0.9378159195689607, "br": 0.0}, "DefMet_BE_42": {"avail": 1.0, "util": 0.9848914069877243, "br": 0.0}, "DefMet_FE_10": {"avail": 1.0, "util": 0.4669221796367272, "br": 0.0}, "DefMet_FE_106": {"avail": 1.0, "util": 0.1045936788313059, "br": 0.0}, "DefMet_FE_34": {"avail": 1.0, "util": 0.47975337443759375, "br": 0.0}, "DefMet_FE_43": {"avail": 1.0, "util": 0.864422596233961, "br": 0.0}, "Delay_32": {"avail": 1.0, "util": 0.3028409154029884, "br": 0.0}, "Dielectric_BE_20": {"avail": 1.0, "util": 0.6231072599011276, "br": 0.0}, "Dielectric_BE_21": {"avail": 1.0, "util": 0.9339554518691329, "br": 0.0}, "Dielectric_BE_27": {"avail": 1.0, "util": 0.8902544020441038, "br": 0.0}, "Dielectric_BE_28": {"avail": 1.0, "util": 0.9535077487085486, "br": 0.0}, "Dielectric_BE_60": {"avail": 1.0, "util": 0.847229165509452, "br": 0.0}, "Dielectric_FE_112": {"avail": 1.0, "util": 0.6226678269671104, "br": 0.0}, "Dielectric_FE_130": {"avail": 1.0, "util": 0.34763650502693993, "br": 0.0}, "Dielectric_FE_29": {"avail": 1.0, "util": 0.36227295450758207, "br": 0.0}, "Dielectric_FE_30": {"avail": 1.0, "util": 0.9969727267677609, "br": 0.0}, "Dielectric_FE_31": {"avail": 1.0, "util": 0.37192412375715156, "br": 0.0}, "Diffusion_BE_123": {"avail": 1.0, "util": 0.0, "br": 0.0}, "Diffusion_FE_100": {"avail": 1.0, "util": 0.0, "br": 0.0}, "Diffusion_FE_101": {"avail": 1.0, "util": 0.0, "br": 0.0}, "Diffusion_FE_120": {"avail": 1.0, "util": 0.0, "br": 0.0}, "Diffusion_FE_122": {"avail": 1.0, "util": 0.0, "br": 0.0}, "Diffusion_FE_125": {"avail": 1.0, "util": 0.0, "br": 0.0}, "Diffusion_FE_126": {"avail": 1.0, "util": 0.0, "br": 0.0}, "Diffusion_FE_127": {"avail": 1.0, "util": 0.0, "br": 0.0}, "Diffusion_FE_44": {"avail": 1.0, "util": 0.0, "br": 0.0}, "Diffusion_FE_94": {"avail": 1.0, "util": 0.0, "br": 0.0}, "EPI_36": {"avail": 1.0, "util": 0.008637449314003221, "br": 0.0}, "EPI_38": {"avail": 1.0, "util": 0.2650669332888963, "br": 0.0}, "Implant_119": {"avail": 1.0, "util": 0.01127589846136755, "br": 0.0}, "Implant_128": {"avail": 1.0, "util": 0.0363979740750279, "br": 0.0}, "Implant_132": {"avail": 1.0, "util": 0.019599907951849294, "br": 0.0}, "Implant_74": {"avail": 1.0, "util": 0.013553296672776759, "br": 0.0}, "Implant_88": {"avail": 1.0, "util": 0.0056657223796034, "br": 0.0}, "Implant_90": {"avail": 1.0, "util": 0.022079653391101482, "br": 0.0}, "Implant_91": {"avail": 1.0, "util": 0.047452408725529874, "br": 0.0}, "LithoMet_BE_18": {"avail": 1.0, "util": 0.9711462231042302, "br": 0.0}, "LithoMet_FE_19": {"avail": 1.0, "util": 0.9591377627538267, "br": 0.0}, "LithoTrack_BE_117": {"avail": 1.0, "util": 0.0670777092706771, "br": 0.0}, "LithoTrack_FE_115": {"avail": 1.0, "util": 0.044661933038260555, "br": 0.0}, "LithoTrack_FE_95": {"avail": 1.0, "util": 0.06461284230406043, "br": 0.0}, "LithoTrack_FE_96": {"avail": 1.0, "util": 0.012053546631117035, "br": 0.0}, "Litho_BE_110": {"avail": 1.0, "util": 0.06115405886458537, "br": 0.0}, "Litho_BE_93": {"avail": 1.0, "util": 0.06466977725934567, "br": 0.0}, "Litho_BE_99": {"avail": 1.0, "util": 0.09865022496250625, "br": 0.0}, "Litho_FE_111": {"avail": 1.0, "util": 0.08666333388879631, "br": 0.0}, "Litho_FE_35": {"avail": 1.0, "util": 0.023440537688163083, "br": 0.0}, "Litho_FE_92": {"avail": 1.0, "util": 0.06971701297646973, "br": 0.0}, "Litho_FE_98": {"avail": 1.0, "util": 0.031092040215519635, "br": 0.0}, "Litho_REG_BE_63": {"avail": 1.0, "util": 0.955549075154141, "br": 0.0}, "Litho_REG_FE_64": {"avail": 1.0, "util": 0.9638208446740358, "br": 0.0}, "Planar_BE_75": {"avail": 1.0, "util": 0.8864355940676554, "br": 0.0}, "Planar_FE_76": {"avail": 1.0, "util": 0.9329278453591068, "br": 0.0}, "Planar_FE_77": {"avail": 1.0, "util": 0.8652724545909015, "br": 0.0}, "Planar_FE_78": {"avail": 1.0, "util": 0.4237349330667111, "br": 0.0}, "Planar_FE_79": {"avail": 1.0, "util": 0.2564989168471921, "br": 0.0}, "Planar_FE_80": {"avail": 1.0, "util": 0.2614286507804255, "br": 0.0}, "TF_BE_2": {"avail": 1.0, "util": 0.47647614286507806, "br": 0.0}, "TF_BE_23": {"avail": 1.0, "util": 0.4316423453233985, "br": 0.0}, "TF_BE_24": {"avail": 1.0, "util": 0.8686330056101761, "br": 0.0}, "TF_BE_26": {"avail": 1.0, "util": 0.7417908980981802, "br": 0.0}, "TF_BE_40": {"avail": 1.0, "util": 0.6806120548536029, "br": 0.0}, "TF_FE_103": {"avail": 1.0, "util": 0.6297839249014053, "br": 0.0}, "TF_FE_104": {"avail": 1.0, "util": 0.687940898739099, "br": 0.0}, "TF_FE_113": {"avail": 1.0, "util": 0.08576348386380048, "br": 0.0}, "TF_FE_131": {"avail": 1.0, "util": 0.8533670314206891, "br": 0.0}, "TF_FE_3": {"avail": 1.0, "util": 0.3560517691495862, "br": 0.0}, "TF_FE_5": {"avail": 1.0, "util": 0.2854339091632876, "br": 0.0}, "TF_Met_FE_45": {"avail": 1.0, "util": 0.07026606676665001, "br": 0.0}, "TF_Met_FE_61": {"avail": 1.0, "util": 0.9940287729822808, "br": 0.0}, "WE_BE_14": {"avail": 1.0, "util": 0.03739376770538244, "br": 0.0}, "WE_BE_16": {"avail": 1.0, "util": 0.03300838749097373, "br": 0.0}, "WE_BE_17": {"avail": 1.0, "util": 0.031966894406487804, "br": 0.0}, "WE_BE_7": {"avail": 1.0, "util": 0.025162472921179804, "br": 0.0}, "WE_BE_81": {"avail": 1.0, "util": 0.040122942472550875, "br": 0.0}, "WE_BE_82": {"avail": 1.0, "util": 0.04562819776950755, "br": 0.0}, "WE_BE_9": {"avail": 1.0, "util": 0.0448591901349775, "br": 0.0}, "WE_FE_108": {"avail": 1.0, "util": 0.037235173448103474, "br": 0.0}, "WE_FE_41": {"avail": 1.0, "util": 0.0281508637449314, "br": 0.0}, "WE_FE_47": {"avail": 1.0, "util": 0.034305393545520195, "br": 0.0}, "WE_FE_8": {"avail": 1.0, "util": 0.028856301727489864, "br": 0.0}, "WE_FE_83": {"avail": 1.0, "util": 0.04072469403247607, "br": 0.0}, "WE_FE_84": {"avail": 1.0, "util": 0.03381135823767934, "br": 0.0}, "WE_FE_85": {"avail": 1.0, "util": 0.02999500083319447, "br": 0.0}}, "plugins": {"cost": 429025.12892361113}}