{"lots": {}, "machines": {"DE_BE_11": {"avail": 1.0, "util": 0.7968192245573971, "br": 0.0}, "DE_BE_12": {"avail": 1.0, "util": 0.940018781329771, "br": 0.0}, "DE_BE_13": {"avail": 1.0, "util": 0.882518000470042, "br": 0.0}, "DE_BE_48": {"avail": 1.0, "util": 0.8660982568954052, "br": 0.0}, "DE_BE_50": {"avail": 1.0, "util": 0.9133182112767336, "br": 0.0}, "DE_BE_65": {"avail": 1.0, "util": 0.8539192499011035, "br": 0.0}, "DE_BE_66": {"avail": 1.0, "util": 0.6961011235343133, "br": 0.0}, "DE_BE_67": {"avail": 1.0, "util": 0.8128414035737431, "br": 0.0}, "DE_BE_69": {"avail": 1.0, "util": 0.24406690738511866, "br": 0.0}, "DE_FE_1": {"avail": 1.0, "util": 0.7596611424868068, "br": 0.0}, "DE_FE_51": {"avail": 1.0, "util": 0.3208915841125822, "br": 0.0}, "DE_FE_53": {"avail": 1.0, "util": 0.18443662623831125, "br": 0.0}, "DE_FE_54": {"avail": 1.0, "util": 0.8146313612937074, "br": 0.0}, "DE_FE_56": {"avail": 1.0, "util": 0.8937135450421257, "br": 0.0}, "DE_FE_58": {"avail": 1.0, "util": 0.9815063420053699, "br": 0.0}, "DE_FE_59": {"avail": 1.0, "util": 0.8453673270993427, "br": 0.0}, "DE_FE_62": {"avail": 1.0, "util": 0.8038307999803941, "br": 0.0}, "DE_FE_70": {"avail": 1.0, "util": 0.7812997113061922, "br": 0.0}, "DE_FE_71": {"avail": 1.0, "util": 0.8175117530269832, "br": 0.0}, "DE_FE_72": {"avail": 1.0, "util": 0.6705313481074985, "br": 0.0}, "DE_FE_86": {"avail": 1.0, "util": 0.7163464933410121, "br": 0.0}, "DefMEt_FE_118": {"avail": 1.0, "util": 0.20653180261086937, "br": 0.0}, "DefMet_BE_33": {"avail": 1.0, "util": 0.9298213128414036, "br": 0.0}, "DefMet_BE_42": {"avail": 1.0, "util": 0.9827793722803444, "br": 0.0}, "DefMet_FE_10": {"avail": 1.0, "util": 0.43530691602629384, "br": 0.0}, "DefMet_FE_106": {"avail": 1.0, "util": 0.08753819090824924, "br": 0.0}, "DefMet_FE_34": {"avail": 1.0, "util": 0.4824090362003518, "br": 0.0}, "DefMet_FE_43": {"avail": 1.0, "util": 0.8846403110823072, "br": 0.0}, "Delay_32": {"avail": 1.0, "util": 0.2752656004073697, "br": 0.0}, "Dielectric_BE_20": {"avail": 1.0, "util": 0.6401351726691973, "br": 0.0}, "Dielectric_BE_21": {"avail": 1.0, "util": 0.9567864086658643, "br": 0.0}, "Dielectric_BE_27": {"avail": 1.0, "util": 0.901201277659476, "br": 0.0}, "Dielectric_BE_28": {"avail": 1.0, "util": 0.9261333827114773, "br": 0.0}, "Dielectric_BE_60": {"avail": 1.0, "util": 0.8602135604727956, "br": 0.0}, "Dielectric_FE_112": {"avail": 1.0, "util": 0.5719017786418953, "br": 0.0}, "Dielectric_FE_130": {"avail": 1.0, "util": 0.29220674011665587, "br": 0.0}, "Dielectric_FE_29": {"avail": 1.0, "util": 0.4745856865105083, "br": 0.0}, "Dielectric_FE_30": {"avail": 1.0, "util": 0.9317192852513656, "br": 0.0}, "Dielectric_FE_31": {"avail": 1.0, "util": 0.3096704008888066, "br": 0.0}, "Diffusion_BE_123": {"avail": 1.0, "util": 0.0, "br": 0.0}, "Diffusion_FE_100": {"avail": 1.0, "util": 0.0, "br": 0.0}, "Diffusion_FE_101": {"avail": 1.0, "util": 0.0, "br": 0.0}, "Diffusion_FE_120": {"avail": 1.0, "util": 0.0, "br": 0.0}, "Diffusion_FE_122": {"avail": 1.0, "util": 0.0, "br": 0.0}, "Diffusion_FE_125": {"avail": 1.0, "util": 0.0, "br": 0.0}, "Diffusion_FE_126": {"avail": 1.0, "util": 0.0, "br": 0.0}, "Diffusion_FE_127": {"avail": 1.0, "util": 0.0, "br": 0.0}, "Diffusion_FE_44": {"avail": 1.0, "util": 0.0, "br": 0.0}, "Diffusion_FE_94": {"avail": 1.0, "util": 0.0, "br": 0.0}, "EPI_36": {"avail": 1.0, "util": 0.009536154059809277, "br": 0.0}, "EPI_38": {"avail": 1.0, "util": 0.2202110915655958, "br": 0.0}, "Implant_119": {"avail": 1.0, "util": 0.020299046384594018, "br": 0.0}, "Implant_128": {"avail": 1.0, "util": 0.03148698352846117, "br": 0.0}, "Implant_132": {"avail": 1.0, "util": 0.02134722975385877, "br": 0.0}, "Implant_74": {"avail": 1.0, "util": 0.011248958429775021, "br": 0.0}, "Implant_88": {"avail": 1.0, "util": 0.009489862049810203, "br": 0.0}, "Implant_90": {"avail": 1.0, "util": 0.022335894824553282, "br": 0.0}, "Implant_91": {"avail": 1.0, "util": 0.04244316002486542, "br": 0.0}, "LithoMet_BE_18": {"avail": 1.0, "util": 0.9726540471841834, "br": 0.0}, "LithoMet_FE_19": {"avail": 1.0, "util": 0.9654165619585489, "br": 0.0}, "LithoTrack_BE_117": {"avail": 1.0, "util": 0.06336450328673271, "br": 0.0}, "LithoTrack_FE_115": {"avail": 1.0, "util": 0.03951756951140477, "br": 0.0}, "LithoTrack_FE_95": {"avail": 1.0, "util": 0.05800273122858994, "br": 0.0}, "LithoTrack_FE_96": {"avail": 1.0, "util": 0.010161096194796777, "br": 0.0}, "Litho_BE_110": {"avail": 1.0, "util": 0.05398855983544197, "br": 0.0}, "Litho_BE_93": {"avail": 1.0, "util": 0.06046893806129062, "br": 0.0}, "Litho_BE_99": {"avail": 1.0, "util": 0.08485325432830293, "br": 0.0}, "Litho_FE_111": {"avail": 1.0, "util": 0.07701601703545968, "br": 0.0}, "Litho_FE_35": {"avail": 1.0, "util": 0.025020831404499583, "br": 0.0}, "Litho_FE_92": {"avail": 1.0, "util": 0.06149003297415482, "br": 0.0}, "Litho_FE_98": {"avail": 1.0, "util": 0.02568049254698639, "br": 0.0}, "Litho_REG_BE_63": {"avail": 1.0, "util": 0.9639385242107212, "br": 0.0}, "Litho_REG_FE_64": {"avail": 1.0, "util": 0.9634177390982317, "br": 0.0}, "Planar_BE_75": {"avail": 1.0, "util": 0.7905352678984751, "br": 0.0}, "Planar_FE_76": {"avail": 1.0, "util": 0.9244282936765115, "br": 0.0}, "Planar_FE_77": {"avail": 1.0, "util": 0.9600962873807981, "br": 0.0}, "Planar_FE_78": {"avail": 1.0, "util": 0.35367095639292656, "br": 0.0}, "Planar_FE_79": {"avail": 1.0, "util": 0.21605638366817886, "br": 0.0}, "Planar_FE_80": {"avail": 1.0, "util": 0.21611424868067772, "br": 0.0}, "TF_BE_2": {"avail": 1.0, "util": 0.39947690028701044, "br": 0.0}, "TF_BE_23": {"avail": 1.0, "util": 0.35996336318065786, "br": 0.0}, "TF_BE_24": {"avail": 1.0, "util": 0.8392972872882141, "br": 0.0}, "TF_BE_26": {"avail": 1.0, "util": 0.6484762806862613, "br": 0.0}, "TF_BE_40": {"avail": 1.0, "util": 0.5786092790972513, "br": 0.0}, "TF_FE_103": {"avail": 1.0, "util": 0.5249249408123586, "br": 0.0}, "TF_FE_104": {"avail": 1.0, "util": 0.6507267845569855, "br": 0.0}, "TF_FE_113": {"avail": 1.0, "util": 0.07499305619850014, "br": 0.0}, "TF_FE_131": {"avail": 1.0, "util": 0.9409468259111811, "br": 0.0}, "TF_FE_3": {"avail": 1.0, "util": 0.29924698330401506, "br": 0.0}, "TF_FE_5": {"avail": 1.0, "util": 0.24027096256519456, "br": 0.0}, "TF_Met_FE_45": {"avail": 1.0, "util": 0.05939264882881215, "br": 0.0}, "TF_Met_FE_61": {"avail": 1.0, "util": 0.992847884455143, "br": 0.0}, "WE_BE_14": {"avail": 1.0, "util": 0.04306082770113879, "br": 0.0}, "WE_BE_16": {"avail": 1.0, "util": 0.038995231922970094, "br": 0.0}, "WE_BE_17": {"avail": 1.0, "util": 0.04726414220905472, "br": 0.0}, "WE_BE_7": {"avail": 1.0, "util": 0.020785112489584298, "br": 0.0}, "WE_BE_81": {"avail": 1.0, "util": 0.04331389068913372, "br": 0.0}, "WE_BE_82": {"avail": 1.0, "util": 0.043766523675791334, "br": 0.0}, "WE_BE_9": {"avail": 1.0, "util": 0.042838626053143224, "br": 0.0}, "WE_FE_108": {"avail": 1.0, "util": 0.03764657806269535, "br": 0.0}, "WE_FE_41": {"avail": 1.0, "util": 0.028738079807425237, "br": 0.0}, "WE_FE_47": {"avail": 1.0, "util": 0.03407091935931858, "br": 0.0}, "WE_FE_8": {"avail": 1.0, "util": 0.029997222479400055, "br": 0.0}, "WE_FE_83": {"avail": 1.0, "util": 0.03798259420424035, "br": 0.0}, "WE_FE_84": {"avail": 1.0, "util": 0.03223830037523759, "br": 0.0}, "WE_FE_85": {"avail": 1.0, "util": 0.025020831404499583, "br": 0.0}}, "plugins": {"cost": 428425.13149305555}}