{"lots": {}, "machines": {"DE_BE_11": {"avail": 1.0, "util": 0.7654123854484866, "br": 0.0}, "DE_BE_12": {"avail": 1.0, "util": 0.7062467215896818, "br": 0.0}, "DE_BE_13": {"avail": 1.0, "util": 0.8190218325597387, "br": 0.0}, "DE_BE_48": {"avail": 1.0, "util": 0.9183768397667315, "br": 0.0}, "DE_BE_50": {"avail": 1.0, "util": 0.8349223980992935, "br": 0.0}, "DE_BE_65": {"avail": 1.0, "util": 0.7696309848571475, "br": 0.0}, "DE_BE_66": {"avail": 1.0, "util": 0.720991245121969, "br": 0.0}, "DE_BE_67": {"avail": 1.0, "util": 0.825423493474035, "br": 0.0}, "DE_BE_69": {"avail": 1.0, "util": 0.8328242154956956, "br": 0.0}, "DE_FE_1": {"avail": 1.0, "util": 0.5641190939024874, "br": 0.0}, "DE_FE_51": {"avail": 1.0, "util": 0.5928031687104459, "br": 0.0}, "DE_FE_53": {"avail": 1.0, "util": 0.6894890308247709, "br": 0.0}, "DE_FE_54": {"avail": 1.0, "util": 0.8152318800333241, "br": 0.0}, "DE_FE_56": {"avail": 1.0, "util": 0.7443418494862538, "br": 0.0}, "DE_FE_58": {"avail": 1.0, "util": 0.4886142738128298, "br": 0.0}, "DE_FE_59": {"avail": 1.0, "util": 0.7016986022401185, "br": 0.0}, "DE_FE_62": {"avail": 1.0, "util": 0.9187725631768953, "br": 0.0}, "DE_FE_70": {"avail": 1.0, "util": 0.9083107256531305, "br": 0.0}, "DE_FE_71": {"avail": 1.0, "util": 0.6984171063593446, "br": 0.0}, "DE_FE_72": {"avail": 1.0, "util": 0.9295488907402265, "br": 0.0}, "DE_FE_86": {"avail": 1.0, "util": 0.654287903565882, "br": 0.0}, "DefMEt_FE_118": {"avail": 1.0, "util": 0.37357678422660373, "br": 0.0}, "DefMet_BE_33": {"avail": 1.0, "util": 0.9419605665093029, "br": 0.0}, "DefMet_BE_42": {"avail": 1.0, "util": 0.997917245209664, "br": 0.0}, "DefMet_FE_10": {"avail": 1.0, "util": 0.6638780894196057, "br": 0.0}, "DefMet_FE_106": {"avail": 1.0, "util": 0.39044709802832545, "br": 0.0}, "DefMet_FE_34": {"avail": 1.0, "util": 0.6430505415162455, "br": 0.0}, "DefMet_FE_43": {"avail": 1.0, "util": 0.9537165602147551, "br": 0.0}, "Delay_32": {"avail": 1.0, "util": 0.3749050610941405, "br": 0.0}, "Dielectric_BE_20": {"avail": 1.0, "util": 0.954457095251319, "br": 0.0}, "Dielectric_BE_21": {"avail": 1.0, "util": 0.9658167870036101, "br": 0.0}, "Dielectric_BE_27": {"avail": 1.0, "util": 0.826270480422105, "br": 0.0}, "Dielectric_BE_28": {"avail": 1.0, "util": 0.8219938905859483, "br": 0.0}, "Dielectric_BE_60": {"avail": 1.0, "util": 0.926044848653152, "br": 0.0}, "Dielectric_FE_112": {"avail": 1.0, "util": 0.88789225215218, "br": 0.0}, "Dielectric_FE_130": {"avail": 1.0, "util": 0.8738891974451541, "br": 0.0}, "Dielectric_FE_29": {"avail": 1.0, "util": 0.9709339998148663, "br": 0.0}, "Dielectric_FE_30": {"avail": 1.0, "util": 0.9716051096917523, "br": 0.0}, "Dielectric_FE_31": {"avail": 1.0, "util": 0.923371980005554, "br": 0.0}, "Diffusion_BE_123": {"avail": 1.0, "util": 0.0, "br": 0.0}, "Diffusion_FE_100": {"avail": 1.0, "util": 0.0, "br": 0.0}, "Diffusion_FE_101": {"avail": 1.0, "util": 0.0, "br": 0.0}, "Diffusion_FE_120": {"avail": 1.0, "util": 0.0, "br": 0.0}, "Diffusion_FE_122": {"avail": 1.0, "util": 0.0, "br": 0.0}, "Diffusion_FE_125": {"avail": 1.0, "util": 0.0, "br": 0.0}, "Diffusion_FE_126": {"avail": 1.0, "util": 0.0, "br": 0.0}, "Diffusion_FE_127": {"avail": 1.0, "util": 0.0, "br": 0.0}, "Diffusion_FE_44": {"avail": 1.0, "util": 0.0, "br": 0.0}, "Diffusion_FE_94": {"avail": 1.0, "util": 0.0, "br": 0.0}, "EPI_36": {"avail": 1.0, "util": 0.00899055817828381, "br": 0.0}, "EPI_38": {"avail": 1.0, "util": 0.017633990558178284, "br": 0.0}, "Implant_119": {"avail": 1.0, "util": 0.020723410163843378, "br": 0.0}, "Implant_128": {"avail": 1.0, "util": 0.05202027214662593, "br": 0.0}, "Implant_132": {"avail": 1.0, "util": 0.04531727297972785, "br": 0.0}, "Implant_74": {"avail": 1.0, "util": 0.008435156900860871, "br": 0.0}, "Implant_88": {"avail": 1.0, "util": 0.012565953901693974, "br": 0.0}, "Implant_90": {"avail": 1.0, "util": 0.042314634823660095, "br": 0.0}, "Implant_91": {"avail": 1.0, "util": 0.04656114042395631, "br": 0.0}, "LithoMet_BE_18": {"avail": 1.0, "util": 0.9707292846004315, "br": 0.0}, "LithoMet_FE_19": {"avail": 1.0, "util": 0.9659932426177913, "br": 0.0}, "LithoTrack_BE_117": {"avail": 1.0, "util": 0.11348236600944181, "br": 0.0}, "LithoTrack_FE_115": {"avail": 1.0, "util": 0.05270050258370496, "br": 0.0}, "LithoTrack_FE_95": {"avail": 1.0, "util": 0.06228428611100091, "br": 0.0}, "LithoTrack_FE_96": {"avail": 1.0, "util": 0.003748958622604832, "br": 0.0}, "Litho_BE_110": {"avail": 1.0, "util": 0.07106408934026263, "br": 0.0}, "Litho_BE_93": {"avail": 1.0, "util": 0.06026103860038878, "br": 0.0}, "Litho_BE_99": {"avail": 1.0, "util": 0.20850689623252802, "br": 0.0}, "Litho_FE_111": {"avail": 1.0, "util": 0.10807288379490546, "br": 0.0}, "Litho_FE_35": {"avail": 1.0, "util": 0.06706470424881977, "br": 0.0}, "Litho_FE_92": {"avail": 1.0, "util": 0.10526957999882187, "br": 0.0}, "Litho_FE_98": {"avail": 1.0, "util": 0.11269091918911414, "br": 0.0}, "Litho_REG_BE_63": {"avail": 1.0, "util": 0.9721171202443766, "br": 0.0}, "Litho_REG_FE_64": {"avail": 1.0, "util": 0.967578450430436, "br": 0.0}, "Planar_BE_75": {"avail": 1.0, "util": 0.8002707581227437, "br": 0.0}, "Planar_FE_76": {"avail": 1.0, "util": 0.9281912431731926, "br": 0.0}, "Planar_FE_77": {"avail": 1.0, "util": 0.9008261594001666, "br": 0.0}, "Planar_FE_78": {"avail": 1.0, "util": 0.7406276034434879, "br": 0.0}, "Planar_FE_79": {"avail": 1.0, "util": 0.9075395723410165, "br": 0.0}, "Planar_FE_80": {"avail": 1.0, "util": 0.6483615662316023, "br": 0.0}, "TF_BE_2": {"avail": 1.0, "util": 0.2663149125242988, "br": 0.0}, "TF_BE_23": {"avail": 1.0, "util": 0.769095572867186, "br": 0.0}, "TF_BE_24": {"avail": 1.0, "util": 0.28957234101638435, "br": 0.0}, "TF_BE_26": {"avail": 1.0, "util": 0.6784319170600759, "br": 0.0}, "TF_BE_40": {"avail": 1.0, "util": 0.7470754651485698, "br": 0.0}, "TF_FE_103": {"avail": 1.0, "util": 0.7505380449875034, "br": 0.0}, "TF_FE_104": {"avail": 1.0, "util": 0.8726464870869203, "br": 0.0}, "TF_FE_113": {"avail": 1.0, "util": 0.49954873646209386, "br": 0.0}, "TF_FE_131": {"avail": 1.0, "util": 0.347820049986115, "br": 0.0}, "TF_FE_3": {"avail": 1.0, "util": 0.8382393779505692, "br": 0.0}, "TF_FE_5": {"avail": 1.0, "util": 0.6764093307414607, "br": 0.0}, "TF_Met_FE_45": {"avail": 1.0, "util": 0.10653290752568731, "br": 0.0}, "TF_Met_FE_61": {"avail": 1.0, "util": 0.9788253262982505, "br": 0.0}, "WE_BE_14": {"avail": 1.0, "util": 0.04169675090252708, "br": 0.0}, "WE_BE_16": {"avail": 1.0, "util": 0.045519763028788296, "br": 0.0}, "WE_BE_17": {"avail": 1.0, "util": 0.03700361010830325, "br": 0.0}, "WE_BE_7": {"avail": 1.0, "util": 0.005692863093585116, "br": 0.0}, "WE_BE_81": {"avail": 1.0, "util": 0.05597982042025364, "br": 0.0}, "WE_BE_82": {"avail": 1.0, "util": 0.07026520410996945, "br": 0.0}, "WE_BE_9": {"avail": 1.0, "util": 0.05382433451025509, "br": 0.0}, "WE_FE_108": {"avail": 1.0, "util": 0.04442218431388107, "br": 0.0}, "WE_FE_41": {"avail": 1.0, "util": 0.0378644820883088, "br": 0.0}, "WE_FE_47": {"avail": 1.0, "util": 0.03176201055262427, "br": 0.0}, "WE_FE_8": {"avail": 1.0, "util": 0.04620244376562066, "br": 0.0}, "WE_FE_83": {"avail": 1.0, "util": 0.04227000436386718, "br": 0.0}, "WE_FE_84": {"avail": 1.0, "util": 0.042877750007713905, "br": 0.0}, "WE_FE_85": {"avail": 1.0, "util": 0.024021105248542073, "br": 0.0}}, "plugins": {"cost": 448200.0}}