{"lots": {}, "machines": {"DE_BE_11": {"avail": 1.0, "util": 0.0, "br": 0.0}, "DE_BE_12": {"avail": 1.0, "util": 0.0, "br": 0.0}, "DE_BE_13": {"avail": 1.0, "util": 0.0, "br": 0.0}, "DE_BE_48": {"avail": 1.0, "util": 0.0, "br": 0.0}, "DE_BE_50": {"avail": 1.0, "util": 0.0, "br": 0.0}, "DE_BE_65": {"avail": 1.0, "util": 0.0, "br": 0.0}, "DE_BE_66": {"avail": 1.0, "util": 0.0, "br": 0.0}, "DE_BE_67": {"avail": 1.0, "util": 0.0, "br": 0.0}, "DE_BE_69": {"avail": 1.0, "util": 0.0, "br": 0.0}, "DE_FE_1": {"avail": 1.0, "util": 0.0, "br": 0.0}, "DE_FE_51": {"avail": 1.0, "util": 0.0, "br": 0.0}, "DE_FE_53": {"avail": 1.0, "util": 0.0, "br": 0.0}, "DE_FE_54": {"avail": 1.0, "util": 0.0, "br": 0.0}, "DE_FE_56": {"avail": 1.0, "util": 0.0, "br": 0.0}, "DE_FE_58": {"avail": 1.0, "util": 0.0, "br": 0.0}, "DE_FE_59": {"avail": 1.0, "util": 0.0, "br": 0.0}, "DE_FE_62": {"avail": 1.0, "util": 0.0, "br": 0.0}, "DE_FE_70": {"avail": 1.0, "util": 0.0, "br": 0.0}, "DE_FE_71": {"avail": 1.0, "util": 0.0, "br": 0.0}, "DE_FE_72": {"avail": 1.0, "util": 0.0, "br": 0.0}, "DE_FE_86": {"avail": 1.0, "util": 0.0, "br": 0.0}, "DefMEt_FE_118": {"avail": 1.0, "util": 0.9781345142540825, "br": 0.0}, "DefMet_BE_33": {"avail": 1.0, "util": 0.5408247993357321, "br": 0.0}, "DefMet_BE_42": {"avail": 1.0, "util": 0.9039579296983117, "br": 0.0}, "DefMet_FE_10": {"avail": 1.0, "util": 0.6549958483254913, "br": 0.0}, "DefMet_FE_106": {"avail": 1.0, "util": 0.26238582895101026, "br": 0.0}, "DefMet_FE_34": {"avail": 1.0, "util": 0.5011071132023249, "br": 0.0}, "DefMet_FE_43": {"avail": 1.0, "util": 0.8650982562967063, "br": 0.0}, "Delay_32": {"avail": 1.0, "util": 0.0, "br": 0.0}, "Dielectric_BE_20": {"avail": 1.0, "util": 0.6697481317464711, "br": 0.0}, "Dielectric_BE_21": {"avail": 1.0, "util": 0.6298551526893624, "br": 0.0}, "Dielectric_BE_27": {"avail": 1.0, "util": 0.7865116708183412, "br": 0.0}, "Dielectric_BE_28": {"avail": 1.0, "util": 0.6359442753021496, "br": 0.0}, "Dielectric_BE_60": {"avail": 1.0, "util": 0.710074730141157, "br": 0.0}, "Dielectric_FE_112": {"avail": 1.0, "util": 0.6455085032444567, "br": 0.0}, "Dielectric_FE_130": {"avail": 1.0, "util": 0.8911569332964295, "br": 0.0}, "Dielectric_FE_29": {"avail": 1.0, "util": 0.7846664821477997, "br": 0.0}, "Dielectric_FE_30": {"avail": 1.0, "util": 0.5480210351508442, "br": 0.0}, "Dielectric_FE_31": {"avail": 1.0, "util": 0.8513700525878771, "br": 0.0}, "Diffusion_BE_123": {"avail": 1.0, "util": 0.0, "br": 0.0}, "Diffusion_FE_100": {"avail": 1.0, "util": 0.0, "br": 0.0}, "Diffusion_FE_101": {"avail": 1.0, "util": 0.0, "br": 0.0}, "Diffusion_FE_120": {"avail": 1.0, "util": 0.0, "br": 0.0}, "Diffusion_FE_122": {"avail": 1.0, "util": 0.0, "br": 0.0}, "Diffusion_FE_125": {"avail": 1.0, "util": 0.0, "br": 0.0}, "Diffusion_FE_126": {"avail": 1.0, "util": 0.0, "br": 0.0}, "Diffusion_FE_127": {"avail": 1.0, "util": 0.0, "br": 0.0}, "Diffusion_FE_44": {"avail": 1.0, "util": 0.0, "br": 0.0}, "Diffusion_FE_94": {"avail": 1.0, "util": 0.0, "br": 0.0}, "EPI_36": {"avail": 1.0, "util": 0.014254082479933573, "br": 0.0}, "EPI_38": {"avail": 1.0, "util": 0.9861610849709382, "br": 0.0}, "Implant_119": {"avail": 1.0, "util": 0.06615001383891503, "br": 0.0}, "Implant_128": {"avail": 1.0, "util": 0.06401127242533276, "br": 0.0}, "Implant_132": {"avail": 1.0, "util": 0.044719465422482306, "br": 0.0}, "Implant_74": {"avail": 1.0, "util": 0.0675339053418212, "br": 0.0}, "Implant_88": {"avail": 1.0, "util": 0.0, "br": 0.0}, "Implant_90": {"avail": 1.0, "util": 0.03764184887904788, "br": 0.0}, "Implant_91": {"avail": 1.0, "util": 0.07330670989680123, "br": 0.0}, "LithoMet_BE_18": {"avail": 1.0, "util": 0.8769091412324184, "br": 0.0}, "LithoMet_FE_19": {"avail": 1.0, "util": 0.8865999762761456, "br": 0.0}, "LithoTrack_BE_117": {"avail": 1.0, "util": 0.1966786603930252, "br": 0.0}, "LithoTrack_FE_115": {"avail": 1.0, "util": 0.12182295639729161, "br": 0.0}, "LithoTrack_FE_95": {"avail": 1.0, "util": 0.20696097425961804, "br": 0.0}, "LithoTrack_FE_96": {"avail": 1.0, "util": 0.059922502075837256, "br": 0.0}, "Litho_BE_110": {"avail": 1.0, "util": 0.19024296321255368, "br": 0.0}, "Litho_BE_93": {"avail": 1.0, "util": 0.2531137558815389, "br": 0.0}, "Litho_BE_99": {"avail": 1.0, "util": 0.3761417104898976, "br": 0.0}, "Litho_FE_111": {"avail": 1.0, "util": 0.32189316357597564, "br": 0.0}, "Litho_FE_35": {"avail": 1.0, "util": 0.10088569056185995, "br": 0.0}, "Litho_FE_92": {"avail": 1.0, "util": 0.21558900551427537, "br": 0.0}, "Litho_FE_98": {"avail": 1.0, "util": 0.03176030999169665, "br": 0.0}, "Litho_REG_BE_63": {"avail": 1.0, "util": 0.8420633822308331, "br": 0.0}, "Litho_REG_FE_64": {"avail": 1.0, "util": 0.8305886151859028, "br": 0.0}, "Planar_BE_75": {"avail": 1.0, "util": 0.25301490648847413, "br": 0.0}, "Planar_FE_76": {"avail": 1.0, "util": 0.9392471630224191, "br": 0.0}, "Planar_FE_77": {"avail": 1.0, "util": 0.7120121782452256, "br": 0.0}, "Planar_FE_78": {"avail": 1.0, "util": 0.8372543592582341, "br": 0.0}, "Planar_FE_79": {"avail": 1.0, "util": 0.0, "br": 0.0}, "Planar_FE_80": {"avail": 1.0, "util": 0.654027124273457, "br": 0.0}, "TF_BE_2": {"avail": 1.0, "util": 0.0, "br": 0.0}, "TF_BE_23": {"avail": 1.0, "util": 0.07083547507018306, "br": 0.0}, "TF_BE_24": {"avail": 1.0, "util": 0.0, "br": 0.0}, "TF_BE_26": {"avail": 1.0, "util": 0.0, "br": 0.0}, "TF_BE_40": {"avail": 1.0, "util": 0.0, "br": 0.0}, "TF_FE_103": {"avail": 1.0, "util": 0.0, "br": 0.0}, "TF_FE_104": {"avail": 1.0, "util": 0.0, "br": 0.0}, "TF_FE_113": {"avail": 1.0, "util": 0.0, "br": 0.0}, "TF_FE_131": {"avail": 1.0, "util": 0.0, "br": 0.0}, "TF_FE_3": {"avail": 1.0, "util": 0.0, "br": 0.0}, "TF_FE_5": {"avail": 1.0, "util": 0.0, "br": 0.0}, "TF_Met_FE_45": {"avail": 1.0, "util": 0.281621920841406, "br": 0.0}, "TF_Met_FE_61": {"avail": 1.0, "util": 0.9539164129532245, "br": 0.0}, "WE_BE_14": {"avail": 1.0, "util": 0.029559922502075838, "br": 0.0}, "WE_BE_16": {"avail": 1.0, "util": 0.023353169111541654, "br": 0.0}, "WE_BE_17": {"avail": 1.0, "util": 0.02684749515637974, "br": 0.0}, "WE_BE_7": {"avail": 1.0, "util": 0.011071132023249377, "br": 0.0}, "WE_BE_81": {"avail": 1.0, "util": 0.02841590552634007, "br": 0.0}, "WE_BE_82": {"avail": 1.0, "util": 0.06166005474059722, "br": 0.0}, "WE_BE_9": {"avail": 1.0, "util": 0.07102131192914476, "br": 0.0}, "WE_FE_108": {"avail": 1.0, "util": 0.03238306116800443, "br": 0.0}, "WE_FE_41": {"avail": 1.0, "util": 0.0364793800166067, "br": 0.0}, "WE_FE_47": {"avail": 1.0, "util": 0.03481871021311929, "br": 0.0}, "WE_FE_8": {"avail": 1.0, "util": 0.026432327705507887, "br": 0.0}, "WE_FE_83": {"avail": 1.0, "util": 0.06831811052680137, "br": 0.0}, "WE_FE_84": {"avail": 1.0, "util": 0.039839794207192976, "br": 0.0}, "WE_FE_85": {"avail": 1.0, "util": 0.08580127318018267, "br": 0.0}}, "plugins": {"cost": 429200}}