{"lots": {}, "machines": {"DE_BE_11": {"avail": 0.9907792054371934, "util": 0.0003399331411923285, "br": 0.00922079456280655, "waiting_time": 0.0}, "DE_BE_12": {"avail": 1.0, "util": 0.0001774655169127836, "br": 0.0, "waiting_time": 9.225711218464841e-07}, "DE_BE_13": {"avail": 0.9909075103873975, "util": 0.0003020124289841027, "br": 0.00909248961260251, "waiting_time": 1.1723279448877976e-06}, "DE_BE_48": {"avail": 0.9665919676484326, "util": 0.00020475302655312015, "br": 0.03340803235156748, "waiting_time": 9.475850119124972e-07}, "DE_BE_50": {"avail": 1.0, "util": 0.00029706184352792036, "br": 0.0, "waiting_time": 2.7056277056277056e-06}, "DE_BE_65": {"avail": 0.9518878970618087, "util": 0.00029681836729443246, "br": 0.048112102938191306, "waiting_time": 0.0}, "DE_BE_66": {"avail": 0.966037539704406, "util": 0.00024024522963481994, "br": 0.03396246029559412, "waiting_time": 0.0}, "DE_BE_67": {"avail": 0.9574828379208425, "util": 0.000410984383676787, "br": 0.04251716207915751, "waiting_time": 0.0}, "DE_BE_69": {"avail": 0.99961020516003, "util": 0.0002894587810274626, "br": 0.00038979483996992527, "waiting_time": 4.6296296296296296e-06}, "DE_FE_1": {"avail": 1.0, "util": 0.000127312218654823, "br": 0.0, "waiting_time": 0.0}, "DE_FE_51": {"avail": 0.97706472614955, "util": 0.00017331863566441086, "br": 0.022935273850449935, "waiting_time": 0.0}, "DE_FE_53": {"avail": 0.9291978730004832, "util": 0.00010961042624320069, "br": 0.07080212699951689, "waiting_time": 0.0}, "DE_FE_54": {"avail": 0.9995319738417855, "util": 0.00023621685208018362, "br": 0.00046802615821452923, "waiting_time": 2.269426289034132e-07}, "DE_FE_56": {"avail": 1.0, "util": 0.00034142822275611624, "br": 0.0, "waiting_time": 0.0}, "DE_FE_58": {"avail": 1.0, "util": 0.0001427440027341955, "br": 0.0, "waiting_time": 0.0}, "DE_FE_59": {"avail": 0.9596975601106951, "util": 0.0002629053987264882, "br": 0.04030243988930492, "waiting_time": 1.415788877562578e-07}, "DE_FE_62": {"avail": 0.992469801382792, "util": 0.00026738503507199883, "br": 0.007530198617208129, "waiting_time": 4.1825314410984195e-06}, "DE_FE_70": {"avail": 0.9855532220414384, "util": 0.00019692935598539756, "br": 0.014446777958561651, "waiting_time": 5.3092082908596675e-08}, "DE_FE_71": {"avail": 0.9922061725527231, "util": 0.00021704769042611106, "br": 0.007793827447276837, "waiting_time": 2.221511338593872e-07}, "DE_FE_72": {"avail": 0.9027084897907813, "util": 0.00035329626479338965, "br": 0.0972915102092187, "waiting_time": 0.0}, "DE_FE_86": {"avail": 0.9618963860298466, "util": 0.00020713403416952998, "br": 0.03810361397015344, "waiting_time": 0.0}, "DefMEt_FE_118": {"avail": 1.0, "util": 0.0005381834697681155, "br": 0.0, "waiting_time": 1.2445240939864595e-07}, "DefMet_BE_33": {"avail": 1.0, "util": 0.0003992974130537631, "br": 0.0, "waiting_time": 0.0}, "DefMet_BE_42": {"avail": 1.0, "util": 0.0005786919029764682, "br": 0.0, "waiting_time": 7.492038407185141e-09}, "DefMet_FE_10": {"avail": 1.0, "util": 0.0014467297574411707, "br": 0.0, "waiting_time": 0.0}, "DefMet_FE_106": {"avail": 1.0, "util": 3.4721514178588096e-05, "br": 0.0, "waiting_time": 0.0}, "DefMet_FE_34": {"avail": 1.0, "util": 0.0010532192634171722, "br": 0.0, "waiting_time": 0.0}, "DefMet_FE_43": {"avail": 1.0, "util": 0.0011747445630422306, "br": 0.0, "waiting_time": 1.9005047740679926e-08}, "Delay_32": {"avail": 1.0, "util": 6.079158440767799e-05, "br": 0.0, "waiting_time": 0.0}, "Dielectric_BE_20": {"avail": 1.0, "util": 0.0006828564455122325, "br": 0.0, "waiting_time": 2.5502197112366604e-06}, "Dielectric_BE_21": {"avail": 0.9689717447634174, "util": 0.0006554518921206958, "br": 0.03102825523658257, "waiting_time": 1.5818780055682107e-06}, "Dielectric_BE_27": {"avail": 0.9880178063353303, "util": 0.0005880528335247252, "br": 0.011982193664669735, "waiting_time": 1.537061630023117e-08}, "Dielectric_BE_28": {"avail": 1.0, "util": 0.0004976750365597626, "br": 0.0, "waiting_time": 4.0374677002583983e-07}, "Dielectric_BE_60": {"avail": 1.0, "util": 0.0005989461195806446, "br": 0.0, "waiting_time": 2.2365360529611737e-07}, "Dielectric_FE_112": {"avail": 0.9247908362830728, "util": 0.0006570420837726607, "br": 0.07520916371692728, "waiting_time": 1.1022927689594358e-07}, "Dielectric_FE_130": {"avail": 1.0, "util": 0.0006510283908485267, "br": 0.0, "waiting_time": 1.7386831275720164e-05}, "Dielectric_FE_29": {"avail": 1.0, "util": 0.00043208995422242967, "br": 0.0, "waiting_time": 5.890376984126984e-06}, "Dielectric_FE_30": {"avail": 1.0, "util": 0.0005902657410359976, "br": 0.0, "waiting_time": 2.8367828612926648e-06}, "Dielectric_FE_31": {"avail": 1.0, "util": 0.0007002172026015265, "br": 0.0, "waiting_time": 7.317493112947658e-06}, "Diffusion_BE_123": {"avail": 0.9967924302932483, "util": 0.0002699576428413417, "br": 0.0032075697067516446, "waiting_time": 1.7423337315810435e-06}, "Diffusion_FE_100": {"avail": 1.0, "util": 0.00043980584626211587, "br": 0.0, "waiting_time": 1.827485380116959e-06}, "Diffusion_FE_101": {"avail": 1.0, "util": 0.0003108402221702172, "br": 0.0, "waiting_time": 5.23295902285264e-06}, "Diffusion_FE_120": {"avail": 0.9862334567380934, "util": 0.0002539112491200587, "br": 0.013766543261906568, "waiting_time": 2.771942110177404e-06}, "Diffusion_FE_122": {"avail": 0.9941252251880842, "util": 0.0003376247732400611, "br": 0.00587477481191585, "waiting_time": 3.6717752234993617e-06}, "Diffusion_FE_125": {"avail": 0.9667169617564525, "util": 0.00012570928661917335, "br": 0.03328303824354754, "waiting_time": 5.511463844797178e-07}, "Diffusion_FE_126": {"avail": 0.9323241663808747, "util": 0.00039310884035947144, "br": 0.06767583361912537, "waiting_time": 4.264132553606238e-06}, "Diffusion_FE_127": {"avail": 0.9590381488738569, "util": 0.00029365887037887886, "br": 0.04096185112614309, "waiting_time": 6.3419583967529164e-06}, "Diffusion_FE_44": {"avail": 0.9946230844653849, "util": 0.00027504232439011115, "br": 0.005376915534614978, "waiting_time": 2.670940170940171e-06}, "Diffusion_FE_94": {"avail": 0.9861976993277816, "util": 0.0002816596648096437, "br": 0.013802300672218446, "waiting_time": 5.041736812570146e-06}, "EPI_36": {"avail": 0.5783852642095895, "util": 0.00046024387521863475, "br": 0.42161473579041053, "waiting_time": 0.0}, "EPI_38": {"avail": 0.9636973777999839, "util": 0.00036029478733099314, "br": 0.036302622200016045, "waiting_time": 0.0}, "Implant_119": {"avail": 1.0, "util": 0.000509248874619292, "br": 0.0, "waiting_time": 5.260942760942761e-07}, "Implant_128": {"avail": 0.9628078349238055, "util": 0.0012249319703130327, "br": 0.03719216507619444, "waiting_time": 5.11122015047432e-07}, "Implant_132": {"avail": 0.9491298023611952, "util": 0.001091377073768966, "br": 0.05087019763880497, "waiting_time": 8.08245396234223e-08}, "Implant_74": {"avail": 1.0, "util": 0.00021990292313105793, "br": 0.0, "waiting_time": 0.0}, "Implant_88": {"avail": 1.0, "util": 0.0008159555831968202, "br": 0.0, "waiting_time": 0.0}, "Implant_90": {"avail": 1.0, "util": 0.0007696602309587027, "br": 0.0, "waiting_time": 1.7404622667780563e-07}, "Implant_91": {"avail": 0.617444812490271, "util": 0.0012402764902181868, "br": 0.38255518750972906, "waiting_time": 2.332307118201325e-07}, "LithoMet_BE_18": {"avail": 0.9962907162954784, "util": 0.001335946782476224, "br": 0.0037092837045215807, "waiting_time": 0.0}, "LithoMet_FE_19": {"avail": 0.9963757567455552, "util": 0.0011757909604828618, "br": 0.0036242432544448277, "waiting_time": 0.0}, "LithoTrack_BE_117": {"avail": 1.0, "util": 0.0004606387547692687, "br": 0.0, "waiting_time": 2.908058812581426e-07}, "LithoTrack_FE_115": {"avail": 0.8963624976429624, "util": 0.0004460971527793152, "br": 0.10363750235703757, "waiting_time": 1.182368520620507e-07}, "LithoTrack_FE_95": {"avail": 0.9030090488648218, "util": 0.0004509480160646894, "br": 0.09699095113517818, "waiting_time": 1.7455100111712638e-07}, "LithoTrack_FE_96": {"avail": 1.0, "util": 0.0004571666033514099, "br": 0.0, "waiting_time": 0.0},